longitude,latitude,NDVI,NDBI,BSI,NDWI,LST,vegetation_fraction,heat_stress,vegetation_deficit,bare_soil_score,built_up_score,low_moisture_score,priority_score,priority_class,intervention_type,recommendation
85.8010123109289,20.24968838732964,0.34365535,0.18464051,0.16471295,-0.3504736,38.19227792000001,0.0,0.9377526273241599,1.0,0.6599130073128675,0.6512925761470767,0.49690809696014526,84.51328066049003,Very High,Tree Planting,Very high priority for tree planting or vegetation canopy implementation.
85.80137163704254,20.249598555801224,0.2760807,0.10182559,0.12760824,-0.33655298,38.28285545000003,0.0,0.9805982215036355,1.0,0.5918410003076612,0.5250455626925453,0.4757021106275412,83.30303838292485,Very High,Tree Planting,Very high priority for tree planting or vegetation canopy implementation.
85.80155130009936,20.24950872427281,0.10536277,0.2604474,0.2538078,-0.23163444,37.96839761000001,0.0,0.8318512530315164,1.0,0.8233657132719712,0.7668562144597887,0.3158743784376836,83.13332921899979,Very High,Tree Planting,Very high priority for tree planting or vegetation canopy implementation.
85.80092247940048,20.24968838732964,0.1164006,0.20257099,0.19529663,-0.18593897,38.19227792000001,0.0,0.9377526273241599,1.0,0.7160215843427106,0.6786266549556562,0.24626415186143058,83.12181065303632,Very High,Tree Planting,Very high priority for tree planting or vegetation canopy implementation.
85.80155130009936,20.249329061215988,0.114587724,0.33079466,0.25038353,-0.12505335,37.96839761000001,0.0,0.8318512530315164,1.0,0.817083574658633,0.8740969324331856,0.15351399952826406,82.48790053043949,Very High,Tree Planting,Very high priority for tree planting or vegetation canopy implementation.
85.80119197398571,20.24950872427281,0.14581674,0.11598361,0.131548,-0.21452701,38.32387169000003,0.0,1.0,1.0,0.5990688527910475,0.5466287235701931,0.28981376283536264,82.35045765592126,Very High,Tree Planting,Very high priority for tree planting or vegetation canopy implementation.
85.80155130009936,20.2494188927444,0.1541298,0.2522695,0.21725087,-0.2445328,37.96839761000001,0.0,0.8318512530315164,1.0,0.7562986591149965,0.7543894336993917,0.3355231042755419,82.19914285741979,Very High,Tree Planting,Very high priority for tree planting or vegetation canopy implementation.
85.80128180551412,20.249329061215988,0.073403254,0.16157855,0.14691226,-0.10140204,38.32387169000003,0.0,1.0,1.0,0.6272560024642242,0.6161358245085089,0.11748475969496752,81.74504587899813,Very High,Tree Planting,Very high priority for tree planting or vegetation canopy implementation.
85.80119197398571,20.249329061215988,0.073403254,0.16157855,0.14691226,-0.10140204,38.32387169000003,0.0,1.0,1.0,0.6272560024642242,0.6161358245085089,0.11748475969496752,81.74504587899813,Very High,Tree Planting,Very high priority for tree planting or vegetation canopy implementation.
85.8010123109289,20.249598555801224,0.21396054,0.13904434,0.13019788,-0.2642225,38.19227792000001,0.0,0.9377526273241599,1.0,0.5965919333353269,0.5817836001381027,0.36551742271057397,81.55446804824147,Very High,Tree Planting,Very high priority for tree planting or vegetation canopy implementation.
85.80092247940048,20.249778218858047,0.14508928,0.17124392,0.15072049,-0.18853171,38.19227792000001,0.0,0.9377526273241599,1.0,0.6342425510516524,0.6308701754736855,0.2502138041760542,81.45705688199698,Very High,Tree Planting,Very high priority for tree planting or vegetation canopy implementation.
85.80137163704254,20.249329061215988,0.09149942,0.12803583,0.12749174,-0.14489165,38.32387169000003,0.0,1.0,1.0,0.5916272703306283,0.5650017025031797,0.18373468787850267,81.36177295877623,Very High,Tree Planting,Very high priority for tree planting or vegetation canopy implementation.
85.80137163704254,20.249059566630752,0.041036703,0.21727835,0.16996667,-0.07685434,38.20595000000003,0.0,0.944219886822957,1.0,0.6695514404024508,0.7010472559270831,0.08009000352053963,81.18124080520171,Very High,Tree Planting,Very high priority for tree planting or vegetation canopy implementation.
85.8010123109289,20.249778218858047,0.34963462,0.094133176,0.08417957,-0.35153392,38.19227792000001,0.0,0.9377526273241599,1.0,0.5121671063878112,0.5133188799431587,0.49852333618283695,80.93350757680192,Very High,Tree Planting,Very high priority for tree planting or vegetation canopy implementation.
85.80092247940048,20.249598555801224,0.17049646,0.123805486,0.13480663,-0.20926143,38.19227792000001,0.0,0.9377526273241599,1.0,0.605047109572663,0.5585527643663645,0.28179243781440566,80.61173748512243,Very High,Tree Planting,Very high priority for tree planting or vegetation canopy implementation.
85.80137163704254,20.249149398159165,0.13151601,0.1776156,0.15209211,-0.10354476,38.20595000000003,0.0,0.944219886822957,1.0,0.63675891423704,0.6405834683282577,0.12074887372398335,80.49130373876672,Very High,Tree Planting,Very high priority for tree planting or vegetation canopy implementation.
85.80110214245731,20.249329061215988,0.109699,0.17029254,0.15006264,-0.13203683,38.16664277000004,0.0,0.9256265157639472,1.0,0.6330356646534465,0.6294198464307984,0.16415228873047005,80.2000517943328,Very High,Tree Planting,Very high priority for tree planting or vegetation canopy implementation.
85.80119197398571,20.2494188927444,0.08151897,0.045576416,0.10214912,-0.16118509,38.32387169000003,0.0,1.0,1.0,0.5451339004546669,0.43929663934897056,0.20855531123803006,79.65552801269,High,Tree Planting,High priority for tree planting or additional vegetation.
85.80092247940048,20.249329061215988,0.09170581,0.13599208,0.14547957,-0.13430893,38.16664277000004,0.0,0.9256265157639472,1.0,0.6246276007406616,0.5771305894331872,0.16761349387408497,79.58565031710104,High,Tree Planting,High priority for tree planting or additional vegetation.
85.80110214245731,20.24968838732964,0.5253968,-0.035932466,0.019072002,-0.5035202,38.19227792000001,0.0,0.9377526273241599,1.0,0.3927212779474878,0.31504061250600784,0.7300517434249955,79.47432154824713,High,Tree Planting,High priority for tree planting or additional vegetation.
85.80110214245731,20.250047713443283,0.13819692,0.15962341,0.17339057,-0.22658996,37.97523365000001,0.0,0.8350848827809083,1.0,0.6758329002167205,0.6131553158527558,0.3081898662582624,79.40349180778823,High,Tree Planting,High priority for tree planting or additional vegetation.
85.80128180551412,20.24887990357393,0.1353856,0.23845471,0.19492269,-0.20477694,37.86072998000003,0.0,0.7809215844785746,1.0,0.7153355569812375,0.7333295090022295,0.27496098679794967,79.24058584707758,High,Tree Planting,High priority for tree planting or additional vegetation.
85.80092247940048,20.24950872427281,0.19254343,0.06243727,0.10379945,-0.25808188,38.16664277000004,0.0,0.9256265157639472,1.0,0.5481615827979841,0.46500012927316403,0.3561631048861009,79.20285155648082,High,Tree Planting,High priority for tree planting or additional vegetation.
85.80155130009936,20.24923922968757,0.10034603,0.3252501,0.21578638,-0.064562395,37.86072998000003,0.0,0.7809215844785746,1.0,0.7536119173633683,0.8656445407515965,0.061365060402264526,79.00192230634636,High,Tree Planting,High priority for tree planting or additional vegetation.
85.80110214245731,20.250407039556933,0.074405655,0.25513697,0.24992947,-0.20124266,37.67615690000002,0.0,0.6936135812449377,1.0,0.8162505597799077,0.7587607417157549,0.2695770388577289,78.33554363978158,High,Tree Planting,High priority for tree planting or additional vegetation.
85.80074281634366,20.24968838732964,0.121030554,0.20433767,0.17282772,-0.16391914,37.918836320000025,0.0,0.8084074373484188,1.0,0.6748003000658803,0.681319866199836,0.21272022824119918,78.31462856585112,High,Tree Planting,High priority for tree planting or additional vegetation.
85.80137163704254,20.24923922968757,0.12009608,0.09537668,0.10701547,-0.11875248,38.20595000000003,0.0,0.944219886822957,1.0,0.5540616676111758,0.515214536742909,0.1439155647528363,78.2288226338138,High,Tree Planting,High priority for tree planting or additional vegetation.
85.80065298481524,20.249778218858047,0.16157208,0.18481848,0.16151945,-0.19778319,37.918836320000025,0.0,0.8084074373484188,1.0,0.6540542375132619,0.6515638821023865,0.2643070527839725,78.22174603201508,High,Tree Planting,High priority for tree planting or additional vegetation.
85.80137163704254,20.24887990357393,0.16864605,0.22151902,0.17381561,-0.19293384,37.86072998000003,0.0,0.7809215844785746,1.0,0.6766126752333556,0.7075119355107405,0.2569197920282007,78.22115493824697,High,Tree Planting,High priority for tree planting or additional vegetation.
85.80119197398571,20.24887990357393,0.1450285,0.21340002,0.1780276,-0.19261216,37.86072998000003,0.0,0.7809215844785746,1.0,0.6843399587180091,0.6951349447192582,0.2564297605724557,78.2083939680445,High,Mist Sprayer,High heat exposure walking path: Install mist sprayers for pedestrian cooling.
85.80074281634366,20.249778218858047,0.12686354,0.17145813,0.16286473,-0.18978317,37.918836320000025,0.0,0.8084074373484188,1.0,0.6565222775433271,0.6311967274132646,0.2521202166530704,77.93322672426581,High,Tree Planting,High priority for tree planting or additional vegetation.
85.80146146857095,20.249059566630752,0.079601966,0.26664415,0.1943674,-0.08391605,37.86072998000003,0.0,0.7809215844785746,1.0,0.7143168263465034,0.7763028356800274,0.09084746444863145,77.81390293084137,High,Tree Planting,High priority for tree planting or additional vegetation.
85.80110214245731,20.250137544971697,0.1029149,0.17636609,0.18861721,-0.17564997,37.86756602,0.0,0.7841552142279531,1.0,0.7037675733281867,0.638678655695684,0.23059039642696255,77.77386054798787,High,Tree Planting,High priority for tree planting or additional vegetation.
85.80110214245731,20.25031720802852,0.120460056,0.16527618,0.16743782,-0.2201714,37.86756602,0.0,0.7841552142279531,1.0,0.6649120322271782,0.6217726680188314,0.2984121483380118,77.70018507381471,High,Tree Planting,High priority for tree planting or additional vegetation.
85.8010123109289,20.249059566630752,0.07375453,0.15745793,0.15347591,-0.111815564,38.01624989000001,0.0,0.8544866612772728,1.0,0.6392976227539319,0.6098541548699823,0.1333482088529968,77.65608781685694,High,Tree Planting,High priority for tree planting or additional vegetation.
85.80110214245731,20.250227376500103,0.13923307,0.14462899,0.17103547,-0.22954474,37.86756602,0.0,0.7841552142279531,1.0,0.6715122524149194,0.5902971069275659,0.3126910324632053,77.6272216069701,High,Tree Planting,High priority for tree planting or additional vegetation.
85.80110214245731,20.24995788191487,0.30886534,0.043264717,0.07856298,-0.36569577,37.97523365000001,0.0,0.8350848827809083,1.0,0.501862954871053,0.43577257514947815,0.5200968004067285,77.13918456205509,High,Tree Planting,High priority for tree planting or additional vegetation.
85.8010123109289,20.250137544971697,0.09985528,0.15131213,0.17261764,-0.18349339,37.86756602,0.0,0.7841552142279531,1.0,0.6744148889622319,0.6004852042595263,0.24253867583699418,77.07111856223729,High,Tree Planting,High priority for tree planting or additional vegetation.
85.80164113162778,20.24950872427281,0.09144981,0.15111794,0.14765418,-0.123182856,37.96839761000001,0.0,0.8318512530315164,1.0,0.6286171230183882,0.600189171762692,0.15066458116908044,76.89333196553905,High,Tree Planting,High priority for tree planting or additional vegetation.
85.80056315328683,20.249778218858047,0.10546087,0.13556258,0.15516996,-0.1703885,37.918836320000025,0.0,0.8084074373484188,1.0,0.6424055134628788,0.576475839150524,0.22257533237741545,76.87881753767513,High,Tree Planting,High priority for tree planting or additional vegetation.
85.80047332175842,20.24968838732964,0.20229372,0.12273361,0.113912515,-0.25548902,37.918836320000025,0.0,0.8084074373484188,1.0,0.5667149317265732,0.556918745474677,0.3522132697693924,76.84426724879185,High,Tree Planting,High priority for tree planting or additional vegetation.
85.8010123109289,20.2494188927444,0.061570045,0.051352605,0.097005986,-0.119588755,38.16664277000004,0.0,0.9256265157639472,1.0,0.5356983475645699,0.44810213732444304,0.14518950486615723,76.73718710829296,High,Tree Planting,High priority for tree planting or additional vegetation.
85.80083264787207,20.24968838732964,0.071446456,0.13986717,0.15426318,-0.15109076,37.918836320000025,0.0,0.8084074373484188,1.0,0.6407419420588123,0.5830379614304977,0.19317810648588574,76.6255129304986,High,Tree Planting,High priority for tree planting or additional vegetation.
85.80110214245731,20.249778218858047,0.5684476,-0.1207603,-0.06368688,-0.5485624,38.19227792000001,0.0,0.9377526273241599,1.0,0.24089248868469473,0.18572501695490717,0.7986668106842425,76.58988442638672,High,Tree Planting,High priority for tree planting or additional vegetation.
85.8010123109289,20.24950872427281,0.09552983,0.04584981,0.074962355,-0.13600002,38.16664277000004,0.0,0.9256265157639472,1.0,0.49525727677188114,0.4397134142006082,0.17018961702285307,76.29668493673124,High,Tree Planting,High priority for tree planting or additional vegetation.
85.80092247940048,20.2494188927444,0.1278309,0.011468931,0.06875499,-0.18071654,38.16664277000004,0.0,0.9256265157639472,1.0,0.4838692941205177,0.38730156264425086,0.23830855942352325,76.2829361054039,High,Tree Planting,High priority for tree planting or additional vegetation.
85.80146146857095,20.249329061215988,0.09297298,0.083824195,0.12244898,-0.19538872,37.96839761000001,0.0,0.8318512530315164,1.0,0.5823758627857217,0.49760337767606116,0.2606594352142212,76.27380366163415,High,Tree Planting,High priority for tree planting or additional vegetation.
85.80146146857095,20.24887990357393,0.12179257,0.27033383,0.21156822,-0.15562177,37.61463254,0.0,0.6645109135003875,1.0,0.7458733144455963,0.7819275598312181,0.20008042377727742,75.94350695778051,High,Tree Planting,High priority for tree planting or additional vegetation.
85.80137163704254,20.24852057746028,0.33706868,0.20035274,0.14956832,-0.3510131,37.58728838000002,0.0,0.6515763945028201,1.0,0.6321287890976798,0.6752450488683048,0.49772994466710374,75.75897360690388,High,Mist Sprayer,High heat exposure walking path: Install mist sprayers for pedestrian cooling.
85.8010123109289,20.24986805038646,0.31474862,0.065537654,0.037456144,-0.3235788,37.97523365000001,0.0,0.8350848827809083,1.0,0.4264486792129527,0.4697265024986917,0.4559378843390034,75.70592053999849,High,Tree Planting,High priority for tree planting or additional vegetation.
85.80092247940048,20.249059566630752,0.07742097,0.10095552,0.10557327,-0.121824756,38.01624989000001,0.0,0.8544866612772728,1.0,0.5514158189169559,0.5237191864912958,0.1485957185725646,75.62898617271114,High,Tree Planting,High priority for tree planting or additional vegetation.
85.80155130009936,20.24887990357393,0.15349165,0.24971178,0.2016005,-0.17008269,37.61463254,0.0,0.6645109135003875,1.0,0.7275866143025165,0.7504903233548679,0.2221094764974063,75.57512461807211,High,Tree Planting,High priority for tree planting or additional vegetation.
85.80074281634366,20.250137544971697,0.10325938,0.16275205,0.16210197,-0.19136348,37.758189380000005,0.0,0.7324171382376566,1.0,0.6551229240902672,0.6179247638721995,0.2545275830104078,75.52388147730977,High,Tree Planting,High priority for tree planting or additional vegetation.
85.80083264787207,20.249598555801224,0.10669847,0.09738715,0.118222676,-0.17979115,37.918836320000025,0.0,0.8084074373484188,1.0,0.5746223189500704,0.5182793930893249,0.23689886591186005,75.42334049471546,High,Tree Planting,High priority for tree planting or additional vegetation.
85.80038349023,20.249329061215988,0.30822122,0.058317218,0.08784599,-0.321256,37.853893940000034,0.0,0.7776879547291828,1.0,0.5188934914727243,0.4587193255209251,0.4523994453144935,75.22522872232054,High,Tree Planting,High priority for tree planting or additional vegetation.
85.80083264787207,20.249778218858047,0.1296565,0.09618733,0.11041841,-0.17366174,37.918836320000025,0.0,0.8084074373484188,1.0,0.5603046743755002,0.5164503302624452,0.22756162484882358,75.09691278719775,High,Tree Planting,High priority for tree planting or additional vegetation.
85.80110214245731,20.2494188927444,0.051528003,-0.0036193293,0.07536719,-0.09627907,38.16664277000004,0.0,0.9256265157639472,1.0,0.4959999838555898,0.36430029909053885,0.10968067971847661,74.9486050188424,High,Tree Planting,High priority for tree planting or additional vegetation.
85.8010123109289,20.250407039556933,0.08721423,0.17990206,0.18195285,-0.17188928,37.67615690000002,0.0,0.6936135812449377,1.0,0.6915411912703505,0.6440690569925135,0.22486154665294678,74.870831342858,High,Tree Planting,High priority for tree planting or additional vegetation.
85.80047332175842,20.249778218858047,0.16345891,0.05897831,0.095943525,-0.22174777,37.918836320000025,0.0,0.8084074373484188,1.0,0.5337491650312808,0.45972712569290713,0.3008135126935597,74.86386697978644,High,Tree Planting,High priority for tree planting or additional vegetation.
85.80146146857095,20.249149398159165,0.06043956,0.1879383,0.1430973,-0.053685162,37.86072998000003,0.0,0.7809215844785746,1.0,0.620257107072114,0.6563198844932083,0.044795219810785936,74.74265518347887,High,Tree Planting,High priority for tree planting or additional vegetation.
85.80083264787207,20.250137544971697,0.0912362,0.13699189,0.15481913,-0.17552602,37.758189380000005,0.0,0.7324171382376566,1.0,0.6417618835243175,0.5786547474776793,0.23040157710670783,74.68950564583832,High,Tree Planting,High priority for tree planting or additional vegetation.
85.80128180551412,20.24896973510234,0.10579756,0.11807734,0.118200675,-0.1533994,37.86072998000003,0.0,0.7809215844785746,1.0,0.5745819560897725,0.5498205054312412,0.1966949748643705,74.51153167865994,High,Tree Planting,High priority for tree planting or additional vegetation.
85.80047332175842,20.24986805038646,0.14366196,0.08838542,0.12281612,-0.22524002,37.78211552000002,0.0,0.7437348423605415,1.0,0.5830494149210675,0.5045567265888433,0.3061334342035238,74.16468810255593,High,Tree Planting,High priority for tree planting or additional vegetation.
85.80056315328683,20.250227376500103,0.12101595,0.10833829,0.13804713,-0.1906903,37.758189380000005,0.0,0.7324171382376566,1.0,0.6109921051999129,0.5349738331602983,0.2535020937808057,74.02215499453942,High,Tree Planting,High priority for tree planting or additional vegetation.
85.80164113162778,20.24887990357393,0.13294797,0.18547682,0.17304964,-0.18222219,37.61463254,0.0,0.6645109135003875,1.0,0.6752074327397266,0.6525674869943269,0.24060219241700243,73.99513569022082,High,Tree Planting,High priority for tree planting or additional vegetation.
85.80173096315619,20.248700240517103,0.036998443,0.2685168,0.22989438,-0.13229017,37.45398560000001,0.0,0.5885206143896388,1.0,0.7794943423932218,0.7791575926458693,0.1645382143988312,73.7849916380345,High,Tree Planting,High priority for tree planting or additional vegetation.
85.80173096315619,20.248610408988693,0.015289068,0.23780484,0.23035713,-0.15866958,37.45398560000001,0.0,0.5885206143896388,1.0,0.7803432998771007,0.7323388161822194,0.20472330729858412,73.7313891646537,High,Mist Sprayer,High heat exposure walking path: Install mist sprayers for pedestrian cooling.
85.80110214245731,20.24986805038646,0.5160063,-0.10167561,-0.05206021,-0.5153278,37.97523365000001,0.0,0.8350848827809083,1.0,0.26222268535480003,0.21481862853124586,0.748038859244611,73.6144616415078,High,Tree Planting,High priority for tree planting or additional vegetation.
85.80038349023,20.250047713443283,0.086021505,0.10565502,0.13120174,-0.14772727,37.78211552000002,0.0,0.7437348423605415,1.0,0.5984336069382805,0.530883328408351,0.18805433161308183,73.4779259751048,High,Tree Planting,High priority for tree planting or additional vegetation.
85.80038349023,20.24995788191487,0.096255325,0.10006192,0.123442836,-0.1641313,37.78211552000002,0.0,0.7437348423605415,1.0,0.5841991831295316,0.522356940035911,0.21304342232740547,73.42903664139239,High,Tree Planting,High priority for tree planting or additional vegetation.
85.80119197398571,20.24896973510234,0.12449045,0.08822783,0.097114496,-0.14972748,37.86072998000003,0.0,0.7809215844785746,1.0,0.5358974191509032,0.5043164888774467,0.19110135293270258,73.42028723972226,High,Mist Sprayer,High heat exposure walking path: Install mist sprayers for pedestrian cooling.
85.80164113162778,20.24852057746028,0.06287425,0.20935412,0.19419643,-0.16699539,37.51892798000006,0.0,0.6192400970089017,1.0,0.7140031661390074,0.6889671818120952,0.2174064358566411,73.35098657903953,High,Mist Sprayer,High heat exposure walking path: Install mist sprayers for pedestrian cooling.
85.80110214245731,20.24950872427281,0.09549823,-0.032853846,0.021938572,-0.10235027,38.16664277000004,0.0,0.9256265157639472,1.0,0.3979802645591851,0.31973380765202003,0.11892924653680115,73.12512998319438,High,Tree Planting,High priority for tree planting or additional vegetation.
85.80056315328683,20.25031720802852,0.06456841,0.09768535,0.12619768,-0.15432872,37.758189380000005,0.0,0.7324171382376566,1.0,0.5892531981067743,0.5187339833903497,0.19811065514431603,72.97975850407796,High,Tree Planting,High priority for tree planting or additional vegetation.
85.80137163704254,20.24896973510234,0.1185841,0.085118674,0.081484035,-0.15118401,37.86072998000003,0.0,0.7809215844785746,1.0,0.5072218992320948,0.4995767431967863,0.19332015893940546,72.96494504420056,High,Tree Planting,High priority for tree planting or additional vegetation.
85.80056315328683,20.24986805038646,0.25688556,0.01596519,0.06879337,-0.31322634,37.78211552000002,0.0,0.7437348423605415,1.0,0.4839397057644535,0.39415587428843357,0.4401674570686066,72.91437417085345,High,Tree Planting,High priority for tree planting or additional vegetation.
85.80128180551412,20.24852057746028,0.26171294,0.15760109,0.10379745,-0.28823888,37.58728838000002,0.0,0.6515763945028201,1.0,0.548157913613829,0.6100723948012187,0.40210279218683465,72.89141240917257,High,Mist Sprayer,High heat exposure walking path: Install mist sprayers for pedestrian cooling.
85.80020382717318,20.25031720802852,0.09268623,0.19533381,0.16983482,-0.15785715,37.55823521000002,0.0,0.6378334680678981,1.0,0.6693095494370279,0.6675939526257757,0.2034856914828952,72.88544372467906,High,Tree Planting,High priority for tree planting or additional vegetation.
85.80047332175842,20.250137544971697,0.1342937,0.05898223,0.11004092,-0.21533483,37.758189380000005,0.0,0.7324171382376566,1.0,0.5596121342121518,0.4597331015278502,0.2910443560042879,72.87447073563335,High,Tree Planting,High priority for tree planting or additional vegetation.
85.80065298481524,20.250137544971697,0.24819943,0.055741806,0.08283278,-0.2621849,37.758189380000005,0.0,0.7324171382376566,1.0,0.5096962961237088,0.45479324464787757,0.36241344330798164,72.79002546854392,High,Tree Planting,High priority for tree planting or additional vegetation.
85.80056315328683,20.250047713443283,0.4563107,-0.03468102,0.011181158,-0.45709664,37.78211552000002,0.0,0.7437348423605415,1.0,0.378244798060029,0.3169483764693084,0.659332380431765,72.74852481072742,High,Tree Planting,High priority for tree planting or additional vegetation.
85.80020382717318,20.250407039556933,0.09788866,0.16577542,0.17025201,-0.15245129,37.57703432000002,0.0,0.646725949878729,1.0,0.6700749229058545,0.6225337332833639,0.195250670824622,72.63074638102952,High,Tree Planting,High priority for tree planting or additional vegetation.
85.80020382717318,20.250496871085343,0.08883082,0.1798278,0.16779557,-0.14099936,37.57703432000002,0.0,0.646725949878729,1.0,0.6655683575429162,0.6439558515070873,0.17780536515131584,72.60291602608963,High,Tree Planting,High priority for tree planting or additional vegetation.
85.80110214245731,20.24887990357393,0.1450285,0.21340002,0.1780276,-0.19261216,37.46253065000002,0.0,0.5925626515763853,1.0,0.6843399587180091,0.6951349447192582,0.2564297605724557,72.55762598097883,High,Tree Planting,High priority for tree planting or additional vegetation.
85.80020382717318,20.25067653414217,0.11860462,0.093521796,0.12886144,-0.21311475,37.65564878000001,0.0,0.6839126919967521,1.0,0.594140111099227,0.5123868631147197,0.28766239556450235,72.42997501318318,High,Tree Planting,High priority for tree planting or additional vegetation.
85.80020382717318,20.25058670261376,0.09206753,0.1504337,0.1635347,-0.16558993,37.57703432000002,0.0,0.646725949878729,1.0,0.6577513991975128,0.5991460836755921,0.21526542737059506,72.41216459478643,High,Tree Planting,High priority for tree planting or additional vegetation.
85.80047332175842,20.250047713443283,0.16287452,0.031156125,0.08582879,-0.22992617,37.78211552000002,0.0,0.7437348423605415,1.0,0.5151927523339221,0.417313660051336,0.3132720841237524,72.34579399757597,High,Tree Planting,High priority for tree planting or additional vegetation.
85.80047332175842,20.24995788191487,0.113211885,0.049606316,0.10339025,-0.17928678,37.78211552000002,0.0,0.7437348423605415,1.0,0.5474108677198571,0.4454400110931009,0.23613053351527313,72.33891373269785,High,Tree Planting,High priority for tree planting or additional vegetation.
85.80056315328683,20.250496871085343,0.124539405,0.10446008,0.12784716,-0.18111454,37.65735779000002,0.0,0.6847210994341068,1.0,0.5922793210468256,0.5290617048861963,0.23891485300530169,72.10558837764057,High,Tree Planting,High priority for tree planting or additional vegetation.
85.80146146857095,20.24896973510234,0.09083117,0.19097555,0.1496279,-0.08803415,37.61463254,0.0,0.6645109135003875,1.0,0.6322380940936594,0.6609500132383037,0.0971207749991887,71.99960669879144,High,Tree Planting,High priority for tree planting or additional vegetation.
85.80065298481524,20.249149398159165,0.21269843,0.089753754,0.11735973,-0.26107293,37.59583343000003,0.0,0.6556184316895667,1.0,0.5730391650551304,0.5066426801936804,0.36071952302122245,71.93776245866299,High,Tree Planting,High priority for tree planting or additional vegetation.
85.80056315328683,20.250407039556933,0.096412,0.11382914,0.123827845,-0.1535696,37.65735779000002,0.0,0.6847210994341068,1.0,0.584905517590711,0.5433443467564814,0.1969542491548697,71.71820170599737,High,Tree Planting,High priority for tree planting or additional vegetation.
85.80038349023,20.250137544971697,0.0653288,0.048073217,0.1105861,-0.14659928,37.758189380000005,0.0,0.7324171382376566,1.0,0.560612317120982,0.4431028818646946,0.18633600724798083,71.67608779507117,High,Tree Planting,High priority for tree planting or additional vegetation.
85.80065298481524,20.24923922968757,0.13808176,0.10712122,0.12068966,-0.21995592,37.59583343000003,0.0,0.6556184316895667,1.0,0.5791482282518742,0.5331184736107738,0.29808389672745494,71.6678000778474,High,Tree Planting,High priority for tree planting or additional vegetation.
85.80083264787207,20.24923922968757,0.06329803,0.12847917,0.14879265,-0.13646923,37.59583343000003,0.0,0.6556184316895667,1.0,0.6307057510608988,0.5656775511418662,0.17090438840854716,71.49495861210463,High,Tree Planting,High priority for tree planting or additional vegetation.
85.80146146857095,20.24923922968757,0.08485857,0.019253923,0.06766396,-0.14385965,37.86072998000003,0.0,0.7809215844785746,1.0,0.4818676991261654,0.3991693757118408,0.18216258994786105,71.46898267784672,High,Tree Planting,High priority for tree planting or additional vegetation.
85.80011399564478,20.250407039556933,0.06884906,0.10933101,0.15322472,-0.15626758,37.57703432000002,0.0,0.646725949878729,1.0,0.6388367915699761,0.5364871828706715,0.20106421889800175,71.35984438759823,High,Tree Planting,High priority for tree planting or additional vegetation.
85.80164113162778,20.248700240517103,0.10319477,0.14654422,0.15895319,-0.15205194,37.51892798000006,0.0,0.6192400970089017,1.0,0.6493461972483687,0.5932167748760289,0.1946423207193877,71.19598682494676,High,Tree Planting,High priority for tree planting or additional vegetation.
85.80011399564478,20.25067653414217,0.1611934,0.021168815,0.08805103,-0.2552204,37.65564878000001,0.0,0.6839126919967521,1.0,0.519269656232302,0.40208852839698467,0.35180406730221314,70.84535156037906,High,Tree Planting,High priority for tree planting or additional vegetation.
85.80164113162778,20.248610408988693,0.08741067,0.13981304,0.15313132,-0.14335257,37.51892798000006,0.0,0.6192400970089017,1.0,0.6386654406699342,0.5829554430770623,0.18139012927085552,70.80064024379524,High,Tree Planting,High priority for tree planting or additional vegetation.
85.80083264787207,20.249149398159165,0.03991863,0.10679186,0.13925028,-0.11626639,37.59583343000003,0.0,0.6556184316895667,1.0,0.6131993946579981,0.5326163815197427,0.14012837779121923,70.59399146366658,High,Tree Planting,High priority for tree planting or additional vegetation.
85.80173096315619,20.24896973510234,0.120042905,0.13242008,0.15961257,-0.20114945,37.43347748000002,0.0,0.5788197251414633,1.0,0.6505558905724533,0.5716852622861032,0.26943504733823753,70.53413320907411,High,Tree Planting,High priority for tree planting or additional vegetation.
85.80074281634366,20.249059566630752,0.17129388,0.07679604,0.0987282,-0.2152174,37.59583343000003,0.0,0.6556184316895667,1.0,0.5388579077247885,0.48688932302448956,0.29086546893064913,70.52896948611021,High,Tree Planting,High priority for tree planting or additional vegetation.
85.80056315328683,20.25058670261376,0.10694925,0.06455644,0.09391435,-0.17345874,37.65735779000002,0.0,0.6847210994341068,1.0,0.5300264566523502,0.46823069308343446,0.22725238465510234,70.44686061019382,High,Tree Planting,High priority for tree planting or additional vegetation.
85.80119197398571,20.248251082875043,0.19988985,0.22455518,0.19936283,-0.24336663,37.20447014000001,0.0,0.47049312853676917,1.0,0.7234814026483805,0.7121404026078544,0.33374661838041,70.42588510571144,High,Mist Sprayer,High heat exposure walking path: Install mist sprayers for pedestrian cooling.
85.80020382717318,20.250227376500103,0.28724948,0.041522488,0.07895518,-0.30506477,37.55823521000002,0.0,0.6378334680678981,1.0,0.5025824818838619,0.43311663817575563,0.4277345236308293,70.28225288836072,High,Tree Planting,High priority for tree planting or additional vegetation.
85.80173096315619,20.24887990357393,0.090668775,0.19303736,0.16412447,-0.11573826,37.43347748000002,0.0,0.5788197251414633,1.0,0.6588333865670801,0.6640931347291014,0.13932385058181063,70.28126240585921,High,Tree Planting,High priority for tree planting or additional vegetation.
85.80065298481524,20.25058670261376,0.33700138,0.025270768,0.026333751,-0.322449,37.65735779000002,0.0,0.6847210994341068,1.0,0.4060436251319301,0.40834174117049044,0.4542168027091208,70.25787279879827,High,Tree Planting,High priority for tree planting or additional vegetation.
85.80173096315619,20.24879007204552,0.07692307,0.18769471,0.17029513,-0.099920906,37.43347748000002,0.0,0.5788197251414633,1.0,0.6701540305162377,0.65594854428051,0.11522847316744544,70.12867238646702,High,Tree Planting,High priority for tree planting or additional vegetation.
85.8010123109289,20.24852057746028,0.27744028,0.18899459,0.14001065,-0.21870172,37.35828104000001,0.0,0.543249797898126,1.0,0.6145943634359929,0.6579301433432064,0.2961733102694989,70.05744392461072,High,Mist Sprayer,High heat exposure walking path: Install mist sprayers for pedestrian cooling.
85.80011399564478,20.250496871085343,0.09188927,0.06972857,0.119705774,-0.1689402,37.57703432000002,0.0,0.646725949878729,1.0,0.5773431987910772,0.4761153347120031,0.22036906354703933,70.02677046081844,High,Tree Planting,High priority for tree planting or additional vegetation.
85.80011399564478,20.25058670261376,0.13310285,0.036737714,0.09070372,-0.21220529,37.57703432000002,0.0,0.646725949878729,1.0,0.5241362602904563,0.42582250050642145,0.2862769690296174,69.38481709607909,High,Tree Planting,High priority for tree planting or additional vegetation.
85.80173096315619,20.249059566630752,0.19136612,0.0931677,0.12432432,-0.2579211,37.39246123999999,0.0,0.5594179466450853,1.0,0.5858163466924048,0.5118470622856398,0.35591818055927094,69.24743602818772,High,Tree Planting,High priority for tree planting or additional vegetation.
85.80218012079824,20.24852057746028,0.09454006,0.1488518,0.19970049,-0.24384357,37.197634100000016,0.0,0.4672594987873773,1.0,0.7241008710092807,0.596734559875488,0.3344731652670768,69.19137528018618,High,Tree Planting,High priority for tree planting or additional vegetation.
85.80011399564478,20.25031720802852,0.06934671,0.06379235,0.11111111,-0.14933836,37.55823521000002,0.0,0.6378334680678981,1.0,0.5615754963076083,0.46706587784832376,0.1905085867052111,69.13438113218642,High,Tree Planting,High priority for tree planting or additional vegetation.
85.80083264787207,20.249059566630752,0.053276744,0.077240825,0.10404211,-0.09751904,37.59583343000003,0.0,0.6556184316895667,1.0,0.5486067649115185,0.48756737449008747,0.111569588895858,68.88902405821923,High,Tree Planting,High priority for tree planting or additional vegetation.
85.80200045774143,20.24887990357393,0.25859246,0.1672983,0.14911184,-0.31266,37.17370796,0.0,0.4559417946644924,1.0,0.631291334506127,0.6248552841808307,0.43930472262864584,68.78922392562144,High,Tree Planting,High priority for tree planting or additional vegetation.
85.80074281634366,20.249149398159165,0.10796377,0.030081294,0.08552631,-0.16989458,37.59583343000003,0.0,0.6556184316895667,1.0,0.5146378249223096,0.4156751364167259,0.22182291899572704,68.76310087864617,High,Tree Planting,High priority for tree planting or additional vegetation.
85.80209028926984,20.24852057746028,0.11390667,0.17625171,0.19015169,-0.20217231,37.197634100000016,0.0,0.4672594987873773,1.0,0.7065827181793215,0.638504289368953,0.270993221843408,68.71150084843474,High,Tree Planting,High priority for tree planting or additional vegetation.
85.80074281634366,20.24923922968757,0.062020883,0.051452287,0.099492885,-0.11159738,37.59583343000003,0.0,0.6556184316895667,1.0,0.5402607927675978,0.44825409731903304,0.13301583810212558,68.58516419641255,High,Tree Planting,High priority for tree planting or additional vegetation.
85.80011399564478,20.250137544971697,0.3811966,-0.060135584,0.008888183,-0.4048102,37.55823521000002,0.0,0.6378334680678981,1.0,0.3740381242910448,0.27814422519092485,0.5796817950396974,68.32383610870883,High,Tree Planting,High priority for tree planting or additional vegetation.
85.8010123109289,20.24896973510234,0.07944149,0.08340146,0.11431362,-0.14885986,37.46253065000002,0.0,0.5925626515763853,1.0,0.5674507957818326,0.49695894028201787,0.18977966339143992,68.15602752075361,High,Tree Planting,High priority for tree planting or additional vegetation.
85.80011399564478,20.250227376500103,0.15341328,0.012774867,0.06962351,-0.20871793,37.55823521000002,0.0,0.6378334680678981,1.0,0.48546267403169774,0.3892923937621552,0.2809644967046153,68.1195130571801,High,Tree Planting,High priority for tree planting or additional vegetation.
85.80002416411637,20.250407039556933,0.17735302,0.025825785,0.09450434,-0.26225683,37.43347748000002,0.0,0.5788197251414633,1.0,0.5311088476321746,0.4091878355538031,0.3625230179244071,68.04833300350863,High,Tree Planting,High priority for tree planting or additional vegetation.
85.8010123109289,20.248610408988693,0.33244506,0.07106362,0.06985769,-0.31406045,37.35828104000001,0.0,0.543249797898126,1.0,0.48589229880441465,0.4781505485999411,0.44143809912764476,67.78176489628586,High,Mist Sprayer,High heat exposure walking path: Install mist sprayers for pedestrian cooling.
85.80110214245731,20.24896973510234,0.12449045,0.08822783,0.097114496,-0.14972748,37.46253065000002,0.0,0.5925626515763853,1.0,0.5358974191509032,0.5043164888774467,0.19110135293270258,67.76951925265658,High,Tree Planting,High priority for tree planting or additional vegetation.
85.80020382717318,20.24995788191487,0.20580067,0.05168649,0.08123338,-0.23397538,37.43005946000002,0.0,0.577202910266764,1.0,0.5067620495549006,0.44861112754126947,0.3194404510440364,67.59803383717949,High,Tree Planting,High priority for tree planting or additional vegetation.
85.80155130009936,20.247981588289807,0.15390486,0.30546623,0.25325155,-0.24512762,36.81139784000004,0.0,0.28455941794664386,1.0,0.8223452214288427,0.8354850658396761,0.33642922374366613,67.59110375566537,High,Tree Planting,High priority for tree planting or additional vegetation.
85.8018207946846,20.249329061215988,0.3480392,0.045346055,0.061592538,-0.3229104,37.37708014999998,0.0,0.5521422797089469,1.0,0.47072911642559817,0.43894546605475737,0.4549196767257855,67.56385656545781,High,Tree Planting,High priority for tree planting or additional vegetation.
85.79984450105954,20.250137544971697,0.45800528,-0.02894189,0.01545943,-0.4386533,37.41126035000002,0.0,0.568310428455933,1.0,0.38609368197676563,0.32569737993785375,0.6312367053851384,67.4100589365594,High,Tree Planting,High priority for tree planting or additional vegetation.
85.80020382717318,20.24968838732964,0.21845968,0.012387654,0.07675195,-0.26864272,37.41638738,0.0,0.5707356507679702,1.0,0.4985404535808761,0.3887021077989402,0.37225096797702784,67.20970708451193,High,Tree Planting,High priority for tree planting or additional vegetation.
85.80002416411637,20.250496871085343,0.14805552,0.0074714413,0.07973217,-0.23755826,37.43347748000002,0.0,0.5788197251414633,1.0,0.5040079415821852,0.3812075987070732,0.32489843382866535,66.98577120333405,High,Tree Planting,High priority for tree planting or additional vegetation.
85.80209028926984,20.24843074593187,0.13158508,0.17565511,0.19601923,-0.25734916,37.00280696000004,0.0,0.37510105092966933,1.0,0.7173472605779369,0.6375948038773656,0.3550469153553454,66.93965762888625,High,Tree Planting,High priority for tree planting or additional vegetation.
85.79993433258795,20.250496871085343,0.2480602,-0.03128034,0.05396009,-0.31516352,37.43347748000002,0.0,0.5788197251414633,1.0,0.45672668779260606,0.3221325352382181,0.44311846159310286,66.86800203944618,High,Tree Planting,High priority for tree planting or additional vegetation.
85.80218012079824,20.24843074593187,0.11162015,0.13146761,0.1968,-0.29155576,37.00280696000004,0.0,0.37510105092966933,1.0,0.7187796550343133,0.5702332715952345,0.4071555636831393,66.80861470618851,High,Tree Planting,High priority for tree planting or additional vegetation.
85.80164113162778,20.24843074593187,0.07958086,0.17507033,0.1758331,-0.20328279,37.08825746000002,0.0,0.4155214227970809,1.0,0.6803139464038601,0.6367033373574686,0.2726848723376123,66.76423397692113,High,Tree Planting,High priority for tree planting or additional vegetation.
85.80029365870159,20.250047713443283,0.17415419,0.02464867,0.067721054,-0.22795825,37.43005946000002,0.0,0.577202910266764,1.0,0.48197244332624023,0.40739338531171476,0.31027425179849266,66.72235032899859,High,Tree Planting,High priority for tree planting or additional vegetation.
85.80164113162778,20.248340914403457,0.0743206,0.18459271,0.17973682,-0.17465132,37.08825746000002,0.0,0.4155214227970809,1.0,0.6874756801887723,0.651219707547516,0.2290691022424325,66.58066598464349,High,Tree Planting,High priority for tree planting or additional vegetation.
85.80002416411637,20.25031720802852,0.14532374,0.006242179,0.08597285,-0.21619558,37.41126035000002,0.0,0.568310428455933,1.0,0.5154570436686118,0.37933365263398333,0.2923555801261869,66.49806083630885,High,Tree Planting,High priority for tree planting or additional vegetation.
85.80200045774143,20.248610408988693,0.04114935,0.14939864,0.16417912,-0.12689576,37.197634100000016,0.0,0.4672594987873773,1.0,0.6589336470241174,0.5975681888500431,0.15632063610616453,66.44067791854515,High,Tree Planting,High priority for tree planting or additional vegetation.
85.8010123109289,20.248700240517103,0.31272087,0.016979044,0.049720414,-0.31388152,37.35828104000001,0.0,0.543249797898126,1.0,0.4489486117916938,0.39570144167627774,0.4411655259854649,66.40039279043661,High,Tree Planting,High priority for tree planting or additional vegetation.
85.80029365870159,20.24995788191487,0.09313586,0.060695063,0.07399999,-0.15672092,37.43005946000002,0.0,0.577202910266764,1.0,0.49349172956718496,0.4623442258372907,0.2017548147079603,66.35945365696321,High,Tree Planting,High priority for tree planting or additional vegetation.
85.80011399564478,20.2494188927444,0.17460318,0.039165597,0.11969972,-0.32065538,37.18567103000001,0.0,0.46160064672593487,1.0,0.5773320921706399,0.4295236811362769,0.4514844904122629,66.31808249982303,High,Tree Planting,High priority for tree planting or additional vegetation.
85.79993433258795,20.25058670261376,0.13027672,-0.0207953,0.075605966,-0.2231694,37.43347748000002,0.0,0.5788197251414633,1.0,0.4964380404134951,0.3381164302410908,0.30297915376055373,66.22211820046277,High,Tree Planting,High priority for tree planting or additional vegetation.
85.8018207946846,20.24896973510234,0.07810871,0.026335588,0.08665055,-0.1556151,37.43347748000002,0.0,0.5788197251414633,1.0,0.5167003467195568,0.40996500355928045,0.20007026302805508,66.2154496209106,High,Tree Planting,High priority for tree planting or additional vegetation.
85.80029365870159,20.250137544971697,0.15787056,-0.06298715,0.032693047,-0.21678318,37.55823521000002,0.0,0.6378334680678981,1.0,0.4177103391922255,0.2737971619906165,0.2932507010021994,66.07113775984847,High,Tree Planting,High priority for tree planting or additional vegetation.
85.80191062621302,20.248610408988693,0.05934982,0.055067856,0.09429034,-0.08424906,37.45398560000001,0.0,0.5885206143896388,1.0,0.5307162449275823,0.45376584312750323,0.09135475546789784,66.0675680915569,High,Mist Sprayer,High heat exposure walking path: Install mist sprayers for pedestrian cooling.
85.79966483800271,20.24986805038646,0.2717136,0.046214785,0.08016122,-0.3089701,37.24377737000003,0.0,0.4890864995957924,1.0,0.5047950733130514,0.4402697994961029,0.43368371085124835,65.98405619104305,High,Tree Planting,High priority for tree planting or additional vegetation.
85.8018207946846,20.24923922968757,0.46446186,-0.05100981,-0.01598035,-0.4369485,37.39246123999999,0.0,0.5594179466450853,1.0,0.3284145106693454,0.29205599028060936,0.6286396970981639,65.91571293318046,High,Tree Planting,High priority for tree planting or additional vegetation.
85.80011399564478,20.24950872427281,0.23139773,0.035208065,0.104565084,-0.3216411,37.18567103000001,0.0,0.46160064672593487,1.0,0.5495662088686749,0.42349063062254416,0.4529860876721389,65.856279717755,High,Tree Planting,High priority for tree planting or additional vegetation.
85.80002416411637,20.250227376500103,0.18523808,-0.014469128,0.054123055,-0.23187327,37.41126035000002,0.0,0.568310428455933,1.0,0.45702566209052137,0.34776034853020676,0.316238200287272,65.54468327321061,High,Tree Planting,High priority for tree planting or additional vegetation.
85.8010123109289,20.248340914403457,0.26269165,0.20523268,0.1735263,-0.28013816,36.88659428000005,0.0,0.3201293451899777,1.0,0.6760819093994042,0.682684262126463,0.3897625546396384,65.4695771643514,High,Mist Sprayer,High heat exposure walking path: Install mist sprayers for pedestrian cooling.
85.80020382717318,20.250047713443283,0.4032967,-0.06906657,-0.015027536,-0.3884208,37.43005946000002,0.0,0.577202910266764,1.0,0.33016253568510917,0.2645294042177931,0.5547149909462317,65.46096929491979,High,Tree Planting,High priority for tree planting or additional vegetation.
85.79975466953113,20.24995788191487,0.20413576,-0.0055346414,0.079515986,-0.32342657,37.24377737000003,0.0,0.4890864995957924,1.0,0.5036113321284955,0.3613805059849206,0.45570598466072665,65.39762987625768,High,Tree Planting,High priority for tree planting or additional vegetation.
85.79966483800271,20.24968838732964,0.30211672,0.057348505,0.090231664,-0.34214875,37.13440073000001,0.0,0.43734842360548254,1.0,0.5232702300927038,0.45724257322623496,0.48422643081876804,65.38419620000506,High,Tree Planting,High priority for tree planting or additional vegetation.
85.80164113162778,20.248251082875043,0.09288485,0.14250913,0.15810828,-0.17398556,37.08825746000002,0.0,0.4155214227970809,1.0,0.6477961320561393,0.5870654912483897,0.22805491627508356,65.33378873998925,High,Tree Planting,High priority for tree planting or additional vegetation.
85.8010123109289,20.248251082875043,0.25776604,0.1924464,0.16827564,-0.2932382,36.88659428000005,0.0,0.3201293451899777,1.0,0.666449090161578,0.6631922471224829,0.4097185098482833,65.32972427783066,High,Mist Sprayer,High heat exposure walking path: Install mist sprayers for pedestrian cooling.
85.80110214245731,20.248251082875043,0.25776604,0.1924464,0.16827564,-0.2932382,36.88659428000005,0.0,0.3201293451899777,1.0,0.666449090161578,0.6631922471224829,0.4097185098482833,65.32972427783066,High,Mist Sprayer,High heat exposure walking path: Install mist sprayers for pedestrian cooling.
85.79993433258795,20.25067653414217,0.19687878,-0.05409691,0.043720096,-0.25094104,37.42322342000003,0.0,0.5739692805173755,1.0,0.43794047592620755,0.2873498678181897,0.34528510121648615,65.11453524476113,High,Tree Planting,High priority for tree planting or additional vegetation.
85.80002416411637,20.25067653414217,0.1873932,-0.05126911,0.04463158,-0.23915197,37.42322342000003,0.0,0.5739692805173755,1.0,0.43961267725140685,0.2916607009947082,0.3273262130854896,65.00313771509434,High,Tree Planting,High priority for tree planting or additional vegetation.
85.8018207946846,20.248161251346637,0.109433964,0.20641474,0.20887132,-0.21046257,36.85583210000004,0.0,0.3055780113177043,1.0,0.7409256030716942,0.6844862507623762,0.28362219528379606,64.96230884606827,High,Tree Planting,High priority for tree planting or additional vegetation.
85.80209028926984,20.248251082875043,0.25793868,0.102722056,0.12535965,-0.32162714,37.00280696000004,0.0,0.37510105092966933,1.0,0.5877157549080383,0.5264121782150083,0.4529648216962554,64.86253785062328,High,Tree Planting,High priority for tree planting or additional vegetation.
85.8018207946846,20.2494188927444,0.34515235,-0.0039280597,-0.005813959,-0.31385282,37.37708014999998,0.0,0.5521422797089469,1.0,0.3470656910550611,0.3638296557455641,0.4411218058201456,64.81976837275143,High,Tree Planting,High priority for tree planting or additional vegetation.
85.80218012079824,20.24618495772157,0.13989638,0.22089419,0.20780371,-0.20879121,36.83190596000003,0.0,0.2942603071948194,1.0,0.7389669742237979,0.706559414860877,0.28107612784449654,64.78866925625528,High,Tree Planting,High priority for tree planting or additional vegetation.
85.8018207946846,20.248610408988693,0.07067193,0.009507058,0.053499296,-0.11271771,37.45398560000001,0.0,0.5885206143896388,1.0,0.45588131877083066,0.3843107898822041,0.13472249360080346,64.68417104808168,High,Mist Sprayer,High heat exposure walking path: Install mist sprayers for pedestrian cooling.
85.80002416411637,20.25058670261376,0.1315645,-0.045654345,0.03993596,-0.2101761,37.43347748000002,0.0,0.5788197251414633,1.0,0.4309981300002954,0.3002201165263423,0.2831858010064793,64.66362287957654,High,Tree Planting,High priority for tree planting or additional vegetation.
85.80173096315619,20.248161251346637,0.08722812,0.20164478,0.20750865,-0.19705953,36.85583210000004,0.0,0.3055780113177043,1.0,0.7384256594854006,0.6772146962611152,0.2632046648106313,64.64791884252959,High,Tree Planting,High priority for tree planting or additional vegetation.
85.80020382717318,20.249598555801224,0.39665738,-0.115461625,-0.024459975,-0.41040787,37.41638738,0.0,0.5707356507679702,1.0,0.312857857823884,0.19380256981635036,0.5882090095972694,64.63505318453356,High,Tree Planting,High priority for tree planting or additional vegetation.
85.80029365870159,20.24771209370457,0.121181265,0.20734338,0.193609,-0.17754012,36.89343031999999,0.0,0.323362974939346,1.0,0.7129254717149016,0.6859019138648029,0.23346975776766232,64.58848804022855,High,Tree Planting,High priority for tree planting or additional vegetation.
85.80029365870159,20.249329061215988,0.3680049,0.00221825,0.04948288,-0.3692542,37.18567103000001,0.0,0.46160064672593487,1.0,0.44851283379714885,0.37319938336700736,0.525517537266547,64.56288111507081,High,Tree Planting,High priority for tree planting or additional vegetation.
85.79966483800271,20.249778218858047,0.2752321,0.03359055,0.07756489,-0.33187363,37.13440073000001,0.0,0.43734842360548254,1.0,0.5000318668643868,0.42102481361797656,0.46857381949212684,64.5169170422313,High,Tree Planting,High priority for tree planting or additional vegetation.
85.79984450105954,20.24995788191487,0.20413576,-0.0055346414,0.079515986,-0.32342657,37.17712598000003,0.0,0.45755860953920174,1.0,0.5036113321284955,0.3613805059849206,0.45570598466072665,64.45179317455995,High,Tree Planting,High priority for tree planting or additional vegetation.
85.80173096315619,20.245735800079512,0.0888031,0.17123824,0.20191944,-0.20891683,36.86950418000004,0.0,0.31204527081649136,1.0,0.7281717390997253,0.6308615166108089,0.2812674911604338,64.40522428870304,High,Tree Planting,High priority for tree planting or additional vegetation.
85.80092247940048,20.248610408988693,0.40679663,-0.09939467,-0.029047966,-0.44100335,37.35828104000001,0.0,0.543249797898126,1.0,0.30444076588348545,0.21829580224425527,0.634816655716441,64.39523000480303,High,Mist Sprayer,High heat exposure walking path: Install mist sprayers for pedestrian cooling.
85.80029365870159,20.247801925232984,0.16966069,0.17725515,0.17696726,-0.22338206,36.89343031999999,0.0,0.323362974939346,1.0,0.6823946673545164,0.6400339811585583,0.30330310952211414,64.37018016530484,High,Tree Planting,High priority for tree planting or additional vegetation.
85.8010123109289,20.24843074593187,0.25263157,0.19823788,0.15659635,-0.24257027,36.88659428000005,0.0,0.3201293451899777,1.0,0.6450223572563529,0.6720210554275765,0.33253348281059814,64.32476109692637,High,Mist Sprayer,High heat exposure walking path: Install mist sprayers for pedestrian cooling.
85.79975466953113,20.24986805038646,0.12972319,-0.021989968,0.08511779,-0.25139958,37.24377737000003,0.0,0.4890864995957924,1.0,0.5138883573667953,0.33629522136870765,0.34598361845012604,64.20370874656403,High,Tree Planting,High priority for tree planting or additional vegetation.
85.79993433258795,20.24995788191487,0.112700365,-0.0022212395,0.089268886,-0.2731377,37.17712598000003,0.0,0.45755860953920174,1.0,0.5215039252014795,0.36643161385593676,0.3790983989424107,64.00461729218172,High,Tree Planting,High priority for tree planting or additional vegetation.
85.80218012079824,20.246364620778397,0.14038728,0.22672915,0.20763572,-0.18377602,36.79430774000002,0.0,0.2764753435731508,1.0,0.7386587811006928,0.7154545061515122,0.24296922044759228,63.958379289695955,High,Tree Planting,High priority for tree planting or additional vegetation.
85.80002416411637,20.24995788191487,0.10999725,0.0064805564,0.106962495,-0.22835131,37.17712598000003,0.0,0.45755860953920174,1.0,0.5539644800958685,0.37969704651065506,0.3108730200277735,63.94192615299836,High,Tree Planting,High priority for tree planting or additional vegetation.
85.80244961538348,20.24627478924998,0.08624419,0.24348764,0.22674909,-0.14388017,36.78063566000003,0.0,0.2700080840743671,1.0,0.773724018277674,0.7410019475124123,0.18219384910438896,63.93806076256414,High,Tree Planting,High priority for tree planting or additional vegetation.
85.80011399564478,20.249329061215988,0.4298156,-0.066896014,0.011095313,-0.46586135,37.18567103000001,0.0,0.46160064672593487,1.0,0.378087307503133,0.26783830329703884,0.672684107615557,63.92455312345099,High,Tree Planting,High priority for tree planting or additional vegetation.
85.80191062621302,20.245735800079512,0.06064513,0.19804879,0.19908047,-0.15166374,36.86950418000004,0.0,0.31204527081649136,1.0,0.7229633872293679,0.6717327976139589,0.19405095597454747,63.86364646882031,High,Tree Planting,High priority for tree planting or additional vegetation.
85.8018207946846,20.245735800079512,0.06498641,0.16213065,0.20118126,-0.18276618,36.86950418000004,0.0,0.31204527081649136,1.0,0.7268174799199312,0.6169774720779112,0.24143087996863966,63.847703843759206,High,Tree Planting,High priority for tree planting or additional vegetation.
85.80029365870159,20.2494188927444,0.22210068,0.005564206,0.06866017,-0.282066,37.18567103000001,0.0,0.46160064672593487,1.0,0.4836953380997259,0.37830011826055393,0.39269933106852206,63.813443966564684,High,Tree Planting,High priority for tree planting or additional vegetation.
85.80047332175842,20.248251082875043,0.10192645,0.29414403,0.2406194,-0.18048778,36.65075090000005,0.0,0.20856911883589513,1.0,0.7991703791166184,0.8182249642090171,0.23796007771556438,63.80647967107193,High,Tree Planting,High priority for tree planting or additional vegetation.
85.80244961538348,20.246723946892043,0.15057112,0.1769731,0.18832695,-0.21258546,36.838742000000025,0.0,0.2974939369442112,1.0,0.7032350646317617,0.6396040106877198,0.28685610126827243,63.73794519736268,High,Tree Planting,High priority for tree planting or additional vegetation.
85.80235978385507,20.24618495772157,0.15548779,0.20595016,0.19579244,-0.22100517,36.78063566000003,0.0,0.2700080840743671,1.0,0.7169311934406729,0.6837780228547636,0.2996822724578092,63.68881337696685,High,Tree Planting,High priority for tree planting or additional vegetation.
85.80226995232665,20.24618495772157,0.15548779,0.20595016,0.19579244,-0.22100517,36.78063566000003,0.0,0.2700080840743671,1.0,0.7169311934406729,0.6837780228547636,0.2996822724578092,63.68881337696685,High,Tree Planting,High priority for tree planting or additional vegetation.
85.80191062621302,20.24896973510234,0.13221978,-0.06251182,0.026674034,-0.18317564,37.43347748000002,0.0,0.5788197251414633,1.0,0.40666790562784977,0.27452177771089176,0.24205463114953163,63.63037442726588,High,Tree Planting,High priority for tree planting or additional vegetation.
85.80155130009936,20.24843074593187,0.11155084,0.09431678,0.12102385,-0.1764398,37.08825746000002,0.0,0.4155214227970809,1.0,0.5797613305782653,0.5135987746367515,0.23179358451665122,63.615986234120435,High,Tree Planting,High priority for tree planting or additional vegetation.
85.80002416411637,20.249598555801224,0.13142504,0.103851795,0.12626418,-0.20013057,37.04211419000004,0.0,0.39369442198868254,1.0,0.5893751984799305,0.5281344062233565,0.26788293576888467,63.61163405678184,High,Tree Planting,High priority for tree planting or additional vegetation.
85.80137163704254,20.248161251346637,0.31668282,0.113903426,0.11944286,-0.34539145,36.88659428000005,0.0,0.3201293451899777,1.0,0.5768608588496044,0.5434575918775475,0.48916620015955414,63.58303115881441,High,Mist Sprayer,High heat exposure walking path: Install mist sprayers for pedestrian cooling.
85.80218012079824,20.246544283835217,0.12467193,0.21285877,0.20054363,-0.17437477,36.79430774000002,0.0,0.2764753435731508,1.0,0.7256476889735329,0.6943098374072877,0.22864781960413894,63.408552211911775,High,Tree Planting,High priority for tree planting or additional vegetation.
85.80244961538348,20.24618495772157,0.13775665,0.20167015,0.19217524,-0.21127655,36.78063566000003,0.0,0.2700080840743671,1.0,0.710295106977816,0.6772533714989991,0.2848621722930825,63.37582456481907,High,Tree Planting,High priority for tree planting or additional vegetation.
85.80226995232665,20.24852057746028,0.19186956,0.0072558536,0.09651574,-0.30528373,37.07116736,0.0,0.4074373484235844,1.0,0.534798946136927,0.38087894653591214,0.42806807650184986,63.33457487513905,High,Tree Planting,High priority for tree planting or additional vegetation.
85.80244961538348,20.246364620778397,0.10323314,0.1951169,0.19412157,-0.18453105,36.807979820000014,0.0,0.2829426030719345,1.0,0.7138658285760832,0.6672632846774347,0.24411939593264298,63.31009232690006,High,Tree Planting,High priority for tree planting or additional vegetation.
85.79984450105954,20.24986805038646,0.12972319,-0.021989968,0.08511779,-0.25139958,37.17712598000003,0.0,0.45755860953920174,1.0,0.5138883573667953,0.33629522136870765,0.34598361845012604,63.257872044866325,High,Tree Planting,High priority for tree planting or additional vegetation.
85.79993433258795,20.24986805038646,0.07326732,-0.041195303,0.091684446,-0.25592172,37.17712598000003,0.0,0.45755860953920174,1.0,0.5259354924402883,0.30701769280086283,0.3528724236207379,63.21469183699639,High,Tree Planting,High priority for tree planting or additional vegetation.
85.80020382717318,20.2494188927444,0.25037935,-0.0450222,0.05040012,-0.32016024,37.18567103000001,0.0,0.46160064672593487,1.0,0.4501955950343463,0.3011837885110548,0.45073021854271067,63.12009339783089,High,Tree Planting,High priority for tree planting or additional vegetation.
85.8025394469119,20.24618495772157,0.13321275,0.26476339,0.22995919,-0.19138148,36.640496840000026,0.0,0.2037186742117939,1.0,0.7796132423057667,0.7734357154434234,0.2545550033231514,63.08566604860607,High,Tree Planting,High priority for tree planting or additional vegetation.
85.80047332175842,20.2478917567614,0.2421265,0.113787524,0.13015717,-0.28519294,36.89343031999999,0.0,0.323362974939346,1.0,0.5965172470918505,0.5432809053414329,0.39746275733135183,63.05608458128599,High,Tree Planting,High priority for tree planting or additional vegetation.
85.80056315328683,20.249149398159165,0.16625986,0.121373095,0.14144778,-0.22298066,36.920774480000034,0.0,0.3362974939369403,1.0,0.6172309107483798,0.5548447115263245,0.3026916365479285,62.922751960076425,High,Tree Planting,High priority for tree planting or additional vegetation.
85.79975466953113,20.249598555801224,0.22716628,-0.003110809,0.06760783,-0.28,37.13440073000001,0.0,0.43734842360548254,1.0,0.48176472347285343,0.3650755116869648,0.3895520885058231,62.89319956218517,High,Tree Planting,High priority for tree planting or additional vegetation.
85.80092247940048,20.24807141981822,0.12563957,0.21970445,0.17903042,-0.21696375,36.74645545999999,0.0,0.25383993532738097,1.0,0.686179724345202,0.704745718466708,0.2935257724395405,62.890608834061936,High,Tree Planting,High priority for tree planting or additional vegetation.
85.80092247940048,20.24852057746028,0.3016838,-0.09244356,-0.02398358,-0.3255537,37.35828104000001,0.0,0.543249797898126,1.0,0.3137318483166609,0.2288924058235853,0.45894634965220493,62.881859216451595,High,Mist Sprayer,High heat exposure walking path: Install mist sprayers for pedestrian cooling.
85.80128180551412,20.248161251346637,0.17515527,0.099904865,0.13882186,-0.27739197,36.88659428000005,0.0,0.3201293451899777,1.0,0.6124134187201409,0.5221175179040283,0.3855791441588743,62.86704825713046,High,Tree Planting,High priority for tree planting or additional vegetation.
85.80200045774143,20.247532430647748,0.092680804,0.24313787,0.23679256,-0.17403443,36.65075090000005,0.0,0.20856911883589513,1.0,0.7921496887706272,0.7404687414440373,0.2281293624241828,62.825299935318455,High,Tree Planting,High priority for tree planting or additional vegetation.
85.80047332175842,20.248340914403457,0.08310988,0.2817778,0.23014611,-0.14650582,36.65075090000005,0.0,0.20856911883589513,1.0,0.7799561642568994,0.7993732934570339,0.18619363489081242,62.812085312408804,High,Tree Planting,High priority for tree planting or additional vegetation.
85.80155130009936,20.248251082875043,0.08867795,0.08964181,0.11455539,-0.13960254,37.08825746000002,0.0,0.4155214227970809,1.0,0.5678943451084181,0.5064720274215211,0.1756775184153867,62.80555331890777,High,Tree Planting,High priority for tree planting or additional vegetation.
85.80011399564478,20.248161251346637,0.18097016,0.21867931,0.17878789,-0.20609717,36.753291500000046,0.0,0.2570735650767997,1.0,0.6857347807286377,0.7031829461622395,0.27697216010315395,62.79977972588748,High,Tree Planting,High priority for tree planting or additional vegetation.
85.80218012079824,20.248340914403457,0.18148069,0.0127737215,0.10782795,-0.30771092,37.00280696000004,0.0,0.37510105092966933,1.0,0.5555522369823309,0.3892906475073268,0.43176553810676643,62.79687693876597,High,Tree Planting,High priority for tree planting or additional vegetation.
85.80209028926984,20.248340914403457,0.19618961,0.025498882,0.10096852,-0.3044769,37.00280696000004,0.0,0.37510105092966933,1.0,0.5429679810479301,0.40868948903074515,0.4268389914501256,62.752836048417734,High,Tree Planting,High priority for tree planting or additional vegetation.
85.80020382717318,20.24807141981822,0.16122305,0.23698632,0.18076287,-0.17925192,36.753291500000046,0.0,0.2570735650767997,1.0,0.6893580633899263,0.7310910252593664,0.23607742950959276,62.724262450842474,High,Tree Planting,High priority for tree planting or additional vegetation.
85.80200045774143,20.24699344147728,0.20565079,0.11822491,0.14743221,-0.31664136,36.79772576000005,0.0,0.27809215844786017,1.0,0.628209898614938,0.5500454681767886,0.445369730203393,62.7200652164617,High,Tree Planting,High priority for tree planting or additional vegetation.
85.80020382717318,20.247981588289807,0.1582173,0.19543342,0.18740319,-0.20696661,36.753291500000046,0.0,0.2570735650767997,1.0,0.7015403418542185,0.6677458028601322,0.27829662214270534,62.69573633014565,High,Tree Planting,High priority for tree planting or additional vegetation.
85.80155130009936,20.24807141981822,0.3199882,0.12609626,0.116356105,-0.34251496,36.81139784000004,0.0,0.28455941794664386,1.0,0.5711979225813151,0.562044929497953,0.4847842970815395,62.57304364291397,High,Tree Planting,High priority for tree planting or additional vegetation.
85.80119197398571,20.248161251346637,0.09145694,0.13571927,0.1571391,-0.18559878,36.88659428000005,0.0,0.3201293451899777,1.0,0.6460180821064346,0.5767147048590001,0.24574592318408073,62.51875786772666,High,Tree Planting,High priority for tree planting or additional vegetation.
85.8026292784403,20.24663411536363,0.11272939,0.17654665,0.17199558,-0.17864855,36.81139784000004,0.0,0.28455941794664386,1.0,0.673273662614481,0.6389539099705098,0.23515828539291528,62.377009431250784,High,Tree Planting,High priority for tree planting or additional vegetation.
85.80200045774143,20.246903609948863,0.18942067,0.11771302,0.1424314,-0.3011849,36.79772576000005,0.0,0.27809215844786017,1.0,0.619035452207684,0.5492651186489832,0.42182412091943566,62.339188932235245,High,Tree Planting,High priority for tree planting or additional vegetation.
85.80002416411637,20.250047713443283,0.24107143,-0.04742909,0.039479394,-0.29799506,37.17712598000003,0.0,0.45755860953920174,1.0,0.4301605176338239,0.29751461061154616,0.41696487589707354,62.323960915769604,High,Tree Planting,High priority for tree planting or additional vegetation.
85.80209028926984,20.246544283835217,0.24460648,0.12646618,0.14319351,-0.2917061,36.79430774000002,0.0,0.2764753435731508,1.0,0.6204336131758936,0.5626088531872726,0.40738458422857804,62.30069887899145,High,Tree Planting,High priority for tree planting or additional vegetation.
85.80209028926984,20.246903609948863,0.18421851,0.15210779,0.14897901,-0.24704379,36.79772576000005,0.0,0.27809215844786017,1.0,0.6310476456404681,0.6016981463081962,0.3393482226697877,62.218943127822655,High,Tree Planting,High priority for tree planting or additional vegetation.
85.80146146857095,20.24807141981822,0.24452811,0.12696055,0.13903077,-0.27483127,36.81139784000004,0.0,0.28455941794664386,1.0,0.6127966833510585,0.563362494391557,0.3816783000009346,62.17914073259011,High,Tree Planting,High priority for tree planting or additional vegetation.
85.80083264787207,20.247981588289807,0.3700165,0.09332751,0.10023828,-0.3543974,36.83532398,0.0,0.29587712206950184,1.0,0.5416282885292314,0.5120906842709072,0.5028854204681407,62.15049903741401,High,Mist Sprayer,High heat exposure walking path: Install mist sprayers for pedestrian cooling.
85.80226995232665,20.24843074593187,0.17229435,-0.00018464781,0.101992145,-0.3139253,36.97546280000006,0.0,0.36216653193210196,1.0,0.544845915363296,0.36953629135232047,0.4412322182794606,62.1453697847303,High,Tree Planting,High priority for tree planting or additional vegetation.
85.80047332175842,20.24771209370457,0.18172379,0.1356962,0.13711819,-0.18789144,36.89343031999999,0.0,0.323362974939346,1.0,0.6092878792354082,0.5766795358508021,0.24923844841825205,62.09938727940204,High,Tree Planting,High priority for tree planting or additional vegetation.
85.80155130009936,20.248340914403457,0.08779057,0.07733537,0.105142854,-0.12197391,37.08825746000002,0.0,0.4155214227970809,1.0,0.550626181133312,0.4877115033968963,0.14882293242406364,62.0903797591217,High,Tree Planting,High priority for tree planting or additional vegetation.
85.8025394469119,20.246813778420453,0.23626374,0.12318686,0.1417966,-0.26720902,36.81139784000004,0.0,0.28455941794664386,1.0,0.6178708531568652,0.557609701389967,0.37006694006698826,62.081611750321855,High,Tree Planting,High priority for tree planting or additional vegetation.
85.80280894149713,20.248251082875043,0.38266742,0.023255821,0.05533995,-0.39483395,36.94811864000002,0.0,0.3492320129345077,1.0,0.4592581680167125,0.40527005987176834,0.564484467539152,62.06337818239513,High,Tree Planting,High priority for tree planting or additional vegetation.
85.80226995232665,20.24887990357393,0.60183066,-0.1065007,-0.06379611,-0.52505445,37.17370796,0.0,0.4559417946644924,1.0,0.24069209619206564,0.2074630312288597,0.762855958408443,61.99182517918877,High,Tree Planting,High priority for tree planting or additional vegetation.
85.80244961538348,20.245735800079512,0.11361378,0.2722944,0.21075727,-0.1447055,36.640496840000026,0.0,0.2037186742117939,1.0,0.74438555200032,0.7849163462379253,0.18345111614421117,61.96101813017998,High,Tree Planting,High priority for tree planting or additional vegetation.
85.80209028926984,20.246454452306807,0.25125,0.1376265,0.1326154,-0.27597198,36.79430774000002,0.0,0.2764753435731508,1.0,0.6010270963746076,0.5796221772259467,0.38341600138704124,61.940048538943515,High,Tree Planting,High priority for tree planting or additional vegetation.
85.80056315328683,20.2478917567614,0.24866918,0.080455504,0.103378735,-0.29359245,36.89343031999999,0.0,0.323362974939346,1.0,0.5473897423920843,0.4924679844642926,0.4102581568365874,61.938996797070445,High,Mist Sprayer,High heat exposure walking path: Install mist sprayers for pedestrian cooling.
85.80092247940048,20.248161251346637,0.17519791,0.16309659,0.15755467,-0.24971943,36.74645545999999,0.0,0.25383993532738097,1.0,0.6467804835360955,0.6184499970791583,0.34342416075810334,61.93564689123547,High,Mist Sprayer,High heat exposure walking path: Install mist sprayers for pedestrian cooling.
85.80137163704254,20.24807141981822,0.16260698,0.12603103,0.12233707,-0.219052,36.88659428000005,0.0,0.3201293451899777,1.0,0.5821705535863249,0.5619454897751635,0.2967069095554923,61.92296265280075,High,Tree Planting,High priority for tree planting or additional vegetation.
85.79993433258795,20.250047713443283,0.28031707,-0.07212389,0.013181013,-0.34201053,37.17712598000003,0.0,0.45755860953920174,1.0,0.38191371619924624,0.25986867980756834,0.48401587328391016,61.89430956007954,High,Tree Planting,High priority for tree planting or additional vegetation.
85.80065298481524,20.248610408988693,0.19987527,0.08096491,0.094444446,-0.24651763,36.95153665999999,0.0,0.35084882780919013,1.0,0.5309989665742828,0.4932445472640371,0.3385466964612738,61.80836177014305,High,Tree Planting,High priority for tree planting or additional vegetation.
85.80209028926984,20.246813778420453,0.23572567,0.15562336,0.14400357,-0.25331607,36.76696358000004,0.0,0.2635408245755834,1.0,0.6219197428342209,0.6070574488721586,0.3489031048484742,61.79462641698714,High,Tree Planting,High priority for tree planting or additional vegetation.
85.80209028926984,20.246364620778397,0.27935722,0.11651726,0.1286183,-0.2945591,36.79430774000002,0.0,0.2764753435731508,1.0,0.5936940483814953,0.547442245079723,0.411730703798462,61.791400521698804,High,Tree Planting,High priority for tree planting or additional vegetation.
85.80218012079824,20.246723946892043,0.13236658,0.17565139,0.17374179,-0.17779209,36.76696358000004,0.0,0.2635408245755834,1.0,0.676477245646192,0.6375891329319605,0.23385359644555348,61.767810715735514,High,Tree Planting,High priority for tree planting or additional vegetation.
85.8018207946846,20.24609512619316,0.14576961,0.18609706,0.16682376,-0.22440086,36.71911130000001,0.0,0.24090541632981358,1.0,0.6637854826160476,0.6535130104292953,0.30485509922341036,61.76762582566218,High,Tree Planting,High priority for tree planting or additional vegetation.
85.80209028926984,20.24663411536363,0.2735761,0.12245335,0.12401603,-0.31872383,36.76696358000004,0.0,0.2635408245755834,1.0,0.5852507603008218,0.5564915037652028,0.4485420623522526,61.73532180295439,High,Tree Planting,High priority for tree planting or additional vegetation.
85.80244961538348,20.245556137022685,0.14368,0.22690894,0.19684587,-0.19731992,36.640496840000026,0.0,0.2037186742117939,1.0,0.7188638077729098,0.715728586601617,0.2636013301014838,61.687816509978475,High,Tree Planting,High priority for tree planting or additional vegetation.
85.80244961538348,20.2456459685511,0.12436466,0.26184648,0.20420069,-0.14651005,36.640496840000026,0.0,0.2037186742117939,1.0,0.7323569022766003,0.7689890387332888,0.1862000786643071,61.648804934478775,High,Tree Planting,High priority for tree planting or additional vegetation.
85.80083264787207,20.2478917567614,0.190517,0.09213679,0.11477272,-0.2356952,36.900266360000046,0.0,0.3265966046887647,1.0,0.5682930570046285,0.5102754939180025,0.3220603400586448,61.64565233549884,High,Tree Planting,High priority for tree planting or additional vegetation.
85.80209028926984,20.24618495772157,0.29634005,0.11344365,0.09737461,-0.30831102,36.83190596000003,0.0,0.2942603071948194,1.0,0.5363746222345589,0.5427566874166355,0.4326797008666289,61.627792432195605,High,Mist Sprayer,High heat exposure walking path: Install mist sprayers for pedestrian cooling.
85.80065298481524,20.24771209370457,0.12952004,0.13078673,0.14125381,-0.14686248,36.900266360000046,0.0,0.3265966046887647,1.0,0.6168750549231005,0.5691953056523715,0.1867369531543227,61.61034655257639,High,Tree Planting,High priority for tree planting or additional vegetation.
85.8018207946846,20.24627478924998,0.21464334,0.15516862,0.14365123,-0.28670865,36.71911130000001,0.0,0.24090541632981358,1.0,0.6212733426616226,0.6063642215298113,0.3997717152329533,61.60762199744638,High,Tree Planting,High priority for tree planting or additional vegetation.
85.79984450105954,20.249598555801224,0.22716628,-0.003110809,0.06760783,-0.28,37.04211419000004,0.0,0.39369442198868254,1.0,0.48176472347285343,0.3650755116869648,0.3895520885058231,61.583579513681165,High,Tree Planting,High priority for tree planting or additional vegetation.
85.80200045774143,20.24708327300569,0.2292203,0.1140736,0.12342457,-0.2892927,36.79772576000005,0.0,0.27809215844786017,1.0,0.5841656724706433,0.5437170132386696,0.40370812962992453,61.57950126918139,High,Tree Planting,High priority for tree planting or additional vegetation.
85.80002416411637,20.24968838732964,0.10689768,0.05286711,0.09841054,-0.16637963,37.04211419000004,0.0,0.39369442198868254,1.0,0.5382751312054389,0.4504109209725098,0.2164684174246917,61.553753011714065,High,Tree Planting,High priority for tree planting or additional vegetation.
85.80056315328683,20.24744259911934,0.21335804,0.16046214,0.13893655,-0.2469018,36.76012753999999,0.0,0.26030719482616804,1.0,0.6126238280855133,0.6144339158634148,0.3391319221027608,61.5342316457295,High,Tree Planting,High priority for tree planting or additional vegetation.
85.80155130009936,20.248161251346637,0.1951029,0.114798374,0.12968151,-0.2569863,36.81139784000004,0.0,0.28455941794664386,1.0,0.5956446050242507,0.5448218932884178,0.35449415231744563,61.4646120698217,High,Mist Sprayer,High heat exposure walking path: Install mist sprayers for pedestrian cooling.
85.80280894149713,20.248340914403457,0.3915198,0.009213889,0.043687955,-0.3896068,36.94811864000002,0.0,0.3492320129345077,1.0,0.4378815103022436,0.3838638690775054,0.5565216848859029,61.44903858220297,High,Tree Planting,High priority for tree planting or additional vegetation.
85.80065298481524,20.24879007204552,0.3739394,-0.043498255,0.0011263144,-0.36731,37.11047459000002,0.0,0.42603071948260773,1.0,0.35979826165062284,0.303506962945311,0.5225558388200808,61.4385235268915,High,Tree Planting,High priority for tree planting or additional vegetation.
85.79975466953113,20.24968838732964,0.15772787,-0.044327937,0.061965175,-0.23506199,37.13440073000001,0.0,0.43734842360548254,1.0,0.47141275331359433,0.3022421561373471,0.3210957391568411,61.425022960810274,High,Tree Planting,High priority for tree planting or additional vegetation.
85.80164113162778,20.248161251346637,0.16696681,0.12041884,0.14474352,-0.22033899,36.81139784000004,0.0,0.28455941794664386,1.0,0.6232772492419925,0.55338999969633,0.29866744668316314,61.40651574082412,High,Tree Planting,High priority for tree planting or additional vegetation.
85.80200045774143,20.2478917567614,0.3321259,0.14077102,0.13763212,-0.35016063,36.661004960000014,0.0,0.21341956345996943,1.0,0.6102307311418154,0.5844158334747004,0.4964313338890668,61.36451954456399,High,Tree Planting,High priority for tree planting or additional vegetation.
85.8018207946846,20.246813778420453,0.25853965,0.20569621,0.1650833,-0.26687697,36.62682475999998,0.0,0.19725141471298333,1.0,0.6605924484887823,0.6833908893640016,0.3695611114644015,61.355949177005265,High,Tree Planting,High priority for tree planting or additional vegetation.
85.80280894149713,20.24843074593187,0.36777937,0.010915195,0.043257754,-0.3793911,36.94811864000002,0.0,0.3492320129345077,1.0,0.43709226695589626,0.3864574210784284,0.5409595910583305,61.30751451374127,High,Tree Planting,High priority for tree planting or additional vegetation.
85.80244961538348,20.246813778420453,0.13414319,0.1250249,0.15104966,-0.17232168,36.838742000000025,0.0,0.2974939369442112,1.0,0.6348464437258143,0.5604116972212733,0.22552024349907995,61.306834171417094,High,Tree Planting,High priority for tree planting or additional vegetation.
85.80155130009936,20.246005294664744,0.12630357,0.24980706,0.20862333,-0.1576022,36.606316640000045,0.0,0.18755052546483467,1.0,0.7404706425823865,0.7506355727307285,0.2030973132198941,61.27090426218705,High,Tree Planting,High priority for tree planting or additional vegetation.
85.80074281634366,20.248610408988693,0.33766967,0.009424088,0.04906987,-0.36350533,36.95153665999999,0.0,0.35084882780919013,1.0,0.4477551289232064,0.3841843064574018,0.5167599920819277,61.2512347535171,High,Tree Planting,High priority for tree planting or additional vegetation.
85.80209028926984,20.246723946892043,0.2845874,0.10561892,0.11647058,-0.31572407,36.76696358000004,0.0,0.2635408245755834,1.0,0.5714079375093909,0.5308282958467581,0.4439723758324645,61.22535051670058,High,Tree Planting,High priority for tree planting or additional vegetation.
85.80173096315619,20.24618495772157,0.102507174,0.1716738,0.17892492,-0.1812309,36.71911130000001,0.0,0.24090541632981358,1.0,0.6859861748810221,0.6315255050464705,0.23909211009368292,61.22313126451127,High,Tree Planting,High priority for tree planting or additional vegetation.
85.80200045774143,20.24582563160792,0.064622134,0.25498214,0.21746212,-0.14397801,36.58922654000003,0.0,0.1794664510913416,1.0,0.7566862166913756,0.7585247114799814,0.18234289373765833,61.14296283528727,High,Tree Planting,High priority for tree planting or additional vegetation.
85.80218012079824,20.246903609948863,0.13754444,0.120693296,0.14797719,-0.20719676,36.79772576000005,0.0,0.27809215844786017,1.0,0.6292097146053527,0.553808393511414,0.27864722130814823,61.10546662071171,High,Tree Planting,High priority for tree planting or additional vegetation.
85.80191062621302,20.24807141981822,0.14508319,0.0787735,0.12662056,-0.23171009,36.85583210000004,0.0,0.3055780113177043,1.0,0.590029010404522,0.4899038573526734,0.31598961991874275,61.076710268313114,High,Tree Planting,High priority for tree planting or additional vegetation.
85.80200045774143,20.248161251346637,0.12092487,0.13552067,0.16095889,-0.21351689,36.74645545999999,0.0,0.25383993532738097,1.0,0.6530258385782792,0.5764119495478549,0.2882749958182118,61.057455092156275,High,Tree Planting,High priority for tree planting or additional vegetation.
85.80226995232665,20.248340914403457,0.1811293,-0.021132724,0.07762927,-0.3024259,36.97546280000006,0.0,0.36216653193210196,1.0,0.5001499779023384,0.33760204500389096,0.4237145991480463,60.9804120680175,High,Tree Planting,High priority for tree planting or additional vegetation.
85.80200045774143,20.245735800079512,0.080627516,0.24765049,0.20239444,-0.14451316,36.61315267999999,0.0,0.190784155214203,1.0,0.7290431703365542,0.7473479945768687,0.1831581148690371,60.96423330593347,High,Tree Planting,High priority for tree planting or additional vegetation.
85.8025394469119,20.246723946892043,0.21750875,0.095543936,0.11654637,-0.26501966,36.81139784000004,0.0,0.28455941794664386,1.0,0.5715469812429472,0.5154695097656729,0.36673177696095205,60.93200012430977,High,Tree Planting,High priority for tree planting or additional vegetation.
85.80020382717318,20.2478917567614,0.12111159,0.06664364,0.11615944,-0.21565099,36.89343031999999,0.0,0.323362974939346,1.0,0.5708371225303869,0.47141252030106984,0.29152597856412477,60.89283107478812,High,Tree Planting,High priority for tree planting or additional vegetation.
85.80002416411637,20.24986805038646,0.11486821,-0.05233511,0.047133423,-0.19350544,37.17712598000003,0.0,0.45755860953920174,1.0,0.4442025385984414,0.2900356397576445,0.2577905392928854,60.86805815565798,High,Tree Planting,High priority for tree planting or additional vegetation.
85.79975466953113,20.249778218858047,0.1011125,-0.052457474,0.06401335,-0.20086275,37.13440073000001,0.0,0.43734842360548254,1.0,0.47517031894199807,0.28984910224056,0.2689983026902578,60.83648154160263,High,Tree Planting,High priority for tree planting or additional vegetation.
85.8018207946846,20.245556137022685,0.07274825,0.12026514,0.134371,-0.13813171,36.86950418000004,0.0,0.31204527081649136,1.0,0.6042479062259268,0.5531556920864457,0.17343692849355974,60.69100292368369,High,Tree Planting,High priority for tree planting or additional vegetation.
85.80173096315619,20.24609512619316,0.13331233,0.1548766,0.16262136,-0.1919125,36.71911130000001,0.0,0.24090541632981358,1.0,0.6560757928694176,0.6059190523155079,0.25536393301610627,60.681129236251806,High,Tree Planting,High priority for tree planting or additional vegetation.
85.8018207946846,20.246723946892043,0.16395348,0.18034801,0.1753026,-0.2293522,36.62682475999998,0.0,0.19725141471298333,1.0,0.6793406953067282,0.6447488844396697,0.31239772651788966,60.67911898056602,High,Tree Planting,High priority for tree planting or additional vegetation.
85.80200045774143,20.24609512619316,0.2507536,0.05094614,0.089993,-0.3209841,36.83190596000003,0.0,0.2942603071948194,1.0,0.5228323790091112,0.44748250269430884,0.4519852462569921,60.664972390494256,High,Mist Sprayer,High heat exposure walking path: Install mist sprayers for pedestrian cooling.
85.79993433258795,20.249598555801224,0.11324787,-0.00023998487,0.079452045,-0.19392724,37.04211419000004,0.0,0.39369442198868254,1.0,0.503494026476466,0.3694519328990568,0.25843308862151393,60.64209327201316,High,Tree Planting,High priority for tree planting or additional vegetation.
85.80164113162778,20.24807141981822,0.116348274,0.124343246,0.14264742,-0.16489772,36.81139784000004,0.0,0.28455941794664386,1.0,0.6194317607882729,0.5593725513558987,0.21421094877702018,60.5640939515526,High,Tree Planting,High priority for tree planting or additional vegetation.
85.80074281634366,20.24771209370457,0.14004798,0.05618424,0.11075081,-0.20721176,36.900266360000046,0.0,0.3265966046887647,1.0,0.5609144927820726,0.4554677121369573,0.278670071568768,60.55299336945129,High,Tree Planting,High priority for tree planting or additional vegetation.
85.80056315328683,20.24807141981822,0.3171787,0.07994562,0.09131358,-0.35529828,36.753291500000046,0.0,0.2570735650767997,1.0,0.5252551046148614,0.49169069297855245,0.5042577766539511,60.550518217851945,High,Mist Sprayer,High heat exposure walking path: Install mist sprayers for pedestrian cooling.
85.80065298481524,20.248700240517103,0.38179597,0.00022099822,0.028418906,-0.36306116,36.95153665999999,0.0,0.35084882780919013,1.0,0.40986903397536106,0.3701546775055303,0.5160833653979615,60.53588077294103,High,Mist Sprayer,High heat exposure walking path: Install mist sprayers for pedestrian cooling.
85.80209028926984,20.24582563160792,0.07779173,0.22121486,0.19810098,-0.16791299,36.58922654000003,0.0,0.1794664510913416,1.0,0.7211664226353438,0.7070482595014861,0.21880426246628915,60.46001509194815,High,Tree Planting,High priority for tree planting or additional vegetation.
85.80038349023,20.2478917567614,0.34419733,0.007479656,0.054240398,-0.35343683,36.89343031999999,0.0,0.323362974939346,1.0,0.4572409386286755,0.38122012158750856,0.5014221354785706,60.38592589827131,High,Tree Planting,High priority for tree planting or additional vegetation.
85.80200045774143,20.24807141981822,0.118382156,0.12807795,0.15262626,-0.19147906,36.74645545999999,0.0,0.25383993532738097,1.0,0.637738861595255,0.5650659122398636,0.2547036518852368,60.37897662500124,High,Tree Planting,High priority for tree planting or additional vegetation.
85.80074281634366,20.248700240517103,0.3841497,-0.021319825,0.017149424,-0.39335182,36.95153665999999,0.0,0.35084882780919013,1.0,0.38919413158024607,0.33731681931672786,0.5622266637543247,60.35881163868992,High,Mist Sprayer,High heat exposure walking path: Install mist sprayers for pedestrian cooling.
85.80002416411637,20.2494188927444,0.22602558,0.01984544,0.09430805,-0.34943914,36.80456179999999,0.0,0.2813257881972251,1.0,0.5307487355532754,0.4000711124358222,0.495332251586762,60.355038319441725,High,Tree Planting,High priority for tree planting or additional vegetation.
85.80011399564478,20.248251082875043,0.1432675,0.20320322,0.16691,-0.1762098,36.65075090000005,0.0,0.20856911883589513,1.0,0.6639436978368142,0.6795904565184223,0.2314432138538144,60.326565736351434,High,Tree Planting,High priority for tree planting or additional vegetation.
85.80244961538348,20.24582563160792,0.06995625,0.2635426,0.23291107,-0.13256197,36.50377604000005,0.0,0.13904607922393009,1.0,0.7850287379675985,0.7715746849484938,0.16495226112126182,60.31208290692943,High,Tree Planting,High priority for tree planting or additional vegetation.
85.80155130009936,20.245735800079512,0.15350553,0.24126214,0.17624642,-0.15820672,36.609734660000015,0.0,0.18916734033951715,1.0,0.6810722200013467,0.7376092891793117,0.2040182091898859,60.30737849389769,High,Tree Planting,High priority for tree planting or additional vegetation.
85.80191062621302,20.245556137022685,0.095521435,0.0996139,0.122961104,-0.15331355,36.86950418000004,0.0,0.31204527081649136,1.0,0.5833154014188369,0.5216739569820374,0.19656419520609003,60.29347066765857,High,Tree Planting,High priority for tree planting or additional vegetation.
85.80173096315619,20.245556137022685,0.07809942,0.09032256,0.1240815,-0.15641479,36.86950418000004,0.0,0.31204527081649136,1.0,0.585370871044138,0.5075097951861844,0.20128847135572447,60.2299038555759,High,Tree Planting,High priority for tree planting or additional vegetation.
85.80083264787207,20.24744259911934,0.37892884,0.040923417,0.06864612,-0.3799698,36.784053680000056,0.0,0.2716248989490765,1.0,0.4836695620810366,0.4322033857739273,0.5418411541130419,60.14423579855753,High,Tree Planting,High priority for tree planting or additional vegetation.
85.80056315328683,20.249059566630752,0.22210301,0.004805608,0.07449857,-0.2772638,36.920774480000034,0.0,0.3362974939369403,1.0,0.4944064204852019,0.37714367529215426,0.3853838962986318,60.1302968412941,High,Tree Planting,High priority for tree planting or additional vegetation.
85.80083264787207,20.247801925232984,0.31369236,-0.011152439,0.046947144,-0.3620431,36.900266360000046,0.0,0.3265966046887647,1.0,0.4438607926208304,0.3528164674132232,0.5145325029761894,60.129299733869516,High,Tree Planting,High priority for tree planting or additional vegetation.
85.79984450105954,20.24968838732964,0.15772787,-0.044327937,0.061965175,-0.23506199,37.04211419000004,0.0,0.39369442198868254,1.0,0.47141275331359433,0.3022421561373471,0.3210957391568411,60.11540291230627,High,Tree Planting,High priority for tree planting or additional vegetation.
85.80191062621302,20.247981588289807,0.1233268,0.107613765,0.11029668,-0.16858523,36.85583210000004,0.0,0.3055780113177043,1.0,0.560081349481902,0.5338693326980248,0.21982831974622563,60.105537106202156,High,Tree Planting,High priority for tree planting or additional vegetation.
85.80173096315619,20.24627478924998,0.20837067,0.13540107,0.13966481,-0.21490829,36.71911130000001,0.0,0.24090541632981358,1.0,0.6139598881118984,0.5762296256041843,0.2903945859933036,60.10280292754776,High,Tree Planting,High priority for tree planting or additional vegetation.
85.79993433258795,20.24968838732964,0.08660999,-0.009876563,0.0722718,-0.18003461,37.04211419000004,0.0,0.39369442198868254,1.0,0.49032120588471095,0.35476147363357957,0.23726974087522634,60.08596289301919,High,Tree Planting,High priority for tree planting or additional vegetation.
85.80191062621302,20.24591546313633,0.12437309,0.09267506,0.12971671,-0.23935874,36.756709520000015,0.0,0.2586903799514822,1.0,0.5957091826653799,0.5110960583758583,0.3276411963113799,60.08372168539755,High,Tree Planting,High priority for tree planting or additional vegetation.
85.79993433258795,20.249329061215988,0.5273566,-0.0122324275,0.021962926,-0.49195105,36.80456179999999,0.0,0.2813257881972251,1.0,0.3980249442146414,0.3511700814396542,0.7124278705816993,60.04612732934991,High,Tree Planting,High priority for tree planting or additional vegetation.
85.8025394469119,20.24663411536363,0.11456023,0.0935684,0.13249092,-0.17966104,36.81139784000004,0.0,0.28455941794664386,1.0,0.6007987263527962,0.5124579084748437,0.2367006627512439,60.04034914595212,High,Tree Planting,High priority for tree planting or additional vegetation.
85.80002416411637,20.24950872427281,0.13488622,0.038770366,0.117834404,-0.26700938,36.80456179999999,0.0,0.2813257881972251,1.0,0.5739099982149419,0.4289211721514871,0.3697628183316459,60.03526352397222,High,Tree Planting,High priority for tree planting or additional vegetation.
85.80209028926984,20.24708327300569,0.24666665,0.05951381,0.092545696,-0.295612,36.79772576000005,0.0,0.27809215844786017,1.0,0.5275155348670646,0.4605434674306629,0.4133346397589005,59.994278848337416,Moderate,Tree Planting,Moderate priority; consider vegetation enhancement where feasible.
85.80083264787207,20.248251082875043,0.059366994,0.1026087,0.11474015,-0.120926864,36.89343031999999,0.0,0.323362974939346,1.0,0.5682333043406632,0.5262393729227113,0.14722791415866965,59.95906168410413,Moderate,Tree Planting,Moderate priority; consider vegetation enhancement where feasible.
85.80244961538348,20.246454452306807,0.033933822,0.14675884,0.1434672,-0.10104842,36.807979820000014,0.0,0.2829426030719345,1.0,0.6209357226815939,0.5935439518391608,0.11694607241760957,59.907214174949644,Moderate,Tree Planting,Moderate priority; consider vegetation enhancement where feasible.
85.80056315328683,20.247801925232984,0.16763009,0.05052877,0.094401404,-0.20417291,36.89343031999999,0.0,0.323362974939346,1.0,0.5309200020620815,0.44684624396212,0.2740408372698049,59.873560091430846,Moderate,Tree Planting,Moderate priority; consider vegetation enhancement where feasible.
85.80226995232665,20.246903609948863,0.093090214,0.10649146,0.1260906,-0.14242727,36.83532398,0.0,0.29587712206950184,1.0,0.589056749987112,0.5321584374338008,0.17998057286075608,59.8335550148373,Moderate,Tree Planting,Moderate priority; consider vegetation enhancement where feasible.
85.80155130009936,20.24582563160792,0.14876917,0.22726181,0.15937547,-0.17475374,36.606316640000045,0.0,0.18755052546483467,1.0,0.6501209087908699,0.7162665184578296,0.22922512382194427,59.83324581860583,Moderate,Tree Planting,Moderate priority; consider vegetation enhancement where feasible.
85.80155130009936,20.245556137022685,0.11239609,0.20403415,0.1749546,-0.1654676,36.609734660000015,0.0,0.18916734033951715,1.0,0.6787022572637462,0.6808571658371028,0.2150790758784873,59.81491648629761,Moderate,Tree Planting,Moderate priority; consider vegetation enhancement where feasible.
85.80209028926984,20.24627478924998,0.3260807,0.060827225,0.054489844,-0.3189066,36.83190596000003,0.0,0.2942603071948194,1.0,0.4576985702840481,0.4625456998928374,0.44882048516115114,59.80694962064519,Moderate,Tree Planting,Moderate priority; consider vegetation enhancement where feasible.
85.80155130009936,20.24591546313633,0.14877869,0.2202964,0.16220166,-0.17442302,36.606316640000045,0.0,0.18755052546483467,1.0,0.6553058145744766,0.705648115276539,0.22872132127579914,59.79979734808557,Moderate,Tree Planting,Moderate priority; consider vegetation enhancement where feasible.
85.80029365870159,20.247532430647748,0.21809527,0.09866102,0.11449308,-0.23366293,36.76012753999999,0.0,0.26030719482616804,1.0,0.5677800316760669,0.520221341267616,0.3189644801153262,59.71777453375546,Moderate,Tree Planting,Moderate priority; consider vegetation enhancement where feasible.
85.80092247940048,20.248340914403457,0.27056128,0.00662724,0.05576206,-0.31390664,36.88659428000005,0.0,0.3201293451899777,1.0,0.46003256767856043,0.3799206579857704,0.44120379255524955,59.71561337628793,Moderate,Mist Sprayer,High heat exposure walking path: Install mist sprayers for pedestrian cooling.
85.8018207946846,20.246364620778397,0.24485126,0.09896478,0.11488286,-0.31202894,36.674677040000006,0.0,0.21988682295875314,1.0,0.5684951189760482,0.5206844074977948,0.4383433969308641,59.7143095176899,Moderate,Tree Planting,Moderate priority; consider vegetation enhancement where feasible.
85.80029365870159,20.24762226217616,0.18041117,0.09924205,0.119835205,-0.22278053,36.76012753999999,0.0,0.26030719482616804,1.0,0.5775806518782646,0.5211070911086771,0.3023867683707393,59.70786421775317,Moderate,Tree Planting,Moderate priority; consider vegetation enhancement where feasible.
85.80271910996872,20.24663411536363,0.18984352,0.06799261,0.10723418,-0.22753578,36.81139784000004,0.0,0.28455941794664386,1.0,0.5544629112444533,0.4734689545008464,0.30963068182488973,59.684722570323466,Moderate,Tree Planting,Moderate priority; consider vegetation enhancement where feasible.
85.80038349023,20.24771209370457,0.18232697,0.055529404,0.087288514,-0.1978514,36.89343031999999,0.0,0.323362974939346,1.0,0.5178707504197088,0.4544694489097211,0.2644109605357643,59.657754598930865,Moderate,Tree Planting,Moderate priority; consider vegetation enhancement where feasible.
85.8026292784403,20.24807141981822,0.21724892,0.08437689,0.11247609,-0.25704625,36.74987348000002,0.0,0.25545675020209035,1.0,0.5640796778016011,0.49844593229183876,0.3545854771923893,59.655211767929,Moderate,Tree Planting,Moderate priority; consider vegetation enhancement where feasible.
85.80065298481524,20.2478917567614,0.2989464,-0.011105375,0.044540096,-0.32899168,36.900266360000046,0.0,0.3265966046887647,1.0,0.4394448414297857,0.35288821401928433,0.46418359891924665,59.56028889149504,Moderate,Tree Planting,Moderate priority; consider vegetation enhancement where feasible.
85.79984450105954,20.249778218858047,0.1011125,-0.052457474,0.06401335,-0.20086275,37.04211419000004,0.0,0.39369442198868254,1.0,0.47517031894199807,0.28984910224056,0.2689983026902578,59.52686149309863,Moderate,Tree Planting,Moderate priority; consider vegetation enhancement where feasible.
85.80074281634366,20.24762226217616,0.24993314,0.04415374,0.085298985,-0.30359632,36.784053680000056,0.0,0.2716248989490765,1.0,0.5142207762782841,0.4371278442077878,0.42549755928368727,59.4883126475613,Moderate,Tree Planting,Moderate priority; consider vegetation enhancement where feasible.
85.8018207946846,20.246454452306807,0.23220421,0.09614694,0.110629074,-0.3066111,36.674677040000006,0.0,0.21988682295875314,1.0,0.560691156880922,0.5163887578202642,0.43009012653110934,59.47176088549016,Moderate,Tree Planting,Moderate priority; consider vegetation enhancement where feasible.
85.79993433258795,20.2494188927444,0.32726172,0.016865287,0.055120565,-0.36454433,36.80456179999999,0.0,0.2813257881972251,1.0,0.4588556860337826,0.39552802508045726,0.5183427534675251,59.461316721903316,Moderate,Tree Planting,Moderate priority; consider vegetation enhancement where feasible.
85.80110214245731,20.248161251346637,0.14098054,0.11995658,0.12069163,-0.19479243,36.74645545999999,0.0,0.25383993532738097,1.0,0.5791518423982669,0.5526853085073571,0.2597510764205563,59.42683954507455,Moderate,Tree Planting,Moderate priority; consider vegetation enhancement where feasible.
85.80218012079824,20.24699344147728,0.21033774,0.033312883,0.09215292,-0.28497687,36.79772576000005,0.0,0.27809215844786017,1.0,0.5267949511292189,0.4206015248013614,0.39713360694387734,59.42204033782647,Moderate,Tree Planting,Moderate priority; consider vegetation enhancement where feasible.
85.80155130009936,20.24609512619316,0.09991876,0.23199092,0.18905203,-0.12411789,36.56871841999998,0.0,0.16976556184313918,1.0,0.7045652906553402,0.7234757992709725,0.15208896587497134,59.41709386658371,Moderate,Tree Planting,Moderate priority; consider vegetation enhancement where feasible.
85.80047332175842,20.24843074593187,0.11862115,0.18332101,0.14986801,-0.16181116,36.65075090000005,0.0,0.20856911883589513,1.0,0.632678597997396,0.6492810674207113,0.2095090354157788,59.3351535634027,Moderate,Mist Sprayer,High heat exposure walking path: Install mist sprayers for pedestrian cooling.
85.80200045774143,20.247352767590925,0.2167759,0.097940154,0.12138128,-0.272827,36.67809506000003,0.0,0.2215036378334625,1.0,0.5804170688245384,0.5191224187594385,0.3786250938774395,59.328840293740726,Moderate,Tree Planting,Moderate priority; consider vegetation enhancement where feasible.
85.8018207946846,20.24807141981822,0.11925707,0.050317973,0.09886768,-0.19229431,36.85583210000004,0.0,0.3055780113177043,1.0,0.5391137966277629,0.4465248949625053,0.25594556354992226,59.278751874071844,Moderate,Tree Planting,Moderate priority; consider vegetation enhancement where feasible.
85.80280894149713,20.248161251346637,0.42590433,-0.005554415,0.031074727,-0.43553597,36.784053680000056,0.0,0.2716248989490765,1.0,0.41474138214131023,0.36135036216608646,0.6264879185226124,59.24825050747893,Moderate,Tree Planting,Moderate priority; consider vegetation enhancement where feasible.
85.80244961538348,20.24663411536363,0.10045287,0.084902436,0.109982386,-0.15116282,36.838742000000025,0.0,0.2974939369442112,1.0,0.5595047481994855,0.49924709967729264,0.19328787913790324,59.24273911947058,Moderate,Tree Planting,Moderate priority; consider vegetation enhancement where feasible.
85.80074281634366,20.247801925232984,0.13793868,0.01565481,0.08579496,-0.20579985,36.900266360000046,0.0,0.3265966046887647,1.0,0.5151306880839391,0.39368271621455003,0.27651923747065554,59.226877998774086,Moderate,Mist Sprayer,High heat exposure walking path: Install mist sprayers for pedestrian cooling.
85.80271910996872,20.24807141981822,0.30762488,0.038453255,0.0784431,-0.33452597,36.74987348000002,0.0,0.25545675020209035,1.0,0.5016430239727981,0.42843775302020526,0.47261426350894653,59.19886803094621,Moderate,Tree Planting,Moderate priority; consider vegetation enhancement where feasible.
85.80235978385507,20.245376473965862,0.20189871,0.1723687,0.15425065,-0.18280908,36.61998872000004,0.0,0.19401778496361835,1.0,0.6407189546200808,0.632584843745941,0.24149623171401224,59.172128622809296,Moderate,Tree Planting,Moderate priority; consider vegetation enhancement where feasible.
85.80280894149713,20.246544283835217,0.17622952,0.14854841,0.14743589,-0.20696907,36.63024278,0.0,0.19886822958769268,1.0,0.6282166499137835,0.5962720576909545,0.2783003695854469,59.13502090910154,Moderate,Tree Planting,Moderate priority; consider vegetation enhancement where feasible.
85.80218012079824,20.24582563160792,0.071407236,0.20080233,0.1841115,-0.12484312,36.58922654000003,0.0,0.1794664510913416,1.0,0.6955014334585198,0.675930425305051,0.15319374550892406,59.1077567427578,Moderate,Tree Planting,Moderate priority; consider vegetation enhancement where feasible.
85.80155130009936,20.24627478924998,0.13213326,0.21110222,0.16686675,-0.15649451,36.56871841999998,0.0,0.16976556184313918,1.0,0.6638643517294608,0.6916320688182029,0.2014099128741651,58.98135194815977,Moderate,Tree Planting,Moderate priority; consider vegetation enhancement where feasible.
85.80235978385507,20.24582563160792,0.0855661,0.21874355,0.19246477,-0.16296296,36.50377604000005,0.0,0.13904607922393009,1.0,0.7108262764220245,0.7032808766818164,0.2112636307612371,58.979221597478805,Moderate,Tree Planting,Moderate priority; consider vegetation enhancement where feasible.
85.80271910996872,20.24843074593187,0.33829188,-0.04006378,0.025797497,-0.3742428,36.87634022000003,0.0,0.3152789005658798,1.0,0.4050598177919841,0.3087426404238891,0.5331169246084061,58.952859934179116,Moderate,Tree Planting,Moderate priority; consider vegetation enhancement where feasible.
85.80218012079824,20.24771209370457,0.19570644,0.08848718,0.13161226,-0.2529427,36.661004960000014,0.0,0.21341956345996943,1.0,0.59918674367795,0.5047118543857323,0.34833433139463343,58.92084991677198,Moderate,Tree Planting,Moderate priority; consider vegetation enhancement where feasible.
85.8018207946846,20.245376473965862,0.3954058,0.02420218,0.04906832,-0.3919951,36.73961942000005,0.0,0.25060630557801267,1.0,0.4477522853054862,0.40671273466280616,0.5601599033817859,58.90319982736859,Moderate,Tree Planting,Moderate priority; consider vegetation enhancement where feasible.
85.8025394469119,20.24528664243745,0.23054333,0.09189421,0.11926336,-0.24184942,36.69176714000002,0.0,0.22797089733224282,1.0,0.576531549571687,0.5099056933974707,0.3314353754527465,58.90051085204476,Moderate,Tree Planting,Moderate priority; consider vegetation enhancement where feasible.
85.80047332175842,20.249149398159165,0.32257196,-0.04751759,0.016584218,-0.34869686,36.920774480000034,0.0,0.3362974939369403,1.0,0.3881572091304713,0.29737969699102074,0.49420149882323816,58.82709491320786,Moderate,Tree Planting,Moderate priority; consider vegetation enhancement where feasible.
85.80271910996872,20.248340914403457,0.20311427,-0.01019032,0.06505372,-0.26480496,36.87634022000003,0.0,0.3152789005658798,1.0,0.4770789735017024,0.35428316749984845,0.36640471356394744,58.82143043013988,Moderate,Tree Planting,Moderate priority; consider vegetation enhancement where feasible.
85.8018207946846,20.246544283835217,0.13406903,0.11522255,0.124841794,-0.2190813,36.674677040000006,0.0,0.21988682295875314,1.0,0.5867657003931348,0.5454685274115817,0.29675154373123624,58.82029090608779,Moderate,Tree Planting,Moderate priority; consider vegetation enhancement where feasible.
85.80271910996872,20.248251082875043,0.2181612,-0.020734241,0.06244591,-0.279752,36.87634022000003,0.0,0.3152789005658798,1.0,0.4722947059359878,0.3382095114925672,0.38917429753024246,58.81662569624431,Moderate,Tree Planting,Moderate priority; consider vegetation enhancement where feasible.
85.80155130009936,20.2456459685511,0.1508257,0.19507188,0.1495959,-0.15378955,36.609734660000015,0.0,0.18916734033951715,1.0,0.6321793871471781,0.6671946540424512,0.19728931014309137,58.802550659248624,Moderate,Tree Planting,Moderate priority; consider vegetation enhancement where feasible.
85.8026292784403,20.248340914403457,0.222913,-0.03068864,0.053653784,-0.30366865,36.87634022000003,0.0,0.3152789005658798,1.0,0.4561647412317048,0.3230345509361267,0.42560774324039585,58.78726107721719,Moderate,Tree Planting,Moderate priority; consider vegetation enhancement where feasible.
85.8025394469119,20.248340914403457,0.222913,-0.03068864,0.053653784,-0.30366865,36.87634022000003,0.0,0.3152789005658798,1.0,0.4561647412317048,0.3230345509361267,0.42560774324039585,58.78726107721719,Moderate,Tree Planting,Moderate priority; consider vegetation enhancement where feasible.
85.80047332175842,20.247801925232984,0.21416895,0.0033549443,0.05572267,-0.24992989,36.89343031999999,0.0,0.323362974939346,1.0,0.4599603030966263,0.3749322143663706,0.34374476514810604,58.78706358977453,Moderate,Tree Planting,Moderate priority; consider vegetation enhancement where feasible.
85.80226995232665,20.247981588289807,0.17237379,0.058494505,0.090560466,-0.23095673,36.784053680000056,0.0,0.2716248989490765,1.0,0.5238734476369813,0.4589895902784629,0.3148419884293744,58.74516447010537,Moderate,Tree Planting,Moderate priority; consider vegetation enhancement where feasible.
85.80155130009936,20.24618495772157,0.11474163,0.19373456,0.16596785,-0.1592256,36.56871841999998,0.0,0.16976556184313918,1.0,0.6622152369109653,0.6651559796582578,0.20557032075923853,58.73345841313361,Moderate,Tree Planting,Moderate priority; consider vegetation enhancement where feasible.
85.80200045774143,20.24762226217616,0.07179758,0.15883671,0.16552977,-0.11821559,36.65075090000005,0.0,0.20856911883589513,1.0,0.6614115388136391,0.6119560328553844,0.14309769299122566,58.72878390574753,Moderate,Tree Planting,Moderate priority; consider vegetation enhancement where feasible.
85.80092247940048,20.248251082875043,0.17913428,0.028174154,0.065766886,-0.20837125,36.88659428000005,0.0,0.3201293451899777,1.0,0.4783873421952693,0.41276780125007145,0.2804363814811708,58.71173231594078,Moderate,Mist Sprayer,High heat exposure walking path: Install mist sprayers for pedestrian cooling.
85.80056315328683,20.247981588289807,0.40912312,-0.0148084825,0.03419019,-0.43110895,36.753291500000046,0.0,0.2570735650767997,1.0,0.42045698587896135,0.3472430203467423,0.6197440144713442,58.68893208866927,Moderate,Mist Sprayer,High heat exposure walking path: Install mist sprayers for pedestrian cooling.
85.80271910996872,20.245376473965862,0.28262654,0.056360703,0.092145436,-0.31206268,36.69176714000002,0.0,0.22797089733224282,1.0,0.5267812210421108,0.455736720749599,0.43839479478375154,58.68216039093246,Moderate,Tree Planting,Moderate priority; consider vegetation enhancement where feasible.
85.80146146857095,20.24627478924998,0.25594407,0.16153127,0.13992298,-0.2347886,36.56871841999998,0.0,0.16976556184313918,1.0,0.6144335247485555,0.6160637486217468,0.3206792703067848,58.67689991580782,Moderate,Tree Planting,Moderate priority; consider vegetation enhancement where feasible.
85.80083264787207,20.248161251346637,0.23121628,0.019341998,0.06714237,-0.25677967,36.83532398,0.0,0.29587712206950184,1.0,0.4809107942444444,0.3993036414420982,0.3541793823606545,58.62480581377925,Moderate,Tree Planting,Moderate priority; consider vegetation enhancement where feasible.
85.8026292784403,20.245376473965862,0.20415057,0.05902321,0.11022545,-0.2729592,36.69176714000002,0.0,0.22797089733224282,1.0,0.5599506714882193,0.4597955733941681,0.3788264808410352,58.62460753464261,Moderate,Tree Planting,Moderate priority; consider vegetation enhancement where feasible.
85.80200045774143,20.2456459685511,0.09901351,0.17362636,0.16292717,-0.13595165,36.61315267999999,0.0,0.190784155214203,1.0,0.6566368294726485,0.6345020806271846,0.17011593254910773,58.61925723027874,Moderate,Tree Planting,Moderate priority; consider vegetation enhancement where feasible.
85.80029365870159,20.24744259911934,0.23534136,0.033717286,0.0858417,-0.2767017,36.76012753999999,0.0,0.26030719482616804,1.0,0.5152164369176432,0.4212180160203598,0.3845276208656728,58.59491876741001,Moderate,Tree Planting,Moderate priority; consider vegetation enhancement where feasible.
85.80173096315619,20.247262936062512,0.29524827,0.103142366,0.12862203,-0.32063147,36.55504633999999,0.0,0.1632983023443555,1.0,0.5937008914099446,0.5270529188234043,0.45144806709683494,58.589472300682225,Moderate,Tree Planting,Moderate priority; consider vegetation enhancement where feasible.
85.80056315328683,20.247262936062512,0.2806415,0.12758487,0.13108717,-0.3091335,36.53453822000006,0.0,0.15359741309620684,1.0,0.5982234177239575,0.5643142375730987,0.4339326263569332,58.56374229804588,Moderate,Tree Planting,Moderate priority; consider vegetation enhancement where feasible.
85.80200045774143,20.24744259911934,0.20893222,0.0907336,0.118483424,-0.2600321,36.65075090000005,0.0,0.20856911883589513,1.0,0.5751006851651033,0.5081364041644983,0.3591339739038294,58.55628762323668,Moderate,Tree Planting,Moderate priority; consider vegetation enhancement where feasible.
85.8010123109289,20.24708327300569,0.16716917,0.2142535,0.17955635,-0.21056288,36.44908772000002,0.0,0.11317704122876841,1.0,0.6871445913565397,0.6964360303333382,0.2837750025933141,58.50459043647766,Moderate,Tree Planting,Moderate priority; consider vegetation enhancement where feasible.
85.80200045774143,20.24591546313633,0.11143187,0.1675676,0.1698634,-0.13770686,36.58922654000003,0.0,0.1794664510913416,1.0,0.6693619820786039,0.6252658179436273,0.1727897329452719,58.404978772808306,Moderate,Mist Sprayer,High heat exposure walking path: Install mist sprayers for pedestrian cooling.
85.80209028926984,20.248161251346637,0.18103941,0.056999557,0.102232665,-0.22186117,36.74645545999999,0.0,0.25383993532738097,1.0,0.5452871714497846,0.4567106202538607,0.30098626066384526,58.37147444074524,Moderate,Tree Planting,Moderate priority; consider vegetation enhancement where feasible.
85.80244961538348,20.245376473965862,0.14190316,0.13454238,0.14564158,-0.18339102,36.61998872000004,0.0,0.19401778496361835,1.0,0.6249248230031429,0.5749205976176419,0.24238273042501757,58.3674391743823,Moderate,Tree Planting,Moderate priority; consider vegetation enhancement where feasible.
85.80200045774143,20.247262936062512,0.22955973,0.062537454,0.10342062,-0.27742988,36.67809506000003,0.0,0.2215036378334625,1.0,0.5474665842812518,0.4651528545404942,0.3856368943842141,58.365005388469726,Moderate,Tree Planting,Moderate priority; consider vegetation enhancement where feasible.
85.80244961538348,20.24546630549428,0.11024438,0.11502591,0.14326537,-0.20213963,36.61998872000004,0.0,0.19401778496361835,1.0,0.6205654469625852,0.5451687600179079,0.2709434387422711,58.29013724094912,Moderate,Tree Planting,Moderate priority; consider vegetation enhancement where feasible.
85.80002416411637,20.249778218858047,0.12557386,-0.05093293,0.033048097,-0.17177394,37.04211419000004,0.0,0.39369442198868254,1.0,0.418361711109354,0.2921731898189822,0.2246858433822877,58.254848658313485,Moderate,Tree Planting,Moderate priority; consider vegetation enhancement where feasible.
85.80074281634366,20.2478917567614,0.24446495,-0.036695506,0.035085518,-0.28568023,36.900266360000046,0.0,0.3265966046887647,1.0,0.422099547534556,0.3138773979409712,0.3982050708978463,58.25021604206946,Moderate,Mist Sprayer,High heat exposure walking path: Install mist sprayers for pedestrian cooling.
85.80056315328683,20.247173104534102,0.3401662,0.08871729,0.100148275,-0.38307604,36.53453822000006,0.0,0.15359741309620684,1.0,0.541463166069293,0.5050626450435753,0.5465730470162165,58.246226804523516,Moderate,Tree Planting,Moderate priority; consider vegetation enhancement where feasible.
85.80011399564478,20.24744259911934,0.5469132,-0.042713095,-0.013039104,-0.50595707,36.76012753999999,0.0,0.26030719482616804,1.0,0.3338104972790248,0.3047038982932405,0.7337639510647653,58.20105179755048,Moderate,Tree Planting,Moderate priority; consider vegetation enhancement where feasible.
85.8018207946846,20.247262936062512,0.28053483,0.09024482,0.116261326,-0.32799998,36.55504633999999,0.0,0.1632983023443555,1.0,0.5710240417787985,0.5073912846227986,0.4626728920221369,58.164951463462,Moderate,Tree Planting,Moderate priority; consider vegetation enhancement where feasible.
85.80191062621302,20.246903609948863,0.16063678,0.108393565,0.1221537,-0.19701491,36.661004960000014,0.0,0.21341956345996943,1.0,0.5818341444370675,0.5350580970063384,0.263136692902041,58.11204696943889,Moderate,Tree Planting,Moderate priority; consider vegetation enhancement where feasible.
85.80083264787207,20.247532430647748,0.32163167,-0.022766419,0.04345513,-0.35444644,36.784053680000056,0.0,0.2716248989490765,1.0,0.43745437140179166,0.3351115624357064,0.5029601255868603,58.09127941972483,Moderate,Tree Planting,Moderate priority; consider vegetation enhancement where feasible.
85.80191062621302,20.24546630549428,0.19629839,0.042424224,0.085103296,-0.2547059,36.73961942000005,0.0,0.25060630557801267,1.0,0.5138617667892236,0.43449128753754257,0.3510203033629543,58.081231578183704,Moderate,Tree Planting,Moderate priority; consider vegetation enhancement where feasible.
85.80047332175842,20.247981588289807,0.14687563,0.040994618,0.09168844,-0.2312338,36.753291500000046,0.0,0.2570735650767997,1.0,0.5259428198010458,0.43231192797387114,0.3152640632100361,58.07710916115874,Moderate,Tree Planting,Moderate priority; consider vegetation enhancement where feasible.
85.80209028926984,20.24771209370457,0.11776811,0.078431405,0.13028088,-0.20900322,36.661004960000014,0.0,0.21341956345996943,1.0,0.5967442044777623,0.4893823514203157,0.28139909342809666,58.06156441944963,Moderate,Tree Planting,Moderate priority; consider vegetation enhancement where feasible.
85.8025394469119,20.245376473965862,0.14196192,0.084798165,0.120938204,-0.19045226,36.69176714000002,0.0,0.22797089733224282,1.0,0.5796042051051928,0.49908814399225526,0.25313947537827675,58.055466190250506,Moderate,Tree Planting,Moderate priority; consider vegetation enhancement where feasible.
85.80244961538348,20.24807141981822,0.2103321,0.035483196,0.0703302,-0.24493927,36.784053680000056,0.0,0.2716248989490765,1.0,0.48675916190697044,0.4239100534398186,0.336142300637817,58.05065793785321,Moderate,Tree Planting,Moderate priority; consider vegetation enhancement where feasible.
85.8026292784403,20.24618495772157,0.0816641,0.13653135,0.14224368,-0.14652358,36.640496840000026,0.0,0.2037186742117939,1.0,0.6186910625828892,0.5779526783387324,0.1862206895993862,58.03365984447835,Moderate,Tree Planting,Moderate priority; consider vegetation enhancement where feasible.
85.80146146857095,20.2478917567614,0.06722691,0.2468789,0.21219344,-0.12836102,36.40465346000002,0.0,0.09215844785770796,1.0,0.7470203381043125,0.7461717459840864,0.15855274096454797,58.01730337678227,Moderate,Tree Planting,Moderate priority; consider vegetation enhancement where feasible.
85.80191062621302,20.24582563160792,0.11849235,0.016977236,0.107641116,-0.21339126,36.756709520000015,0.0,0.2586903799514822,1.0,0.5552094728061169,0.3956986854748551,0.2880836172687675,57.92667651807245,Moderate,Tree Planting,Moderate priority; consider vegetation enhancement where feasible.
85.80020382717318,20.247801925232984,0.07682309,0.0058479407,0.07906653,-0.14844966,36.89343031999999,0.0,0.323362974939346,1.0,0.5027867637116953,0.378732656968415,0.189154784931024,57.9215651228502,Moderate,Tree Planting,Moderate priority; consider vegetation enhancement where feasible.
85.80218012079824,20.247981588289807,0.25230414,0.04313381,0.07094892,-0.26248547,36.74645545999999,0.0,0.25383993532738097,1.0,0.4878942607171824,0.4355730142757818,0.36287131683028095,57.91805528163979,Moderate,Tree Planting,Moderate priority; consider vegetation enhancement where feasible.
85.8018207946846,20.24546630549428,0.13975649,0.052376762,0.10511833,-0.19777468,36.73961942000005,0.0,0.25060630557801267,1.0,0.5505811895972025,0.4496634110968328,0.2642940890694475,57.916482012961225,Moderate,Tree Planting,Moderate priority; consider vegetation enhancement where feasible.
85.80226995232665,20.24582563160792,0.071407236,0.20080233,0.1841115,-0.12484312,36.50377604000005,0.0,0.13904607922393009,1.0,0.6955014334585198,0.675930425305051,0.15319374550892406,57.89514558673544,Moderate,Tree Planting,Moderate priority; consider vegetation enhancement where feasible.
85.80020382717318,20.249149398159165,0.5898024,-0.15480651,-0.08433335,-0.57625675,36.920774480000034,0.0,0.3362974939369403,1.0,0.20301463839364586,0.13382335078236482,0.8408550183639546,57.88092808547609,Moderate,Tree Planting,Moderate priority; consider vegetation enhancement where feasible.
85.80226995232665,20.24708327300569,0.18450922,-0.0054788864,0.06704915,-0.23280053,36.83532398,0.0,0.29587712206950184,1.0,0.48073977357097664,0.36146550156585167,0.317650742464759,57.87857270595581,Moderate,Tree Planting,Moderate priority; consider vegetation enhancement where feasible.
85.79975466953113,20.24843074593187,0.7416083,-0.24259132,-0.19499263,-0.6807271,37.11731063000002,0.0,0.42926434923200296,1.0,0.0,0.0,1.0,57.87793047696008,Moderate,Tree Planting,Moderate priority; consider vegetation enhancement where feasible.
85.80191062621302,20.245376473965862,0.38501292,-0.019011414,0.03146375,-0.39623734,36.73961942000005,0.0,0.25060630557801267,1.0,0.41545508065508885,0.340835871132217,0.5666223226892325,57.82459731538121,Moderate,Tree Planting,Moderate priority; consider vegetation enhancement where feasible.
85.80065298481524,20.247801925232984,0.13906635,-0.018229753,0.057419434,-0.19731408,36.900266360000046,0.0,0.3265966046887647,1.0,0.46307317288847166,0.34202747243768084,0.2635924337333492,57.80019479570031,Moderate,Tree Planting,Moderate priority; consider vegetation enhancement where feasible.
85.79993433258795,20.249778218858047,0.07527393,-0.059127193,0.038147856,-0.13874875,37.04211419000004,0.0,0.39369442198868254,1.0,0.42771768856808806,0.2796814645210411,0.17437689681441537,57.76718160153636,Moderate,Tree Planting,Moderate priority; consider vegetation enhancement where feasible.
85.80002416411637,20.249329061215988,0.5365474,-0.09676226,-0.031368,-0.5223421,36.80456179999999,0.0,0.2813257881972251,1.0,0.3001844498874753,0.222308773586712,0.7587240981156372,57.75286911125238,Moderate,Tree Planting,Moderate priority; consider vegetation enhancement where feasible.
85.80173096315619,20.24591546313633,0.11949686,0.008272799,0.10344826,-0.21640094,36.756709520000015,0.0,0.2586903799514822,1.0,0.5475172924062749,0.3824292266013438,0.2926684154275788,57.72444720492782,Moderate,Tree Planting,Moderate priority; consider vegetation enhancement where feasible.
85.80226995232665,20.24699344147728,0.12139739,0.012307729,0.06844588,-0.20196584,36.83532398,0.0,0.29587712206950184,1.0,0.4833022033634311,0.38858026631735265,0.27067869562273017,57.71843633193734,Moderate,Tree Planting,Moderate priority; consider vegetation enhancement where feasible.
85.80083264787207,20.24843074593187,0.09465891,0.05219782,0.06563912,-0.112305224,36.89343031999999,0.0,0.323362974939346,1.0,0.478152943703891,0.44939062337836877,0.13409413276066917,57.70803096512912,Moderate,Tree Planting,Moderate priority; consider vegetation enhancement where feasible.
85.80011399564478,20.24807141981822,0.112959735,0.07630813,0.097952895,-0.15861444,36.753291500000046,0.0,0.2570735650767997,1.0,0.5374355393141157,0.4861455297522796,0.2046393097405459,57.68158843694399,Moderate,Tree Planting,Moderate priority; consider vegetation enhancement where feasible.
85.80110214245731,20.24708327300569,0.1474943,0.14382833,0.15177344,-0.27572015,36.44908772000002,0.0,0.11317704122876841,1.0,0.6361742847796922,0.5890765426404483,0.38303237597824913,57.659014694745416,Moderate,Tree Planting,Moderate priority; consider vegetation enhancement where feasible.
85.80173096315619,20.24582563160792,0.09322186,-0.00316823,0.10564517,-0.21954186,36.756709520000015,0.0,0.2586903799514822,1.0,0.5515477260873307,0.3649879763761829,0.2974531381333062,57.65833843494932,Moderate,Tree Planting,Moderate priority; consider vegetation enhancement where feasible.
85.80244961538348,20.247801925232984,0.39974588,-0.04934274,-0.002171559,-0.4184909,36.79772576000005,0.0,0.27809215844786017,1.0,0.35374800923827193,0.29459735129043274,0.6005222990704415,57.600181395618634,Moderate,Tree Planting,Moderate priority; consider vegetation enhancement where feasible.
85.80200045774143,20.246005294664744,0.117583014,0.13612457,0.13950422,-0.17080125,36.58922654000003,0.0,0.1794664510913416,1.0,0.6136652709701672,0.577332563507576,0.2232040953821367,57.59433918618988,Moderate,Mist Sprayer,High heat exposure walking path: Install mist sprayers for pedestrian cooling.
85.8025394469119,20.24807141981822,0.2103321,0.035483196,0.0703302,-0.24493927,36.74987348000002,0.0,0.25545675020209035,1.0,0.48675916190697044,0.4239100534398186,0.336142300637817,57.56561347544362,Moderate,Tree Planting,Moderate priority; consider vegetation enhancement where feasible.
85.80235978385507,20.24546630549428,0.11746526,0.10722368,0.13611145,-0.16990294,36.61998872000004,0.0,0.19401778496361835,1.0,0.6074409220072713,0.5332746685210454,0.22183565420764573,57.48325060630454,Moderate,Tree Planting,Moderate priority; consider vegetation enhancement where feasible.
85.80244961538348,20.248610408988693,0.69628197,-0.20887817,-0.16378695,-0.60374343,37.07116736,0.0,0.4074373484235844,1.0,0.057249693302069464,0.051393933625059764,0.8827268718021393,57.42307390651056,Moderate,Tree Planting,Moderate priority; consider vegetation enhancement where feasible.
85.80280894149713,20.24618495772157,0.3642116,0.039215714,0.07237435,-0.38098896,36.58580852,0.0,0.17784963621663225,1.0,0.49050934330226215,0.4296000818811343,0.5433936922205929,57.423066977050176,Moderate,Tree Planting,Moderate priority; consider vegetation enhancement where feasible.
85.80209028926984,20.24807141981822,0.115303986,0.042735063,0.09513397,-0.18551531,36.74645545999999,0.0,0.25383993532738097,1.0,0.5322639618419526,0.4349651453329156,0.2456187691004852,57.40499663178472,Moderate,Tree Planting,Moderate priority; consider vegetation enhancement where feasible.
85.80164113162778,20.247262936062512,0.25129804,0.122359805,0.14026465,-0.31335148,36.43541564000003,0.0,0.10670978172998472,1.0,0.6150603498236865,0.5563488993060836,0.440358089176204,57.394268584077714,Moderate,Tree Planting,Moderate priority; consider vegetation enhancement where feasible.
85.80038349023,20.247801925232984,0.29017633,-0.06619484,0.0053682025,-0.31670952,36.89343031999999,0.0,0.323362974939346,1.0,0.3675803959526698,0.2689072063813136,0.4454735617876493,57.35840286916005,Moderate,Tree Planting,Moderate priority; consider vegetation enhancement where feasible.
85.80280894149713,20.246364620778397,0.30151337,0.05157784,0.07843825,-0.30121046,36.63024278,0.0,0.19886822958769268,1.0,0.501634126201222,0.4484454962997995,0.42186305776353183,57.19364432128242,Moderate,Tree Planting,Moderate priority; consider vegetation enhancement where feasible.
85.80173096315619,20.24807141981822,0.05726358,0.02302411,0.073074,-0.12881145,36.85583210000004,0.0,0.3055780113177043,1.0,0.4917929156493089,0.40491682857317424,0.15923890382394623,57.18579139824196,Moderate,Tree Planting,Moderate priority; consider vegetation enhancement where feasible.
85.8018207946846,20.24591546313633,0.13029487,-0.028627196,0.081205115,-0.25800675,36.756709520000015,0.0,0.2586903799514822,1.0,0.5067101948098289,0.32617711447907,0.35604865554740994,57.183622020956705,Moderate,Tree Planting,Moderate priority; consider vegetation enhancement where feasible.
85.80200045774143,20.24771209370457,0.079502754,0.0983943,0.123329446,-0.14242008,36.661004960000014,0.0,0.21341956345996943,1.0,0.58399115873386,0.5198147405798583,0.17996961996916583,57.160297890297215,Moderate,Tree Planting,Moderate priority; consider vegetation enhancement where feasible.
85.80119197398571,20.24699344147728,0.26511854,0.13951959,0.14370982,-0.2678788,36.44225168000003,0.0,0.10994341147937657,1.0,0.6213808314114453,0.5825080939025629,0.37108724990418307,57.15496825362043,Moderate,Tree Planting,Moderate priority; consider vegetation enhancement where feasible.
85.80128180551412,20.247262936062512,0.25366765,0.09892637,0.11971646,-0.26174495,36.53453822000006,0.0,0.15359741309620684,1.0,0.5773628032420178,0.5206258534620389,0.36174324516400314,57.09205542777689,Moderate,Tree Planting,Moderate priority; consider vegetation enhancement where feasible.
85.80200045774143,20.245556137022685,0.10624802,0.10103091,0.12988047,-0.16655518,36.61315267999999,0.0,0.190784155214203,1.0,0.5960096154639969,0.5238341146026112,0.21673584164147863,57.06936845082694,Moderate,Tree Planting,Moderate priority; consider vegetation enhancement where feasible.
85.8026292784403,20.248161251346637,0.12053775,0.044286266,0.085126735,-0.17672832,36.74987348000002,0.0,0.25545675020209035,1.0,0.5139047677929289,0.43732987316229355,0.23223310166291922,57.06790377120876,Moderate,Tree Planting,Moderate priority; consider vegetation enhancement where feasible.
85.80235978385507,20.24762226217616,0.44689995,-0.064588964,-0.02252918,-0.41137722,36.81481586000001,0.0,0.2861762328213263,1.0,0.3164000790342267,0.2713552803392225,0.5896856696060556,56.94169766960597,Moderate,Tree Planting,Moderate priority; consider vegetation enhancement where feasible.
85.80200045774143,20.247801925232984,0.09638375,0.11331374,0.11423288,-0.12901215,36.661004960000014,0.0,0.21341956345996943,1.0,0.5673026708174924,0.5425586464172857,0.159544640311039,56.93315983334472,Moderate,Tree Planting,Moderate priority; consider vegetation enhancement where feasible.
85.8010123109289,20.247173104534102,0.2838073,0.09102117,0.09796725,-0.3053998,36.52428415999998,0.0,0.14874696847207872,1.0,0.5374618748833888,0.5085747895865831,0.4282448918185259,56.892533991464276,Moderate,Tree Planting,Moderate priority; consider vegetation enhancement where feasible.
85.80074281634366,20.248161251346637,0.1918383,-0.0067654825,0.03790901,-0.22070314,36.83532398,0.0,0.29587712206950184,1.0,0.4272795035887373,0.3595041531138185,0.29922217484347624,56.87276949548906,Moderate,Tree Planting,Moderate priority; consider vegetation enhancement where feasible.
85.80173096315619,20.24546630549428,0.09944752,0.044104803,0.0935703,-0.15728256,36.73961942000005,0.0,0.25060630557801267,1.0,0.5293952652480745,0.4370532423112042,0.20261038939959342,56.85575446316946,Moderate,Tree Planting,Moderate priority; consider vegetation enhancement where feasible.
85.80110214245731,20.247173104534102,0.21035942,0.07381194,0.106842734,-0.29818594,36.52428415999998,0.0,0.14874696847207872,1.0,0.5537447675140709,0.48234021867409393,0.41725565308021395,56.76453928441651,Moderate,Tree Planting,Moderate priority; consider vegetation enhancement where feasible.
85.80209028926984,20.247981588289807,0.24344568,-0.024691347,0.04393391,-0.3023013,36.74645545999999,0.0,0.25383993532738097,1.0,0.4383327373966735,0.3321771103935502,0.4235247896498312,56.74720812120535,Moderate,Tree Planting,Moderate priority; consider vegetation enhancement where feasible.
85.80092247940048,20.24843074593187,0.2825727,-0.07961785,-0.0103385905,-0.3238955,36.88659428000005,0.0,0.3201293451899777,1.0,0.3387648379513991,0.2484445297999644,0.45642032950822253,56.73400151805219,Moderate,Mist Sprayer,High heat exposure walking path: Install mist sprayers for pedestrian cooling.
85.80137163704254,20.247262936062512,0.33799997,0.045989286,0.08387425,-0.35562307,36.53453822000006,0.0,0.15359741309620684,1.0,0.5116069687346984,0.4399260380665564,0.5047525457303979,56.72881276187623,Moderate,Tree Planting,Moderate priority; consider vegetation enhancement where feasible.
85.80092247940048,20.24744259911934,0.2697157,0.015337454,0.06218619,-0.31726083,36.64733288000002,0.0,0.20695230396118575,1.0,0.4718182256816107,0.3931989235935842,0.44631340026646904,56.68096574266026,Moderate,Tree Planting,Moderate priority; consider vegetation enhancement where feasible.
85.8010123109289,20.24744259911934,0.2697157,0.015337454,0.06218619,-0.31726083,36.64733288000002,0.0,0.20695230396118575,1.0,0.4718182256816107,0.3931989235935842,0.44631340026646904,56.68096574266026,Moderate,Tree Planting,Moderate priority; consider vegetation enhancement where feasible.
85.80244961538348,20.246903609948863,0.07192283,0.049283963,0.07759819,-0.07961988,36.83532398,0.0,0.29587712206950184,1.0,0.5000929587805687,0.44494860080703036,0.0843028908375032,56.67022296023892,Moderate,Tree Planting,Moderate priority; consider vegetation enhancement where feasible.
85.80209028926984,20.247532430647748,0.22914977,0.008059253,0.08385228,-0.27384612,36.65075090000005,0.0,0.20856911883589513,1.0,0.511566662746755,0.3821036868950305,0.38017757105096217,56.5533860857381,Moderate,Tree Planting,Moderate priority; consider vegetation enhancement where feasible.
85.80119197398571,20.249598555801224,0.29823548,0.09643649,0.11659575,-0.32506645,38.28285545000003,0.7490196078431373,0.9805982215036355,0.25098039215686274,0.5716375733997359,0.5168301616487743,0.45820409701973874,56.52716655828043,Moderate,Tree Planting,Moderate priority; consider vegetation enhancement where feasible.
85.80128180551412,20.249598555801224,0.29823548,0.09643649,0.11659575,-0.32506645,38.28285545000003,0.7490196078431373,0.9805982215036355,0.25098039215686274,0.5716375733997359,0.5168301616487743,0.45820409701973874,56.52716655828043,Moderate,Tree Planting,Moderate priority; consider vegetation enhancement where feasible.
85.80271910996872,20.248161251346637,0.2876029,-0.032813143,0.028212316,-0.32020462,36.74987348000002,0.0,0.25545675020209035,1.0,0.4094900255980633,0.3197958572463279,0.45079782484713116,56.511989710968244,Moderate,Tree Planting,Moderate priority; consider vegetation enhancement where feasible.
85.79993433258795,20.24950872427281,0.205052,-0.077502236,0.030743422,-0.30912027,36.80456179999999,0.0,0.2813257881972251,1.0,0.4141335726130627,0.2516696726742508,0.43391247242706654,56.507598686125874,Moderate,Tree Planting,Moderate priority; consider vegetation enhancement where feasible.
85.80146146857095,20.2456459685511,0.22004357,0.085465424,0.08009153,-0.23711339,36.609734660000015,0.0,0.18916734033951715,1.0,0.504667220591168,0.5001053454331389,0.3242207407992035,56.48828938137647,Moderate,Tree Planting,Moderate priority; consider vegetation enhancement where feasible.
85.80155130009936,20.247262936062512,0.27407774,0.09000886,0.11484252,-0.3304033,36.43541564000003,0.0,0.10670978172998472,1.0,0.5684211115316404,0.5070315759459716,0.4663339912456539,56.46126579679041,Moderate,Tree Planting,Moderate priority; consider vegetation enhancement where feasible.
85.80271910996872,20.246544283835217,0.08234789,0.036923636,0.07656405,-0.12592264,36.784053680000056,0.0,0.2716248989490765,1.0,0.49819573372950743,0.42610592886975857,0.15483823306520905,56.43112459376458,Moderate,Tree Planting,Moderate priority; consider vegetation enhancement where feasible.
85.8018207946846,20.247352767590925,0.21882252,0.048591677,0.10479536,-0.2739303,36.55504633999999,0.0,0.1632983023443555,1.0,0.5499886713939213,0.4438932470138204,0.3803058067135604,56.39076967851329,Moderate,Tree Planting,Moderate priority; consider vegetation enhancement where feasible.
85.80146146857095,20.245735800079512,0.15055352,0.12758812,0.091535926,-0.1656075,36.609734660000015,0.0,0.18916734033951715,1.0,0.5256630188249328,0.5643191920280899,0.21529219264253452,56.356079339265754,Moderate,Tree Planting,Moderate priority; consider vegetation enhancement where feasible.
85.80173096315619,20.247352767590925,0.2263727,0.028931662,0.0948685,-0.30665505,36.55504633999999,0.0,0.1632983023443555,1.0,0.5317769326831295,0.41392258257048953,0.43015707779472523,56.316399664229756,Moderate,Tree Planting,Moderate priority; consider vegetation enhancement where feasible.
85.80209028926984,20.245376473965862,0.21230265,0.07324178,0.10271159,-0.2671408,36.53453822000006,0.0,0.15359741309620684,1.0,0.5461658034605177,0.4814710395794182,0.36996301708168944,56.314750011405046,Moderate,Tree Planting,Moderate priority; consider vegetation enhancement where feasible.
85.80226995232665,20.24546630549428,0.08023199,0.07145825,0.12078021,-0.15593481,36.61998872000004,0.0,0.19401778496361835,1.0,0.5793143505644949,0.4787521413916695,0.2005572934829053,56.303343156121734,Moderate,Tree Planting,Moderate priority; consider vegetation enhancement where feasible.
85.80155130009936,20.24546630549428,0.12908056,0.06381923,0.09433963,-0.1660996,36.66784100000001,0.0,0.2166531932093613,1.0,0.530806671971084,0.46710685500221893,0.21604183352593442,56.29318276112863,Moderate,Tree Planting,Moderate priority; consider vegetation enhancement where feasible.
85.80164113162778,20.247532430647748,0.3525209,0.07857046,0.1193281,-0.39201677,36.36021920000002,0.0,0.07113985448664752,1.0,0.5766503210627866,0.4895943334937865,0.560192914391628,56.281822929395375,Moderate,Tree Planting,Moderate priority; consider vegetation enhancement where feasible.
85.80218012079824,20.24762226217616,0.23206067,0.008498565,0.077989586,-0.264943,36.65075090000005,0.0,0.20856911883589513,1.0,0.5008110107813473,0.38277339505842356,0.3666149968956778,56.26312264633807,Moderate,Tree Planting,Moderate priority; consider vegetation enhancement where feasible.
85.80244961538348,20.246544283835217,0.038264845,0.059575133,0.082475156,-0.057851255,36.807979820000014,0.0,0.2829426030719345,1.0,0.5090402019665726,0.46063695113632935,0.051141640531871424,56.241667038338626,Moderate,Tree Planting,Moderate priority; consider vegetation enhancement where feasible.
85.80119197398571,20.247173104534102,0.22208025,0.09035572,0.1054289,-0.23950234,36.53453822000006,0.0,0.15359741309620684,1.0,0.5511509588587223,0.50756034587157,0.32785994947304675,56.22938972921321,Moderate,Tree Planting,Moderate priority; consider vegetation enhancement where feasible.
85.80020382717318,20.248610408988693,0.2435233,0.10973727,0.10144331,-0.22137403,36.536247230000015,0.0,0.15440582053353463,1.0,0.5438390270204225,0.5371065049890295,0.300244175599957,56.16326682720225,Moderate,Tree Planting,Moderate priority; consider vegetation enhancement where feasible.
85.80280894149713,20.24546630549428,0.39705515,-0.032269984,0.018065875,-0.38804862,36.67125901999998,0.0,0.21827000808404376,1.0,0.39087544532429447,0.32062387472893794,0.5541480302797335,56.15895097247245,Moderate,Tree Planting,Moderate priority; consider vegetation enhancement where feasible.
85.80209028926984,20.247801925232984,0.23204176,0.0052724443,0.06237797,-0.27851814,36.661004960000014,0.0,0.21341956345996943,1.0,0.4721700637502401,0.37785534281108885,0.3872946960256869,56.13663824842045,Moderate,Tree Planting,Moderate priority; consider vegetation enhancement where feasible.
85.80038349023,20.24852057746028,0.27278367,0.07751068,0.09088132,-0.27002785,36.536247230000015,0.0,0.15440582053353463,1.0,0.5244620838434264,0.48797875432135185,0.3743610067431804,56.122503484302754,Moderate,Tree Planting,Moderate priority; consider vegetation enhancement where feasible.
85.80191062621302,20.247262936062512,0.17655899,0.061900936,0.10659636,-0.23892406,36.55504633999999,0.0,0.1632983023443555,1.0,0.5532927717255605,0.46418251614603523,0.3269790262256326,56.109956069930746,Moderate,Tree Planting,Moderate priority; consider vegetation enhancement where feasible.
85.80191062621302,20.247352767590925,0.121329375,0.06845689,0.11645927,-0.21151008,36.55504633999999,0.0,0.1632983023443555,1.0,0.571387188272994,0.47417672507415215,0.28521792038391847,56.06370334900629,Moderate,Tree Planting,Moderate priority; consider vegetation enhancement where feasible.
85.80209028926984,20.24762226217616,0.11099772,0.030505441,0.099633984,-0.18961747,36.65075090000005,0.0,0.20856911883589513,1.0,0.5405196518751458,0.41632172633090686,0.25186779744075705,56.046763580920675,Moderate,Tree Planting,Moderate priority; consider vegetation enhancement where feasible.
85.80092247940048,20.247352767590925,0.35242173,0.023381663,0.069735214,-0.3677943,36.52428415999998,0.0,0.14874696847207872,1.0,0.4856676053051266,0.40546189941791705,0.5232935975679585,56.03497810359802,Moderate,Tree Planting,Moderate priority; consider vegetation enhancement where feasible.
85.8010123109289,20.247352767590925,0.35242173,0.023381663,0.069735214,-0.3677943,36.52428415999998,0.0,0.14874696847207872,1.0,0.4856676053051266,0.40546189941791705,0.5232935975679585,56.03497810359802,Moderate,Tree Planting,Moderate priority; consider vegetation enhancement where feasible.
85.80110214245731,20.24699344147728,0.20066428,0.10759101,0.116028056,-0.26693928,36.44908772000002,0.0,0.11317704122876841,1.0,0.570596086484872,0.533834643890849,0.3696560314470161,55.98915928751479,Moderate,Mist Sprayer,High heat exposure walking path: Install mist sprayers for pedestrian cooling.
85.80155130009936,20.245376473965862,0.2337278,0.013484757,0.05542762,-0.25112513,36.66784100000001,0.0,0.2166531932093613,1.0,0.45941900670414987,0.3903745839324921,0.3455655348483193,55.75028208465119,Moderate,Tree Planting,Moderate priority; consider vegetation enhancement where feasible.
85.79993433258795,20.248340914403457,0.28071412,0.035214998,0.08868799,-0.3485036,36.47472287000005,0.0,0.125303152789008,1.0,0.5204382180020082,0.42350119961837585,0.49390709606541283,55.73975081053825,Moderate,Tree Planting,Moderate priority; consider vegetation enhancement where feasible.
85.80119197398571,20.247352767590925,0.20093788,0.043153353,0.09073264,-0.28049996,36.53453822000006,0.0,0.15359741309620684,1.0,0.5241893166933387,0.43560280655697875,0.3903137029257877,55.729927238113945,Moderate,Tree Planting,Moderate priority; consider vegetation enhancement where feasible.
85.80280894149713,20.2456459685511,0.35764992,0.01316727,0.03884102,-0.36600983,36.57555446000004,0.0,0.17299919159256127,1.0,0.42898936175092006,0.3898905916088789,0.5205752239300785,55.729474329430204,Moderate,Tree Planting,Moderate priority; consider vegetation enhancement where feasible.
85.80128180551412,20.247352767590925,0.22900768,0.04023841,0.08745525,-0.28896672,36.53453822000006,0.0,0.15359741309620684,1.0,0.5181766429643485,0.43115912843544957,0.4032115477661353,55.72427879936729,Moderate,Tree Planting,Moderate priority; consider vegetation enhancement where feasible.
85.80218012079824,20.245376473965862,0.13699754,0.1073422,0.123058215,-0.1543587,36.53453822000006,0.0,0.15359741309620684,1.0,0.5834935604900784,0.5334553460612113,0.19815632519854143,55.67644251283491,Moderate,Tree Planting,Moderate priority; consider vegetation enhancement where feasible.
85.80146146857095,20.247262936062512,0.24496086,0.05558554,0.11244931,-0.31677952,36.43541564000003,0.0,0.10670978172998472,1.0,0.5640305474257646,0.4545550253052218,0.44558019633720825,55.663103879710306,Moderate,Tree Planting,Moderate priority; consider vegetation enhancement where feasible.
85.80280894149713,20.245556137022685,0.35849062,0.013347558,0.04212636,-0.3518654,36.57555446000004,0.0,0.17299919159256127,1.0,0.43501662048692646,0.39016543123393305,0.49902829647552016,55.607162332175264,Moderate,Tree Planting,Moderate priority; consider vegetation enhancement where feasible.
85.80280894149713,20.24627478924998,0.2513393,0.050152484,0.068456374,-0.25610575,36.58580852,0.0,0.17784963621663225,1.0,0.4833214555726927,0.44627261563880877,0.35315276585152855,55.579564734992736,Moderate,Tree Planting,Moderate priority; consider vegetation enhancement where feasible.
85.80244961538348,20.24708327300569,0.20042416,-0.036250416,0.012780301,-0.20914333,36.83532398,0.0,0.29587712206950184,1.0,0.38117857313867337,0.31455591436311436,0.28161253009579257,55.55567670375422,Moderate,Tree Planting,Moderate priority; consider vegetation enhancement where feasible.
85.80235978385507,20.24708327300569,0.20042416,-0.036250416,0.012780301,-0.20914333,36.83532398,0.0,0.29587712206950184,1.0,0.38117857313867337,0.31455591436311436,0.28161253009579257,55.55567670375422,Moderate,Tree Planting,Moderate priority; consider vegetation enhancement where feasible.
85.80226995232665,20.247801925232984,0.39229596,-0.11575951,-0.01603028,-0.37418705,36.79772576000005,0.0,0.27809215844786017,1.0,0.3283229094869141,0.19334845971634781,0.533031997806436,55.53141297096735,Moderate,Tree Planting,Moderate priority; consider vegetation enhancement where feasible.
85.80020382717318,20.24771209370457,0.033678766,-0.03412531,0.047202908,-0.08834674,36.89343031999999,0.0,0.323362974939346,1.0,0.4443300152289488,0.31779552729487,0.09759695919699796,55.51976434153328,Moderate,Tree Planting,Moderate priority; consider vegetation enhancement where feasible.
85.80280894149713,20.246454452306807,0.2334528,0.024381015,0.0633473,-0.24116373,36.63024278,0.0,0.19886822958769268,1.0,0.4739483888887564,0.40698535926536744,0.33039082910578754,55.44903460467368,Moderate,Tree Planting,Moderate priority; consider vegetation enhancement where feasible.
85.80209028926984,20.24546630549428,0.13317074,0.052223586,0.10698857,-0.21878278,36.53453822000006,0.0,0.15359741309620684,1.0,0.5540123170842902,0.44942990229753776,0.29629679307788825,55.375374102904814,Moderate,Tree Planting,Moderate priority; consider vegetation enhancement where feasible.
85.80119197398571,20.247262936062512,0.13927944,0.05000916,0.093236655,-0.23889153,36.53453822000006,0.0,0.15359741309620684,1.0,0.5287831627743655,0.4460541256981513,0.32692947162710173,55.269505807754214,Moderate,Tree Planting,Moderate priority; consider vegetation enhancement where feasible.
85.80164113162778,20.245376473965862,0.26939595,-0.017205765,0.03497351,-0.28708273,36.66784100000001,0.0,0.2166531932093613,1.0,0.42189405854513545,0.343588488578411,0.40034157026579675,55.26730726289995,Moderate,Tree Planting,Moderate priority; consider vegetation enhancement where feasible.
85.80173096315619,20.24663411536363,0.17367303,0.02107315,0.075261645,-0.2104226,36.62682475999998,0.0,0.19725141471298333,1.0,0.4958063518347664,0.40194269210876354,0.2835613069559979,55.20967770955861,Moderate,Tree Planting,Moderate priority; consider vegetation enhancement where feasible.
85.8018207946846,20.24582563160792,0.1244282,-0.10455361,0.04755094,-0.26462016,36.756709520000015,0.0,0.2586903799514822,1.0,0.44496851197887727,0.21043126808071178,0.3661231983531116,55.200783742565854,Moderate,Tree Planting,Moderate priority; consider vegetation enhancement where feasible.
85.80280894149713,20.245735800079512,0.35744238,-0.0019342687,0.03199564,-0.35708672,36.57555446000004,0.0,0.17299919159256127,1.0,0.4164308818352085,0.366869085828966,0.5069821979941417,55.17495181353603,Moderate,Tree Planting,Moderate priority; consider vegetation enhancement where feasible.
85.80200045774143,20.24546630549428,0.22918405,0.025391921,0.07654322,-0.28650537,36.53453822000006,0.0,0.15359741309620684,1.0,0.4981575191765324,0.40852643258142285,0.39946204850103384,55.16016999135876,Moderate,Tree Planting,Moderate priority; consider vegetation enhancement where feasible.
85.80146146857095,20.246005294664744,0.3268366,0.011725283,0.035536863,-0.3072378,36.606316640000045,0.0,0.18755052546483467,1.0,0.4229275814957906,0.38769235785836315,0.43104481041980414,55.15780116916357,Moderate,Tree Planting,Moderate priority; consider vegetation enhancement where feasible.
85.80146146857095,20.245556137022685,0.25990018,0.02598403,0.04896993,-0.26537433,36.609734660000015,0.0,0.18916734033951715,1.0,0.4475717797909776,0.40942907177843646,0.3672720637565534,55.155608262400065,Moderate,Tree Planting,Moderate priority; consider vegetation enhancement where feasible.
85.80020382717318,20.247532430647748,0.23121704,-0.040910494,0.027499506,-0.23099309,36.76012753999999,0.0,0.26030719482616804,1.0,0.4081823100192761,0.3074518692228768,0.3148973774611168,55.15544296191411,Moderate,Tree Planting,Moderate priority; consider vegetation enhancement where feasible.
85.80218012079824,20.24528664243745,0.24719101,0.07064367,0.08735833,-0.22103813,36.53453822000006,0.0,0.15359741309620684,1.0,0.5179988343001939,0.47751035679271325,0.29973248209714454,55.15033329628769,Moderate,Tree Planting,Moderate priority; consider vegetation enhancement where feasible.
85.80280894149713,20.24582563160792,0.31664214,0.07165107,0.078431346,-0.3123899,36.45250573999999,0.0,0.1147938561034509,1.0,0.5016214601775189,0.4790460853951691,0.4388932656024188,55.14753109574219,Moderate,Tree Planting,Moderate priority; consider vegetation enhancement where feasible.
85.80218012079824,20.24546630549428,0.08023199,0.07145825,0.12078021,-0.15593481,36.53453822000006,0.0,0.15359741309620684,1.0,0.5793143505644949,0.4787521413916695,0.2005572934829053,55.09073200009937,Moderate,Tree Planting,Moderate priority; consider vegetation enhancement where feasible.
85.80011399564478,20.248610408988693,0.34744027,0.020833317,0.04326755,-0.34240055,36.536247230000015,0.0,0.15440582053353463,1.0,0.43711023861988774,0.401577079246035,0.4846100105270389,55.05069909303509,Moderate,Tree Planting,Moderate priority; consider vegetation enhancement where feasible.
85.80173096315619,20.246544283835217,0.17398308,0.021647919,0.06179013,-0.17849202,36.674677040000006,0.0,0.21988682295875314,1.0,0.4710916171433824,0.4028188973828404,0.23491983530659422,55.040366272807674,Moderate,Tree Planting,Moderate priority; consider vegetation enhancement where feasible.
85.80110214245731,20.247352767590925,0.27954036,0.016701886,0.06385747,-0.31976295,36.52428415999998,0.0,0.14874696847207872,1.0,0.474884342728952,0.3952789288035366,0.4501250065399349,55.03971354853137,Moderate,Tree Planting,Moderate priority; consider vegetation enhancement where feasible.
85.80137163704254,20.247352767590925,0.24174374,0.012086149,0.07120453,-0.30103806,36.53453822000006,0.0,0.15359741309620684,1.0,0.48836320079812096,0.38824247919830146,0.421600432101475,55.03179951785578,Moderate,Tree Planting,Moderate priority; consider vegetation enhancement where feasible.
85.80200045774143,20.245376473965862,0.35887325,-0.019011414,0.043111235,-0.38223496,36.53453822000006,0.0,0.15359741309620684,1.0,0.436823464359288,0.340835871132217,0.5452917872027435,55.02155094162513,Moderate,Tree Planting,Moderate priority; consider vegetation enhancement where feasible.
85.80011399564478,20.247981588289807,0.051317174,0.0165242,0.06620932,-0.090162635,36.753291500000046,0.0,0.2570735650767997,1.0,0.47919902810650106,0.3950080557913706,0.10036320413087618,54.85390497312398,Moderate,Tree Planting,Moderate priority; consider vegetation enhancement where feasible.
85.80164113162778,20.24546630549428,0.118210845,0.009901017,0.06520826,-0.17812058,36.66784100000001,0.0,0.2166531932093613,1.0,0.4773624913613646,0.3849113597695328,0.23435400191961986,54.85268678359283,Moderate,Tree Planting,Moderate priority; consider vegetation enhancement where feasible.
85.8025394469119,20.245017147852213,0.5163887,-0.086302795,-0.045702714,-0.46989968,36.67125901999998,0.0,0.21827000808404376,1.0,0.2738860971493558,0.23825368083992432,0.678835900480138,54.82728751296227,Moderate,Tree Planting,Moderate priority; consider vegetation enhancement where feasible.
85.80146146857095,20.24582563160792,0.21145377,0.0995907,0.06996881,-0.13519095,36.606316640000045,0.0,0.18755052546483467,1.0,0.4860961586760703,0.5216385897956398,0.16895711966554294,54.82391523869792,Moderate,Tree Planting,Moderate priority; consider vegetation enhancement where feasible.
85.80083264787207,20.247352767590925,0.25650877,0.005405396,0.054655183,-0.30641228,36.54137426,0.0,0.15683104284557178,1.0,0.4580018999035555,0.378058020722976,0.4297872539433475,54.65341253058372,Moderate,Tree Planting,Moderate priority; consider vegetation enhancement where feasible.
85.80074281634366,20.246903609948863,0.40105763,0.02176444,0.04351498,-0.40105763,36.44225168000003,0.0,0.10994341147937657,1.0,0.4375641717376321,0.40299652755207477,0.5739653148734303,54.631383344700836,Moderate,Tree Planting,Moderate priority; consider vegetation enhancement where feasible.
85.80146146857095,20.24591546313633,0.21298023,0.05410123,0.06185185,-0.1744312,36.606316640000045,0.0,0.18755052546483467,1.0,0.4712048481664078,0.45229227235514113,0.22873378228459051,54.504849032838464,Moderate,Tree Planting,Moderate priority; consider vegetation enhancement where feasible.
85.80119197398571,20.246903609948863,0.3871757,0.012027213,0.039269656,-0.40749937,36.44225168000003,0.0,0.10994341147937657,1.0,0.429775733960666,0.38815263434926994,0.5837783440630921,54.46424813791491,Moderate,Tree Planting,Moderate priority; consider vegetation enhancement where feasible.
85.80128180551412,20.24627478924998,0.3384751,0.023315633,0.08152424,-0.41552085,36.33629306,0.0,0.05982215036376261,1.0,0.5072956590065721,0.4053612401369759,0.5959978713001877,54.417690510383096,Moderate,Tree Planting,Moderate priority; consider vegetation enhancement where feasible.
85.80226995232665,20.24744259911934,0.6108026,-0.17727354,-0.124945305,-0.54154587,36.81481586000001,0.0,0.2861762328213263,1.0,0.1285082674974678,0.09957353880774286,0.7879781747411375,54.388428132590604,Moderate,Tree Planting,Moderate priority; consider vegetation enhancement where feasible.
85.80056315328683,20.24896973510234,0.34101507,-0.030354112,0.034574483,-0.35551858,36.54479228000002,0.0,0.1584478577202778,1.0,0.4211620067722132,0.3235445213728176,0.5045933708149204,54.35224475506891,Moderate,Tree Planting,Moderate priority; consider vegetation enhancement where feasible.
85.80244961538348,20.247981588289807,0.5105302,-0.15555556,-0.08823938,-0.4790235,36.784053680000056,0.0,0.2716248989490765,1.0,0.1958486667010347,0.132681463240505,0.6927346781366748,54.34063838275961,Moderate,Tree Planting,Moderate priority; consider vegetation enhancement where feasible.
85.80065298481524,20.24708327300569,0.25968888,0.027873872,0.07730265,-0.31047726,36.44225168000003,0.0,0.10994341147937657,1.0,0.4995507634379743,0.4123100370489571,0.43597964410429646,54.27446060748344,Moderate,Tree Planting,Moderate priority; consider vegetation enhancement where feasible.
85.80119197398571,20.246813778420453,0.44933265,-0.004969965,0.022397595,-0.44291335,36.43883366,0.0,0.1083265966046672,1.0,0.39882238451839114,0.36224132561824585,0.6377262555686942,54.23180947778528,Moderate,Tree Planting,Moderate priority; consider vegetation enhancement where feasible.
85.80002416411637,20.248340914403457,0.18115185,0.03175965,0.089511245,-0.2477876,36.47472287000005,0.0,0.125303152789008,1.0,0.5219485551027987,0.4182337023431736,0.3404813061598948,54.1754729952429,Moderate,Tree Planting,Moderate priority; consider vegetation enhancement where feasible.
85.80218012079824,20.247173104534102,0.35372847,-0.06580645,-0.013380382,-0.33548906,36.67809506000003,0.0,0.2215036378334625,1.0,0.33318439136398803,0.26949928661945916,0.47408138734230076,54.07868174508129,Moderate,Tree Planting,Moderate priority; consider vegetation enhancement where feasible.
85.80146146857095,20.24762226217616,0.3812048,0.03371546,0.05723661,-0.39873108,36.36021920000002,0.0,0.07113985448664752,1.0,0.4627377654264886,0.4212152323788786,0.5704211632837656,53.99162607262319,Moderate,Tree Planting,Moderate priority; consider vegetation enhancement where feasible.
85.80271910996872,20.24618495772157,0.12262521,-0.0017123068,0.055719078,-0.17328517,36.640496840000026,0.0,0.2037186742117939,1.0,0.4599537132418838,0.3672074551345898,0.2269879766727173,53.95282024305514,Moderate,Tree Planting,Moderate priority; consider vegetation enhancement where feasible.
85.80173096315619,20.24744259911934,0.28991684,0.0006287437,0.05824306,-0.3407845,36.45250573999999,0.0,0.1147938561034509,1.0,0.46458419062292294,0.3707762641604421,0.4821481996153981,53.94182318020577,Moderate,Tree Planting,Moderate priority; consider vegetation enhancement where feasible.
85.80119197398571,20.246364620778397,0.10039404,0.040889774,0.13290691,-0.20683266,36.40465346000002,0.0,0.09215844785770796,1.0,0.6015618983111296,0.43215209878030764,0.27809256931537063,53.89062859135496,Moderate,Tree Planting,Moderate priority; consider vegetation enhancement where feasible.
85.79993433258795,20.248251082875043,0.2208875,0.0803324,0.05788609,-0.23665261,36.47472287000005,0.0,0.125303152789008,1.0,0.46392929628900553,0.4922803188559179,0.32351881125997783,53.87602532916428,Moderate,Tree Planting,Moderate priority; consider vegetation enhancement where feasible.
85.80128180551412,20.246364620778397,0.12246791,0.026120616,0.11945876,-0.24279833,36.40465346000002,0.0,0.09215844785770796,1.0,0.5768900288636372,0.40963728999056176,0.33288089817306143,53.843285750322025,Moderate,Tree Planting,Moderate priority; consider vegetation enhancement where feasible.
85.80209028926984,20.24744259911934,0.39563513,-0.085764065,-0.013035394,-0.3647059,36.65075090000005,0.0,0.20856911883589513,1.0,0.33381730361563244,0.2390749465437173,0.5185888812414144,53.84097139716266,Moderate,Tree Planting,Moderate priority; consider vegetation enhancement where feasible.
85.80011399564478,20.2478917567614,0.018804237,-0.08442393,0.028686874,-0.061675683,36.89343031999999,0.0,0.323362974939346,1.0,0.4103606459451938,0.24111791224815668,0.056967585633313056,53.83715391617297,Moderate,Tree Planting,Moderate priority; consider vegetation enhancement where feasible.
85.80244961538348,20.2478917567614,0.6132339,-0.2058516,-0.13874272,-0.5643922,36.79772576000005,0.0,0.27809215844786017,1.0,0.10319563924801536,0.05600778126883074,0.8227811477215193,53.67858863205953,Moderate,Tree Planting,Moderate priority; consider vegetation enhancement where feasible.
85.80226995232665,20.247352767590925,0.6503229,-0.21478872,-0.15460384,-0.5685383,36.83190596000003,0.0,0.2942603071948194,1.0,0.07409695415519514,0.04238360933357124,0.8290971120919002,53.654070742427216,Moderate,Tree Planting,Moderate priority; consider vegetation enhancement where feasible.
85.80056315328683,20.24887990357393,0.4147536,-0.053087246,0.007304129,-0.37682456,36.54479228000002,0.0,0.1584478577202778,1.0,0.37113203137225836,0.28888904777021474,0.5370498505322561,53.57980518521692,Moderate,Tree Planting,Moderate priority; consider vegetation enhancement where feasible.
85.80029365870159,20.248610408988693,0.24799417,0.023958908,0.042804424,-0.23627168,36.536247230000015,0.0,0.15440582053353463,1.0,0.43626059132938766,0.4063418792244732,0.3229385212747846,53.46888749093943,Moderate,Tree Planting,Moderate priority; consider vegetation enhancement where feasible.
85.80146146857095,20.24546630549428,0.2600566,-0.07206556,0.0010844375,-0.28295353,36.66784100000001,0.0,0.2166531932093613,1.0,0.3597214346216512,0.2599576008413,0.39405135052238094,53.43550682924242,Moderate,Tree Planting,Moderate priority; consider vegetation enhancement where feasible.
85.80011399564478,20.247801925232984,0.006023429,-0.10277814,0.021783687,-0.061390888,36.89343031999999,0.0,0.323362974939346,1.0,0.39769611376525627,0.21313787922008276,0.056533742968432166,53.36304717654436,Moderate,Tree Planting,Moderate priority; consider vegetation enhancement where feasible.
85.79993433258795,20.248161251346637,0.3231803,0.020232169,-0.030027496,-0.27300152,36.63024278,0.0,0.19886822958769268,1.0,0.3026437279057783,0.40066066056635546,0.37889094904299714,53.301218902310985,Moderate,Tree Planting,Moderate priority; consider vegetation enhancement where feasible.
85.80020382717318,20.247173104534102,0.64006025,-0.10111224,-0.07096775,-0.5546039,36.53453822000006,0.0,0.15359741309620684,1.0,0.22753506226513784,0.2156774566261094,0.8078701339865401,53.256424232989765,Moderate,Tree Planting,Moderate priority; consider vegetation enhancement where feasible.
85.80047332175842,20.247352767590925,0.40872908,-0.05250202,-0.015550047,-0.4021858,36.53453822000006,0.0,0.15359741309620684,1.0,0.32920394114408463,0.2897811941937812,0.5756839134416589,53.20063258640187,Moderate,Tree Planting,Moderate priority; consider vegetation enhancement where feasible.
85.80191062621302,20.247532430647748,0.048953105,0.0762239,0.11617693,-0.10879051,36.45250573999999,0.0,0.1147938561034509,1.0,0.570869209545823,0.4860171255233886,0.12873999070040099,53.15442498852876,Moderate,Tree Planting,Moderate priority; consider vegetation enhancement where feasible.
85.80137163704254,20.24663411536363,0.10888981,0.06408189,0.091595665,-0.17458884,36.43883366,0.0,0.1083265966046672,1.0,0.5257726155210526,0.467507266432357,0.2289739232901974,53.10119902818135,Moderate,Tree Planting,Moderate priority; consider vegetation enhancement where feasible.
85.80038349023,20.247352767590925,0.30798674,-0.051918726,0.023450587,-0.32318017,36.53453822000006,0.0,0.15359741309620684,1.0,0.4007541952992981,0.2906703953844114,0.4553306310462789,53.079245586682575,Moderate,Tree Planting,Moderate priority; consider vegetation enhancement where feasible.
85.80038349023,20.247262936062512,0.23516484,-0.030058613,0.04192899,-0.26405758,36.53453822000006,0.0,0.15359741309620684,1.0,0.43465452704858354,0.3239949941406328,0.36526619171181285,53.02035215713941,Moderate,Tree Planting,Moderate priority; consider vegetation enhancement where feasible.
85.80164113162778,20.247352767590925,0.2559899,-0.0070778257,0.055151608,-0.30737257,36.43541564000003,0.0,0.10670978172998472,1.0,0.4589126372756455,0.35902800224423087,0.43125011239471944,52.987764157423726,Moderate,Tree Planting,Moderate priority; consider vegetation enhancement where feasible.
85.80146146857095,20.24609512619316,0.45543858,-0.073498935,-0.036605947,-0.41521665,36.56871841999998,0.0,0.16976556184313918,1.0,0.29057495381873094,0.2577724956342867,0.5955344680148184,52.984660799066184,Moderate,Tree Planting,Moderate priority; consider vegetation enhancement where feasible.
85.80038349023,20.248610408988693,0.285592,-0.056506462,0.013035383,-0.33868092,36.536247230000015,0.0,0.15440582053353463,1.0,0.38164654455499497,0.28367663183893144,0.47894370953309284,52.98307619805121,Moderate,Tree Planting,Moderate priority; consider vegetation enhancement where feasible.
85.80047332175842,20.248700240517103,0.24010257,-0.039388902,0.028905263,-0.28512397,36.536247230000015,0.0,0.15440582053353463,1.0,0.41076130067441446,0.3097714566317194,0.39735769183302205,52.864885610769676,Moderate,Mist Sprayer,High heat exposure walking path: Install mist sprayers for pedestrian cooling.
85.80119197398571,20.246723946892043,0.30668443,-0.024908531,0.0332978,-0.35202205,36.43883366,0.0,0.1083265966046672,1.0,0.4188198142548905,0.33184602474654223,0.49926692936392614,52.843224653068056,Moderate,Tree Planting,Moderate priority; consider vegetation enhancement where feasible.
85.80155130009936,20.24663411536363,0.15317154,0.030354977,0.07184301,-0.15317154,36.50719406000002,0.0,0.14066289409861255,1.0,0.48953455114778505,0.41609235183374593,0.19634786417204886,52.68730725023308,Moderate,Tree Planting,Moderate priority; consider vegetation enhancement where feasible.
85.80146146857095,20.24618495772157,0.3454301,-0.055907175,-0.008963791,-0.3275862,36.56871841999998,0.0,0.16976556184313918,1.0,0.34128703422229717,0.28459021352146074,0.4620425599661865,52.67860010350509,Moderate,Tree Planting,Moderate priority; consider vegetation enhancement where feasible.
85.80155130009936,20.247352767590925,0.24583001,-0.03139895,0.05555557,-0.30953872,36.43541564000003,0.0,0.10670978172998472,1.0,0.4596537427604704,0.32195172049776016,0.43454991853082325,52.661115983592424,Moderate,Tree Planting,Moderate priority; consider vegetation enhancement where feasible.
85.80119197398571,20.24663411536363,0.15791844,0.04265229,0.07594792,-0.18296894,36.43883366,0.0,0.1083265966046672,1.0,0.4970653865127762,0.4348389622243081,0.24173975455819086,52.47156586365666,Moderate,Tree Planting,Moderate priority; consider vegetation enhancement where feasible.
85.80047332175842,20.24708327300569,0.2596799,-0.019214718,0.04015401,-0.2958046,36.42857960000004,0.0,0.10347615198059623,1.0,0.43139816280280174,0.3405259448191401,0.41362803710525853,52.11679682070389,Moderate,Tree Planting,Moderate priority; consider vegetation enhancement where feasible.
85.80235978385507,20.24699344147728,0.061357453,-0.053917993,-0.0011469849,-0.024279445,36.83532398,0.0,0.29587712206950184,1.0,0.3556276847649787,0.2876226174254615,0.0,52.08695510781435,Moderate,Tree Planting,Moderate priority; consider vegetation enhancement where feasible.
85.80244961538348,20.24699344147728,0.061357453,-0.053917993,-0.0011469849,-0.024279445,36.83532398,0.0,0.29587712206950184,1.0,0.3556276847649787,0.2876226174254615,0.0,52.08695510781435,Moderate,Tree Planting,Moderate priority; consider vegetation enhancement where feasible.
85.80002416411637,20.247981588289807,0.06814485,-0.006266539,0.040730987,-0.0902233,36.63024278,0.0,0.19886822958769268,1.0,0.4324566802359212,0.36026476637961113,0.10045561820157622,52.06010093698147,Moderate,Tree Planting,Moderate priority; consider vegetation enhancement where feasible.
85.80038349023,20.247173104534102,0.22483747,-0.015991068,0.012614287,-0.2398457,36.53453822000006,0.0,0.15359741309620684,1.0,0.3808740051695136,0.3454402306135682,0.32838300717214075,52.059264848286006,Moderate,Tree Planting,Moderate priority; consider vegetation enhancement where feasible.
85.80020382717318,20.24762226217616,0.04233959,-0.06925374,0.01585038,-0.0751914,36.76012753999999,0.0,0.26030719482616804,1.0,0.3868109157494777,0.2642440733437394,0.07755676269420142,52.02938794140661,Moderate,Tree Planting,Moderate priority; consider vegetation enhancement where feasible.
85.80002416411637,20.248161251346637,0.22915807,-0.0052056727,-0.024001583,-0.20128433,36.63024278,0.0,0.19886822958769268,1.0,0.31369882015548906,0.36188200155957095,0.26964051688173063,51.98675437437613,Moderate,Tree Planting,Moderate priority; consider vegetation enhancement where feasible.
85.80146146857095,20.247352767590925,0.2583367,-0.04035876,0.04814608,-0.28624228,36.43541564000003,0.0,0.10670978172998472,1.0,0.44606035110790104,0.30829295884442476,0.39906127016326987,51.965741008595,Moderate,Tree Planting,Moderate priority; consider vegetation enhancement where feasible.
85.80271910996872,20.24627478924998,0.05264901,-0.012742938,0.041958023,-0.07835822,36.640496840000026,0.0,0.2037186742117939,1.0,0.4347077907603706,0.3503918348874366,0.0823809401832657,51.9599048384664,Moderate,Tree Planting,Moderate priority; consider vegetation enhancement where feasible.
85.79993433258795,20.24843074593187,0.39301103,-0.08968359,-0.013994411,-0.4081781,36.47472287000005,0.0,0.125303152789008,1.0,0.33205789862521173,0.2330998357133214,0.5848122878891234,51.91908429907286,Moderate,Tree Planting,Moderate priority; consider vegetation enhancement where feasible.
85.80119197398571,20.24627478924998,0.36138037,-0.049155843,0.023852427,-0.42694575,36.33629306,0.0,0.05982215036376261,1.0,0.4014914077797345,0.2948822659902672,0.613402000803857,51.89987829555014,Moderate,Tree Planting,Moderate priority; consider vegetation enhancement where feasible.
85.80038349023,20.248700240517103,0.28122482,-0.08483058,-0.0001492451,-0.3126032,36.536247230000015,0.0,0.15440582053353463,1.0,0.3574581302974993,0.24049799559519985,0.4392181963084323,51.79120848950485,Moderate,Tree Planting,Moderate priority; consider vegetation enhancement where feasible.
85.80002416411637,20.248251082875043,0.19592749,-0.0008312383,0.031935364,-0.22357725,36.47472287000005,0.0,0.125303152789008,1.0,0.41632029996314307,0.3685505979737529,0.3036004523468059,51.72540958632297,Moderate,Tree Planting,Moderate priority; consider vegetation enhancement where feasible.
85.80002416411637,20.24843074593187,0.23667139,-0.05893719,0.020559594,-0.28827503,36.47472287000005,0.0,0.125303152789008,1.0,0.3954504024452911,0.27997111415539927,0.40215786131492837,51.51214037505287,Moderate,Tree Planting,Moderate priority; consider vegetation enhancement where feasible.
85.80191062621302,20.24744259911934,0.112830184,-0.021475583,0.067106485,-0.1772455,36.45250573999999,0.0,0.1147938561034509,1.0,0.48084495990774206,0.3370793743934985,0.23302094818207564,51.3574933074754,Moderate,Tree Planting,Moderate priority; consider vegetation enhancement where feasible.
85.80137163704254,20.24627478924998,0.31939164,-0.05471124,0.031578943,-0.38212594,36.33629306,0.0,0.05982215036376261,1.0,0.4156664128202762,0.2864133538690665,0.5451257115085588,51.345051356993274,Moderate,Tree Planting,Moderate priority; consider vegetation enhancement where feasible.
85.80047332175842,20.24699344147728,0.4100536,-0.08119745,-0.016144915,-0.40467718,36.42857960000004,0.0,0.10347615198059623,1.0,0.328112601024106,0.24603651222954617,0.5794791589285211,51.281130286360145,Moderate,Tree Planting,Moderate priority; consider vegetation enhancement where feasible.
85.80020382717318,20.248700240517103,0.3047874,-0.10002508,-0.018055335,-0.32168674,36.536247230000015,0.0,0.15440582053353463,1.0,0.324607759627343,0.21733477517628408,0.45305561339845146,51.20519489616353,Moderate,Tree Planting,Moderate priority; consider vegetation enhancement where feasible.
85.80056315328683,20.246903609948863,0.43738317,-0.11006855,-0.042150587,-0.43805516,36.42857960000004,0.0,0.10347615198059623,1.0,0.2804028012019513,0.20202403053968743,0.6303255283926636,50.63382216677067,Moderate,Tree Planting,Moderate priority; consider vegetation enhancement where feasible.
85.80137163704254,20.2456459685511,0.5100223,-0.1525712,-0.08573248,-0.45415547,36.54137426,0.0,0.15683104284557178,1.0,0.20044780558020536,0.13723096394729997,0.6548519470299577,50.63247747884281,Moderate,Tree Planting,Moderate priority; consider vegetation enhancement where feasible.
85.80002416411637,20.24807141981822,0.11635693,-0.05908514,-0.009286282,-0.13439944,36.63024278,0.0,0.19886822958769268,1.0,0.34069539478862104,0.27974557211972984,0.16775137234666493,50.55144725412405,Moderate,Tree Planting,Moderate priority; consider vegetation enhancement where feasible.
85.80002416411637,20.24852057746028,0.23994976,-0.006629269,0.044139523,-0.25333333,36.2918588,0.0,0.03880355699270216,1.0,0.43870995337751156,0.35971180346917947,0.34892939788169397,49.831168023952465,Moderate,Tree Planting,Moderate priority; consider vegetation enhancement where feasible.
85.80029365870159,20.248700240517103,0.34526855,-0.13743393,-0.05726168,-0.33277026,36.536247230000015,0.0,0.15440582053353463,1.0,0.25268010970126786,0.1603069402249426,0.46993970143742836,49.72484267814877,Moderate,Tree Planting,Moderate priority; consider vegetation enhancement where feasible.
85.80074281634366,20.246723946892043,0.3804495,-0.058994606,0.0029420368,-0.3845736,36.27818672000001,0.0,0.03233629749391847,1.0,0.3631293715806644,0.27988358646685585,0.5488543561024679,49.70440892422075,Moderate,Tree Planting,Moderate priority; consider vegetation enhancement where feasible.
85.79993433258795,20.24852057746028,0.3558915,-0.07496194,0.0009285208,-0.37169215,36.2918588,0.0,0.03880355699270216,1.0,0.3594353910790759,0.25554222104223195,0.5292313901250816,49.40337368764034,Moderate,Tree Planting,Moderate priority; consider vegetation enhancement where feasible.
85.80002416411637,20.248610408988693,0.32768843,-0.06666668,-0.0016899849,-0.35327962,36.2918588,0.0,0.03880355699270216,1.0,0.3546315012668776,0.26818791098347483,0.5011826495137681,49.177284833756666,Moderate,Tree Planting,Moderate priority; consider vegetation enhancement where feasible.
85.8010123109289,20.246364620778397,0.4299865,-0.07807197,-0.007477573,-0.4397099,36.20982632000005,0.0,0.0,1.0,0.34401363799058604,0.2508011429942909,0.6328462777431965,48.99667877723366,Moderate,Tree Planting,Moderate priority; consider vegetation enhancement where feasible.
85.80065298481524,20.246723946892043,0.43774474,-0.1172414,-0.029245017,-0.44188482,36.27818672000001,0.0,0.03233629749391847,1.0,0.3040792576800152,0.1910893959296759,0.6361594436650093,48.80376618596463,Moderate,Tree Planting,Moderate priority; consider vegetation enhancement where feasible.
85.80110214245731,20.24627478924998,0.4040863,-0.15481561,-0.04950715,-0.4682493,36.295276820000026,0.0,0.04042037186741153,1.0,0.26690650900426965,0.1338094783083899,0.676321792938692,48.31752150355721,Moderate,Tree Planting,Moderate priority; consider vegetation enhancement where feasible.
85.80110214245731,20.249598555801224,0.32330444,0.024069214,0.05372708,-0.32262996,38.19227792000001,0.8666666666666667,0.9377526273241599,0.1333333333333333,0.45629920949261976,0.40651003495131705,0.45449246825323786,48.25375866082631,Moderate,Tree Planting,Moderate priority; consider vegetation enhancement where feasible.
85.80056315328683,20.246813778420453,0.4296228,-0.11517759,-0.046933245,-0.43424088,36.27476869999998,0.0,0.0307194826192091,1.0,0.2716285747255955,0.19423556631585262,0.6245150422542067,48.1835191851608,Moderate,Tree Planting,Moderate priority; consider vegetation enhancement where feasible.
85.80110214245731,20.246364620778397,0.16947939,-0.09057426,0.048145052,-0.27475542,36.20982632000005,0.0,0.0,1.0,0.4460584651472453,0.231742055889667,0.3815627538497338,47.82392507460269,Moderate,Tree Planting,Moderate priority; consider vegetation enhancement where feasible.
85.80092247940048,20.246364620778397,0.61330676,-0.13593592,-0.088778265,-0.54689205,36.20982632000005,0.0,0.0,1.0,0.19486003254933265,0.1625905781083702,0.7961222818291581,47.510029087615266,Moderate,Tree Planting,Moderate priority; consider vegetation enhancement where feasible.
85.79993433258795,20.248610408988693,0.42733607,-0.15177363,-0.062283278,-0.43353438,36.2918588,0.0,0.03880355699270216,1.0,0.243467525793906,0.1384468176910569,0.6234387949790148,47.43497572339037,Moderate,Tree Planting,Moderate priority; consider vegetation enhancement where feasible.
85.80047332175842,20.246723946892043,0.637303,-0.18800376,-0.14820316,-0.54849744,36.27476869999998,0.0,0.0307194826192091,1.0,0.08583959097402713,0.08321587972034557,0.7985678538222518,46.027015678612656,Moderate,Tree Planting,Moderate priority; consider vegetation enhancement where feasible.
85.8018207946846,20.24950872427281,0.451816,-0.06086344,-0.025608052,-0.4578167,37.37708014999998,0.592156862745098,0.5521422797089469,0.40784313725490196,0.31075160485528464,0.27703464679339745,0.6604292843425574,44.8746915793788,Moderate,Tree Planting,Moderate priority; consider vegetation enhancement where feasible.
85.80191062621302,20.2494188927444,0.5526476,-0.09367633,-0.06773561,-0.4900701,37.37708014999998,0.611764705882353,0.5521422797089469,0.388235294117647,0.23346472070261942,0.2270131124453348,0.709562524067513,43.020230861053825,Moderate,Tree Planting,Moderate priority; consider vegetation enhancement where feasible.
85.80146146857095,20.24852057746028,0.34333628,0.19697501,0.16259325,-0.3976125,37.51892798000006,1.0,0.6192400970089017,0.0,0.6560242224861181,0.6700958761738705,0.5687171736488266,40.805696745785795,Moderate,Mist Sprayer,High heat exposure walking path: Install mist sprayers for pedestrian cooling.
85.8025394469119,20.24852057746028,0.5324142,-0.060064953,-0.023219347,-0.49470675,37.06091330000004,0.6,0.40258690379951345,0.4,0.3151339041238511,0.27825189845568565,0.7166257681276962,40.753392341676985,Moderate,Tree Planting,Moderate priority; consider vegetation enhancement where feasible.
85.79975466953113,20.248340914403457,0.6622743,-0.22298028,-0.16417912,-0.5923329,37.11731063000002,0.5098039215686274,0.42926434923200296,0.4901960784313726,0.05653022132702281,0.029896004617734978,0.8653446328481439,39.83515291662226,Low,Tree Planting,Low priority for immediate planting.
85.79993433258795,20.250407039556933,0.36306068,-0.017730502,0.049496517,-0.40686274,37.43347748000002,0.8235294117647058,0.5788197251414633,0.17647058823529416,0.44853785212931013,0.34278855447113793,0.582808533301867,39.5251010021489,Low,Tree Planting,Low priority for immediate planting.
85.80065298481524,20.250496871085343,0.28964916,0.118684374,0.102096386,-0.31132072,37.65735779000002,0.980392156862745,0.6847210994341068,0.019607843137255054,0.5450371550760502,0.5507458970100214,0.4372645294924543,39.283569083992646,Low,Tree Planting,Low priority for immediate planting.
85.79993433258795,20.25031720802852,0.39828083,-0.061792873,0.0059617036,-0.43445033,37.41126035000002,0.807843137254902,0.568310428455933,0.19215686274509802,0.3686692283687376,0.27561777480395294,0.6248341080599944,38.30936030392696,Low,Tree Planting,Low priority for immediate planting.
85.80235978385507,20.24879007204552,0.5,-0.034791905,-0.003733175,-0.4633263,37.17370796,0.7294117647058822,0.4559417946644924,0.2705882352941178,0.35088308089652115,0.3167793380872523,0.668822337403277,38.268105043582004,Low,Tree Planting,Low priority for immediate planting.
85.80056315328683,20.250137544971697,0.33369303,0.009416931,0.058060866,-0.36650082,37.758189380000005,1.0,0.7324171382376566,0.0,0.4642499389539486,0.3841733959852877,0.5213231738941926,37.99122893023373,Low,Tree Planting,Low priority for immediate planting.
85.80209028926984,20.24896973510234,0.54220873,-0.104241006,-0.058554452,-0.4914347,37.17370796,0.6862745098039216,0.4559417946644924,0.3137254901960784,0.25030840043200975,0.2109078165262569,0.7116412884436307,37.638763052976536,Low,Tree Planting,Low priority for immediate planting.
85.80173096315619,20.245376473965862,0.31116253,0.02662087,0.060861833,-0.33470708,36.73961942000005,0.596078431372549,0.25060630557801267,0.403921568627451,0.46938857082158353,0.4103999010450516,0.47289015755566977,37.52917321763213,Low,Tree Planting,Low priority for immediate planting.
85.80056315328683,20.24995788191487,0.3953362,-0.024487328,0.026342334,-0.3926928,37.78211552000002,1.0,0.7437348423605415,0.0,0.4060593714357316,0.3324881266867251,0.5612227451707479,37.340044560926955,Low,Tree Planting,Low priority for immediate planting.
85.80137163704254,20.248610408988693,0.41892302,0.06232409,0.07245081,-0.3997599,37.58728838000002,1.0,0.6515763945028201,0.0,0.49064961621251035,0.4648275922836604,0.5719884169591557,37.27519617070042,Low,Tree Planting,Low priority for immediate planting.
85.80173096315619,20.24950872427281,0.18850578,0.013170419,0.053271342,-0.2424898,37.37708014999998,0.819607843137255,0.5521422797089469,0.180392156862745,0.4554631161683884,0.3898953920946533,0.33241089877912655,36.9330035327281,Low,Tree Planting,Low priority for immediate planting.
85.80119197398571,20.248610408988693,0.42770883,0.03623189,0.040755466,-0.40880504,37.58728838000002,1.0,0.6515763945028201,0.0,0.43250158921538717,0.4250513982783009,0.5857673373819883,36.143003029918304,Low,Mist Sprayer,High heat exposure walking path: Install mist sprayers for pedestrian cooling.
85.79984450105954,20.24950872427281,0.38493356,-0.058956426,0.014615116,-0.42535728,36.80456179999999,0.6352941176470588,0.2813257881972251,0.3647058823529412,0.3845447102014144,0.27994178987964297,0.6109822039047423,35.881890119134766,Low,Tree Planting,Low priority for immediate planting.
85.80155130009936,20.24852057746028,0.22675192,0.08232011,0.11569362,-0.26414055,37.51892798000006,1.0,0.6192400970089017,0.0,0.5699825328488298,0.49531047877291956,0.3653925841200544,35.733971531929235,Low,Mist Sprayer,High heat exposure walking path: Install mist sprayers for pedestrian cooling.
85.80191062621302,20.249059566630752,0.3863935,-0.030658098,0.021550506,-0.4033502,37.39246123999999,0.8941176470588236,0.5594179466450853,0.10588235294117643,0.39726832175002474,0.32308111061746103,0.5774577030060378,35.45283371477909,Low,Tree Planting,Low priority for immediate planting.
85.80065298481524,20.249059566630752,0.3561893,0.014332978,0.0526151,-0.32522976,37.59583343000003,1.0,0.6556184316895667,0.0,0.4542591797942432,0.3916676524761725,0.45845287542385993,34.98364592660097,Low,Tree Planting,Low priority for immediate planting.
85.80128180551412,20.248610408988693,0.42583436,-0.0041349344,0.0140267955,-0.41794714,37.58728838000002,1.0,0.6515763945028201,0.0,0.38346538207306335,0.363514286087122,0.599693961889467,34.93135504594645,Low,Tree Planting,Low priority for immediate planting.
85.80289877302555,20.24627478924998,0.50138885,-0.049005337,-0.015441171,-0.4828532,36.58580852,0.5803921568627451,0.17784963621663225,0.41960784313725485,0.32940368419111826,0.295111704514231,0.6985686543430488,34.89962244774246,Low,Tree Planting,Low priority for immediate planting.
85.80235978385507,20.245106979380623,0.40735832,-0.04068627,-0.003843466,-0.36308184,36.57555446000004,0.5372549019607843,0.17299919159256127,0.4627450980392157,0.35068074190169785,0.3077936869816192,0.5161148682906027,34.88535086039707,Low,Tree Planting,Low priority for immediate planting.
85.80226995232665,20.247262936062512,0.48568282,-0.07148533,-0.02240815,-0.47673783,36.83190596000003,0.6745098039215686,0.2942603071948194,0.32549019607843144,0.3166221197133707,0.2608421311242094,0.6892528011239525,34.47024719677186,Low,Tree Planting,Low priority for immediate planting.
85.79966483800271,20.24995788191487,0.3647134,0.05456965,0.0756705,-0.36777923,37.24377737000003,0.9294117647058824,0.4890864995957924,0.07058823529411762,0.49655643397862664,0.4530063541418816,0.5232706406727891,34.354299680993996,Low,Tree Planting,Low priority for immediate planting.
85.79993433258795,20.250227376500103,0.42569107,-0.008279672,0.030169485,-0.43455496,37.41126035000002,0.9725490196078432,0.568310428455933,0.027450980392156765,0.4130806323398589,0.3571958504289979,0.6249934962445711,34.028200119237056,Low,Tree Planting,Low priority for immediate planting.
85.80011399564478,20.249598555801224,0.3156146,0.06691801,0.09054793,-0.3047776,37.41638738,1.0,0.5707356507679702,0.0,0.5238504491906972,0.4718307830136526,0.42729706300801695,33.971104721116255,Low,Tree Planting,Low priority for immediate planting.
85.80110214245731,20.248610408988693,0.42770883,0.03623189,0.040755466,-0.40880504,37.35828104000001,1.0,0.543249797898126,0.0,0.43250158921538717,0.4250513982783009,0.5857673373819883,32.89320513177748,Low,Mist Sprayer,High heat exposure walking path: Install mist sprayers for pedestrian cooling.
85.80218012079824,20.248251082875043,0.20396695,0.20757182,0.20157029,-0.27164805,37.00280696000004,1.0,0.37510105092966933,0.0,0.7275311912758543,0.6862501586950045,0.3768291395602593,32.79679237958053,Low,Tree Planting,Low priority for immediate planting.
85.80235978385507,20.247173104534102,0.37373182,-0.03448276,0.0011507567,-0.3632653,36.83190596000003,0.7098039215686275,0.2942603071948194,0.2901960784313725,0.35984310330055963,0.3172506134682392,0.5163943422114898,32.7187680672483,Low,Tree Planting,Low priority for immediate planting.
85.80029365870159,20.24896973510234,0.50042576,-0.14341335,-0.07097611,-0.48191756,36.54479228000002,0.5411764705882353,0.1584478577202778,0.45882352941176474,0.22751972507536966,0.15119162722107454,0.6971433464866288,32.70840487422768,Low,Tree Planting,Low priority for immediate planting.
85.80146146857095,20.245376473965862,0.34821156,-0.06779664,0.0013391215,-0.35442263,36.66784100000001,0.6274509803921569,0.2166531932093613,0.37254901960784315,0.36018867587032594,0.2664653460721873,0.5029238546065032,32.635533627397145,Low,Tree Planting,Low priority for immediate planting.
85.8018207946846,20.249059566630752,0.35668334,-0.021345304,0.03436905,-0.40905717,37.39246123999999,1.0,0.5594179466450853,0.0,0.4207851210179491,0.33727797791404573,0.5861514197959927,32.32860919172217,Low,Tree Planting,Low priority for immediate planting.
85.80020382717318,20.250137544971697,0.44783056,-0.11517803,-0.04022151,-0.46869266,37.55823521000002,1.0,0.6378334680678981,0.0,0.2839418705831049,0.19423489555886925,0.6769971857085848,32.10645291345806,Low,Tree Planting,Low priority for immediate planting.
85.80011399564478,20.24995788191487,0.33333334,-0.035586335,0.028334724,-0.3652393,37.43005946000002,1.0,0.577202910266764,0.0,0.4097145943450901,0.3155682711092406,0.5194014365090541,31.811503299362215,Low,Tree Planting,Low priority for immediate planting.
85.79993433258795,20.250137544971697,0.3766012,-0.07109633,0.020949952,-0.43161634,37.41126035000002,1.0,0.568310428455933,0.0,0.3961665501394932,0.26143514127544565,0.6205169473870692,31.811331992395537,Low,Tree Planting,Low priority for immediate planting.
85.79975466953113,20.250047713443283,0.42378342,-0.026010208,0.023613967,-0.418754,37.24377737000003,0.9490196078431372,0.4890864995957924,0.050980392156862786,0.4010539309529257,0.33016657578925834,0.6009230926417126,31.783614361967565,Low,Tree Planting,Low priority for immediate planting.
85.80011399564478,20.250047713443283,0.412892,-0.061981674,-0.006445543,-0.42322317,37.43005946000002,1.0,0.577202910266764,0.0,0.3459069920523637,0.27532995755571765,0.6077312059253224,31.335303823598775,Low,Tree Planting,Low priority for immediate planting.
85.80011399564478,20.24968838732964,0.225,-0.020301921,0.052773565,-0.27937335,37.41638738,1.0,0.5707356507679702,0.0,0.45454989842780963,0.3388685607177148,0.3885974807846636,31.214978414480033,Low,Tree Planting,Low priority for immediate planting.
85.80011399564478,20.24986805038646,0.29196218,-0.039714623,0.028617114,-0.31766126,37.43005946000002,1.0,0.577202910266764,0.0,0.410232664801865,0.3092749120058304,0.4469233955904679,31.03156035599387,Low,Tree Planting,Low priority for immediate planting.
85.80011399564478,20.249778218858047,0.1909651,-0.037832305,0.0555106,-0.27914304,37.41638738,1.0,0.5707356507679702,0.0,0.4595712411547437,0.31214440733193477,0.3882466378831073,31.01954859251068,Low,Tree Planting,Low priority for immediate planting.
85.80002416411637,20.250137544971697,0.2638522,-0.054137323,0.040669516,-0.31810677,37.41126035000002,1.0,0.568310428455933,0.0,0.43234390602632317,0.2872882603137118,0.4476020635643827,30.883374682853788,Low,Tree Planting,Low priority for immediate planting.
85.80200045774143,20.247981588289807,0.28110602,0.24613175,0.21363951,-0.32306832,36.74645545999999,1.0,0.25383993532738097,0.0,0.7496732866698724,0.7450327548928368,0.4551602442695907,30.862227351493793,Low,Tree Planting,Low priority for immediate planting.
85.79984450105954,20.250047713443283,0.42378342,-0.026010208,0.023613967,-0.418754,37.17712598000003,0.9490196078431372,0.45755860953920174,0.050980392156862786,0.4010539309529257,0.33016657578925834,0.6009230926417126,30.837777660269843,Low,Tree Planting,Low priority for immediate planting.
85.80218012079824,20.24887990357393,0.6413214,-0.08907447,-0.053597018,-0.5760322,37.17370796,0.9372549019607844,0.4559417946644924,0.06274509803921557,0.2594032695733088,0.23402840728998198,0.8405129499624764,30.510794887431537,Low,Tree Planting,Low priority for immediate planting.
85.80226995232665,20.248251082875043,0.16024487,0.17952636,0.16474326,-0.22277041,36.97546280000006,1.0,0.36216653193210196,0.0,0.6599686137987376,0.6434963219955483,0.3023713520615744,30.223201905515353,Low,Tree Planting,Low priority for immediate planting.
85.80092247940048,20.248700240517103,0.42700028,-0.058967553,-0.007705985,-0.41339868,37.35828104000001,1.0,0.543249797898126,0.0,0.34359459514497226,0.27992482735020136,0.592765062128221,30.178311758902588,Low,Tree Planting,Low priority for immediate planting.
85.80029365870159,20.249598555801224,0.46040037,-0.117425114,-0.040131595,-0.4625218,37.41638738,1.0,0.5707356507679702,0.0,0.28410682792975644,0.1908093335468373,0.6675968017587022,29.967733295040844,Low,Tree Planting,Low priority for immediate planting.
85.80209028926984,20.24887990357393,0.53897923,-0.023498705,-0.0020307642,-0.5244444,37.17370796,1.0,0.4559417946644924,0.0,0.3540063102629099,0.3339952307349142,0.7619266383090362,29.947567184317926,Low,Tree Planting,Low priority for immediate planting.
85.80244961538348,20.248340914403457,0.35887358,0.11039659,0.108557254,-0.3491547,36.97546280000006,1.0,0.36216653193210196,0.0,0.556890212322845,0.5381116038397057,0.4948989497113825,29.548454678316617,Low,Tree Planting,Low priority for immediate planting.
85.8018207946846,20.249149398159165,0.502434,-0.12531182,-0.07036612,-0.49097377,37.39246123999999,0.992156862745098,0.5594179466450853,0.007843137254902044,0.22863880789674476,0.17878646280695212,0.7109391304017987,29.383886253812808,Low,Tree Planting,Low priority for immediate planting.
85.80020382717318,20.249329061215988,0.3447629,-0.052631564,0.040023904,-0.4277588,37.18567103000001,1.0,0.46160064672593487,0.0,0.43115947136596205,0.2895837111422857,0.614640561096985,29.35765419466018,Low,Tree Planting,Low priority for immediate planting.
85.80200045774143,20.24896973510234,0.26898047,0.029448366,0.06315059,-0.31349987,37.17370796,1.0,0.4559417946644924,0.0,0.4735875062811847,0.4147102707894724,0.44058413918776207,29.335010533924887,Low,Tree Planting,Low priority for immediate planting.
85.80020382717318,20.24923922968757,0.54524887,-0.14717618,-0.07155725,-0.55183184,36.920774480000034,0.8274509803921568,0.3362974939369403,0.1725490196078432,0.2264535702354314,0.14545538972139316,0.8036473144229602,29.015971099357728,Low,Tree Planting,Low priority for immediate planting.
85.80235978385507,20.248251082875043,0.15229885,0.18163265,0.14397906,-0.17811237,36.97546280000006,1.0,0.36216653193210196,0.0,0.6218747769824006,0.6467072509195773,0.23434149521030734,29.003605073997917,Low,Tree Planting,Low priority for immediate planting.
85.80235978385507,20.248340914403457,0.2764366,0.1046983,0.11698612,-0.3021159,36.97546280000006,1.0,0.36216653193210196,0.0,0.5723537431090429,0.5294248588148016,0.42324236042857066,28.97697429703242,Low,Tree Planting,Low priority for immediate planting.
85.80065298481524,20.24896973510234,0.35205317,0.013439081,0.047352888,-0.36275107,37.11047459000002,1.0,0.42603071948260773,0.0,0.44460516734873745,0.39030495325982406,0.5156109895769221,28.509158523076756,Low,Tree Planting,Low priority for immediate planting.
85.80235978385507,20.24852057746028,0.45393544,-0.019913066,0.029532434,-0.46223718,37.07116736,1.0,0.4074373484235844,0.0,0.41191190362227365,0.33946134982403603,0.6671632256801954,28.468044762083956,Low,Tree Planting,Low priority for immediate planting.
85.79993433258795,20.248700240517103,0.5975249,-0.15144466,-0.09717099,-0.55363685,36.2918588,0.5686274509803921,0.03880355699270216,0.43137254901960786,0.1794628057554089,0.13894831524748918,0.806396977684382,28.407540941117183,Low,Tree Planting,Low priority for immediate planting.
85.80235978385507,20.24843074593187,0.31419542,0.04075356,0.09073595,-0.37163278,36.97546280000006,1.0,0.36216653193210196,0.0,0.5241953891931153,0.4319444476627229,0.5291409487935484,28.338780760422498,Low,Tree Planting,Low priority for immediate planting.
85.80146146857095,20.248161251346637,0.27015194,0.16108182,0.14454977,-0.3061441,36.81139784000004,1.0,0.28455941794664386,0.0,0.6229217970269703,0.6153785856076771,0.42937872175047975,28.328182567385436,Low,Mist Sprayer,High heat exposure walking path: Install mist sprayers for pedestrian cooling.
85.80065298481524,20.24887990357393,0.2801837,0.031521484,0.06454319,-0.30110034,37.11047459000002,1.0,0.42603071948260773,0.0,0.47614235920835885,0.4178706307347435,0.42169530638356845,28.318716343786733,Low,Tree Planting,Low priority for immediate planting.
85.8025394469119,20.246903609948863,0.1491457,0.13324596,0.13159728,-0.18447761,36.807979820000014,0.9333333333333332,0.2829426030719345,0.06666666666666676,0.5991592614886285,0.5729442731439514,0.24403798807080812,27.978822959968397,Low,Tree Planting,Low priority for immediate planting.
85.80244961538348,20.245017147852213,0.50931674,-0.107818544,-0.07070364,-0.45683452,36.57555446000004,0.6941176470588236,0.17299919159256127,0.3058823529411764,0.22801959637873542,0.20545404698786815,0.6589330797441877,27.9600233137196,Low,Tree Planting,Low priority for immediate planting.
85.80029365870159,20.2478917567614,0.19834508,0.11295263,0.13641272,-0.26809165,36.89343031999999,1.0,0.323362974939346,0.0,0.6079936295624699,0.5420081531121111,0.3714114951023779,27.954990173762322,Low,Tree Planting,Low priority for immediate planting.
85.80020382717318,20.247262936062512,0.6584714,-0.075563245,-0.050954487,-0.55460924,36.53453822000006,0.7529411764705882,0.15359741309620684,0.24705882352941178,0.26425123601054745,0.25462556302426514,0.8078782686793207,27.843788073609687,Low,Tree Planting,Low priority for immediate planting.
85.80083264787207,20.24807141981822,0.49385077,0.060178813,0.067358896,-0.4441215,36.83532398,1.0,0.29587712206950184,0.0,0.4813080311286246,0.4615572297175588,0.6395666917265475,27.107173343455482,Low,Mist Sprayer,High heat exposure walking path: Install mist sprayers for pedestrian cooling.
85.80226995232665,20.247532430647748,0.53258955,-0.11514634,-0.07171767,-0.46546885,36.81481586000001,0.8156862745098039,0.2861762328213263,0.1843137254901961,0.22615926497435335,0.19428320530615115,0.6720861924626724,27.09235032910019,Low,Tree Planting,Low priority for immediate planting.
85.80011399564478,20.248340914403457,0.17442779,0.23535457,0.19377162,-0.18802395,36.65075090000005,1.0,0.20856911883589513,0.0,0.7132238130785502,0.728603507741938,0.24944030762056724,26.73586891488016,Low,Tree Planting,Low priority for immediate planting.
85.8018207946846,20.24618495772157,0.23875915,0.16060464,0.13259934,-0.29330423,36.71911130000001,1.0,0.24090541632981358,0.0,0.6009976328258424,0.6146511496591761,0.4098190966955316,26.48682944582912,Low,Tree Planting,Low priority for immediate planting.
85.80020382717318,20.24950872427281,0.3810404,-0.13621552,-0.024390243,-0.4340554,37.18567103000001,1.0,0.46160064672593487,0.0,0.31298578759863455,0.1621643425343711,0.6242324911648895,26.406774552750168,Low,Tree Planting,Low priority for immediate planting.
85.80029365870159,20.24950872427281,0.40519837,-0.12730466,-0.03605016,-0.43664336,37.18567103000001,1.0,0.46160064672593487,0.0,0.2915945962457275,0.17574848247330296,0.628174861863129,26.261171788828275,Low,Tree Planting,Low priority for immediate planting.
85.80289877302555,20.24582563160792,0.6399691,-0.09736341,-0.06706029,-0.555827,36.45250573999999,0.7450980392156863,0.1147938561034509,0.2549019607843137,0.23470365742441987,0.2213923518581371,0.8097333442374777,26.197196132876954,Low,Tree Planting,Low priority for immediate planting.
85.80092247940048,20.24771209370457,0.4717064,0.032739803,0.0697985,-0.47589836,36.756709520000015,1.0,0.2586903799514822,0.0,0.48578370929934545,0.41972789431943225,0.6879739939051195,26.124485920280165,Low,Tree Planting,Low priority for immediate planting.
85.8010123109289,20.24771209370457,0.4717064,0.032739803,0.0697985,-0.47589836,36.756709520000015,1.0,0.2586903799514822,0.0,0.48578370929934545,0.41972789431943225,0.6879739939051195,26.124485920280165,Low,Tree Planting,Low priority for immediate planting.
85.80226995232665,20.24879007204552,0.33775508,-0.073929965,-0.022923805,-0.35714284,37.17370796,1.0,0.4559417946644924,0.0,0.31567610313562977,0.2571154129466586,0.5070676884358738,26.055226400794538,Low,Tree Planting,Low priority for immediate planting.
85.80209028926984,20.24699344147728,0.20161061,0.095083356,0.12447951,-0.24940194,36.79772576000005,1.0,0.27809215844786017,0.0,0.5861010570369174,0.5147673796488185,0.34294051214182486,25.711359526896,Low,Tree Planting,Low priority for immediate planting.
85.80218012079824,20.24879007204552,0.35128093,-0.08621292,-0.026630381,-0.3515744,37.17370796,1.0,0.4559417946644924,0.0,0.3088760481712511,0.2383906905760229,0.49858500141949624,25.68115148245873,Low,Tree Planting,Low priority for immediate planting.
85.80235978385507,20.24771209370457,0.4872953,-0.09499061,-0.048280086,-0.43074414,36.79772576000005,0.8666666666666667,0.27809215844786017,0.1333333333333333,0.2691576708972972,0.22500956133590885,0.6191882808995639,25.488774905916657,Low,Tree Planting,Low priority for immediate planting.
85.80110214245731,20.24771209370457,0.37975445,0.023918018,0.06898348,-0.4203439,36.756709520000015,1.0,0.2586903799514822,0.0,0.48428848006431346,0.40627954455844734,0.6033450679323396,25.121284724417038,Low,Tree Planting,Low priority for immediate planting.
85.80065298481524,20.24807141981822,0.42590013,-0.0015369204,0.038401846,-0.42391735,36.83532398,1.0,0.29587712206950184,0.0,0.428183656609861,0.3674748225268488,0.6087886855197921,25.06170359169938,Low,Tree Planting,Low priority for immediate planting.
85.80074281634366,20.247532430647748,0.36720553,0.03778952,0.06616036,-0.35391653,36.784053680000056,1.0,0.2716248989490765,0.0,0.479109206478385,0.4274259237329797,0.5021528868131915,24.631173171109783,Low,Tree Planting,Low priority for immediate planting.
85.80083264787207,20.248700240517103,0.54009557,-0.09227871,-0.041544758,-0.5072765,36.95153665999999,1.0,0.35084882780919013,0.0,0.2815142502856918,0.22914371102520814,0.7357739056894034,24.397354755707195,Low,Mist Sprayer,High heat exposure walking path: Install mist sprayers for pedestrian cooling.
85.80038349023,20.24923922968757,0.45919257,-0.058352627,-0.009076673,-0.43542853,36.920774480000034,1.0,0.3362974939369403,0.0,0.34107994179940093,0.2808622498701475,0.6263242497225463,24.27698894102616,Low,Tree Planting,Low priority for immediate planting.
85.80074281634366,20.24807141981822,0.4830287,-0.05006933,-0.00035107974,-0.48983604,36.83532398,1.0,0.29587712206950184,0.0,0.3570878460659833,0.2934897028436803,0.7092059686008018,24.259588067519626,Low,Tree Planting,Low priority for immediate planting.
85.80029365870159,20.249059566630752,0.5573632,-0.16736752,-0.0900427,-0.51569754,36.920774480000034,0.9254901960784314,0.3362974939369403,0.07450980392156858,0.1925403101157756,0.11467474810941047,0.7486021029353818,24.217641117547664,Low,Tree Planting,Low priority for immediate planting.
85.80029365870159,20.249149398159165,0.5079414,-0.08760109,-0.026737971,-0.49122268,36.920774480000034,1.0,0.3362974939369403,0.0,0.3086786644096292,0.23627449802681588,0.7113183076265235,24.19503284078604,Low,Tree Planting,Low priority for immediate planting.
85.80047332175842,20.24744259911934,0.40393445,0.037969,0.04802214,-0.37199616,36.76012753999999,1.0,0.26030719482616804,0.0,0.4458329717658114,0.42769953160430063,0.5296945039738165,24.07065077705338,Low,Tree Planting,Low priority for immediate planting.
85.80029365870159,20.24923922968757,0.50093925,-0.08265585,-0.023480674,-0.4701012,36.920774480000034,1.0,0.3362974939369403,0.0,0.3146544756800053,0.24381325771910184,0.6791428861148113,24.03830339164742,Low,Tree Planting,Low priority for immediate planting.
85.80083264787207,20.24771209370457,0.37802944,-0.06699402,0.0074943947,-0.41620108,36.900266360000046,1.0,0.3265966046887647,0.0,0.37148109131810486,0.2676888982767765,0.597034100152281,24.01734449472509,Low,Tree Planting,Low priority for immediate planting.
85.80209028926984,20.24879007204552,0.28699887,-0.13497439,-0.047107175,-0.3252315,37.17370796,1.0,0.4559417946644924,0.0,0.27130948412554995,0.16405638029530623,0.4584555260540918,23.973015165312002,Low,Tree Planting,Low priority for immediate planting.
85.80289877302555,20.246364620778397,0.49391893,-0.060177434,-0.022550978,-0.44274062,36.63024278,0.8862745098039215,0.19886822958769268,0.11372549019607847,0.31636008859612064,0.27808042705511704,0.6374631272009037,23.847275915995546,Low,Tree Planting,Low priority for immediate planting.
85.80244961538348,20.24852057746028,0.65838206,-0.19006819,-0.13416559,-0.56784153,37.07116736,0.976470588235294,0.4074373484235844,0.02352941176470602,0.11159280568385979,0.08006876417660129,0.8280356870190968,23.801586461687123,Low,Tree Planting,Low priority for immediate planting.
85.80244961538348,20.24843074593187,0.5323514,-0.11417096,-0.054432806,-0.4888832,36.97546280000006,1.0,0.36216653193210196,0.0,0.25786993953001053,0.19577012109358755,0.7077544591122045,23.768290852971134,Low,Tree Planting,Low priority for immediate planting.
85.80191062621302,20.24618495772157,0.30175135,0.05423448,0.071725145,-0.32845002,36.71911130000001,1.0,0.24090541632981358,0.0,0.48931831695256645,0.45249540500977414,0.46335846077475895,23.725475902028233,Low,Tree Planting,Low priority for immediate planting.
85.80047332175842,20.249059566630752,0.36898974,-0.06694737,0.0020728477,-0.3801743,36.920774480000034,1.0,0.3362974939369403,0.0,0.3615347641439252,0.26776001376149416,0.5421526793328251,23.61107321121028,Low,Tree Planting,Low priority for immediate planting.
85.80047332175842,20.24852057746028,0.26837972,0.14874253,0.13929108,-0.26973918,36.536247230000015,1.0,0.15440582053353463,0.0,0.6132742460147615,0.5965679834764505,0.3739212610943061,23.536180751935028,Low,Mist Sprayer,High heat exposure walking path: Install mist sprayers for pedestrian cooling.
85.80173096315619,20.246813778420453,0.42849964,0.034974515,0.06488548,-0.43209878,36.62682475999998,1.0,0.19725141471298333,0.0,0.4767703217305781,0.42313459586464897,0.62125187270263,23.512961953020962,Low,Tree Planting,Low priority for immediate planting.
85.80218012079824,20.24708327300569,0.31835407,0.018738654,0.051944435,-0.3119612,36.79772576000005,1.0,0.27809215844786017,0.0,0.4530287830985637,0.3983838750752925,0.43824020515390516,23.504437302206238,Low,Tree Planting,Low priority for immediate planting.
85.80200045774143,20.24618495772157,0.3272311,-0.016157303,0.032309957,-0.34432143,36.83190596000003,1.0,0.2942603071948194,0.0,0.41700752531324287,0.34518681405189533,0.487536184434995,23.410152080412132,Low,Mist Sprayer,High heat exposure walking path: Install mist sprayers for pedestrian cooling.
85.80038349023,20.246903609948863,0.5701459,-0.124598056,-0.07812743,-0.49625668,36.42857960000004,0.7686274509803922,0.10347615198059623,0.2313725490196078,0.21439997005945732,0.17987455868763833,0.7189868550905251,23.406937463777652,Low,Tree Planting,Low priority for immediate planting.
85.80083264787207,20.248610408988693,0.5209279,-0.1116845,-0.06367565,-0.4971457,36.95153665999999,1.0,0.35084882780919013,0.0,0.24091309115372544,0.1995605992957539,0.7203411443369387,23.338178637908513,Low,Tree Planting,Low priority for immediate planting.
85.80173096315619,20.246364620778397,0.36432025,0.022145199,0.052963775,-0.402375,36.674677040000006,1.0,0.21988682295875314,0.0,0.4548988561868774,0.4035769747299014,0.5759721313956099,23.21557859282087,Low,Tree Planting,Low priority for immediate planting.
85.80038349023,20.249149398159165,0.5666015,-0.11309523,-0.062285885,-0.51417,36.920774480000034,1.0,0.3362974939369403,0.0,0.24346274301235987,0.1974100152066706,0.7462751237949048,23.17771735330936,Low,Tree Planting,Low priority for immediate planting.
85.80119197398571,20.24708327300569,0.22404934,0.18494442,0.17149588,-0.23836753,36.44225168000003,1.0,0.10994341147937657,0.0,0.672356916953337,0.6517558710444088,0.32613123585611703,23.16252716768661,Low,Tree Planting,Low priority for immediate planting.
85.80020382717318,20.24852057746028,0.17682931,0.19150208,0.16116273,-0.15470089,36.536247230000015,1.0,0.15440582053353463,0.0,0.6533998018273639,0.661752680680284,0.1986776005773072,23.037474455992413,Low,Tree Planting,Low priority for immediate planting.
85.80065298481524,20.247532430647748,0.26243567,0.023354564,0.05128655,-0.28222996,36.784053680000056,1.0,0.2716248989490765,0.0,0.45182183248963503,0.4054205884099779,0.39294909965060354,22.909771336422633,Low,Tree Planting,Low priority for immediate planting.
85.80074281634366,20.246544283835217,0.54415953,-0.14490917,-0.08132726,-0.51778215,36.21324434000002,0.6980392156862745,0.001616814874682479,0.3019607843137255,0.20852958729200086,0.14891132787808709,0.7517776950547566,22.751965935929316,Low,Tree Planting,Low priority for immediate planting.
85.80011399564478,20.24852057746028,0.26374573,0.13951449,0.1280917,-0.2382155,36.536247230000015,1.0,0.15440582053353463,0.0,0.5927279521934659,0.5825003192193461,0.32589964084798206,22.60709349958131,Low,Tree Planting,Low priority for immediate planting.
85.80218012079824,20.247801925232984,0.2966179,0.004037255,0.07436808,-0.35191798,36.661004960000014,1.0,0.21341956345996943,0.0,0.4941670245650045,0.375972361336543,0.49910839425574616,22.56589982819704,Low,Tree Planting,Low priority for immediate planting.
85.80038349023,20.249059566630752,0.51507276,-0.13623077,-0.058172584,-0.4861076,36.920774480000034,1.0,0.3362974939369403,0.0,0.2510089724394736,0.16214109470710542,0.7035262468871184,22.510732820642552,Low,Tree Planting,Low priority for immediate planting.
85.80271910996872,20.24519681090904,0.6013513,-0.099767946,-0.06296293,-0.56341827,36.67125901999998,0.945098039215686,0.21827000808404376,0.054901960784313975,0.24222064161922566,0.21772676250848963,0.8212975107664906,22.49322122701049,Low,Tree Planting,Low priority for immediate planting.
85.80083264787207,20.24762226217616,0.30187795,-0.041111317,0.030604443,-0.3536734,36.784053680000056,1.0,0.2716248989490765,0.0,0.4138786028407191,0.30714572506451765,0.5017825145555589,22.446208407283848,Low,Tree Planting,Low priority for immediate planting.
85.80038349023,20.24744259911934,0.43582433,-0.04288379,0.008405913,-0.41245794,36.76012753999999,1.0,0.26030719482616804,0.0,0.3731533555698124,0.30444368269487226,0.5913319851831903,22.36427285711285,Low,Tree Planting,Low priority for immediate planting.
85.80226995232665,20.2478917567614,0.3625731,-0.060405467,0.010042203,-0.39066738,36.79772576000005,1.0,0.27809215844786017,0.0,0.37615528024036093,0.2777328026751252,0.5581373201797788,22.34379518559026,Low,Tree Planting,Low priority for immediate planting.
85.80235978385507,20.247981588289807,0.38247013,-0.03361702,0.012062717,-0.37038082,36.784053680000056,1.0,0.2716248989490765,0.0,0.379862099217308,0.318570388810993,0.5272337746411784,22.30472009125363,Low,Tree Planting,Low priority for immediate planting.
85.80226995232665,20.247173104534102,0.17817646,-0.012460424,0.050150562,-0.23429455,36.83190596000003,1.0,0.2942603071948194,0.0,0.4497377579046611,0.35082251270200304,0.3199266588895042,22.28136730032957,Low,Tree Planting,Low priority for immediate planting.
85.8026292784403,20.24528664243745,0.35359836,-0.016783815,0.040221106,-0.38343072,36.69176714000002,1.0,0.22797089733224282,0.0,0.431521256592836,0.344231729281018,0.5471133490453248,22.22539655212325,Low,Tree Planting,Low priority for immediate planting.
85.80173096315619,20.246723946892043,0.30265892,0.011578986,0.064743,-0.3618564,36.62682475999998,1.0,0.19725141471298333,0.0,0.476508929051371,0.38746933573472464,0.5142480933990083,22.082350668497398,Low,Tree Planting,Low priority for immediate planting.
85.80146146857095,20.246364620778397,0.26098043,0.055803094,0.095637105,-0.3307416,36.54821030000005,1.0,0.16006467259499052,0.0,0.5331870093268827,0.4548866749978749,0.4668493407901655,22.01710547563336,Low,Tree Planting,Low priority for immediate planting.
85.80056315328683,20.248610408988693,0.24999999,0.12085193,0.11081443,-0.245614,36.536247230000015,1.0,0.15440582053353463,0.0,0.5610312095300455,0.5540502227461985,0.33717015106101644,21.95984649702887,Low,Tree Planting,Low priority for immediate planting.
85.80280894149713,20.245376473965862,0.4916512,-0.034939304,0.00027917838,-0.47329843,36.67125901999998,1.0,0.21827000808404376,0.0,0.358244112619737,0.3165546360222598,0.6840133886989055,21.927442179029022,Low,Tree Planting,Low priority for immediate planting.
85.8010123109289,20.247532430647748,0.38580826,-0.0075162537,0.039230194,-0.39696828,36.64733288000002,1.0,0.20695230396118575,0.0,0.42970333728810234,0.35835964169259543,0.5677358006557278,21.91507360164034,Low,Tree Planting,Low priority for immediate planting.
85.80092247940048,20.247532430647748,0.38580826,-0.0075162537,0.039230194,-0.39696828,36.64733288000002,1.0,0.20695230396118575,0.0,0.42970333728810234,0.35835964169259543,0.5677358006557278,21.91507360164034,Low,Tree Planting,Low priority for immediate planting.
85.80074281634366,20.247981588289807,0.49143547,-0.104322985,-0.0435133,-0.46423498,36.83532398,1.0,0.29587712206950184,0.0,0.2779027787281984,0.21078284382911505,0.6702065757246097,21.854749538545278,Low,Tree Planting,Low priority for immediate planting.
85.80164113162778,20.246813778420453,0.4689349,0.01666943,0.05200557,-0.47475246,36.50719406000002,1.0,0.14066289409861255,0.0,0.4531409408852237,0.3952294513293244,0.6862283863288383,21.831579312818363,Low,Tree Planting,Low priority for immediate planting.
85.80065298481524,20.247981588289807,0.5407063,-0.11457855,-0.05698377,-0.4939512,36.83532398,1.0,0.29587712206950184,0.0,0.25318996118553544,0.19514877145980256,0.7154748005002775,21.780398799468887,Low,Tree Planting,Low priority for immediate planting.
85.80200045774143,20.247173104534102,0.2893273,0.021121308,0.05284971,-0.30283672,36.67809506000003,1.0,0.2215036378334625,0.0,0.4546895934415535,0.4020161064605971,0.42434042208590106,21.72901832209216,Low,Tree Planting,Low priority for immediate planting.
85.80280894149713,20.24528664243745,0.61238146,-0.15064673,-0.09341449,-0.5724776,36.67125901999998,0.9254901960784314,0.21827000808404376,0.07450980392156858,0.18635445089466635,0.14016471779241435,0.8350980475358694,21.703887796479044,Low,Tree Planting,Low priority for immediate planting.
85.80155130009936,20.246364620778397,0.3339908,0.0558399,0.07659504,-0.34060127,36.54821030000005,1.0,0.16006467259499052,0.0,0.4982525877379902,0.45494278381953657,0.4818690760651738,21.643847592766676,Low,Tree Planting,Low priority for immediate planting.
85.80226995232665,20.24762226217616,0.44995493,-0.07606512,-0.019697955,-0.39623734,36.81481586000001,1.0,0.2861762328213263,0.0,0.32159422198894366,0.2538604808400707,0.5666223226892325,21.61402834976698,Low,Tree Planting,Low priority for immediate planting.
85.8026292784403,20.24843074593187,0.42192692,-0.12801205,-0.041237123,-0.4287077,36.87634022000003,1.0,0.3152789005658798,0.0,0.2820786350194642,0.17467010342218994,0.6160860685837929,21.597108262328188,Low,Tree Planting,Low priority for immediate planting.
85.8025394469119,20.24843074593187,0.42192692,-0.12801205,-0.041237123,-0.4287077,36.87634022000003,1.0,0.3152789005658798,0.0,0.2820786350194642,0.17467010342218994,0.6160860685837929,21.597108262328188,Low,Tree Planting,Low priority for immediate planting.
85.80155130009936,20.247532430647748,0.49377593,0.06275692,0.08813999,-0.48244473,36.36021920000002,1.0,0.07113985448664752,0.0,0.5194328615435194,0.4654874189771297,0.6979464112793579,21.560026860317095,Low,Tree Planting,Low priority for immediate planting.
85.80146146857095,20.246813778420453,0.5314585,-0.0034353645,0.0290927,-0.5077428,36.50719406000002,1.0,0.14066289409861255,0.0,0.4111051711096512,0.36458074380485794,0.7364842441245373,21.397114268897095,Low,Tree Planting,Low priority for immediate planting.
85.8018207946846,20.247173104534102,0.24154912,0.036651056,0.09146059,-0.30678606,36.55504633999999,1.0,0.1632983023443555,0.0,0.5255248079961797,0.4256903949185402,0.4303566519709786,21.34229165916855,Low,Tree Planting,Low priority for immediate planting.
85.80280894149713,20.24609512619316,0.6129181,-0.090625465,-0.053096216,-0.57300335,36.58580852,0.9647058823529412,0.17784963621663225,0.03529411764705881,0.26032203695492206,0.23166399654572345,0.835898949170593,21.151243215633023,Low,Tree Planting,Low priority for immediate planting.
85.80110214245731,20.24744259911934,0.3487587,-0.027543124,0.03200003,-0.37493855,36.64733288000002,1.0,0.20695230396118575,0.0,0.4164389356944289,0.3278297255347793,0.5341767958634873,21.075218368234673,Low,Tree Planting,Low priority for immediate planting.
85.8026292784403,20.245106979380623,0.33941907,-0.04375943,-0.0024850152,-0.3327828,36.67125901999998,0.9607843137254902,0.21827000808404376,0.039215686274509776,0.3531729449770979,0.30310881531999195,0.46995880425530645,20.94891963253861,Low,Tree Planting,Low priority for immediate planting.
85.79984450105954,20.248340914403457,0.4609375,0.0209424,0.046926633,-0.44811565,36.47472287000005,1.0,0.125303152789008,0.0,0.4438231633027281,0.40174337057335446,0.6456511829568496,20.8903875685132,Low,Tree Planting,Low priority for immediate planting.
85.80020382717318,20.247352767590925,0.5851319,-0.034428794,-0.0042539737,-0.51215327,36.53453822000006,0.9882352941176472,0.15359741309620684,0.011764705882352788,0.349927627727511,0.31733288181225366,0.7432029367215882,20.873959700019633,Low,Tree Planting,Low priority for immediate planting.
85.80146146857095,20.246723946892043,0.28185326,0.054804295,0.082684845,-0.31517702,36.50719406000002,1.0,0.14066289409861255,0.0,0.5094248957447187,0.45336405816999686,0.4431390268276607,20.826291109105732,Low,Tree Planting,Low priority for immediate planting.
85.80155130009936,20.246813778420453,0.43390143,-0.0053286147,0.046890173,-0.43423176,36.50719406000002,1.0,0.14066289409861255,0.0,0.4437562740755812,0.36169458291172185,0.62450114929575,20.73818825616681,Low,Mist Sprayer,High heat exposure walking path: Install mist sprayers for pedestrian cooling.
85.80235978385507,20.2478917567614,0.5548945,-0.11737271,-0.07309765,-0.49118257,36.79772576000005,1.0,0.27809215844786017,0.0,0.2236275645991976,0.19088922070356065,0.7112572060296262,20.71864248975564,Low,Tree Planting,Low priority for immediate planting.
85.80137163704254,20.247532430647748,0.48443225,-0.027901078,0.015134999,-0.49057472,36.53112020000003,1.0,0.15198059822149745,0.0,0.38549848343445914,0.32728404338651296,0.7103312373017769,20.718048005044707,Low,Tree Planting,Low priority for immediate planting.
85.80155130009936,20.246723946892043,0.3600186,0.0138373105,0.0550536,-0.39775172,36.50719406000002,1.0,0.14066289409861255,0.0,0.45873283257531045,0.39091203330101093,0.5689292545343922,20.699292189942064,Low,Mist Sprayer,High heat exposure walking path: Install mist sprayers for pedestrian cooling.
85.80137163704254,20.246723946892043,0.27003402,0.06255603,0.104736,-0.32271117,36.43883366,1.0,0.1083265966046672,0.0,0.5498797700081989,0.46518117268077536,0.4546161795642335,20.695967970713085,Low,Tree Planting,Low priority for immediate planting.
85.79984450105954,20.24852057746028,0.673368,-0.20749797,-0.14940669,-0.619235,36.2918588,0.7529411764705883,0.03880355699270216,0.24705882352941166,0.08363160437095231,0.053497976326181064,0.906325965929454,20.663879021431107,Low,Tree Planting,Low priority for immediate planting.
85.80128180551412,20.247173104534102,0.30400974,0.03297891,0.069686405,-0.3229783,36.53453822000006,1.0,0.15359741309620684,0.0,0.48557806070041426,0.4200924004331383,0.4550231122388577,20.642748430112377,Low,Tree Planting,Low priority for immediate planting.
85.80226995232665,20.24771209370457,0.39223352,-0.101897694,-0.01647544,-0.36763954,36.79772576000005,1.0,0.27809215844786017,0.0,0.32750622247767897,0.21448007309055916,0.5230578438123905,20.630737259630486,Low,Tree Planting,Low priority for immediate planting.
85.8010123109289,20.24627478924998,0.56978965,-0.09466663,-0.05265912,-0.5392547,36.295276820000026,0.8470588235294116,0.04042037186741153,0.15294117647058836,0.26112392981364396,0.2255034518983703,0.7844879192995212,20.582324991676515,Low,Tree Planting,Low priority for immediate planting.
85.80271910996872,20.24528664243745,0.5052448,-0.09518762,-0.03929147,-0.49392715,36.69176714000002,1.0,0.22797089733224282,0.0,0.2856481145988949,0.22470922989658998,0.7154381639157503,20.52532257707411,Low,Tree Planting,Low priority for immediate planting.
85.80092247940048,20.247262936062512,0.48054054,-0.015572846,0.011327102,-0.47416577,36.52428415999998,1.0,0.14874696847207872,0.0,0.37851254576619264,0.3460777881751885,0.68533465170197,20.454221639426837,Low,Tree Planting,Low priority for immediate planting.
85.8010123109289,20.247262936062512,0.48054054,-0.015572846,0.011327102,-0.47416577,36.52428415999998,1.0,0.14874696847207872,0.0,0.37851254576619264,0.3460777881751885,0.68533465170197,20.454221639426837,Low,Tree Planting,Low priority for immediate planting.
85.8010123109289,20.24762226217616,0.49500778,-0.07395603,-0.0205911,-0.47375327,36.64733288000002,1.0,0.20695230396118575,0.0,0.31995566524785435,0.2570756782176304,0.6847062695349257,20.425723575078948,Low,Tree Planting,Low priority for immediate planting.
85.80092247940048,20.24762226217616,0.49500778,-0.07395603,-0.0205911,-0.47375327,36.64733288000002,1.0,0.20695230396118575,0.0,0.31995566524785435,0.2570756782176304,0.6847062695349257,20.425723575078948,Low,Tree Planting,Low priority for immediate planting.
85.8026292784403,20.24519681090904,0.3430657,-0.011187482,0.017364357,-0.32001027,36.67125901999998,1.0,0.21827000808404376,0.0,0.38958844595924674,0.3527630461928382,0.45050176163703404,20.424575010208738,Low,Tree Planting,Low priority for immediate planting.
85.80137163704254,20.246813778420453,0.49871525,-0.0026566868,0.03583139,-0.49417794,36.43883366,1.0,0.1083265966046672,0.0,0.4234679183966106,0.36576779722552955,0.7158202050398061,20.41769669674253,Low,Tree Planting,Low priority for immediate planting.
85.80110214245731,20.247532430647748,0.5568836,-0.09529745,-0.045920882,-0.5205361,36.64733288000002,1.0,0.20695230396118575,0.0,0.2734858478649843,0.22454179980684635,0.7559729267370144,20.116004102248947,Low,Tree Planting,Low priority for immediate planting.
85.80173096315619,20.247173104534102,0.23958334,0.021917822,0.071856976,-0.27386263,36.55504633999999,1.0,0.1632983023443555,0.0,0.4895601730607399,0.4032303503875938,0.380202721571151,20.076682385829212,Low,Tree Planting,Low priority for immediate planting.
85.80029365870159,20.24708327300569,0.62807184,-0.1616928,-0.1234601,-0.55917627,36.41832554000001,0.8352941176470589,0.09862570735649166,0.16470588235294115,0.1312330128239821,0.12332556190227167,0.8148354570632139,20.073582485062275,Low,Tree Planting,Low priority for immediate planting.
85.80164113162778,20.246723946892043,0.2868003,0.036398113,0.0716892,-0.30027935,36.50719406000002,1.0,0.14066289409861255,0.0,0.48925237254033954,0.4253047965466016,0.42044465068581893,20.016166883387676,Low,Tree Planting,Low priority for immediate planting.
85.80164113162778,20.246364620778397,0.3097005,-0.024505587,0.03463457,-0.38104898,36.54821030000005,1.0,0.16006467259499052,0.0,0.421272241906376,0.33246029179636155,0.5434851237300862,19.88047796170983,Very Low,Tree Planting,Low priority for immediate planting.
85.80209028926984,20.247173104534102,0.39586824,-0.07020549,-0.015580098,-0.3931457,36.67809506000003,1.0,0.2215036378334625,0.0,0.3291488098175627,0.2627931802552072,0.5619126707063946,19.829399791883333,Very Low,Tree Planting,Low priority for immediate planting.
85.80289877302555,20.245376473965862,0.73399013,-0.22499622,-0.17724629,-0.62995774,36.67125901999998,0.9058823529411764,0.21827000808404376,0.09411764705882364,0.03255729476922942,0.02682280954245715,0.9226604595000039,19.825410001543194,Very Low,Tree Planting,Low priority for immediate planting.
85.80191062621302,20.247173104534102,0.20157738,0.0131453285,0.07577058,-0.25606206,36.55504633999999,1.0,0.1632983023443555,0.0,0.4967400399537464,0.38985714293989854,0.3530862106590966,19.779483205626814,Very Low,Tree Planting,Low priority for immediate planting.
85.80110214245731,20.24762226217616,0.55847514,-0.10930554,-0.04773444,-0.5141243,36.64733288000002,1.0,0.20695230396118575,0.0,0.2701587087260354,0.20318719937129334,0.7462055066675498,19.754876810114535,Very Low,Tree Planting,Low priority for immediate planting.
85.80047332175842,20.247173104534102,0.3380892,0.0037936342,0.043374762,-0.3380892,36.53453822000006,1.0,0.15359741309620684,0.0,0.4373069289057044,0.3756009741708559,0.47804231245216344,19.703959192701966,Very Low,Tree Planting,Low priority for immediate planting.
85.80218012079824,20.247532430647748,0.43235373,-0.07790398,-0.0038246643,-0.39576885,36.65075090000005,1.0,0.20856911883589513,0.0,0.35071523535156196,0.25105723496165894,0.5659086481160482,19.687460926127358,Very Low,Tree Planting,Low priority for immediate planting.
85.80218012079824,20.247262936062512,0.50250417,-0.10837441,-0.0513614,-0.48555708,36.67809506000003,1.0,0.2215036378334625,0.0,0.26350471664450176,0.204606658348467,0.702687611855358,19.67062258670965,Very Low,Tree Planting,Low priority for immediate planting.
85.80056315328683,20.24708327300569,0.37985817,0.018959278,0.050508004,-0.4005183,36.42857960000004,1.0,0.10347615198059623,0.0,0.45039351816603906,0.39872020482235243,0.5731437261360923,19.57882664149292,Very Low,Tree Planting,Low priority for immediate planting.
85.80020382717318,20.24879007204552,0.4489796,-0.040908005,0.0029756806,-0.4362153,36.54479228000002,1.0,0.1584478577202778,0.0,0.36319109422960255,0.3074556635731761,0.6275227763590685,19.55108654437482,Very Low,Tree Planting,Low priority for immediate planting.
85.80029365870159,20.247352767590925,0.4097421,-0.0459992,0.0096733775,-0.4253358,36.53453822000006,1.0,0.15359741309620684,0.0,0.3754786359000683,0.29969440311836143,0.6109494823315349,19.346540785886194,Very Low,Tree Planting,Low priority for immediate planting.
85.80047332175842,20.247262936062512,0.42060727,-0.03781817,0.010610091,-0.41252166,36.53453822000006,1.0,0.15359741309620684,0.0,0.3771971230660877,0.3121659554000267,0.5914290530903031,19.30182932378082,Very Low,Tree Planting,Low priority for immediate planting.
85.80119197398571,20.24744259911934,0.36834985,-0.04170244,0.02530871,-0.3899702,36.53112020000003,1.0,0.15198059822149745,0.0,0.40416309303418235,0.3062445889729259,0.5570752705331852,19.25506293721877,Very Low,Tree Planting,Low priority for immediate planting.
85.80137163704254,20.24744259911934,0.39717084,-0.052631617,0.007662364,-0.4292075,36.53112020000003,1.0,0.15198059822149745,0.0,0.3717892464651539,0.28958363034655815,0.6168474392676443,19.200567339764255,Very Low,Tree Planting,Low priority for immediate planting.
85.80047332175842,20.248610408988693,0.2833281,-0.0059288805,0.049142085,-0.29971275,36.536247230000015,1.0,0.15440582053353463,0.0,0.44788761399008553,0.36077950909979406,0.4195815201746741,19.154099118602005,Very Low,Mist Sprayer,High heat exposure walking path: Install mist sprayers for pedestrian cooling.
85.80056315328683,20.248700240517103,0.39424205,-0.023727335,0.017766118,-0.37207285,36.536247230000015,1.0,0.15440582053353463,0.0,0.390325513506909,0.3336466962596517,0.5298113297396119,19.121637578602314,Very Low,Mist Sprayer,High heat exposure walking path: Install mist sprayers for pedestrian cooling.
85.80209028926984,20.247262936062512,0.4753473,-0.109836064,-0.047402006,-0.44234353,36.67809506000003,1.0,0.2215036378334625,0.0,0.27076858950873844,0.20237844328524085,0.6368582198682695,19.099004609170056,Very Low,Tree Planting,Low priority for immediate planting.
85.80218012079824,20.2478917567614,0.4441205,-0.11269186,-0.036204048,-0.43852857,36.661004960000014,1.0,0.21341956345996943,0.0,0.2913122745400999,0.19802493167120563,0.6310466978513314,19.062987317125952,Very Low,Tree Planting,Low priority for immediate planting.
85.80128180551412,20.246723946892043,0.37164,0.0032258076,0.041421626,-0.38461542,36.43883366,1.0,0.1083265966046672,0.0,0.4337237210737574,0.37473535222241905,0.5489180626290758,18.992187862761323,Very Low,Tree Planting,Low priority for immediate planting.
85.80164113162778,20.247173104534102,0.23333335,0.039285097,0.0776063,-0.28535983,36.43541564000003,1.0,0.10670978172998472,0.0,0.5001078373223176,0.4297058526351785,0.39771698933100763,18.977139431396164,Very Low,Tree Planting,Low priority for immediate planting.
85.80110214245731,20.247262936062512,0.31023178,-0.026224077,0.03342098,-0.3435774,36.52428415999998,1.0,0.14874696847207872,0.0,0.4190457993070012,0.3298405436863413,0.4864027658077321,18.910529138708114,Very Low,Tree Planting,Low priority for immediate planting.
85.80280894149713,20.24591546313633,0.4124534,0.010439981,0.03081082,-0.37834328,36.45250573999999,1.0,0.1147938561034509,0.0,0.4142572204499044,0.3857329821940851,0.5393633937194886,18.90863774898783,Very Low,Tree Planting,Low priority for immediate planting.
85.80065298481524,20.24663411536363,0.5377659,-0.14110911,-0.08365933,-0.49367088,36.27818672000001,0.823529411764706,0.03233629749391847,0.17647058823529405,0.2042511901457455,0.15470432056525055,0.7150477748298147,18.90784831918968,Very Low,Tree Planting,Low priority for immediate planting.
85.8010123109289,20.246723946892043,0.30305785,0.09712606,0.10602055,-0.2959952,36.29869484000005,1.0,0.0420371867421209,0.0,0.5522363952613955,0.5178813750420594,0.41391838775020073,18.86265915910716,Very Low,Tree Planting,Low priority for immediate planting.
85.80209028926984,20.247352767590925,0.4730973,-0.114297785,-0.04799127,-0.43120262,36.67809506000003,1.0,0.2215036378334625,0.0,0.2696875304427623,0.19557678301535997,0.6198867067321612,18.845056989120522,Very Low,Tree Planting,Low priority for immediate planting.
85.80209028926984,20.2478917567614,0.40936092,-0.11169417,-0.037559945,-0.42390785,36.661004960000014,1.0,0.21341956345996943,0.0,0.2888247566459474,0.19954585788659598,0.6087742136880662,18.818158969234915,Very Low,Tree Planting,Low priority for immediate planting.
85.80128180551412,20.24744259911934,0.43724877,-0.07088187,-0.00515591,-0.44531778,36.53112020000003,1.0,0.15198059822149745,0.0,0.34827294253709046,0.26176207432694715,0.641389045711497,18.815023285085722,Very Low,Tree Planting,Low priority for immediate planting.
85.80235978385507,20.247801925232984,0.5940193,-0.18188651,-0.12732601,-0.520793,36.79772576000005,1.0,0.27809215844786017,0.0,0.12414064496552162,0.09254130734926473,0.7563642755338961,18.69393025675024,Very Low,Tree Planting,Low priority for immediate planting.
85.80155130009936,20.247173104534102,0.2513369,0.006531692,0.070773266,-0.30754352,36.43541564000003,1.0,0.10670978172998472,0.0,0.48757200728039524,0.37977500005792897,0.4315105291982496,18.627728853667254,Very Low,Tree Planting,Low priority for immediate planting.
85.80047332175842,20.24887990357393,0.3897162,-0.06871219,0.0032502683,-0.39678058,36.54479228000002,1.0,0.1584478577202778,0.0,0.3636948506486109,0.2650696379900169,0.5674498677278388,18.534053548516056,Very Low,Tree Planting,Low priority for immediate planting.
85.80137163704254,20.247173104534102,0.31084338,-0.05324302,0.014729924,-0.36312383,36.53453822000006,1.0,0.15359741309620684,0.0,0.384755336048652,0.2886515784558223,0.5161788337868309,18.427556556042514,Very Low,Tree Planting,Low priority for immediate planting.
85.80128180551412,20.247532430647748,0.59653306,-0.10963857,-0.060884286,-0.55410254,36.53112020000003,1.0,0.15198059822149745,0.0,0.24603410543363977,0.20267951255724148,0.8071063868755841,18.347788522477774,Very Low,Tree Planting,Low priority for immediate planting.
85.80011399564478,20.248700240517103,0.40212893,-0.0706706,-0.008560827,-0.41467783,36.536247230000015,1.0,0.15440582053353463,0.0,0.3420263087842287,0.2620841443903191,0.5947136561863413,18.33054725353607,Very Low,Tree Planting,Low priority for immediate planting.
85.80047332175842,20.24896973510234,0.33060107,-0.047086645,0.016393445,-0.3353441,36.54479228000002,1.0,0.1584478577202778,0.0,0.3878072184960638,0.2980366501005952,0.47386056242367103,18.289516134291954,Very Low,Tree Planting,Low priority for immediate planting.
85.80056315328683,20.24879007204552,0.41344196,-0.07787885,-0.012953775,-0.41261992,36.54479228000002,1.0,0.1584478577202778,0.0,0.3339670411864087,0.25109554433209735,0.5915787375308698,18.189684168034137,Very Low,Tree Planting,Low priority for immediate planting.
85.80047332175842,20.24879007204552,0.38661504,-0.07550408,-0.006090135,-0.39704654,36.54479228000002,1.0,0.1584478577202778,0.0,0.346559020753456,0.2547157569718176,0.5678550180821348,18.1775287934497,Very Low,Tree Planting,Low priority for immediate planting.
85.80289877302555,20.2456459685511,0.6993265,-0.16763693,-0.12397731,-0.604842,36.57555446000004,0.976470588235294,0.17299919159256127,0.02352941176470602,0.1302841434555606,0.11426404665736795,0.8844003791894115,17.954411569842755,Very Low,Tree Planting,Low priority for immediate planting.
85.80146146857095,20.247173104534102,0.24850237,-0.014775017,0.06366789,-0.29090133,36.43541564000003,1.0,0.10670978172998472,0.0,0.47453654076289314,0.34729403675089704,0.4061586372793121,17.85386830364503,Very Low,Tree Planting,Low priority for immediate planting.
85.80289877302555,20.245735800079512,0.69639385,-0.1999389,-0.14864172,-0.6019576,36.57555446000004,0.9450980392156862,0.17299919159256127,0.05490196078431375,0.0850350122725037,0.06502138312285181,0.8800064264072966,17.83734765461686,Very Low,Tree Planting,Low priority for immediate planting.
85.80038349023,20.24879007204552,0.40990514,-0.10784517,-0.020926755,-0.43139878,36.54479228000002,1.0,0.1584478577202778,0.0,0.3193398752440696,0.20541345704368616,0.6201855272070398,17.799523702776636,Very Low,Tree Planting,Low priority for immediate planting.
85.80038349023,20.24887990357393,0.41250655,-0.11005574,-0.023422334,-0.43743315,36.54479228000002,1.0,0.1584478577202778,0.0,0.3147615057818087,0.20204355871459054,0.6293779890187893,17.789073795669264,Very Low,Tree Planting,Low priority for immediate planting.
85.80289877302555,20.245556137022685,0.69261473,-0.1556632,-0.11334689,-0.60538495,36.57555446000004,0.9960784313725491,0.17299919159256127,0.0039215686274508554,0.1497866277684224,0.1325173716912015,0.8852274824563126,17.751478607739095,Very Low,Tree Planting,Low priority for immediate planting.
85.80065298481524,20.24699344147728,0.4849694,-0.049840108,-0.015497302,-0.4532674,36.44225168000003,1.0,0.10994341147937657,0.0,0.3293007067032142,0.29383913979197507,0.6534991049667166,17.711195392516426,Very Low,Tree Planting,Low priority for immediate planting.
85.80218012079824,20.247352767590925,0.5937835,-0.1722507,-0.1166744,-0.5298354,36.67809506000003,1.0,0.2215036378334625,0.0,0.14368200428450636,0.10723059564073815,0.7701390219757887,17.57403537543674,Very Low,Tree Planting,Low priority for immediate planting.
85.80119197398571,20.24762226217616,0.5804339,-0.13275634,-0.06384479,-0.52971476,36.53112020000003,1.0,0.15198059822149745,0.0,0.24060278824973133,0.16743768149311966,0.7699552449463772,17.542389034785863,Very Low,Tree Planting,Low priority for immediate planting.
85.80146146857095,20.247532430647748,0.4411303,-0.023411363,0.015663646,-0.43309543,36.36021920000002,1.0,0.07113985448664752,0.0,0.3864683350324714,0.33412837904501524,0.6227701201857443,17.500205652394094,Very Low,Tree Planting,Low priority for immediate planting.
85.80119197398571,20.247532430647748,0.5856307,-0.124407575,-0.077030964,-0.54152286,36.53112020000003,1.0,0.15198059822149745,0.0,0.21641153789634301,0.1801649370079921,0.7879431224413469,17.48667160958346,Very Low,Tree Planting,Low priority for immediate planting.
85.80029365870159,20.247262936062512,0.51884854,-0.10966449,-0.05858534,-0.48824716,36.53453822000006,1.0,0.15359741309620684,0.0,0.25025173355191893,0.20263999887312825,0.706785547127897,17.455953856175242,Very Low,Tree Planting,Low priority for immediate planting.
85.80038349023,20.24896973510234,0.37861046,-0.08900309,-0.017432652,-0.38292876,36.54479228000002,1.0,0.1584478577202778,0.0,0.3257501289259583,0.2341372223660623,0.5463486879239441,17.44454676839777,Very Low,Tree Planting,Low priority for immediate planting.
85.80128180551412,20.246813778420453,0.5920873,-0.09337913,-0.04438577,-0.5338445,36.43883366,1.0,0.1083265966046672,0.0,0.2763021521783121,0.22746617829867,0.7762462872991756,17.431454836793154,Very Low,Tree Planting,Low priority for immediate planting.
85.80218012079824,20.24744259911934,0.5577236,-0.15560919,-0.09916592,-0.4902774,36.65075090000005,1.0,0.20856911883589513,0.0,0.17580292298217345,0.1325997071109143,0.7098783146692784,17.318897627611385,Very Low,Tree Planting,Low priority for immediate planting.
85.80056315328683,20.24699344147728,0.44279346,-0.071152754,-0.0025952568,-0.43603647,36.42857960000004,1.0,0.10347615198059623,0.0,0.3529706966111232,0.26134912583901027,0.6272503555519594,17.28483982249443,Very Low,Tree Planting,Low priority for immediate planting.
85.80029365870159,20.247173104534102,0.5314179,-0.102775455,-0.070297666,-0.4809126,36.53453822000006,1.0,0.15359741309620684,0.0,0.22876439306282031,0.21314197236212923,0.6956124399591312,17.126932412041114,Very Low,Tree Planting,Low priority for immediate planting.
85.80029365870159,20.24879007204552,0.48939827,-0.12340609,-0.05625605,-0.4560224,36.54479228000002,1.0,0.1584478577202778,0.0,0.25452503053219866,0.1816916485023643,0.6576959361672181,16.965187036287137,Very Low,Tree Planting,Low priority for immediate planting.
85.80092247940048,20.24663411536363,0.49730587,-0.020963907,0.011410613,-0.45712525,36.29869484000005,1.0,0.0420371867421209,0.0,0.37866575438517963,0.33785939768949824,0.6593759634955204,16.913455529891507,Very Low,Tree Planting,Low priority for immediate planting.
85.80074281634366,20.24663411536363,0.38087624,0.023960218,0.043239754,-0.3694894,36.27818672000001,1.0,0.03233629749391847,0.0,0.4370592442985006,0.4063438762509465,0.5258758293530654,16.848174645335185,Very Low,Tree Planting,Low priority for immediate planting.
85.80065298481524,20.246903609948863,0.5028844,-0.09703406,-0.035838798,-0.47987157,36.44225168000003,1.0,0.10994341147937657,0.0,0.29198235929641925,0.2218944287046914,0.6940265861715966,16.837247882590468,Very Low,Tree Planting,Low priority for immediate planting.
85.80083264787207,20.24663411536363,0.49730587,-0.020963907,0.011410613,-0.45712525,36.27818672000001,1.0,0.03233629749391847,0.0,0.37866575438517963,0.33785939768949824,0.6593759634955204,16.622428852445438,Very Low,Tree Planting,Low priority for immediate planting.
85.80289877302555,20.24546630549428,0.71822035,-0.2258162,-0.1773556,-0.63146245,36.67125901999998,1.0,0.21827000808404376,0.0,0.03235675550923414,0.025572792925977337,0.9249526605438174,16.53870610985777,Very Low,Tree Planting,Low priority for immediate planting.
85.80146146857095,20.24744259911934,0.36433148,-0.06655899,0.012580038,-0.41098526,36.36021920000002,1.0,0.07113985448664752,0.0,0.3808111722254501,0.26835207875516287,0.5890885770625535,16.420769776158338,Very Low,Tree Planting,Low priority for immediate planting.
85.80074281634366,20.246813778420453,0.43405148,-0.018663663,0.0213587,-0.41729417,36.27818672000001,1.0,0.03233629749391847,0.0,0.3969164359820012,0.3413659993407068,0.5986992595776734,16.324488053731375,Very Low,Tree Planting,Low priority for immediate planting.
85.80164113162778,20.24744259911934,0.42155638,-0.07387613,-0.0031037976,-0.43861863,36.36021920000002,1.0,0.07113985448664752,0.0,0.35203773168834024,0.2571974815880257,0.6311838908160925,16.29857533396571,Very Low,Tree Planting,Low priority for immediate planting.
85.80280894149713,20.246005294664744,0.6006383,-0.12875743,-0.08892276,-0.54363596,36.45250573999999,0.992156862745098,0.1147938561034509,0.007843137254902044,0.19459494316708933,0.17353381060335077,0.7911621148223921,16.284208888788868,Very Low,Tree Planting,Low priority for immediate planting.
85.80155130009936,20.24744259911934,0.4276316,-0.08195699,-0.01139471,-0.4521121,36.36021920000002,1.0,0.07113985448664752,0.0,0.33682728948376967,0.24487863323142295,0.6517391778937804,16.152783088108002,Very Low,Tree Planting,Low priority for immediate planting.
85.80137163704254,20.246364620778397,0.1835889,-0.0688623,0.039645497,-0.2931854,36.40465346000002,1.0,0.09215844785770796,0.0,0.4304652488816786,0.2648408031473381,0.4096380769309016,15.966520969738815,Very Low,Tree Planting,Low priority for immediate planting.
85.80011399564478,20.24879007204552,0.60243404,-0.18263471,-0.11726715,-0.54988784,36.54479228000002,1.0,0.1584478577202778,0.0,0.14259454983054792,0.09140071558794104,0.8006859206466356,15.81322034141232,Very Low,Tree Planting,Low priority for immediate planting.
85.79984450105954,20.24843074593187,0.6410611,-0.18804273,-0.12118306,-0.6069573,36.47472287000005,1.0,0.125303152789008,0.0,0.13541045236821073,0.08315647199388368,0.8876227229420144,15.49804331855238,Very Low,Tree Planting,Low priority for immediate planting.
85.80038349023,20.24708327300569,0.35938305,-0.05929489,-0.020708462,-0.33771822,36.42857960000004,1.0,0.10347615198059623,0.0,0.31974035385245075,0.2794258192168461,0.47747717980651483,15.469419857438258,Very Low,Tree Planting,Low priority for immediate planting.
85.80092247940048,20.246723946892043,0.37132156,-0.061723277,0.008649763,-0.3974918,36.29869484000005,1.0,0.0420371867421209,0.0,0.3736007208479191,0.2757238702653551,0.5685333052183726,15.307698169819691,Very Low,Tree Planting,Low priority for immediate planting.
85.80038349023,20.24699344147728,0.5479349,-0.13676469,-0.080859475,-0.5020646,36.42857960000004,1.0,0.10347615198059623,0.0,0.2093877819469902,0.1613271615966992,0.7278343541344511,15.136716445934242,Very Low,Tree Planting,Low priority for immediate planting.
85.80083264787207,20.246723946892043,0.37132156,-0.061723277,0.008649763,-0.3974918,36.27818672000001,1.0,0.03233629749391847,0.0,0.3736007208479191,0.2757238702653551,0.5685333052183726,15.016671492373618,Very Low,Tree Planting,Low priority for immediate planting.
85.80065298481524,20.246813778420453,0.39419708,-0.061107922,0.004782084,-0.40332323,36.27818672000001,1.0,0.03233629749391847,0.0,0.36650510759607347,0.2766619467733601,0.5774166182374434,15.008451188866692,Very Low,Tree Planting,Low priority for immediate planting.
85.80047332175842,20.246903609948863,0.53253514,-0.14955096,-0.08669833,-0.5147929,36.42857960000004,1.0,0.10347615198059623,0.0,0.19867586482211888,0.14183516183719602,0.7472240189509093,14.975014339630722,Very Low,Tree Planting,Low priority for immediate planting.
85.80002416411637,20.24879007204552,0.69923097,-0.21904372,-0.16757679,-0.6238432,36.24400652000003,0.9137254901960784,0.016168148746959234,0.0862745098039216,0.05029688286294698,0.03589708441452245,0.9133458706619951,13.751535099255413,Very Low,Tree Planting,Low priority for immediate planting.
85.80002416411637,20.248700240517103,0.51536775,-0.14588091,-0.07573856,-0.50176775,36.2918588,1.0,0.03880355699270216,0.0,0.2187825720357166,0.1474299610802407,0.7273821474767854,13.193966375887072,Very Low,Tree Planting,Low priority for immediate planting.
85.80083264787207,20.246454452306807,0.6519142,-0.20094748,-0.14459959,-0.5810811,36.21324434000002,0.9490196078431372,0.001616814874682479,0.050980392156862786,0.09245067194686729,0.06348385567212225,0.848204195352027,12.336458761175173,Very Low,Tree Planting,Low priority for immediate planting.
85.80092247940048,20.246454452306807,0.6519142,-0.20094748,-0.14459959,-0.5810811,36.20982632000005,0.9490196078431372,0.0,0.050980392156862786,0.09245067194686729,0.06348385567212225,0.848204195352027,12.287954314934698,Very Low,Tree Planting,Low priority for immediate planting.
85.80056315328683,20.246723946892043,0.6072656,-0.20146789,-0.14458176,-0.5316959,36.27476869999998,0.9568627450980391,0.0307194826192091,0.04313725490196085,0.09248338272360972,0.06269051785000189,0.7729732159679967,12.175276479179036,Very Low,Tree Planting,Low priority for immediate planting.
85.80047332175842,20.246813778420453,0.5325611,-0.15499511,-0.10120865,-0.4956041,36.27476869999998,1.0,0.0307194826192091,0.0,0.1720553467076319,0.13353583994811513,0.7179927468855075,12.017700547526978,Very Low,Tree Planting,Low priority for immediate planting.
85.80083264787207,20.246544283835217,0.6414831,-0.1851852,-0.1308457,-0.58067113,36.21324434000002,1.0,0.001616814874682479,0.0,0.11768344957614502,0.08751262700021258,0.847579667262274,11.164679132507516,Very Low,Tree Planting,Low priority for immediate planting.
85.80092247940048,20.246544283835217,0.6414831,-0.1851852,-0.1308457,-0.58067113,36.20982632000005,1.0,0.0,0.0,0.11768344957614502,0.08751262700021258,0.847579667262274,11.11617468626704,Very Low,Tree Planting,Low priority for immediate planting.
