longitude,latitude,NDVI,NDBI,BSI,NDWI,LST,vegetation_fraction,predicted_vegetation_fraction,prediction_difference
85.79993433258795,20.25067653414217,0.19687878,-0.05409691,0.043720096,-0.25094104,37.42322342000003,0.0,0.14551338513913237,0.14551338513913237
85.80002416411637,20.25067653414217,0.1873932,-0.05126911,0.04463158,-0.23915197,37.42322342000003,0.0,0.13226729083531008,0.13226729083531008
85.80011399564478,20.25067653414217,0.1611934,0.021168815,0.08805103,-0.2552204,37.65564878000001,0.0,0.009839646202546588,0.009839646202546588
85.80020382717318,20.25067653414217,0.11860462,0.093521796,0.12886144,-0.21311475,37.65564878000001,0.0,0.002452120190408396,0.002452120190408396
85.79993433258795,20.25058670261376,0.13027672,-0.0207953,0.075605966,-0.2231694,37.43347748000002,0.0,0.011743654681801458,0.011743654681801458
85.80002416411637,20.25058670261376,0.1315645,-0.045654345,0.03993596,-0.2101761,37.43347748000002,0.0,0.01966975354015562,0.01966975354015562
85.80011399564478,20.25058670261376,0.13310285,0.036737714,0.09070372,-0.21220529,37.57703432000002,0.0,0.001572583914359515,0.001572583914359515
85.80020382717318,20.25058670261376,0.09206753,0.1504337,0.1635347,-0.16558993,37.57703432000002,0.0,0.0011455797931354149,0.0011455797931354149
85.80029365870159,20.25058670261376,0.097553015,0.15963027,0.13358836,-0.11243384,37.57703432000002,0.0,0.0015531318406710557,0.0015531318406710557
85.80038349023,20.25058670261376,0.04938774,-0.01320193,0.07031339,-0.11540129,37.65735779000002,0.0,0.0016643474168153275,0.0016643474168153275
85.80047332175842,20.25058670261376,0.025460936,0.034710746,0.09111907,-0.09774437,37.65735779000002,0.0,0.001207904024271264,0.001207904024271264
85.80056315328683,20.25058670261376,0.10694925,0.06455644,0.09391435,-0.17345874,37.65735779000002,0.0,0.0012067631277958284,0.0012067631277958284
85.80065298481524,20.25058670261376,0.33700138,0.025270768,0.026333751,-0.322449,37.65735779000002,0.0,0.20999238585243918,0.20999238585243918
85.79993433258795,20.250496871085343,0.2480602,-0.03128034,0.05396009,-0.31516352,37.43347748000002,0.0,0.23035089203639256,0.23035089203639256
85.80002416411637,20.250496871085343,0.14805552,0.0074714413,0.07973217,-0.23755826,37.43347748000002,0.0,0.02034590125330672,0.02034590125330672
85.80011399564478,20.250496871085343,0.09188927,0.06972857,0.119705774,-0.1689402,37.57703432000002,0.0,0.0018698524692010753,0.0018698524692010753
85.80020382717318,20.250496871085343,0.08883082,0.1798278,0.16779557,-0.14099936,37.57703432000002,0.0,0.0011872464598020815,0.0011872464598020815
85.80029365870159,20.250496871085343,0.059710473,0.15427199,0.13739583,-0.09846827,37.57703432000002,0.0,0.0010445808128422527,0.0010445808128422527
85.80038349023,20.250496871085343,0.020164523,-0.0116781145,0.06966999,-0.1046288,37.65735779000002,0.0,0.0016643474168153275,0.0016643474168153275
85.80047332175842,20.250496871085343,0.05932356,0.0161184,0.07968426,-0.112102635,37.65735779000002,0.0,0.001207904024271264,0.001207904024271264
85.80056315328683,20.250496871085343,0.124539405,0.10446008,0.12784716,-0.18111454,37.65735779000002,0.0,0.004358468371148739,0.004358468371148739
85.80065298481524,20.250496871085343,0.28964916,0.118684374,0.102096386,-0.31132072,37.65735779000002,0.980392156862745,0.4095730750728062,-0.5708190817899388
85.79993433258795,20.250407039556933,0.36306068,-0.017730502,0.049496517,-0.40686274,37.43347748000002,0.8235294117647058,0.7297266217499332,-0.09380279001477265
85.80002416411637,20.250407039556933,0.17735302,0.025825785,0.09450434,-0.26225683,37.43347748000002,0.0,0.02585933197464314,0.02585933197464314
85.80011399564478,20.250407039556933,0.06884906,0.10933101,0.15322472,-0.15626758,37.57703432000002,0.0,0.0015338858961123504,0.0015338858961123504
85.80020382717318,20.250407039556933,0.09788866,0.16577542,0.17025201,-0.15245129,37.57703432000002,0.0,0.0013690646416202636,0.0013690646416202636
85.80029365870159,20.250407039556933,0.072152674,0.14299333,0.14178458,-0.13653603,37.57703432000002,0.0,0.0010632724016272994,0.0010632724016272994
85.80038349023,20.250407039556933,0.033879414,-0.025398312,0.053391807,-0.11301368,37.65735779000002,0.0,0.002218051120519032,0.002218051120519032
85.80047332175842,20.250407039556933,0.04296392,-0.040534258,0.051796217,-0.12510493,37.65735779000002,0.0,0.004345536500635991,0.004345536500635991
85.80056315328683,20.250407039556933,0.096412,0.11382914,0.123827845,-0.1535696,37.65735779000002,0.0,0.0021973638659166243,0.0021973638659166243
85.80065298481524,20.250407039556933,0.14747234,0.19088799,0.18642648,-0.21971384,37.65735779000002,0.0,0.0064712305991374355,0.0064712305991374355
85.80074281634366,20.250407039556933,0.17596795,0.078468286,0.09472565,-0.2493617,37.65735779000002,0.0,0.02238470758755708,0.02238470758755708
85.80083264787207,20.250407039556933,0.19232637,0.02424483,0.061725304,-0.23833546,37.65735779000002,0.0,0.08507368089455848,0.08507368089455848
85.80092247940048,20.250407039556933,0.14545453,0.18901524,0.1708205,-0.20535713,37.67615690000002,0.0,0.004147954070844999,0.004147954070844999
85.8010123109289,20.250407039556933,0.08721423,0.17990206,0.18195285,-0.17188928,37.67615690000002,0.0,0.0012554298099874542,0.0012554298099874542
85.80110214245731,20.250407039556933,0.074405655,0.25513697,0.24992947,-0.20124266,37.67615690000002,0.0,0.0018563996789113387,0.0018563996789113387
85.79993433258795,20.25031720802852,0.39828083,-0.061792873,0.0059617036,-0.43445033,37.41126035000002,0.807843137254902,0.6815479726172744,-0.12629516463762758
85.80002416411637,20.25031720802852,0.14532374,0.006242179,0.08597285,-0.21619558,37.41126035000002,0.0,0.005870435978979986,0.005870435978979986
85.80011399564478,20.25031720802852,0.06934671,0.06379235,0.11111111,-0.14933836,37.55823521000002,0.0,0.001188826828175434,0.001188826828175434
85.80020382717318,20.25031720802852,0.09268623,0.19533381,0.16983482,-0.15785715,37.55823521000002,0.0,0.0016872464598020817,0.0016872464598020817
85.80029365870159,20.25031720802852,0.08776268,0.15547024,0.14420384,-0.13256112,37.55823521000002,0.0,0.0011797985073377223,0.0011797985073377223
85.80038349023,20.25031720802852,0.038770013,-0.0016113231,0.07032161,-0.09610295,37.758189380000005,0.0,0.001722386632501602,0.001722386632501602
85.80047332175842,20.25031720802852,0.04137134,-0.009749079,0.052391797,-0.09840056,37.758189380000005,0.0,0.0036347177871856977,0.0036347177871856977
85.80056315328683,20.25031720802852,0.06456841,0.09768535,0.12619768,-0.15432872,37.758189380000005,0.0,0.001308844065839731,0.001308844065839731
85.80065298481524,20.25031720802852,0.08393424,0.19649346,0.1910387,-0.17181168,37.758189380000005,0.0,0.0011436706743377528,0.0011436706743377528
85.80074281634366,20.25031720802852,0.11642916,0.1179095,0.13413826,-0.17023674,37.758189380000005,0.0,0.0012790951040790018,0.0012790951040790018
85.80083264787207,20.25031720802852,0.09908974,0.10919055,0.12782732,-0.15812549,37.758189380000005,0.0,0.0013204808678562796,0.0013204808678562796
85.80092247940048,20.25031720802852,0.13116725,0.18720278,0.17120896,-0.18462506,37.86756602,0.0,0.002454817524820504,0.002454817524820504
85.8010123109289,20.25031720802852,0.088309534,0.17175163,0.17054884,-0.18824613,37.86756602,0.0,0.0014143163177201567,0.0014143163177201567
85.80110214245731,20.25031720802852,0.120460056,0.16527618,0.16743782,-0.2201714,37.86756602,0.0,0.0037394224936155144,0.0037394224936155144
85.79993433258795,20.250227376500103,0.42569107,-0.008279672,0.030169485,-0.43455496,37.41126035000002,0.9725490196078432,0.7598995854011433,-0.2126494342066999
85.80002416411637,20.250227376500103,0.18523808,-0.014469128,0.054123055,-0.23187327,37.41126035000002,0.0,0.21003764186119533,0.21003764186119533
85.80011399564478,20.250227376500103,0.15341328,0.012774867,0.06962351,-0.20871793,37.55823521000002,0.0,0.013031133435325899,0.013031133435325899
85.80020382717318,20.250227376500103,0.28724948,0.041522488,0.07895518,-0.30506477,37.55823521000002,0.0,0.14385702104831039,0.14385702104831039
85.80029365870159,20.250227376500103,0.10323088,0.06832299,0.09368771,-0.14566284,37.55823521000002,0.0,0.0013775419766820943,0.0013775419766820943
85.80038349023,20.250227376500103,0.048429787,0.05571648,0.10123604,-0.11128935,37.758189380000005,0.0,0.001225126913426926,0.001225126913426926
85.80047332175842,20.250227376500103,0.083808,0.07532105,0.10229729,-0.15125325,37.758189380000005,0.0,0.0014246237110311405,0.0014246237110311405
85.80056315328683,20.250227376500103,0.12101595,0.10833829,0.13804713,-0.1906903,37.758189380000005,0.0,0.0015019309034484815,0.0015019309034484815
85.80065298481524,20.250227376500103,0.12828599,0.13187702,0.14491266,-0.18859039,37.758189380000005,0.0,0.0033640677056773144,0.0033640677056773144
85.80074281634366,20.250227376500103,0.10715278,0.13896103,0.15363662,-0.16656889,37.758189380000005,0.0,0.0012544014207995311,0.0012544014207995311
85.80083264787207,20.250227376500103,0.09464144,0.123398796,0.16199167,-0.1778543,37.758189380000005,0.0,0.002809107199554018,0.002809107199554018
85.80092247940048,20.250227376500103,0.092760816,0.16085392,0.1709527,-0.17455621,37.86756602,0.0,0.0012340665099504582,0.0012340665099504582
85.8010123109289,20.250227376500103,0.06670073,0.13635422,0.181548,-0.19461936,37.86756602,0.0,0.001266417463804397,0.001266417463804397
85.80110214245731,20.250227376500103,0.13923307,0.14462899,0.17103547,-0.22954474,37.86756602,0.0,0.014918251956435119,0.014918251956435119
85.79984450105954,20.250137544971697,0.45800528,-0.02894189,0.01545943,-0.4386533,37.41126035000002,0.0,0.39154636743411486,0.39154636743411486
85.79993433258795,20.250137544971697,0.3766012,-0.07109633,0.020949952,-0.43161634,37.41126035000002,1.0,0.7621030051501886,-0.23789699484981142
85.80002416411637,20.250137544971697,0.2638522,-0.054137323,0.040669516,-0.31810677,37.41126035000002,1.0,0.5252384419763243,-0.4747615580236757
85.80011399564478,20.250137544971697,0.3811966,-0.060135584,0.008888183,-0.4048102,37.55823521000002,0.0,0.48487620577105217,0.48487620577105217
85.80020382717318,20.250137544971697,0.44783056,-0.11517803,-0.04022151,-0.46869266,37.55823521000002,1.0,0.7864032125564837,-0.2135967874435163
85.80029365870159,20.250137544971697,0.15787056,-0.06298715,0.032693047,-0.21678318,37.55823521000002,0.0,0.026982518624494755,0.026982518624494755
85.80038349023,20.250137544971697,0.0653288,0.048073217,0.1105861,-0.14659928,37.758189380000005,0.0,0.0012468660438617084,0.0012468660438617084
85.80047332175842,20.250137544971697,0.1342937,0.05898223,0.11004092,-0.21533483,37.758189380000005,0.0,0.0020762625871709214,0.0020762625871709214
85.80056315328683,20.250137544971697,0.33369303,0.009416931,0.058060866,-0.36650082,37.758189380000005,1.0,0.5884367913446753,-0.4115632086553247
85.80065298481524,20.250137544971697,0.24819943,0.055741806,0.08283278,-0.2621849,37.758189380000005,0.0,0.03916476200599406,0.03916476200599406
85.80074281634366,20.250137544971697,0.10325938,0.16275205,0.16210197,-0.19136348,37.758189380000005,0.0,0.002160385500110094,0.002160385500110094
85.80083264787207,20.250137544971697,0.0912362,0.13699189,0.15481913,-0.17552602,37.758189380000005,0.0,0.0012489699469903327,0.0012489699469903327
85.80092247940048,20.250137544971697,0.08869393,0.161254,0.17942017,-0.18577492,37.86756602,0.0,0.001491557638920022,0.001491557638920022
85.8010123109289,20.250137544971697,0.09985528,0.15131213,0.17261764,-0.18349339,37.86756602,0.0,0.0014625721316736454,0.0014625721316736454
85.80110214245731,20.250137544971697,0.1029149,0.17636609,0.18861721,-0.17564997,37.86756602,0.0,0.0013001211300185593,0.0013001211300185593
85.79975466953113,20.250047713443283,0.42378342,-0.026010208,0.023613967,-0.418754,37.24377737000003,0.9490196078431372,0.8581358264333755,-0.09088378140976172
85.79984450105954,20.250047713443283,0.42378342,-0.026010208,0.023613967,-0.418754,37.17712598000003,0.9490196078431372,0.8483550138784179,-0.10066459396471927
85.79993433258795,20.250047713443283,0.28031707,-0.07212389,0.013181013,-0.34201053,37.17712598000003,0.0,0.19943169734476993,0.19943169734476993
85.80002416411637,20.250047713443283,0.24107143,-0.04742909,0.039479394,-0.29799506,37.17712598000003,0.0,0.12775976459243732,0.12775976459243732
85.80011399564478,20.250047713443283,0.412892,-0.061981674,-0.006445543,-0.42322317,37.43005946000002,1.0,0.7490411650137797,-0.2509588349862203
85.80020382717318,20.250047713443283,0.4032967,-0.06906657,-0.015027536,-0.3884208,37.43005946000002,0.0,0.3563352395451556,0.3563352395451556
85.80029365870159,20.250047713443283,0.17415419,0.02464867,0.067721054,-0.22795825,37.43005946000002,0.0,0.026395628442037317,0.026395628442037317
85.80038349023,20.250047713443283,0.086021505,0.10565502,0.13120174,-0.14772727,37.78211552000002,0.0,0.0015579771549728196,0.0015579771549728196
85.80047332175842,20.250047713443283,0.16287452,0.031156125,0.08582879,-0.22992617,37.78211552000002,0.0,0.006166663106372088,0.006166663106372088
85.80056315328683,20.250047713443283,0.4563107,-0.03468102,0.011181158,-0.45709664,37.78211552000002,0.0,0.33568945801545336,0.33568945801545336
85.80065298481524,20.250047713443283,0.30863443,0.08204465,0.08619918,-0.30743346,37.78211552000002,0.0,0.15352969089650192,0.15352969089650192
85.80074281634366,20.250047713443283,0.10138852,0.14186572,0.15043347,-0.18623026,37.78211552000002,0.0,0.0015257739370118878,0.0015257739370118878
85.80083264787207,20.250047713443283,0.090062134,0.14093414,0.1434668,-0.17260581,37.78211552000002,0.0,0.0012255930722927032,0.0012255930722927032
85.80092247940048,20.250047713443283,0.14278655,0.14428414,0.14015824,-0.20594369,37.97523365000001,0.0,0.0066104800379272,0.0066104800379272
85.8010123109289,20.250047713443283,0.13737077,0.14491948,0.14403777,-0.17021278,37.97523365000001,0.0,0.004642112891278054,0.004642112891278054
85.80110214245731,20.250047713443283,0.13819692,0.15962341,0.17339057,-0.22658996,37.97523365000001,0.0,0.007284491312589488,0.007284491312589488
85.79966483800271,20.24995788191487,0.3647134,0.05456965,0.0756705,-0.36777923,37.24377737000003,0.9294117647058824,0.5050522017799239,-0.42435956292595844
85.79975466953113,20.24995788191487,0.20413576,-0.0055346414,0.079515986,-0.32342657,37.24377737000003,0.0,0.037231988814590146,0.037231988814590146
85.79984450105954,20.24995788191487,0.20413576,-0.0055346414,0.079515986,-0.32342657,37.17712598000003,0.0,0.029004590678030552,0.029004590678030552
85.79993433258795,20.24995788191487,0.112700365,-0.0022212395,0.089268886,-0.2731377,37.17712598000003,0.0,0.014704917378829991,0.014704917378829991
85.80002416411637,20.24995788191487,0.10999725,0.0064805564,0.106962495,-0.22835131,37.17712598000003,0.0,0.004332226781573192,0.004332226781573192
85.80011399564478,20.24995788191487,0.33333334,-0.035586335,0.028334724,-0.3652393,37.43005946000002,1.0,0.6485298537469605,-0.3514701462530395
85.80020382717318,20.24995788191487,0.20580067,0.05168649,0.08123338,-0.23397538,37.43005946000002,0.0,0.018900910789620844,0.018900910789620844
85.80029365870159,20.24995788191487,0.09313586,0.060695063,0.07399999,-0.15672092,37.43005946000002,0.0,0.0024890542984531555,0.0024890542984531555
85.80038349023,20.24995788191487,0.096255325,0.10006192,0.123442836,-0.1641313,37.78211552000002,0.0,0.0013427834597791249,0.0013427834597791249
85.80047332175842,20.24995788191487,0.113211885,0.049606316,0.10339025,-0.17928678,37.78211552000002,0.0,0.0015304915095090874,0.0015304915095090874
85.80056315328683,20.24995788191487,0.3953362,-0.024487328,0.026342334,-0.3926928,37.78211552000002,1.0,0.67303860465972,-0.32696139534028
85.80065298481524,20.24995788191487,0.33793932,0.047680147,0.06411026,-0.34399518,37.78211552000002,0.0,0.17067162288586651,0.17067162288586651
85.80074281634366,20.24995788191487,0.08844663,0.19154178,0.17657705,-0.13880853,37.78211552000002,0.0,0.0012235465450535737,0.0012235465450535737
85.80083264787207,20.24995788191487,0.112028636,0.17919542,0.16757174,-0.18301609,37.78211552000002,0.0,0.0027919746473969156,0.0027919746473969156
85.80092247940048,20.24995788191487,0.17071865,0.17893946,0.16057312,-0.22607721,37.97523365000001,0.0,0.023558177749254273,0.023558177749254273
85.8010123109289,20.24995788191487,0.20965753,0.12337082,0.11607142,-0.2512742,37.97523365000001,0.0,0.05962779091163922,0.05962779091163922
85.80110214245731,20.24995788191487,0.30886534,0.043264717,0.07856298,-0.36569577,37.97523365000001,0.0,0.22304406308885524,0.22304406308885524
85.79966483800271,20.24986805038646,0.2717136,0.046214785,0.08016122,-0.3089701,37.24377737000003,0.0,0.18237881809335924,0.18237881809335924
85.79975466953113,20.24986805038646,0.12972319,-0.021989968,0.08511779,-0.25139958,37.24377737000003,0.0,0.007432224902680186,0.007432224902680186
85.79984450105954,20.24986805038646,0.12972319,-0.021989968,0.08511779,-0.25139958,37.17712598000003,0.0,0.00539435997893291,0.00539435997893291
85.79993433258795,20.24986805038646,0.07326732,-0.041195303,0.091684446,-0.25592172,37.17712598000003,0.0,0.010835658143378802,0.010835658143378802
85.80002416411637,20.24986805038646,0.11486821,-0.05233511,0.047133423,-0.19350544,37.17712598000003,0.0,0.005189561237387361,0.005189561237387361
85.80011399564478,20.24986805038646,0.29196218,-0.039714623,0.028617114,-0.31766126,37.43005946000002,1.0,0.5584256998177507,-0.4415743001822493
85.80020382717318,20.24986805038646,0.15407264,0.10251843,0.114511184,-0.17875043,37.43005946000002,0.0,0.02112773030978982,0.02112773030978982
85.80029365870159,20.24986805038646,0.048348777,0.044085752,0.08504238,-0.13371429,37.43005946000002,0.0,0.0016105731768298456,0.0016105731768298456
85.80038349023,20.24986805038646,0.10316594,0.13761471,0.14055058,-0.17261386,37.78211552000002,0.0,0.0012848489219282997,0.0012848489219282997
85.80047332175842,20.24986805038646,0.14366196,0.08838542,0.12281612,-0.22524002,37.78211552000002,0.0,0.004909373038748149,0.004909373038748149
85.80056315328683,20.24986805038646,0.25688556,0.01596519,0.06879337,-0.31322634,37.78211552000002,0.0,0.13210607357790718,0.13210607357790718
85.80065298481524,20.24986805038646,0.29230767,0.03857569,0.07341185,-0.31860462,37.78211552000002,0.0,0.13616458997537942,0.13616458997537942
85.80074281634366,20.24986805038646,0.17394935,0.15825185,0.1417415,-0.20790376,37.78211552000002,0.0,0.027497690842926036,0.027497690842926036
85.80083264787207,20.24986805038646,0.17185877,0.12502421,0.12650299,-0.22099003,37.78211552000002,0.0,0.009578872672658749,0.009578872672658749
85.80092247940048,20.24986805038646,0.18715158,0.1690821,0.15481481,-0.23433621,37.97523365000001,0.0,0.059387387455942055,0.059387387455942055
85.8010123109289,20.24986805038646,0.31474862,0.065537654,0.037456144,-0.3235788,37.97523365000001,0.0,0.16655114398809232,0.16655114398809232
85.80110214245731,20.24986805038646,0.5160063,-0.10167561,-0.05206021,-0.5153278,37.97523365000001,0.0,0.2661078373326435,0.2661078373326435
85.79966483800271,20.249778218858047,0.2752321,0.03359055,0.07756489,-0.33187363,37.13440073000001,0.0,0.14387372199875662,0.14387372199875662
85.79975466953113,20.249778218858047,0.1011125,-0.052457474,0.06401335,-0.20086275,37.13440073000001,0.0,0.0027162971176966895,0.0027162971176966895
85.79984450105954,20.249778218858047,0.1011125,-0.052457474,0.06401335,-0.20086275,37.04211419000004,0.0,0.0027509170007376255,0.0027509170007376255
85.79993433258795,20.249778218858047,0.07527393,-0.059127193,0.038147856,-0.13874875,37.04211419000004,0.0,0.0044506035478439985,0.0044506035478439985
85.80002416411637,20.249778218858047,0.12557386,-0.05093293,0.033048097,-0.17177394,37.04211419000004,0.0,0.005147513977335266,0.005147513977335266
85.80011399564478,20.249778218858047,0.1909651,-0.037832305,0.0555106,-0.27914304,37.41638738,1.0,0.531087051474103,-0.46891294852589704
85.80020382717318,20.249778218858047,0.18737803,0.066257335,0.09674233,-0.26166612,37.41638738,0.0,0.03623323653492685,0.03623323653492685
85.80029365870159,20.249778218858047,0.113022104,0.06981519,0.09769757,-0.1630295,37.41638738,0.0,0.001221171894391086,0.001221171894391086
85.80038349023,20.249778218858047,0.09991266,0.12247269,0.13013698,-0.15686275,37.918836320000025,0.0,0.0013178352764764629,0.0013178352764764629
85.80047332175842,20.249778218858047,0.16345891,0.05897831,0.095943525,-0.22174777,37.918836320000025,0.0,0.007572875098709528,0.007572875098709528
85.80056315328683,20.249778218858047,0.10546087,0.13556258,0.15516996,-0.1703885,37.918836320000025,0.0,0.0018391173985497175,0.0018391173985497175
85.80065298481524,20.249778218858047,0.16157208,0.18481848,0.16151945,-0.19778319,37.918836320000025,0.0,0.024674302850404454,0.024674302850404454
85.80074281634366,20.249778218858047,0.12686354,0.17145813,0.16286473,-0.18978317,37.918836320000025,0.0,0.002996306633226204,0.002996306633226204
85.80083264787207,20.249778218858047,0.1296565,0.09618733,0.11041841,-0.17366174,37.918836320000025,0.0,0.0024681047170631142,0.0024681047170631142
85.80092247940048,20.249778218858047,0.14508928,0.17124392,0.15072049,-0.18853171,38.19227792000001,0.0,0.0061537065026029,0.0061537065026029
85.8010123109289,20.249778218858047,0.34963462,0.094133176,0.08417957,-0.35153392,38.19227792000001,0.0,0.12877861493464174,0.12877861493464174
85.80110214245731,20.249778218858047,0.5684476,-0.1207603,-0.06368688,-0.5485624,38.19227792000001,0.0,0.24083643771717045,0.24083643771717045
85.79966483800271,20.24968838732964,0.30211672,0.057348505,0.090231664,-0.34214875,37.13440073000001,0.0,0.1789911247631012,0.1789911247631012
85.79975466953113,20.24968838732964,0.15772787,-0.044327937,0.061965175,-0.23506199,37.13440073000001,0.0,0.03252465668640923,0.03252465668640923
85.79984450105954,20.24968838732964,0.15772787,-0.044327937,0.061965175,-0.23506199,37.04211419000004,0.0,0.035521368072718135,0.035521368072718135
85.79993433258795,20.24968838732964,0.08660999,-0.009876563,0.0722718,-0.18003461,37.04211419000004,0.0,0.002648204643827855,0.002648204643827855
85.80002416411637,20.24968838732964,0.10689768,0.05286711,0.09841054,-0.16637963,37.04211419000004,0.0,0.0026740028335722273,0.0026740028335722273
85.80011399564478,20.24968838732964,0.225,-0.020301921,0.052773565,-0.27937335,37.41638738,1.0,0.5065878101272457,-0.49341218987275426
85.80020382717318,20.24968838732964,0.21845968,0.012387654,0.07675195,-0.26864272,37.41638738,0.0,0.12419884943679264,0.12419884943679264
85.80029365870159,20.24968838732964,0.20062013,0.036815915,0.08039718,-0.23272844,37.41638738,0.0,0.020927570460616076,0.020927570460616076
85.80038349023,20.24968838732964,0.2605092,0.06294016,0.08242246,-0.28796127,37.918836320000025,0.0,0.059170944195299294,0.059170944195299294
85.80047332175842,20.24968838732964,0.20229372,0.12273361,0.113912515,-0.25548902,37.918836320000025,0.0,0.0498644019077797,0.0498644019077797
85.80056315328683,20.24968838732964,0.09812568,0.254305,0.19699153,-0.14307572,37.918836320000025,0.0,0.0010919653982357064,0.0010919653982357064
85.80065298481524,20.24968838732964,0.14633246,0.23549658,0.1971303,-0.15313308,37.918836320000025,0.0,0.005347970547872353,0.005347970547872353
85.80074281634366,20.24968838732964,0.121030554,0.20433767,0.17282772,-0.16391914,37.918836320000025,0.0,0.0014464212693402311,0.0014464212693402311
85.80083264787207,20.24968838732964,0.071446456,0.13986717,0.15426318,-0.15109076,37.918836320000025,0.0,0.0013566057349606326,0.0013566057349606326
85.80092247940048,20.24968838732964,0.1164006,0.20257099,0.19529663,-0.18593897,38.19227792000001,0.0,0.0014807066560050988,0.0014807066560050988
85.8010123109289,20.24968838732964,0.34365535,0.18464051,0.16471295,-0.3504736,38.19227792000001,0.0,0.16322021204394016,0.16322021204394016
85.80110214245731,20.24968838732964,0.5253968,-0.035932466,0.019072002,-0.5035202,38.19227792000001,0.0,0.22332074546973116,0.22332074546973116
85.79975466953113,20.249598555801224,0.22716628,-0.003110809,0.06760783,-0.28,37.13440073000001,0.0,0.06383511605045719,0.06383511605045719
85.79984450105954,20.249598555801224,0.22716628,-0.003110809,0.06760783,-0.28,37.04211419000004,0.0,0.04892883213829094,0.04892883213829094
85.79993433258795,20.249598555801224,0.11324787,-0.00023998487,0.079452045,-0.19392724,37.04211419000004,0.0,0.0029720610798808322,0.0029720610798808322
85.80002416411637,20.249598555801224,0.13142504,0.103851795,0.12626418,-0.20013057,37.04211419000004,0.0,0.008980701700734055,0.008980701700734055
85.80011399564478,20.249598555801224,0.3156146,0.06691801,0.09054793,-0.3047776,37.41638738,1.0,0.4096982357871214,-0.5903017642128786
85.80020382717318,20.249598555801224,0.39665738,-0.115461625,-0.024459975,-0.41040787,37.41638738,0.0,0.34167045546641833,0.34167045546641833
85.80029365870159,20.249598555801224,0.46040037,-0.117425114,-0.040131595,-0.4625218,37.41638738,1.0,0.8325951939757872,-0.16740480602421282
85.80038349023,20.249598555801224,0.44269386,0.017462637,0.054805383,-0.43339473,37.918836320000025,1.0,0.8321783028606402,-0.1678216971393598
85.80047332175842,20.249598555801224,0.2211176,0.15170276,0.14166397,-0.23423424,37.918836320000025,1.0,0.3650312505787079,-0.6349687494212921
85.80056315328683,20.249598555801224,0.15115112,0.22174598,0.16698432,-0.16161616,37.918836320000025,0.0,0.005113349153440755,0.005113349153440755
85.80065298481524,20.249598555801224,0.19042803,0.21054985,0.17369765,-0.20834757,37.918836320000025,0.0,0.017593839910951037,0.017593839910951037
85.80074281634366,20.249598555801224,0.1036331,0.15657715,0.14100395,-0.15093164,37.918836320000025,0.0,0.003116095355190787,0.003116095355190787
85.80083264787207,20.249598555801224,0.10669847,0.09738715,0.118222676,-0.17979115,37.918836320000025,0.0,0.0017372250210955403,0.0017372250210955403
85.80092247940048,20.249598555801224,0.17049646,0.123805486,0.13480663,-0.20926143,38.19227792000001,0.0,0.008613185169598702,0.008613185169598702
85.8010123109289,20.249598555801224,0.21396054,0.13904434,0.13019788,-0.2642225,38.19227792000001,0.0,0.09108818905804011,0.09108818905804011
85.80110214245731,20.249598555801224,0.32330444,0.024069214,0.05372708,-0.32262996,38.19227792000001,0.8666666666666667,0.4901887552560155,-0.3764779114106512
85.80119197398571,20.249598555801224,0.29823548,0.09643649,0.11659575,-0.32506645,38.28285545000003,0.7490196078431373,0.5531395626248231,-0.19588004521831415
85.80128180551412,20.249598555801224,0.29823548,0.09643649,0.11659575,-0.32506645,38.28285545000003,0.7490196078431373,0.5531395626248231,-0.19588004521831415
85.80137163704254,20.249598555801224,0.2760807,0.10182559,0.12760824,-0.33655298,38.28285545000003,0.0,0.2414409399247938,0.2414409399247938
85.79984450105954,20.24950872427281,0.38493356,-0.058956426,0.014615116,-0.42535728,36.80456179999999,0.6352941176470588,0.657672937991078,0.022378820344019168
85.79993433258795,20.24950872427281,0.205052,-0.077502236,0.030743422,-0.30912027,36.80456179999999,0.0,0.12941275485255163,0.12941275485255163
85.80002416411637,20.24950872427281,0.13488622,0.038770366,0.117834404,-0.26700938,36.80456179999999,0.0,0.01816909305815921,0.01816909305815921
85.80011399564478,20.24950872427281,0.23139773,0.035208065,0.104565084,-0.3216411,37.18567103000001,0.0,0.05585797783652032,0.05585797783652032
85.80020382717318,20.24950872427281,0.3810404,-0.13621552,-0.024390243,-0.4340554,37.18567103000001,1.0,0.774265879092469,-0.22573412090753098
85.80029365870159,20.24950872427281,0.40519837,-0.12730466,-0.03605016,-0.43664336,37.18567103000001,1.0,0.8033176068787541,-0.1966823931212459
85.80038349023,20.24950872427281,0.38193145,0.04314063,0.06779395,-0.40202275,37.853893940000034,1.0,0.7347085904777719,-0.26529140952222807
85.80047332175842,20.24950872427281,0.17970659,0.112235494,0.114899926,-0.22500794,37.853893940000034,0.0,0.01560746584560975,0.01560746584560975
85.80056315328683,20.24950872427281,0.14448054,0.1229525,0.12779383,-0.1983003,37.853893940000034,0.0,0.0037657788520443257,0.0037657788520443257
85.80065298481524,20.24950872427281,0.19288026,0.1900681,0.1670109,-0.212899,37.853893940000034,0.0,0.013538526416713628,0.013538526416713628
85.80074281634366,20.24950872427281,0.13073713,0.21958244,0.17042297,-0.14265634,37.853893940000034,0.0,0.004383374188444418,0.004383374188444418
85.80083264787207,20.24950872427281,0.13755523,0.13640428,0.1345609,-0.17457421,37.853893940000034,0.0,0.004328188160800583,0.004328188160800583
85.80092247940048,20.24950872427281,0.19254343,0.06243727,0.10379945,-0.25808188,38.16664277000004,0.0,0.025443307768331307,0.025443307768331307
85.8010123109289,20.24950872427281,0.09552983,0.04584981,0.074962355,-0.13600002,38.16664277000004,0.0,0.0024290532991682683,0.0024290532991682683
85.80110214245731,20.24950872427281,0.09549823,-0.032853846,0.021938572,-0.10235027,38.16664277000004,0.0,0.008536435024382496,0.008536435024382496
85.80119197398571,20.24950872427281,0.14581674,0.11598361,0.131548,-0.21452701,38.32387169000003,0.0,0.005215106749839842,0.005215106749839842
85.80128180551412,20.24950872427281,0.14581674,0.11598361,0.131548,-0.21452701,38.32387169000003,0.0,0.005215106749839842,0.005215106749839842
85.80137163704254,20.24950872427281,0.16931394,0.22177242,0.21049404,-0.27440146,38.32387169000003,0.0,0.0545334268907996,0.0545334268907996
85.80146146857095,20.24950872427281,0.13932654,0.19122806,0.22037421,-0.31385824,37.96839761000001,0.0,0.04129895970773648,0.04129895970773648
85.80155130009936,20.24950872427281,0.10536277,0.2604474,0.2538078,-0.23163444,37.96839761000001,0.0,0.0030192901239603147,0.0030192901239603147
85.80164113162778,20.24950872427281,0.09144981,0.15111794,0.14765418,-0.123182856,37.96839761000001,0.0,0.002237837723023997,0.002237837723023997
85.80173096315619,20.24950872427281,0.18850578,0.013170419,0.053271342,-0.2424898,37.37708014999998,0.819607843137255,0.35410621256700864,-0.46550163057024635
85.8018207946846,20.24950872427281,0.451816,-0.06086344,-0.025608052,-0.4578167,37.37708014999998,0.592156862745098,0.5246346659958395,-0.06752219674925852
85.79993433258795,20.2494188927444,0.32726172,0.016865287,0.055120565,-0.36454433,36.80456179999999,0.0,0.22830036978572868,0.22830036978572868
85.80002416411637,20.2494188927444,0.22602558,0.01984544,0.09430805,-0.34943914,36.80456179999999,0.0,0.08430743728275072,0.08430743728275072
85.80011399564478,20.2494188927444,0.17460318,0.039165597,0.11969972,-0.32065538,37.18567103000001,0.0,0.023195024524938046,0.023195024524938046
85.80020382717318,20.2494188927444,0.25037935,-0.0450222,0.05040012,-0.32016024,37.18567103000001,0.0,0.14923784021322575,0.14923784021322575
85.80029365870159,20.2494188927444,0.22210068,0.005564206,0.06866017,-0.282066,37.18567103000001,0.0,0.06863136128171825,0.06863136128171825
85.80038349023,20.2494188927444,0.19936712,0.12953606,0.1386638,-0.25871804,37.853893940000034,0.0,0.06751245737062914,0.06751245737062914
85.80047332175842,20.2494188927444,0.15459529,0.12901744,0.13143192,-0.17497678,37.853893940000034,0.0,0.012109316588383098,0.012109316588383098
85.80056315328683,20.2494188927444,0.122760795,0.15251538,0.15533611,-0.17930269,37.853893940000034,0.0,0.0026954683772014696,0.0026954683772014696
85.80065298481524,20.2494188927444,0.1667708,0.21611412,0.1997165,-0.22894737,37.853893940000034,0.0,0.01132113605316433,0.01132113605316433
85.80074281634366,20.2494188927444,0.08905452,0.26268262,0.20095044,-0.1330612,37.853893940000034,0.0,0.0010919653982357064,0.0010919653982357064
85.80083264787207,20.2494188927444,0.074742965,0.10276039,0.11273228,-0.11824224,37.853893940000034,0.0,0.001225126913426926,0.001225126913426926
85.80092247940048,20.2494188927444,0.1278309,0.011468931,0.06875499,-0.18071654,38.16664277000004,0.0,0.00538155083542677,0.00538155083542677
85.8010123109289,20.2494188927444,0.061570045,0.051352605,0.097005986,-0.119588755,38.16664277000004,0.0,0.001225126913426926,0.001225126913426926
85.80110214245731,20.2494188927444,0.051528003,-0.0036193293,0.07536719,-0.09627907,38.16664277000004,0.0,0.001722386632501602,0.001722386632501602
85.80119197398571,20.2494188927444,0.08151897,0.045576416,0.10214912,-0.16118509,38.32387169000003,0.0,0.0015390937309231556,0.0015390937309231556
85.80128180551412,20.2494188927444,0.08151897,0.045576416,0.10214912,-0.16118509,38.32387169000003,0.0,0.0015390937309231556,0.0015390937309231556
85.80137163704254,20.2494188927444,0.116438374,0.10027597,0.13120872,-0.22902924,38.32387169000003,0.0,0.0034806837697707147,0.0034806837697707147
85.80146146857095,20.2494188927444,0.14513981,0.053280476,0.12782167,-0.3222632,37.96839761000001,0.0,0.028538913321635422,0.028538913321635422
85.80155130009936,20.2494188927444,0.1541298,0.2522695,0.21725087,-0.2445328,37.96839761000001,0.0,0.010559198275031443,0.010559198275031443
85.80164113162778,20.2494188927444,0.11943957,0.24247456,0.21073996,-0.20694864,37.96839761000001,0.0,0.002605034902058033,0.002605034902058033
85.80173096315619,20.2494188927444,0.15255114,0.039706513,0.08314365,-0.23166345,37.37708014999998,0.0,0.014290663537028646,0.014290663537028646
85.8018207946846,20.2494188927444,0.34515235,-0.0039280597,-0.005813959,-0.31385282,37.37708014999998,0.0,0.16770203759825703,0.16770203759825703
85.80191062621302,20.2494188927444,0.5526476,-0.09367633,-0.06773561,-0.4900701,37.37708014999998,0.611764705882353,0.6743194226358689,0.06255471675351587
85.79993433258795,20.249329061215988,0.5273566,-0.0122324275,0.021962926,-0.49195105,36.80456179999999,0.0,0.47865016897343443,0.47865016897343443
85.80002416411637,20.249329061215988,0.5365474,-0.09676226,-0.031368,-0.5223421,36.80456179999999,0.0,0.5393979102504067,0.5393979102504067
85.80011399564478,20.249329061215988,0.4298156,-0.066896014,0.011095313,-0.46586135,37.18567103000001,0.0,0.4680088099262581,0.4680088099262581
85.80020382717318,20.249329061215988,0.3447629,-0.052631564,0.040023904,-0.4277588,37.18567103000001,1.0,0.7565709274484097,-0.2434290725515903
85.80029365870159,20.249329061215988,0.3680049,0.00221825,0.04948288,-0.3692542,37.18567103000001,0.0,0.32209421857750353,0.32209421857750353
85.80038349023,20.249329061215988,0.30822122,0.058317218,0.08784599,-0.321256,37.853893940000034,0.0,0.1155426906534678,0.1155426906534678
85.80047332175842,20.249329061215988,0.15964319,0.13213629,0.13115482,-0.20178513,37.853893940000034,0.0,0.012290418434513459,0.012290418434513459
85.80056315328683,20.249329061215988,0.19035847,0.20149252,0.18385145,-0.21475875,37.853893940000034,0.0,0.014190865730794608,0.014190865730794608
85.80065298481524,20.249329061215988,0.12303207,0.20149252,0.18158635,-0.17798166,37.853893940000034,0.0,0.002186299440083026,0.002186299440083026
85.80074281634366,20.249329061215988,0.06885453,0.17731552,0.16301705,-0.11588844,37.853893940000034,0.0,0.00118581069599697,0.00118581069599697
85.80083264787207,20.249329061215988,0.045308415,0.14141656,0.1480103,-0.11610488,37.853893940000034,0.0,0.001102620028528527,0.001102620028528527
85.80092247940048,20.249329061215988,0.09170581,0.13599208,0.14547957,-0.13430893,38.16664277000004,0.0,0.0011213116173135738,0.0011213116173135738
85.8010123109289,20.249329061215988,0.11334624,0.22883172,0.19534238,-0.117669925,38.16664277000004,0.0,0.0012349921089508998,0.0012349921089508998
85.80110214245731,20.249329061215988,0.109699,0.17029254,0.15006264,-0.13203683,38.16664277000004,0.0,0.0012223378521895871,0.0012223378521895871
85.80119197398571,20.249329061215988,0.073403254,0.16157855,0.14691226,-0.10140204,38.32387169000003,0.0,0.0011213116173135738,0.0011213116173135738
85.80128180551412,20.249329061215988,0.073403254,0.16157855,0.14691226,-0.10140204,38.32387169000003,0.0,0.0011213116173135738,0.0011213116173135738
85.80137163704254,20.249329061215988,0.09149942,0.12803583,0.12749174,-0.14489165,38.32387169000003,0.0,0.0017306630295127047,0.0017306630295127047
85.80146146857095,20.249329061215988,0.09297298,0.083824195,0.12244898,-0.19538872,37.96839761000001,0.0,0.001515610557128135,0.001515610557128135
85.80155130009936,20.249329061215988,0.114587724,0.33079466,0.25038353,-0.12505335,37.96839761000001,0.0,0.0011549921089508998,0.0011549921089508998
85.80164113162778,20.249329061215988,0.1132686,0.2573759,0.21577288,-0.17987803,37.96839761000001,0.0,0.001630111099539288,0.001630111099539288
85.80173096315619,20.249329061215988,0.13246901,0.09053869,0.11809684,-0.20878458,37.37708014999998,0.0,0.0028399385479537004,0.0028399385479537004
85.8018207946846,20.249329061215988,0.3480392,0.045346055,0.061592538,-0.3229104,37.37708014999998,0.0,0.1559899562601313,0.1559899562601313
85.80020382717318,20.24923922968757,0.54524887,-0.14717618,-0.07155725,-0.55183184,36.920774480000034,0.8274509803921568,0.6865235057451312,-0.1409274746470256
85.80029365870159,20.24923922968757,0.50093925,-0.08265585,-0.023480674,-0.4701012,36.920774480000034,1.0,0.8524671410842674,-0.14753285891573265
85.80038349023,20.24923922968757,0.45919257,-0.058352627,-0.009076673,-0.43542853,36.920774480000034,1.0,0.7849801653454338,-0.2150198346545662
85.80047332175842,20.24923922968757,0.24758278,0.024289643,0.065395094,-0.28952152,36.920774480000034,0.0,0.15459794093980334,0.15459794093980334
85.80056315328683,20.24923922968757,0.19593346,0.17139806,0.16450962,-0.23277232,36.920774480000034,0.0,0.07492053104662197,0.07492053104662197
85.80065298481524,20.24923922968757,0.13808176,0.10712122,0.12068966,-0.21995592,37.59583343000003,0.0,0.0042949308291098075,0.0042949308291098075
85.80074281634366,20.24923922968757,0.062020883,0.051452287,0.099492885,-0.11159738,37.59583343000003,0.0,0.0011670876977406517,0.0011670876977406517
85.80083264787207,20.24923922968757,0.06329803,0.12847917,0.14879265,-0.13646923,37.59583343000003,0.0,0.0010823166618988565,0.0010823166618988565
85.80092247940048,20.24923922968757,0.114275016,0.108780354,0.13113225,-0.13902718,38.01624989000001,0.0,0.0012504433691231287,0.0012504433691231287
85.8010123109289,20.24923922968757,0.171738,0.23911588,0.19423814,-0.10667315,38.01624989000001,0.0,0.016877859415734494,0.016877859415734494
85.80110214245731,20.24923922968757,0.1724797,0.12325829,0.11121238,-0.118505016,38.01624989000001,0.0,0.0065149196961643485,0.0065149196961643485
85.80119197398571,20.24923922968757,0.1724797,0.12325829,0.11121238,-0.118505016,38.20595000000003,0.0,0.005082792999331769,0.005082792999331769
85.80128180551412,20.24923922968757,0.16167668,0.109777585,0.09871622,-0.11199297,38.20595000000003,0.0,0.0023915589374009843,0.0023915589374009843
85.80137163704254,20.24923922968757,0.12009608,0.09537668,0.10701547,-0.11875248,38.20595000000003,0.0,0.0014465218004956776,0.0014465218004956776
85.80146146857095,20.24923922968757,0.08485857,0.019253923,0.06766396,-0.14385965,37.86072998000003,0.0,0.0033753278089721905,0.0033753278089721905
85.80155130009936,20.24923922968757,0.10034603,0.3252501,0.21578638,-0.064562395,37.86072998000003,0.0,0.0009585631090840465,0.0009585631090840465
85.80164113162778,20.24923922968757,0.1329158,0.1463031,0.1495562,-0.19970524,37.86072998000003,0.0,0.0028026178357311903,0.0028026178357311903
85.80173096315619,20.24923922968757,0.17745952,0.09304557,0.09940449,-0.20561044,37.39246123999999,0.0,0.00433705440665533,0.00433705440665533
85.8018207946846,20.24923922968757,0.46446186,-0.05100981,-0.01598035,-0.4369485,37.39246123999999,0.0,0.3890510739278245,0.3890510739278245
85.80020382717318,20.249149398159165,0.5898024,-0.15480651,-0.08433335,-0.57625675,36.920774480000034,0.0,0.48711765970297627,0.48711765970297627
85.80029365870159,20.249149398159165,0.5079414,-0.08760109,-0.026737971,-0.49122268,36.920774480000034,1.0,0.8507611856876001,-0.14923881431239994
85.80038349023,20.249149398159165,0.5666015,-0.11309523,-0.062285885,-0.51417,36.920774480000034,1.0,0.892037423705173,-0.10796257629482697
85.80047332175842,20.249149398159165,0.32257196,-0.04751759,0.016584218,-0.34869686,36.920774480000034,0.0,0.3167527207840525,0.3167527207840525
85.80056315328683,20.249149398159165,0.16625986,0.121373095,0.14144778,-0.22298066,36.920774480000034,0.0,0.047449770086788474,0.047449770086788474
85.80065298481524,20.249149398159165,0.21269843,0.089753754,0.11735973,-0.26107293,37.59583343000003,0.0,0.11961931380261762,0.11961931380261762
85.80074281634366,20.249149398159165,0.10796377,0.030081294,0.08552631,-0.16989458,37.59583343000003,0.0,0.0022343540106963037,0.0022343540106963037
85.80083264787207,20.249149398159165,0.03991863,0.10679186,0.13925028,-0.11626639,37.59583343000003,0.0,0.0011670876977406517,0.0011670876977406517
85.80092247940048,20.249149398159165,0.092487454,0.061388426,0.090754606,-0.114061974,38.01624989000001,0.0,0.0013984602467602594,0.0013984602467602594
85.8010123109289,20.249149398159165,0.13995582,0.17796883,0.15453805,-0.08991134,38.01624989000001,0.0,0.0017060571396260238,0.0017060571396260238
85.80110214245731,20.249149398159165,0.14392523,0.1244635,0.11220383,-0.113233306,38.01624989000001,0.0,0.002567771471102236,0.002567771471102236
85.80119197398571,20.249149398159165,0.14392523,0.1244635,0.11220383,-0.113233306,38.20595000000003,0.0,0.0011813056652677074,0.0011813056652677074
85.80128180551412,20.249149398159165,0.1657083,0.17007813,0.1479777,-0.081474304,38.20595000000003,0.0,0.008073784181576595,0.008073784181576595
85.80137163704254,20.249149398159165,0.13151601,0.1776156,0.15209211,-0.10354476,38.20595000000003,0.0,0.0015897238062926905,0.0015897238062926905
85.80146146857095,20.249149398159165,0.06043956,0.1879383,0.1430973,-0.053685162,37.86072998000003,0.0,0.002172388840638253,0.002172388840638253
85.80155130009936,20.249149398159165,0.09775869,0.31015885,0.2222439,-0.0822755,37.86072998000003,0.0,0.0010162556190558957,0.0010162556190558957
85.80164113162778,20.249149398159165,0.13700472,0.12709461,0.12731406,-0.20284194,37.86072998000003,0.0,0.0030596412514335737,0.0030596412514335737
85.80173096315619,20.249149398159165,0.22536054,0.055581298,0.0843337,-0.252457,37.39246123999999,0.0,0.05630496475612455,0.05630496475612455
85.8018207946846,20.249149398159165,0.502434,-0.12531182,-0.07036612,-0.49097377,37.39246123999999,0.992156862745098,0.8027533786983901,-0.18940348404670782
85.80029365870159,20.249059566630752,0.5573632,-0.16736752,-0.0900427,-0.51569754,36.920774480000034,0.9254901960784314,0.7423513179056362,-0.18313887817279517
85.80038349023,20.249059566630752,0.51507276,-0.13623077,-0.058172584,-0.4861076,36.920774480000034,1.0,0.870035689543456,-0.129964310456544
85.80047332175842,20.249059566630752,0.36898974,-0.06694737,0.0020728477,-0.3801743,36.920774480000034,1.0,0.6899068588345013,-0.3100931411654987
85.80056315328683,20.249059566630752,0.22210301,0.004805608,0.07449857,-0.2772638,36.920774480000034,0.0,0.043372751460315356,0.043372751460315356
85.80065298481524,20.249059566630752,0.3561893,0.014332978,0.0526151,-0.32522976,37.59583343000003,1.0,0.5533307295134148,-0.4466692704865852
85.80074281634366,20.249059566630752,0.17129388,0.07679604,0.0987282,-0.2152174,37.59583343000003,0.0,0.005681400379012012,0.005681400379012012
85.80083264787207,20.249059566630752,0.053276744,0.077240825,0.10404211,-0.09751904,37.59583343000003,0.0,0.0011670876977406517,0.0011670876977406517
85.80092247940048,20.249059566630752,0.07742097,0.10095552,0.10557327,-0.121824756,38.01624989000001,0.0,0.0014212053447994753,0.0014212053447994753
85.8010123109289,20.249059566630752,0.07375453,0.15745793,0.15347591,-0.111815564,38.01624989000001,0.0,0.001162127943844186,0.001162127943844186
85.80110214245731,20.249059566630752,0.09722226,0.15053761,0.13568833,-0.122956656,38.01624989000001,0.0,0.0012378377230239969,0.0012378377230239969
85.80119197398571,20.249059566630752,0.09722226,0.15053761,0.13568833,-0.122956656,38.20595000000003,0.0,0.0011970213964933847,0.0011970213964933847
85.80128180551412,20.249059566630752,0.09002828,0.22636102,0.18198262,-0.09267506,38.20595000000003,0.0,0.0010140780498390425,0.0010140780498390425
85.80137163704254,20.249059566630752,0.041036703,0.21727835,0.16996667,-0.07685434,38.20595000000003,0.0,0.0009259173691667816,0.0009259173691667816
85.80146146857095,20.249059566630752,0.079601966,0.26664415,0.1943674,-0.08391605,37.86072998000003,0.0,0.0010162556190558957,0.0010162556190558957
85.80155130009936,20.249059566630752,0.113924064,0.29768556,0.23047082,-0.12772319,37.86072998000003,0.0,0.0011962292223529618,0.0011962292223529618
85.80164113162778,20.249059566630752,0.1352657,0.12942813,0.13286509,-0.21017057,37.86072998000003,0.0,0.0041138424376347595,0.0041138424376347595
85.80173096315619,20.249059566630752,0.19136612,0.0931677,0.12432432,-0.2579211,37.39246123999999,0.0,0.0823925689462469,0.0823925689462469
85.8018207946846,20.249059566630752,0.35668334,-0.021345304,0.03436905,-0.40905717,37.39246123999999,1.0,0.8008415138322601,-0.1991584861677399
85.80191062621302,20.249059566630752,0.3863935,-0.030658098,0.021550506,-0.4033502,37.39246123999999,0.8941176470588236,0.6720065589540121,-0.2221110881048115
85.80029365870159,20.24896973510234,0.50042576,-0.14341335,-0.07097611,-0.48191756,36.54479228000002,0.5411764705882353,0.6133186046206285,0.07214213403239322
85.80038349023,20.24896973510234,0.37861046,-0.08900309,-0.017432652,-0.38292876,36.54479228000002,1.0,0.613117195873675,-0.38688280412632503
85.80047332175842,20.24896973510234,0.33060107,-0.047086645,0.016393445,-0.3353441,36.54479228000002,1.0,0.6159460130779478,-0.38405398692205217
85.80056315328683,20.24896973510234,0.34101507,-0.030354112,0.034574483,-0.35551858,36.54479228000002,0.0,0.32508590291538386,0.32508590291538386
85.80065298481524,20.24896973510234,0.35205317,0.013439081,0.047352888,-0.36275107,37.11047459000002,1.0,0.5185720466727929,-0.4814279533272071
85.80074281634366,20.24896973510234,0.14843085,0.124380276,0.1275867,-0.17534722,37.11047459000002,0.0,0.06222423481455757,0.06222423481455757
85.80083264787207,20.24896973510234,0.09009953,0.1123907,0.11524641,-0.1334423,37.11047459000002,0.0,0.001806475202127201,0.001806475202127201
85.80092247940048,20.24896973510234,0.10962431,0.10278816,0.10022605,-0.13146156,37.46253065000002,0.0,0.0018518812776198608,0.0018518812776198608
85.8010123109289,20.24896973510234,0.07944149,0.08340146,0.11431362,-0.14885986,37.46253065000002,0.0,0.002855493494842101,0.002855493494842101
85.80110214245731,20.24896973510234,0.12449045,0.08822783,0.097114496,-0.14972748,37.46253065000002,0.0,0.0013775419766820943,0.0013775419766820943
85.80119197398571,20.24896973510234,0.12449045,0.08822783,0.097114496,-0.14972748,37.86072998000003,0.0,0.0015191052198283228,0.0015191052198283228
85.80128180551412,20.24896973510234,0.10579756,0.11807734,0.118200675,-0.1533994,37.86072998000003,0.0,0.0017021965361318403,0.0017021965361318403
85.80137163704254,20.24896973510234,0.1185841,0.085118674,0.081484035,-0.15118401,37.86072998000003,0.0,0.0017067975275206306,0.0017067975275206306
85.80146146857095,20.24896973510234,0.09083117,0.19097555,0.1496279,-0.08803415,37.61463254,0.0,0.001253786028461681,0.001253786028461681
85.80155130009936,20.24896973510234,0.12651515,0.242486,0.17905793,-0.13381623,37.61463254,0.0,0.00147061404794054,0.00147061404794054
85.80164113162778,20.24896973510234,0.110860355,0.106624335,0.1325811,-0.22526446,37.61463254,0.0,0.0048256470409163785,0.0048256470409163785
85.80173096315619,20.24896973510234,0.120042905,0.13242008,0.15961257,-0.20114945,37.43347748000002,0.0,0.002872386324820197,0.002872386324820197
85.8018207946846,20.24896973510234,0.07810871,0.026335588,0.08665055,-0.1556151,37.43347748000002,0.0,0.0016874876081542152,0.0016874876081542152
85.80191062621302,20.24896973510234,0.13221978,-0.06251182,0.026674034,-0.18317564,37.43347748000002,0.0,0.013497582045876358,0.013497582045876358
85.80200045774143,20.24896973510234,0.26898047,0.029448366,0.06315059,-0.31349987,37.17370796,1.0,0.5094979827005957,-0.49050201729940435
85.80209028926984,20.24896973510234,0.54220873,-0.104241006,-0.058554452,-0.4914347,37.17370796,0.6862745098039216,0.7279748376673566,0.04170032786343503
85.80038349023,20.24887990357393,0.41250655,-0.11005574,-0.023422334,-0.43743315,36.54479228000002,1.0,0.8344077788034134,-0.16559222119658656
85.80047332175842,20.24887990357393,0.3897162,-0.06871219,0.0032502683,-0.39678058,36.54479228000002,1.0,0.8350705811057274,-0.1649294188942726
85.80056315328683,20.24887990357393,0.4147536,-0.053087246,0.007304129,-0.37682456,36.54479228000002,0.0,0.3966160430940962,0.3966160430940962
85.80065298481524,20.24887990357393,0.2801837,0.031521484,0.06454319,-0.30110034,37.11047459000002,1.0,0.5686910376069821,-0.43130896239301786
85.80074281634366,20.24887990357393,0.16277625,0.15665911,0.14507617,-0.19170655,37.11047459000002,0.0,0.048609327033512374,0.048609327033512374
85.80083264787207,20.24887990357393,0.17574975,0.16852905,0.14473094,-0.20489094,37.11047459000002,0.0,0.026898881830249875,0.026898881830249875
85.80092247940048,20.24887990357393,0.16092671,0.22766091,0.19033736,-0.2074243,37.46253065000002,0.0,0.014014661404822212,0.014014661404822212
85.8010123109289,20.24887990357393,0.13384956,0.1795077,0.15762472,-0.16576628,37.46253065000002,0.0,0.009204186397308946,0.009204186397308946
85.80110214245731,20.24887990357393,0.1450285,0.21340002,0.1780276,-0.19261216,37.46253065000002,0.0,0.0047053451541107395,0.0047053451541107395
85.80119197398571,20.24887990357393,0.1450285,0.21340002,0.1780276,-0.19261216,37.86072998000003,0.0,0.0020761277720655253,0.0020761277720655253
85.80128180551412,20.24887990357393,0.1353856,0.23845471,0.19492269,-0.20477694,37.86072998000003,0.0,0.0036227029557008845,0.0036227029557008845
85.80137163704254,20.24887990357393,0.16864605,0.22151902,0.17381561,-0.19293384,37.86072998000003,0.0,0.014909897724974896,0.014909897724974896
85.80146146857095,20.24887990357393,0.12179257,0.27033383,0.21156822,-0.15562177,37.61463254,0.0,0.0018087244296983356,0.0018087244296983356
85.80155130009936,20.24887990357393,0.15349165,0.24971178,0.2016005,-0.17008269,37.61463254,0.0,0.006505040900603371,0.006505040900603371
85.80164113162778,20.24887990357393,0.13294797,0.18547682,0.17304964,-0.18222219,37.61463254,0.0,0.0033011808248575004,0.0033011808248575004
85.80173096315619,20.24887990357393,0.090668775,0.19303736,0.16412447,-0.11573826,37.43347748000002,0.0,0.001374691002836687,0.001374691002836687
85.8018207946846,20.24887990357393,0.0038734362,-0.009740232,0.06824515,-0.079111725,37.43347748000002,0.0,0.001897783830376898,0.001897783830376898
85.80191062621302,20.24887990357393,0.0683562,0.038702436,0.07495632,-0.11825142,37.43347748000002,0.0,0.0017744995625711888,0.0017744995625711888
85.80200045774143,20.24887990357393,0.25859246,0.1672983,0.14911184,-0.31266,37.17370796,0.0,0.1354060784490964,0.1354060784490964
85.80209028926984,20.24887990357393,0.53897923,-0.023498705,-0.0020307642,-0.5244444,37.17370796,1.0,0.7129999106644338,-0.2870000893355662
85.80218012079824,20.24887990357393,0.6413214,-0.08907447,-0.053597018,-0.5760322,37.17370796,0.9372549019607844,0.7004990802465588,-0.2367558217142256
85.80226995232665,20.24887990357393,0.60183066,-0.1065007,-0.06379611,-0.52505445,37.17370796,0.0,0.5251613974406354,0.5251613974406354
85.80002416411637,20.24879007204552,0.69923097,-0.21904372,-0.16757679,-0.6238432,36.24400652000003,0.9137254901960784,0.7908837838934736,-0.12284170630260483
85.80011399564478,20.24879007204552,0.60243404,-0.18263471,-0.11726715,-0.54988784,36.54479228000002,1.0,0.7903776092357331,-0.20962239076426692
85.80020382717318,20.24879007204552,0.4489796,-0.040908005,0.0029756806,-0.4362153,36.54479228000002,1.0,0.8417233703582557,-0.15827662964174427
85.80029365870159,20.24879007204552,0.48939827,-0.12340609,-0.05625605,-0.4560224,36.54479228000002,1.0,0.8301982289071018,-0.16980177109289818
85.80038349023,20.24879007204552,0.40990514,-0.10784517,-0.020926755,-0.43139878,36.54479228000002,1.0,0.8417089825753706,-0.15829101742462937
85.80047332175842,20.24879007204552,0.38661504,-0.07550408,-0.006090135,-0.39704654,36.54479228000002,1.0,0.8262976281381971,-0.17370237186180293
85.80056315328683,20.24879007204552,0.41344196,-0.07787885,-0.012953775,-0.41261992,36.54479228000002,1.0,0.7246835013084465,-0.2753164986915535
85.80065298481524,20.24879007204552,0.3739394,-0.043498255,0.0011263144,-0.36731,37.11047459000002,0.0,0.37293837943092095,0.37293837943092095
85.80074281634366,20.24879007204552,0.26252505,0.074889824,0.096085384,-0.2868398,37.11047459000002,0.0,0.09324030957056441,0.09324030957056441
85.80083264787207,20.24879007204552,0.2911239,0.09183888,0.10873438,-0.31259626,37.11047459000002,0.0,0.14428388515471605,0.14428388515471605
85.80092247940048,20.24879007204552,0.28566968,0.17738713,0.156957,-0.3160754,37.46253065000002,0.0,0.18224428830194656,0.18224428830194656
85.8010123109289,20.24879007204552,0.17850852,0.18974565,0.1667114,-0.21012965,37.46253065000002,0.0,0.029942973998910296,0.029942973998910296
85.80110214245731,20.24879007204552,0.14494024,0.17382154,0.16066556,-0.21510369,37.46253065000002,0.0,0.010187967975674173,0.010187967975674173
85.80119197398571,20.24879007204552,0.14494024,0.17382154,0.16066556,-0.21510369,37.86072998000003,0.0,0.003800594374055356,0.003800594374055356
85.80128180551412,20.24879007204552,0.14694108,0.1632951,0.14526485,-0.1831318,37.86072998000003,0.0,0.017325546104266523,0.017325546104266523
85.80137163704254,20.24879007204552,0.14674255,0.19689925,0.16458245,-0.17689061,37.86072998000003,0.0,0.0070950077587786774,0.0070950077587786774
85.80146146857095,20.24879007204552,0.1632879,0.26261684,0.20736313,-0.16500555,37.61463254,0.0,0.012311048250697874,0.012311048250697874
85.80155130009936,20.24879007204552,0.16982509,0.2560834,0.21209258,-0.22800307,37.61463254,0.0,0.019535463510749255,0.019535463510749255
85.80164113162778,20.24879007204552,0.13464051,0.21907331,0.19225654,-0.18904111,37.61463254,0.0,0.003409050886350763,0.003409050886350763
85.80173096315619,20.24879007204552,0.07692307,0.18769471,0.17029513,-0.099920906,37.43347748000002,0.0,0.001048981223656876,0.001048981223656876
85.8018207946846,20.24879007204552,0.020933997,-0.019292595,0.060329065,-0.0968858,37.43347748000002,0.0,0.0019807927960449495,0.0019807927960449495
85.80191062621302,20.24879007204552,0.059803426,0.008261863,0.066103324,-0.108362384,37.43347748000002,0.0,0.002106886310373758,0.002106886310373758
85.80200045774143,20.24879007204552,0.12965617,0.01252346,0.073235415,-0.19266404,37.17370796,0.0,0.004471364236213454,0.004471364236213454
85.80209028926984,20.24879007204552,0.28699887,-0.13497439,-0.047107175,-0.3252315,37.17370796,1.0,0.5038004766054216,-0.4961995233945784
85.80218012079824,20.24879007204552,0.35128093,-0.08621292,-0.026630381,-0.3515744,37.17370796,1.0,0.7082644804856592,-0.29173551951434085
85.80226995232665,20.24879007204552,0.33775508,-0.073929965,-0.022923805,-0.35714284,37.17370796,1.0,0.6936201973002606,-0.3063798026997394
85.80235978385507,20.24879007204552,0.5,-0.034791905,-0.003733175,-0.4633263,37.17370796,0.7294117647058822,0.7161077688430115,-0.013303995862870677
85.79993433258795,20.248700240517103,0.5975249,-0.15144466,-0.09717099,-0.55363685,36.2918588,0.5686274509803921,0.6391997796999755,0.07057232871958341
85.80002416411637,20.248700240517103,0.51536775,-0.14588091,-0.07573856,-0.50176775,36.2918588,1.0,0.8298286368762736,-0.17017136312372638
85.80011399564478,20.248700240517103,0.40212893,-0.0706706,-0.008560827,-0.41467783,36.536247230000015,1.0,0.7841007190765827,-0.21589928092341726
85.80020382717318,20.248700240517103,0.3047874,-0.10002508,-0.018055335,-0.32168674,36.536247230000015,0.0,0.1313278131783409,0.1313278131783409
85.80029365870159,20.248700240517103,0.34526855,-0.13743393,-0.05726168,-0.33277026,36.536247230000015,0.0,0.28002811699348495,0.28002811699348495
85.80038349023,20.248700240517103,0.28122482,-0.08483058,-0.0001492451,-0.3126032,36.536247230000015,0.0,0.08620648894971535,0.08620648894971535
85.80047332175842,20.248700240517103,0.24010257,-0.039388902,0.028905263,-0.28512397,36.536247230000015,0.0,0.062348815499714764,0.062348815499714764
85.80056315328683,20.248700240517103,0.39424205,-0.023727335,0.017766118,-0.37207285,36.536247230000015,1.0,0.6460148988090039,-0.35398510119099613
85.80065298481524,20.248700240517103,0.38179597,0.00022099822,0.028418906,-0.36306116,36.95153665999999,0.0,0.21695148242961862,0.21695148242961862
85.80074281634366,20.248700240517103,0.3841497,-0.021319825,0.017149424,-0.39335182,36.95153665999999,0.0,0.2851721457764958,0.2851721457764958
85.80083264787207,20.248700240517103,0.54009557,-0.09227871,-0.041544758,-0.5072765,36.95153665999999,1.0,0.8137798113569674,-0.18622018864303258
85.80092247940048,20.248700240517103,0.42700028,-0.058967553,-0.007705985,-0.41339868,37.35828104000001,1.0,0.7558430751140729,-0.2441569248859271
85.8010123109289,20.248700240517103,0.31272087,0.016979044,0.049720414,-0.31388152,37.35828104000001,0.0,0.260580474397257,0.260580474397257
85.80110214245731,20.248700240517103,0.3380561,-0.015702311,0.0243035,-0.33881485,37.35828104000001,0.0,0.19414059821932153,0.19414059821932153
85.80119197398571,20.248700240517103,0.3380561,-0.015702311,0.0243035,-0.33881485,37.58728838000002,0.0,0.1904896840144305,0.1904896840144305
85.80128180551412,20.248700240517103,0.298893,0.0,0.025917292,-0.29411766,37.58728838000002,0.0,0.1491119148033988,0.1491119148033988
85.80137163704254,20.248700240517103,0.25058687,0.10706055,0.11082767,-0.2876133,37.58728838000002,0.0,0.11451446507759341,0.11451446507759341
85.80146146857095,20.248700240517103,0.23136497,0.16131869,0.13167997,-0.24665141,37.51892798000006,0.0,0.13569292622922915,0.13569292622922915
85.80155130009936,20.248700240517103,0.1897999,0.17428316,0.1599581,-0.24358977,37.51892798000006,0.0,0.02827882362090333,0.02827882362090333
85.80164113162778,20.248700240517103,0.10319477,0.14654422,0.15895319,-0.15205194,37.51892798000006,0.0,0.002008087341484895,0.002008087341484895
85.80173096315619,20.248700240517103,0.036998443,0.2685168,0.22989438,-0.13229017,37.45398560000001,0.0,0.001052970442820989,0.001052970442820989
85.8018207946846,20.248700240517103,0.05198897,0.12740931,0.1444759,-0.13082135,37.45398560000001,0.0,0.0009508871191485588,0.0009508871191485588
85.80191062621302,20.248700240517103,0.0030903725,0.17947955,0.18233894,-0.078998856,37.45398560000001,0.0,0.0009472806692037776,0.0009472806692037776
85.80200045774143,20.248700240517103,0.032485444,0.08139061,0.10958798,-0.095609725,37.197634100000016,0.0,0.0009390902746926284,0.0009390902746926284
85.80209028926984,20.248700240517103,0.06541782,-0.06838859,0.019046107,-0.10604678,37.197634100000016,0.0,0.004507671492030188,0.004507671492030188
85.80218012079824,20.248700240517103,0.093535356,0.011150046,0.06160523,-0.12790701,37.197634100000016,0.0,0.0019549740222343996,0.0019549740222343996
85.80226995232665,20.248700240517103,0.14216228,-0.051068176,0.008498587,-0.1884058,37.07116736,0.0,0.007775620347708624,0.007775620347708624
85.80235978385507,20.248700240517103,0.5788354,-0.12016602,-0.08400529,-0.5241273,37.07116736,0.992156862745098,0.7807739390672728,-0.21138292367782519
85.79993433258795,20.248610408988693,0.42733607,-0.15177363,-0.062283278,-0.43353438,36.2918588,0.0,0.17375191028540773,0.17375191028540773
85.80002416411637,20.248610408988693,0.32768843,-0.06666668,-0.0016899849,-0.35327962,36.2918588,0.0,0.2313666093511003,0.2313666093511003
85.80011399564478,20.248610408988693,0.34744027,0.020833317,0.04326755,-0.34240055,36.536247230000015,0.0,0.2540090158942919,0.2540090158942919
85.80020382717318,20.248610408988693,0.2435233,0.10973727,0.10144331,-0.22137403,36.536247230000015,0.0,0.11108586155187315,0.11108586155187315
85.80029365870159,20.248610408988693,0.24799417,0.023958908,0.042804424,-0.23627168,36.536247230000015,0.0,0.06214057122605272,0.06214057122605272
85.80038349023,20.248610408988693,0.285592,-0.056506462,0.013035383,-0.33868092,36.536247230000015,0.0,0.1950523616373213,0.1950523616373213
85.80047332175842,20.248610408988693,0.2833281,-0.0059288805,0.049142085,-0.29971275,36.536247230000015,1.0,0.5215926836282704,-0.4784073163717296
85.80056315328683,20.248610408988693,0.24999999,0.12085193,0.11081443,-0.245614,36.536247230000015,1.0,0.4078799827534258,-0.5921200172465741
85.80065298481524,20.248610408988693,0.19987527,0.08096491,0.094444446,-0.24651763,36.95153665999999,0.0,0.06335846932416732,0.06335846932416732
85.80074281634366,20.248610408988693,0.33766967,0.009424088,0.04906987,-0.36350533,36.95153665999999,0.0,0.23393506047574955,0.23393506047574955
85.80083264787207,20.248610408988693,0.5209279,-0.1116845,-0.06367565,-0.4971457,36.95153665999999,1.0,0.9035165491606594,-0.09648345083934062
85.80092247940048,20.248610408988693,0.40679663,-0.09939467,-0.029047966,-0.44100335,37.35828104000001,0.0,0.41208132044175827,0.41208132044175827
85.8010123109289,20.248610408988693,0.33244506,0.07106362,0.06985769,-0.31406045,37.35828104000001,0.0,0.11962702657206273,0.11962702657206273
85.80110214245731,20.248610408988693,0.42770883,0.03623189,0.040755466,-0.40880504,37.35828104000001,1.0,0.8908332080304026,-0.10916679196959744
85.80119197398571,20.248610408988693,0.42770883,0.03623189,0.040755466,-0.40880504,37.58728838000002,1.0,0.916971923515921,-0.08302807648407895
85.80128180551412,20.248610408988693,0.42583436,-0.0041349344,0.0140267955,-0.41794714,37.58728838000002,1.0,0.7864859120247244,-0.2135140879752756
85.80137163704254,20.248610408988693,0.41892302,0.06232409,0.07245081,-0.3997599,37.58728838000002,1.0,0.8197709177280982,-0.18022908227190182
85.80146146857095,20.248610408988693,0.36569577,0.06467864,0.079199314,-0.3585016,37.51892798000006,0.0,0.27051317648889256,0.27051317648889256
85.80155130009936,20.248610408988693,0.21674615,0.06609724,0.10470288,-0.26188514,37.51892798000006,0.0,0.10240315908230006,0.10240315908230006
85.80164113162778,20.248610408988693,0.08741067,0.13981304,0.15313132,-0.14335257,37.51892798000006,0.0,0.0017894140477853523,0.0017894140477853523
85.80173096315619,20.248610408988693,0.015289068,0.23780484,0.23035713,-0.15866958,37.45398560000001,0.0,0.001316859331709878,0.001316859331709878
85.8018207946846,20.248610408988693,0.07067193,0.009507058,0.053499296,-0.11271771,37.45398560000001,0.0,0.004109936419306221,0.004109936419306221
85.80191062621302,20.248610408988693,0.05934982,0.055067856,0.09429034,-0.08424906,37.45398560000001,0.0,0.0018210056751880408,0.0018210056751880408
85.80200045774143,20.248610408988693,0.04114935,0.14939864,0.16417912,-0.12689576,37.197634100000016,0.0,0.001139315563945992,0.001139315563945992
85.80209028926984,20.248610408988693,0.088372074,0.0023685622,0.06681332,-0.15123908,37.197634100000016,0.0,0.0020318884535587686,0.0020318884535587686
85.80218012079824,20.248610408988693,0.06274291,0.050124105,0.11369184,-0.13590501,37.197634100000016,0.0,0.0009845617966347385,0.0009845617966347385
85.80226995232665,20.248610408988693,0.13759433,-0.04719102,0.050884936,-0.2204762,37.07116736,0.0,0.019240366017897644,0.019240366017897644
85.80235978385507,20.248610408988693,0.5683987,-0.118336484,-0.07266028,-0.5049606,37.07116736,1.0,0.8659308669886858,-0.13406913301131418
85.80244961538348,20.248610408988693,0.69628197,-0.20887817,-0.16378695,-0.60374343,37.07116736,0.0,0.33148748104481585,0.33148748104481585
85.79984450105954,20.24852057746028,0.673368,-0.20749797,-0.14940669,-0.619235,36.2918588,0.7529411764705883,0.7632352428702277,0.010294066399639368
85.79993433258795,20.24852057746028,0.3558915,-0.07496194,0.0009285208,-0.37169215,36.2918588,0.0,0.2865042212264894,0.2865042212264894
85.80002416411637,20.24852057746028,0.23994976,-0.006629269,0.044139523,-0.25333333,36.2918588,0.0,0.07990268980049359,0.07990268980049359
85.80011399564478,20.24852057746028,0.26374573,0.13951449,0.1280917,-0.2382155,36.536247230000015,1.0,0.4692437139298075,-0.5307562860701924
85.80020382717318,20.24852057746028,0.17682931,0.19150208,0.16116273,-0.15470089,36.536247230000015,1.0,0.3776548679086599,-0.6223451320913401
85.80029365870159,20.24852057746028,0.16200693,0.13511972,0.11573236,-0.17188106,36.536247230000015,0.0,0.040708032980378166,0.040708032980378166
85.80038349023,20.24852057746028,0.27278367,0.07751068,0.09088132,-0.27002785,36.536247230000015,0.0,0.11425925310998022,0.11425925310998022
85.80047332175842,20.24852057746028,0.26837972,0.14874253,0.13929108,-0.26973918,36.536247230000015,1.0,0.4694475899423815,-0.5305524100576184
85.80056315328683,20.24852057746028,0.10690286,0.23977347,0.19185106,-0.20119324,36.536247230000015,0.0,0.00914707197264261,0.00914707197264261
85.80065298481524,20.24852057746028,0.07962856,0.039212245,0.054795895,-0.10139085,36.95153665999999,0.0,0.00453367774570806,0.00453367774570806
85.80074281634366,20.24852057746028,0.08777807,0.20503409,0.1903068,-0.16585493,36.95153665999999,0.0,0.01069102660395242,0.01069102660395242
85.80083264787207,20.24852057746028,0.19898544,0.14006948,0.13385828,-0.23368917,36.95153665999999,0.0,0.08187056260266025,0.08187056260266025
85.80092247940048,20.24852057746028,0.3016838,-0.09244356,-0.02398358,-0.3255537,37.35828104000001,0.0,0.27016705834424576,0.27016705834424576
85.8010123109289,20.24852057746028,0.27744028,0.18899459,0.14001065,-0.21870172,37.35828104000001,0.0,0.0739614747019871,0.0739614747019871
85.80110214245731,20.24852057746028,0.1980198,0.23093218,0.18954812,-0.24145007,37.35828104000001,0.0,0.03606959177748594,0.03606959177748594
85.80119197398571,20.24852057746028,0.1980198,0.23093218,0.18954812,-0.24145007,37.58728838000002,0.0,0.02384748756934112,0.02384748756934112
85.80128180551412,20.24852057746028,0.26171294,0.15760109,0.10379745,-0.28823888,37.58728838000002,0.0,0.12479491005469148,0.12479491005469148
85.80137163704254,20.24852057746028,0.33706868,0.20035274,0.14956832,-0.3510131,37.58728838000002,0.0,0.2105293771202436,0.2105293771202436
85.80146146857095,20.24852057746028,0.34333628,0.19697501,0.16259325,-0.3976125,37.51892798000006,1.0,0.5085670915203254,-0.4914329084796746
85.80155130009936,20.24852057746028,0.22675192,0.08232011,0.11569362,-0.26414055,37.51892798000006,1.0,0.3605488573862729,-0.639451142613727
85.80164113162778,20.24852057746028,0.06287425,0.20935412,0.19419643,-0.16699539,37.51892798000006,0.0,0.0010669398698664313,0.0010669398698664313
85.80173096315619,20.24852057746028,0.05708945,0.24428616,0.21473546,-0.14478415,37.45398560000001,0.0,0.001316859331709878,0.001316859331709878
85.8018207946846,20.24852057746028,0.030714436,-0.0497563,0.017560573,-0.06057482,37.45398560000001,0.0,0.002946664622509386,0.002946664622509386
85.80191062621302,20.24852057746028,0.018984249,0.015718011,0.044205166,-0.03700917,37.45398560000001,0.0,0.003022493471118261,0.003022493471118261
85.80200045774143,20.24852057746028,0.09447642,0.24871908,0.2291707,-0.20639397,37.197634100000016,0.0,0.0026548654014552633,0.0026548654014552633
85.80209028926984,20.24852057746028,0.11390667,0.17625171,0.19015169,-0.20217231,37.197634100000016,0.0,0.0030229995770075595,0.0030229995770075595
85.80218012079824,20.24852057746028,0.09454006,0.1488518,0.19970049,-0.24384357,37.197634100000016,0.0,0.004806070520733431,0.004806070520733431
85.80226995232665,20.24852057746028,0.19186956,0.0072558536,0.09651574,-0.30528373,37.07116736,0.0,0.03758634262572082,0.03758634262572082
85.80235978385507,20.24852057746028,0.45393544,-0.019913066,0.029532434,-0.46223718,37.07116736,1.0,0.7336441411408249,-0.2663558588591751
85.80244961538348,20.24852057746028,0.65838206,-0.19006819,-0.13416559,-0.56784153,37.07116736,0.976470588235294,0.5674721737077517,-0.40899841452754226
85.8025394469119,20.24852057746028,0.5324142,-0.060064953,-0.023219347,-0.49470675,37.06091330000004,0.6,0.6394785574341337,0.039478557434133754
85.79975466953113,20.24843074593187,0.7416083,-0.24259132,-0.19499263,-0.6807271,37.11731063000002,0.0,0.3843793313587972,0.3843793313587972
85.79984450105954,20.24843074593187,0.6410611,-0.18804273,-0.12118306,-0.6069573,36.47472287000005,1.0,0.8852140713837823,-0.11478592861621773
85.79993433258795,20.24843074593187,0.39301103,-0.08968359,-0.013994411,-0.4081781,36.47472287000005,0.0,0.34621206790126535,0.34621206790126535
85.80002416411637,20.24843074593187,0.23667139,-0.05893719,0.020559594,-0.28827503,36.47472287000005,0.0,0.09594972103924566,0.09594972103924566
85.80011399564478,20.24843074593187,0.22217943,0.102121636,0.10106086,-0.23984376,36.65075090000005,0.0,0.038513269755718726,0.038513269755718726
85.80020382717318,20.24843074593187,0.119999975,0.076507166,0.075508244,-0.1466935,36.65075090000005,0.0,0.001578333592709865,0.001578333592709865
85.80029365870159,20.24843074593187,0.1210068,0.06813304,0.086519755,-0.15722854,36.65075090000005,0.0,0.0012121621339767365,0.0012121621339767365
85.80038349023,20.24843074593187,0.15139829,0.14490332,0.12717901,-0.17212045,36.65075090000005,0.0,0.04461567964186706,0.04461567964186706
85.80047332175842,20.24843074593187,0.11862115,0.18332101,0.14986801,-0.16181116,36.65075090000005,0.0,0.010876558312930398,0.010876558312930398
85.80056315328683,20.24843074593187,0.07804371,0.17565149,0.16085462,-0.15818894,36.65075090000005,0.0,0.0046322873925654495,0.0046322873925654495
85.80065298481524,20.24843074593187,0.051171985,-0.037302468,0.019501548,-0.07368068,36.89343031999999,0.0,0.0011871475967627355,0.0011871475967627355
85.80074281634366,20.24843074593187,0.031032529,0.11409179,0.12621541,-0.12520526,36.89343031999999,0.0,0.00164422650345745,0.00164422650345745
85.80083264787207,20.24843074593187,0.09465891,0.05219782,0.06563912,-0.112305224,36.89343031999999,0.0,0.0009303847538701763,0.0009303847538701763
85.80092247940048,20.24843074593187,0.2825727,-0.07961785,-0.0103385905,-0.3238955,36.88659428000005,0.0,0.11747683087731613,0.11747683087731613
85.8010123109289,20.24843074593187,0.25263157,0.19823788,0.15659635,-0.24257027,36.88659428000005,0.0,0.031575134907952634,0.031575134907952634
85.80110214245731,20.24843074593187,0.25263157,0.19823788,0.15659635,-0.24257027,36.88659428000005,0.0,0.031575134907952634,0.031575134907952634
85.80119197398571,20.24843074593187,0.14165966,0.17421177,0.14032608,-0.16709514,37.20447014000001,0.0,0.04592926504001235,0.04592926504001235
85.80128180551412,20.24843074593187,0.32755077,-0.000516119,-0.0529959,-0.29043713,37.20447014000001,0.0,0.08314504529071345,0.08314504529071345
85.80137163704254,20.24843074593187,0.36974236,0.044986956,-0.052621264,-0.32509586,37.20447014000001,0.0,0.11699091074873147,0.11699091074873147
85.80146146857095,20.24843074593187,0.29248175,0.10756713,0.037554204,-0.29768103,37.08825746000002,0.0,0.11993387889982023,0.11993387889982023
85.80155130009936,20.24843074593187,0.11155084,0.09431678,0.12102385,-0.1764398,37.08825746000002,0.0,0.0027980725267129684,0.0027980725267129684
85.80164113162778,20.24843074593187,0.07958086,0.17507033,0.1758331,-0.20328279,37.08825746000002,0.0,0.005201315179302738,0.005201315179302738
85.80173096315619,20.24843074593187,0.08694727,0.24465556,0.19415092,-0.13066669,37.04040517999999,0.0,0.0015170843135130622,0.0015170843135130622
85.8018207946846,20.24843074593187,-0.00597175,0.06748154,0.09641145,-0.06639487,37.04040517999999,0.0,0.0009845617966347385,0.0009845617966347385
85.80191062621302,20.24843074593187,0.047406375,0.1662565,0.14868614,-0.10812283,37.04040517999999,0.0,0.0019456328117932085,0.0019456328117932085
85.80200045774143,20.24843074593187,0.13697217,0.31778154,0.2684958,-0.20688713,37.00280696000004,0.0,0.014496602038734917,0.014496602038734917
85.80209028926984,20.24843074593187,0.13158508,0.17565511,0.19601923,-0.25734916,37.00280696000004,0.0,0.038409380133252576,0.038409380133252576
85.80218012079824,20.24843074593187,0.11162015,0.13146761,0.1968,-0.29155576,37.00280696000004,0.0,0.045877897951243946,0.045877897951243946
85.80226995232665,20.24843074593187,0.17229435,-0.00018464781,0.101992145,-0.3139253,36.97546280000006,0.0,0.03038127103553728,0.03038127103553728
85.80235978385507,20.24843074593187,0.31419542,0.04075356,0.09073595,-0.37163278,36.97546280000006,1.0,0.47600610010797073,-0.5239938998920293
85.80244961538348,20.24843074593187,0.5323514,-0.11417096,-0.054432806,-0.4888832,36.97546280000006,1.0,0.9046391459142689,-0.09536085408573114
85.8025394469119,20.24843074593187,0.42192692,-0.12801205,-0.041237123,-0.4287077,36.87634022000003,1.0,0.9236766421619556,-0.07632335783804445
85.8026292784403,20.24843074593187,0.42192692,-0.12801205,-0.041237123,-0.4287077,36.87634022000003,1.0,0.9236766421619556,-0.07632335783804445
85.80271910996872,20.24843074593187,0.33829188,-0.04006378,0.025797497,-0.3742428,36.87634022000003,0.0,0.36264870240436986,0.36264870240436986
85.80280894149713,20.24843074593187,0.36777937,0.010915195,0.043257754,-0.3793911,36.94811864000002,0.0,0.2339810298702833,0.2339810298702833
85.79975466953113,20.248340914403457,0.6622743,-0.22298028,-0.16417912,-0.5923329,37.11731063000002,0.5098039215686274,0.35691077263200344,-0.15289314893662398
85.79984450105954,20.248340914403457,0.4609375,0.0209424,0.046926633,-0.44811565,36.47472287000005,1.0,0.8496081298554856,-0.15039187014451438
85.79993433258795,20.248340914403457,0.28071412,0.035214998,0.08868799,-0.3485036,36.47472287000005,0.0,0.15620082324597603,0.15620082324597603
85.80002416411637,20.248340914403457,0.18115185,0.03175965,0.089511245,-0.2477876,36.47472287000005,0.0,0.06581553447994759,0.06581553447994759
85.80011399564478,20.248340914403457,0.17442779,0.23535457,0.19377162,-0.18802395,36.65075090000005,1.0,0.3506264815400538,-0.6493735184599462
85.80020382717318,20.248340914403457,0.114233375,0.14646702,0.13355617,-0.15552738,36.65075090000005,0.0,0.0030344211451840534,0.0030344211451840534
85.80029365870159,20.248340914403457,0.12720849,0.12282309,0.12697048,-0.17243491,36.65075090000005,0.0,0.004071777395853116,0.004071777395853116
85.80038349023,20.248340914403457,0.15191883,0.22723402,0.17757007,-0.15779407,36.65075090000005,0.0,0.018701755077935728,0.018701755077935728
85.80047332175842,20.248340914403457,0.08310988,0.2817778,0.23014611,-0.14650582,36.65075090000005,0.0,0.0014382580024425648,0.0014382580024425648
85.80056315328683,20.248340914403457,0.06983837,0.33661118,0.2781708,-0.1494102,36.65075090000005,0.0,0.001316591335775898,0.001316591335775898
85.80065298481524,20.248340914403457,-0.0063846954,0.17330676,0.16238004,-0.10396809,36.89343031999999,0.0,0.0013500978482582449,0.0013500978482582449
85.80074281634366,20.248340914403457,0.08662093,0.20037867,0.18160096,-0.14946699,36.89343031999999,0.0,0.0017006391506906315,0.0017006391506906315
85.80083264787207,20.248340914403457,0.07888834,0.09799394,0.101617016,-0.12067421,36.89343031999999,0.0,0.0013071564854171798,0.0013071564854171798
85.80092247940048,20.248340914403457,0.27056128,0.00662724,0.05576206,-0.31390664,36.88659428000005,0.0,0.16903571907347834,0.16903571907347834
85.8010123109289,20.248340914403457,0.26269165,0.20523268,0.1735263,-0.28013816,36.88659428000005,0.0,0.06901228230763844,0.06901228230763844
85.80110214245731,20.248340914403457,0.26269165,0.20523268,0.1735263,-0.28013816,36.88659428000005,0.0,0.06901228230763844,0.06901228230763844
85.80119197398571,20.248340914403457,0.15409482,0.23267059,0.16413055,-0.17434211,37.20447014000001,0.0,0.03171876135811411,0.03171876135811411
85.80128180551412,20.248340914403457,0.31963366,0.076153256,-0.021679148,-0.28967473,37.20447014000001,0.0,0.06036539866842846,0.06036539866842846
85.80137163704254,20.248340914403457,0.37842935,0.094137065,-0.047128648,-0.3036245,37.20447014000001,0.0,0.06307413857336637,0.06307413857336637
85.80146146857095,20.248340914403457,0.27856392,0.13538988,0.0388447,-0.25160226,37.08825746000002,0.0,0.06127987288170264,0.06127987288170264
85.80155130009936,20.248340914403457,0.08779057,0.07733537,0.105142854,-0.12197391,37.08825746000002,0.0,0.0009737101577335641,0.0009737101577335641
85.80164113162778,20.248340914403457,0.0743206,0.18459271,0.17973682,-0.17465132,37.08825746000002,0.0,0.004588891597640753,0.004588891597640753
85.80173096315619,20.248340914403457,0.088033445,0.23994163,0.19989339,-0.12774512,37.04040517999999,0.0,0.001582815307665109,0.001582815307665109
85.8018207946846,20.248340914403457,0.020237586,0.12374833,0.1386973,-0.127096,37.04040517999999,0.0,0.0015395954259056564,0.0015395954259056564
85.80191062621302,20.248340914403457,0.0839367,0.20760636,0.2004513,-0.15750284,37.04040517999999,0.0,0.0034346052475310645,0.0034346052475310645
85.80200045774143,20.248340914403457,0.1331115,0.20242046,0.19603296,-0.21897377,37.00280696000004,0.0,0.02646998012269775,0.02646998012269775
85.80209028926984,20.248340914403457,0.19618961,0.025498882,0.10096852,-0.3044769,37.00280696000004,0.0,0.03698519325858232,0.03698519325858232
85.80218012079824,20.248340914403457,0.18148069,0.0127737215,0.10782795,-0.30771092,37.00280696000004,0.0,0.025154007525923148,0.025154007525923148
85.80226995232665,20.248340914403457,0.1811293,-0.021132724,0.07762927,-0.3024259,36.97546280000006,0.0,0.06900004125213058,0.06900004125213058
85.80235978385507,20.248340914403457,0.2764366,0.1046983,0.11698612,-0.3021159,36.97546280000006,1.0,0.4158610860060558,-0.5841389139939441
85.80244961538348,20.248340914403457,0.35887358,0.11039659,0.108557254,-0.3491547,36.97546280000006,1.0,0.4101419344246976,-0.5898580655753024
85.8025394469119,20.248340914403457,0.222913,-0.03068864,0.053653784,-0.30366865,36.87634022000003,0.0,0.04211001713363547,0.04211001713363547
85.8026292784403,20.248340914403457,0.222913,-0.03068864,0.053653784,-0.30366865,36.87634022000003,0.0,0.04211001713363547,0.04211001713363547
85.80271910996872,20.248340914403457,0.20311427,-0.01019032,0.06505372,-0.26480496,36.87634022000003,0.0,0.13722566454466179,0.13722566454466179
85.80280894149713,20.248340914403457,0.3915198,0.009213889,0.043687955,-0.3896068,36.94811864000002,0.0,0.19187661771834735,0.19187661771834735
85.79975466953113,20.248251082875043,0.59108526,-0.20558001,-0.15172024,-0.5182617,37.11731063000002,0.0,0.32844222900323883,0.32844222900323883
85.79984450105954,20.248251082875043,0.30650824,0.094685614,0.08103248,-0.30088735,36.47472287000005,0.0,0.15701321146923491,0.15701321146923491
85.79993433258795,20.248251082875043,0.2208875,0.0803324,0.05788609,-0.23665261,36.47472287000005,0.0,0.0523507786678628,0.0523507786678628
85.80002416411637,20.248251082875043,0.19592749,-0.0008312383,0.031935364,-0.22357725,36.47472287000005,0.0,0.05891577711793584,0.05891577711793584
85.80011399564478,20.248251082875043,0.1432675,0.20320322,0.16691,-0.1762098,36.65075090000005,0.0,0.014476541415486944,0.014476541415486944
85.80020382717318,20.248251082875043,0.09039552,0.17028898,0.14440857,-0.1202838,36.65075090000005,0.0,0.002616450640622054,0.002616450640622054
85.80029365870159,20.248251082875043,0.09697664,0.120512225,0.13095905,-0.14634876,36.65075090000005,0.0,0.0018104615824194406,0.0018104615824194406
85.80038349023,20.248251082875043,0.1397644,0.23406073,0.1862745,-0.18779032,36.65075090000005,0.0,0.05576960609289176,0.05576960609289176
85.80047332175842,20.248251082875043,0.10192645,0.29414403,0.2406194,-0.18048778,36.65075090000005,0.0,0.004711074401108108,0.004711074401108108
85.80056315328683,20.248251082875043,0.057541184,0.25765124,0.2172441,-0.12210864,36.65075090000005,0.0,0.002403292967477529,0.002403292967477529
85.80065298481524,20.248251082875043,0.025042845,0.08371665,0.11089817,-0.11160712,36.89343031999999,0.0,0.0009390902746926284,0.0009390902746926284
85.80074281634366,20.248251082875043,0.07304381,0.17316887,0.1488643,-0.121522695,36.89343031999999,0.0,0.0038758143258658066,0.0038758143258658066
85.80083264787207,20.248251082875043,0.059366994,0.1026087,0.11474015,-0.120926864,36.89343031999999,0.0,0.0018630791907311896,0.0018630791907311896
85.80092247940048,20.248251082875043,0.17913428,0.028174154,0.065766886,-0.20837125,36.88659428000005,0.0,0.020396529536856643,0.020396529536856643
85.8010123109289,20.248251082875043,0.25776604,0.1924464,0.16827564,-0.2932382,36.88659428000005,0.0,0.05823980699782236,0.05823980699782236
85.80110214245731,20.248251082875043,0.25776604,0.1924464,0.16827564,-0.2932382,36.88659428000005,0.0,0.05823980699782236,0.05823980699782236
85.80119197398571,20.248251082875043,0.19988985,0.22455518,0.19936283,-0.24336663,37.20447014000001,0.0,0.09899323275229147,0.09899323275229147
85.80128180551412,20.248251082875043,0.31817144,0.08566022,0.06961136,-0.35515547,37.20447014000001,0.0,0.11629869843791422,0.11629869843791422
85.80137163704254,20.248251082875043,0.348253,0.14768301,0.0750249,-0.32465783,37.20447014000001,0.0,0.12482262653869822,0.12482262653869822
85.80146146857095,20.248251082875043,0.22455499,0.19405228,0.12034752,-0.22679469,37.08825746000002,0.0,0.08665005506147337,0.08665005506147337
85.80155130009936,20.248251082875043,0.08867795,0.08964181,0.11455539,-0.13960254,37.08825746000002,0.0,0.001155304633565328,0.001155304633565328
85.80164113162778,20.248251082875043,0.09288485,0.14250913,0.15810828,-0.17398556,37.08825746000002,0.0,0.00305661336689249,0.00305661336689249
85.80173096315619,20.248251082875043,0.106857166,0.21115862,0.18428607,-0.14989613,37.04040517999999,0.0,0.0029738898678455857,0.0029738898678455857
85.8018207946846,20.248251082875043,0.07382227,0.14715524,0.14901128,-0.15728869,37.04040517999999,0.0,0.003879407861154994,0.003879407861154994
85.80191062621302,20.248251082875043,0.11498772,0.15161712,0.14874087,-0.1768672,37.04040517999999,0.0,0.02248846541652617,0.02248846541652617
85.80200045774143,20.248251082875043,0.16550763,0.19033816,0.18026029,-0.22264369,37.00280696000004,0.0,0.12572789637245949,0.12572789637245949
85.80209028926984,20.248251082875043,0.25793868,0.102722056,0.12535965,-0.32162714,37.00280696000004,0.0,0.11917414029993488,0.11917414029993488
85.80218012079824,20.248251082875043,0.20396695,0.20757182,0.20157029,-0.27164805,37.00280696000004,1.0,0.40435884119388216,-0.5956411588061179
85.80226995232665,20.248251082875043,0.16024487,0.17952636,0.16474326,-0.22277041,36.97546280000006,1.0,0.37348828431583664,-0.6265117156841633
85.80235978385507,20.248251082875043,0.15229885,0.18163265,0.14397906,-0.17811237,36.97546280000006,1.0,0.4073887268741431,-0.5926112731258568
85.80244961538348,20.248251082875043,0.17661689,0.15573406,0.13088705,-0.18844222,36.97546280000006,0.0,0.07315717869298398,0.07315717869298398
85.8025394469119,20.248251082875043,0.17661689,0.15573406,0.13088705,-0.18844222,36.87634022000003,0.0,0.039795271890109424,0.039795271890109424
85.8026292784403,20.248251082875043,0.123311915,0.010337459,0.06838107,-0.18829039,36.87634022000003,0.0,0.0024457593113825222,0.0024457593113825222
85.80271910996872,20.248251082875043,0.2181612,-0.020734241,0.06244591,-0.279752,36.87634022000003,0.0,0.10648424883506438,0.10648424883506438
85.80280894149713,20.248251082875043,0.38266742,0.023255821,0.05533995,-0.39483395,36.94811864000002,0.0,0.29029392083992783,0.29029392083992783
85.79975466953113,20.248161251346637,0.6140436,-0.17877984,-0.123260714,-0.5614898,37.279666580000026,0.0,0.35458543007281296,0.35458543007281296
85.79984450105954,20.248161251346637,0.39054018,0.06694415,0.057142854,-0.37000254,36.63024278,0.0,0.20721040777456254,0.20721040777456254
85.79993433258795,20.248161251346637,0.3231803,0.020232169,-0.030027496,-0.27300152,36.63024278,0.0,0.0879584076751071,0.0879584076751071
85.80002416411637,20.248161251346637,0.22915807,-0.0052056727,-0.024001583,-0.20128433,36.63024278,0.0,0.017388504354613865,0.017388504354613865
85.80011399564478,20.248161251346637,0.18097016,0.21867931,0.17878789,-0.20609717,36.753291500000046,0.0,0.07580106323963703,0.07580106323963703
85.80020382717318,20.248161251346637,0.122237526,0.2501154,0.18841448,-0.13676107,36.753291500000046,0.0,0.003212312591350584,0.003212312591350584
85.80029365870159,20.248161251346637,0.11038572,0.18296947,0.17051463,-0.15672332,36.753291500000046,0.0,0.005363312028969831,0.005363312028969831
85.80038349023,20.248161251346637,0.07065627,0.24995595,0.22233547,-0.16148391,36.753291500000046,0.0,0.0022100833992679614,0.0022100833992679614
85.80047332175842,20.248161251346637,0.06812809,0.17619756,0.14894472,-0.12800726,36.753291500000046,0.0,0.001803600930183334,0.001803600930183334
85.80056315328683,20.248161251346637,0.0943471,0.13033853,0.12062856,-0.14756835,36.753291500000046,0.0,0.0013336638465424205,0.0013336638465424205
85.80065298481524,20.248161251346637,0.082492426,0.02790564,0.06847041,-0.1373275,36.83532398,0.0,0.0018207913684497327,0.0018207913684497327
85.80074281634366,20.248161251346637,0.1918383,-0.0067654825,0.03790901,-0.22070314,36.83532398,0.0,0.0707771295889884,0.0707771295889884
85.80083264787207,20.248161251346637,0.23121628,0.019341998,0.06714237,-0.25677967,36.83532398,0.0,0.05381907537286238,0.05381907537286238
85.80092247940048,20.248161251346637,0.17519791,0.16309659,0.15755467,-0.24971943,36.74645545999999,0.0,0.03770126991837053,0.03770126991837053
85.8010123109289,20.248161251346637,0.14098054,0.11995658,0.12069163,-0.19479243,36.74645545999999,0.0,0.009516317823705668,0.009516317823705668
85.80110214245731,20.248161251346637,0.14098054,0.11995658,0.12069163,-0.19479243,36.74645545999999,0.0,0.009516317823705668,0.009516317823705668
85.80119197398571,20.248161251346637,0.09145694,0.13571927,0.1571391,-0.18559878,36.88659428000005,0.0,0.009214701480198165,0.009214701480198165
85.80128180551412,20.248161251346637,0.17515527,0.099904865,0.13882186,-0.27739197,36.88659428000005,0.0,0.13668175842678823,0.13668175842678823
85.80137163704254,20.248161251346637,0.31668282,0.113903426,0.11944286,-0.34539145,36.88659428000005,0.0,0.107750300122325,0.107750300122325
85.80146146857095,20.248161251346637,0.27015194,0.16108182,0.14454977,-0.3061441,36.81139784000004,1.0,0.4657938419057471,-0.534206158094253
85.80155130009936,20.248161251346637,0.1951029,0.114798374,0.12968151,-0.2569863,36.81139784000004,0.0,0.14644529558203723,0.14644529558203723
85.80164113162778,20.248161251346637,0.16696681,0.12041884,0.14474352,-0.22033899,36.81139784000004,0.0,0.014275505842226692,0.014275505842226692
85.80173096315619,20.248161251346637,0.08722812,0.20164478,0.20750865,-0.19705953,36.85583210000004,0.0,0.0030845653710967415,0.0030845653710967415
85.8018207946846,20.248161251346637,0.109433964,0.20641474,0.20887132,-0.21046257,36.85583210000004,0.0,0.006084321498153265,0.006084321498153265
85.80191062621302,20.248161251346637,0.12722296,0.12588401,0.14446066,-0.20350535,36.85583210000004,0.0,0.007368852407733664,0.007368852407733664
85.80200045774143,20.248161251346637,0.12092487,0.13552067,0.16095889,-0.21351689,36.74645545999999,0.0,0.002993030910445609,0.002993030910445609
85.80209028926984,20.248161251346637,0.18103941,0.056999557,0.102232665,-0.22186117,36.74645545999999,0.0,0.006547598813397854,0.006547598813397854
85.80218012079824,20.248161251346637,0.1375704,0.2422294,0.198939,-0.1847507,36.74645545999999,0.0,0.02594351289166127,0.02594351289166127
85.80226995232665,20.248161251346637,0.12310289,0.18581907,0.1498688,-0.1659664,36.784053680000056,0.0,0.014079283665859118,0.014079283665859118
85.80235978385507,20.248161251346637,0.09058971,0.054806456,0.07089601,-0.12386861,36.784053680000056,0.0,0.001492693398258164,0.001492693398258164
85.80244961538348,20.248161251346637,0.10026709,0.076421395,0.098106265,-0.15464967,36.784053680000056,0.0,0.0011668999265296552,0.0011668999265296552
85.8025394469119,20.248161251346637,0.10026709,0.076421395,0.098106265,-0.15464967,36.74987348000002,0.0,0.0011002332598629883,0.0011002332598629883
85.8026292784403,20.248161251346637,0.12053775,0.044286266,0.085126735,-0.17672832,36.74987348000002,0.0,0.002492783150917153,0.002492783150917153
85.80271910996872,20.248161251346637,0.2876029,-0.032813143,0.028212316,-0.32020462,36.74987348000002,0.0,0.21585182991488522,0.21585182991488522
85.80280894149713,20.248161251346637,0.42590433,-0.005554415,0.031074727,-0.43553597,36.784053680000056,0.0,0.45862034271472213,0.45862034271472213
85.79993433258795,20.24807141981822,0.42684564,-0.018036708,-0.0054782094,-0.3913612,36.63024278,0.0,0.38238635880747385,0.38238635880747385
85.80002416411637,20.24807141981822,0.11635693,-0.05908514,-0.009286282,-0.13439944,36.63024278,0.0,0.004097131166209014,0.004097131166209014
85.80011399564478,20.24807141981822,0.112959735,0.07630813,0.097952895,-0.15861444,36.753291500000046,0.0,0.0012291221487518772,0.0012291221487518772
85.80020382717318,20.24807141981822,0.16122305,0.23698632,0.18076287,-0.17925192,36.753291500000046,0.0,0.08696948824687396,0.08696948824687396
85.80029365870159,20.24807141981822,0.07496542,0.1646604,0.14791042,-0.12247257,36.753291500000046,0.0,0.0014355188985727373,0.0014355188985727373
85.80038349023,20.24807141981822,0.011465352,0.04846334,0.06489582,-0.06499089,36.753291500000046,0.0,0.0008957648708292406,0.0008957648708292406
85.80047332175842,20.24807141981822,0.06414498,0.024841122,0.049014088,-0.08885663,36.753291500000046,0.0,0.0022698425992463745,0.0022698425992463745
85.80056315328683,20.24807141981822,0.3171787,0.07994562,0.09131358,-0.35529828,36.753291500000046,0.0,0.10200461447741106,0.10200461447741106
85.80065298481524,20.24807141981822,0.42590013,-0.0015369204,0.038401846,-0.42391735,36.83532398,1.0,0.7092466082716657,-0.29075339172833425
85.80074281634366,20.24807141981822,0.4830287,-0.05006933,-0.00035107974,-0.48983604,36.83532398,1.0,0.8412467388986501,-0.1587532611013499
85.80083264787207,20.24807141981822,0.49385077,0.060178813,0.067358896,-0.4441215,36.83532398,1.0,0.900456716685841,-0.09954328331415896
85.80092247940048,20.24807141981822,0.12563957,0.21970445,0.17903042,-0.21696375,36.74645545999999,0.0,0.0073296410654684965,0.0073296410654684965
85.8010123109289,20.24807141981822,0.053009294,-0.02103432,0.03360331,-0.08540685,36.74645545999999,0.0,0.0009894961774927944,0.0009894961774927944
85.80110214245731,20.24807141981822,0.053009294,-0.02103432,0.03360331,-0.08540685,36.74645545999999,0.0,0.0009894961774927944,0.0009894961774927944
85.80119197398571,20.24807141981822,0.03227747,0.08123996,0.08988677,-0.07571967,36.88659428000005,0.0,0.0009390902746926284,0.0009390902746926284
85.80128180551412,20.24807141981822,0.062185433,0.10591771,0.10855315,-0.114670336,36.88659428000005,0.0,0.001350634746286745,0.001350634746286745
85.80137163704254,20.24807141981822,0.16260698,0.12603103,0.12233707,-0.219052,36.88659428000005,0.0,0.025762552216636134,0.025762552216636134
85.80146146857095,20.24807141981822,0.24452811,0.12696055,0.13903077,-0.27483127,36.81139784000004,0.0,0.051992862691631454,0.051992862691631454
85.80155130009936,20.24807141981822,0.3199882,0.12609626,0.116356105,-0.34251496,36.81139784000004,0.0,0.07233322055936388,0.07233322055936388
85.80164113162778,20.24807141981822,0.116348274,0.124343246,0.14264742,-0.16489772,36.81139784000004,0.0,0.005777568318396655,0.005777568318396655
85.80173096315619,20.24807141981822,0.05726358,0.02302411,0.073074,-0.12881145,36.85583210000004,0.0,0.001412854860513225,0.001412854860513225
85.8018207946846,20.24807141981822,0.11925707,0.050317973,0.09886768,-0.19229431,36.85583210000004,0.0,0.001920907627894297,0.001920907627894297
85.80191062621302,20.24807141981822,0.14508319,0.0787735,0.12662056,-0.23171009,36.85583210000004,0.0,0.015721158239414265,0.015721158239414265
85.80200045774143,20.24807141981822,0.118382156,0.12807795,0.15262626,-0.19147906,36.74645545999999,0.0,0.00510107573811996,0.00510107573811996
85.80209028926984,20.24807141981822,0.115303986,0.042735063,0.09513397,-0.18551531,36.74645545999999,0.0,0.003810503831644147,0.003810503831644147
85.80218012079824,20.24807141981822,0.14052953,0.15957981,0.14049324,-0.19487907,36.74645545999999,0.0,0.017776623548569934,0.017776623548569934
85.80226995232665,20.24807141981822,0.100998245,0.127907,0.13384925,-0.15919626,36.784053680000056,0.0,0.009945177633229522,0.009945177633229522
85.80235978385507,20.24807141981822,0.17980602,0.011048572,0.0512192,-0.19195983,36.784053680000056,0.0,0.07072458831965421,0.07072458831965421
85.80244961538348,20.24807141981822,0.2103321,0.035483196,0.0703302,-0.24493927,36.784053680000056,0.0,0.02951963863068846,0.02951963863068846
85.8025394469119,20.24807141981822,0.2103321,0.035483196,0.0703302,-0.24493927,36.74987348000002,0.0,0.026199725210775043,0.026199725210775043
85.8026292784403,20.24807141981822,0.21724892,0.08437689,0.11247609,-0.25704625,36.74987348000002,0.0,0.04079142854639935,0.04079142854639935
85.80271910996872,20.24807141981822,0.30762488,0.038453255,0.0784431,-0.33452597,36.74987348000002,0.0,0.23965548531536626,0.23965548531536626
85.79993433258795,20.247981588289807,0.49064174,-0.14968209,-0.08960485,-0.4732438,36.63024278,0.0,0.293837453677592,0.293837453677592
85.80002416411637,20.247981588289807,0.06814485,-0.006266539,0.040730987,-0.0902233,36.63024278,0.0,0.0008190097147624229,0.0008190097147624229
85.80011399564478,20.247981588289807,0.051317174,0.0165242,0.06620932,-0.090162635,36.753291500000046,0.0,0.0011809743501923666,0.0011809743501923666
85.80020382717318,20.247981588289807,0.1582173,0.19543342,0.18740319,-0.20696661,36.753291500000046,0.0,0.014602512329510424,0.014602512329510424
85.80029365870159,20.247981588289807,0.09941518,0.17653781,0.14447193,-0.126335,36.753291500000046,0.0,0.01004390384845501,0.01004390384845501
85.80038349023,20.247981588289807,0.08512439,-0.017131986,0.040911537,-0.1198044,36.753291500000046,0.0,0.0014600353557880637,0.0014600353557880637
85.80047332175842,20.247981588289807,0.14687563,0.040994618,0.09168844,-0.2312338,36.753291500000046,0.0,0.008133964456196572,0.008133964456196572
85.80056315328683,20.247981588289807,0.40912312,-0.0148084825,0.03419019,-0.43110895,36.753291500000046,0.0,0.3976662900340373,0.3976662900340373
85.80065298481524,20.247981588289807,0.5407063,-0.11457855,-0.05698377,-0.4939512,36.83532398,1.0,0.897035377988664,-0.10296462201133605
85.80074281634366,20.247981588289807,0.49143547,-0.104322985,-0.0435133,-0.46423498,36.83532398,1.0,0.8775821716625286,-0.12241782833747139
85.80083264787207,20.247981588289807,0.3700165,0.09332751,0.10023828,-0.3543974,36.83532398,0.0,0.1836972294536554,0.1836972294536554
85.80092247940048,20.247981588289807,0.08907206,0.29946983,0.23173186,-0.14445375,36.74645545999999,0.0,0.0012909503101348726,0.0012909503101348726
85.8010123109289,20.247981588289807,0.040440604,0.06938778,0.08500356,-0.068347044,36.74645545999999,0.0,0.000997850833179589,0.000997850833179589
85.80110214245731,20.247981588289807,0.040440604,0.06938778,0.08500356,-0.068347044,36.74645545999999,0.0,0.000997850833179589,0.000997850833179589
85.80119197398571,20.247981588289807,0.034753338,0.2955991,0.2533268,-0.11901394,36.88659428000005,0.0,0.0011486028320315804,0.0011486028320315804
85.80128180551412,20.247981588289807,0.048935518,0.21348582,0.18711002,-0.07946368,36.88659428000005,0.0,0.0010128795739143062,0.0010128795739143062
85.80137163704254,20.247981588289807,0.034460895,0.10176502,0.118264176,-0.08062378,36.88659428000005,0.0,0.0013160148632458094,0.0013160148632458094
85.80146146857095,20.247981588289807,0.07326287,0.16864121,0.1472027,-0.12198977,36.81139784000004,0.0,0.001842196092247573,0.001842196092247573
85.80155130009936,20.247981588289807,0.15390486,0.30546623,0.25325155,-0.24512762,36.81139784000004,0.0,0.02986281342176939,0.02986281342176939
85.80164113162778,20.247981588289807,0.035872903,0.1687457,0.15796354,-0.13028891,36.81139784000004,0.0,0.0016001364550419926,0.0016001364550419926
85.80173096315619,20.247981588289807,0.014027646,0.05804539,0.07366837,-0.074912705,36.85583210000004,0.0,0.0008957648708292406,0.0008957648708292406
85.8018207946846,20.247981588289807,0.07139739,0.044028822,0.056786325,-0.08670136,36.85583210000004,0.0,0.0020670110790413933,0.0020670110790413933
85.80191062621302,20.247981588289807,0.1233268,0.107613765,0.11029668,-0.16858523,36.85583210000004,0.0,0.004975577837612603,0.004975577837612603
85.80200045774143,20.247981588289807,0.28110602,0.24613175,0.21363951,-0.32306832,36.74645545999999,1.0,0.40697846333858617,-0.5930215366614138
85.80209028926984,20.247981588289807,0.24344568,-0.024691347,0.04393391,-0.3023013,36.74645545999999,0.0,0.08168707716867314,0.08168707716867314
85.80218012079824,20.247981588289807,0.25230414,0.04313381,0.07094892,-0.26248547,36.74645545999999,0.0,0.06312441194818565,0.06312441194818565
85.80226995232665,20.247981588289807,0.17237379,0.058494505,0.090560466,-0.23095673,36.784053680000056,0.0,0.009955064813052375,0.009955064813052375
85.80235978385507,20.247981588289807,0.38247013,-0.03361702,0.012062717,-0.37038082,36.784053680000056,1.0,0.6848901735196878,-0.31510982648031216
85.80244961538348,20.247981588289807,0.5105302,-0.15555556,-0.08823938,-0.4790235,36.784053680000056,0.0,0.3364519013607859,0.3364519013607859
85.80002416411637,20.2478917567614,0.084371544,0.018555498,0.06422169,-0.099984,36.787471700000026,0.0,0.0012822608998999691,0.0012822608998999691
85.80011399564478,20.2478917567614,0.018804237,-0.08442393,0.028686874,-0.061675683,36.89343031999999,0.0,0.002233862411891663,0.002233862411891663
85.80020382717318,20.2478917567614,0.12111159,0.06664364,0.11615944,-0.21565099,36.89343031999999,0.0,0.002799192293445581,0.002799192293445581
85.80029365870159,20.2478917567614,0.19834508,0.11295263,0.13641272,-0.26809165,36.89343031999999,1.0,0.4162009154885477,-0.5837990845114522
85.80038349023,20.2478917567614,0.34419733,0.007479656,0.054240398,-0.35343683,36.89343031999999,0.0,0.20108166947527062,0.20108166947527062
85.80047332175842,20.2478917567614,0.2421265,0.113787524,0.13015717,-0.28519294,36.89343031999999,0.0,0.09812819724845068,0.09812819724845068
85.80056315328683,20.2478917567614,0.24866918,0.080455504,0.103378735,-0.29359245,36.89343031999999,0.0,0.05651251854403996,0.05651251854403996
85.80065298481524,20.2478917567614,0.2989464,-0.011105375,0.044540096,-0.32899168,36.900266360000046,0.0,0.1580266641540109,0.1580266641540109
85.80074281634366,20.2478917567614,0.24446495,-0.036695506,0.035085518,-0.28568023,36.900266360000046,0.0,0.051527661560650945,0.051527661560650945
85.80083264787207,20.2478917567614,0.190517,0.09213679,0.11477272,-0.2356952,36.900266360000046,0.0,0.0467463020495765,0.0467463020495765
85.80092247940048,20.2478917567614,0.08900769,0.23705634,0.20430782,-0.14852941,36.756709520000015,0.0,0.0025961607137663283,0.0025961607137663283
85.8010123109289,20.2478917567614,0.029399116,0.028424468,0.06889882,-0.099066004,36.756709520000015,0.0,0.0011676853136475165,0.0011676853136475165
85.80110214245731,20.2478917567614,0.029399116,0.028424468,0.06889882,-0.099066004,36.756709520000015,0.0,0.0011676853136475165,0.0011676853136475165
85.80119197398571,20.2478917567614,0.041889485,0.1844186,0.1480229,-0.12206046,36.55504633999999,0.0,0.004089924594256619,0.004089924594256619
85.80128180551412,20.2478917567614,0.02463319,0.14462298,0.13158065,-0.096356064,36.55504633999999,0.0,0.001205596811907042,0.001205596811907042
85.80137163704254,20.2478917567614,0.045403156,0.10511757,0.10732213,-0.116287105,36.55504633999999,0.0,0.0010549449254316854,0.0010549449254316854
85.80146146857095,20.2478917567614,0.06722691,0.2468789,0.21219344,-0.12836102,36.40465346000002,0.0,0.0021644565080868533,0.0021644565080868533
85.80155130009936,20.2478917567614,0.0918297,0.28500375,0.2381614,-0.18215798,36.40465346000002,0.0,0.002362377744198431,0.002362377744198431
85.80164113162778,20.2478917567614,0.048744053,0.04935382,0.07651787,-0.07143851,36.40465346000002,0.0,0.0011552778619621164,0.0011552778619621164
85.80173096315619,20.2478917567614,0.020835819,0.11680734,0.11857568,-0.08764273,36.527702180000006,0.0,0.0017202273174582636,0.0017202273174582636
85.8018207946846,20.2478917567614,0.031024344,0.16322985,0.14881371,-0.086374536,36.527702180000006,0.0,0.0024748452660056626,0.0024748452660056626
85.80191062621302,20.2478917567614,0.047571823,0.10385758,0.12428584,-0.13962263,36.527702180000006,0.0,0.0018308608160684686,0.0018308608160684686
85.80200045774143,20.2478917567614,0.3321259,0.14077102,0.13763212,-0.35016063,36.661004960000014,0.0,0.12128220455245659,0.12128220455245659
85.80209028926984,20.2478917567614,0.40936092,-0.11169417,-0.037559945,-0.42390785,36.661004960000014,1.0,0.8140224722570668,-0.1859775277429332
85.80218012079824,20.2478917567614,0.4441205,-0.11269186,-0.036204048,-0.43852857,36.661004960000014,1.0,0.7812325196009987,-0.2187674803990013
85.80226995232665,20.2478917567614,0.3625731,-0.060405467,0.010042203,-0.39066738,36.79772576000005,1.0,0.7686477156360108,-0.23135228436398925
85.80235978385507,20.2478917567614,0.5548945,-0.11737271,-0.07309765,-0.49118257,36.79772576000005,1.0,0.887772956609187,-0.11222704339081302
85.80244961538348,20.2478917567614,0.6132339,-0.2058516,-0.13874272,-0.5643922,36.79772576000005,0.0,0.2920918544520044,0.2920918544520044
85.80002416411637,20.247801925232984,0.17072245,0.07814369,0.09341905,-0.19619271,36.787471700000026,0.0,0.007129690694087592,0.007129690694087592
85.80011399564478,20.247801925232984,0.006023429,-0.10277814,0.021783687,-0.061390888,36.89343031999999,0.0,0.0038944197259440025,0.0038944197259440025
85.80020382717318,20.247801925232984,0.07682309,0.0058479407,0.07906653,-0.14844966,36.89343031999999,0.0,0.0018389183504344017,0.0018389183504344017
85.80029365870159,20.247801925232984,0.16966069,0.17725515,0.17696726,-0.22338206,36.89343031999999,0.0,0.057108394795604873,0.057108394795604873
85.80038349023,20.247801925232984,0.29017633,-0.06619484,0.0053682025,-0.31670952,36.89343031999999,0.0,0.11150717594590896,0.11150717594590896
85.80047332175842,20.247801925232984,0.21416895,0.0033549443,0.05572267,-0.24992989,36.89343031999999,0.0,0.08086741792831498,0.08086741792831498
85.80056315328683,20.247801925232984,0.16763009,0.05052877,0.094401404,-0.20417291,36.89343031999999,0.0,0.004147548775201861,0.004147548775201861
85.80065298481524,20.247801925232984,0.13906635,-0.018229753,0.057419434,-0.19731408,36.900266360000046,0.0,0.019404819355364755,0.019404819355364755
85.80074281634366,20.247801925232984,0.13793868,0.01565481,0.08579496,-0.20579985,36.900266360000046,0.0,0.005809151664268361,0.005809151664268361
85.80083264787207,20.247801925232984,0.31369236,-0.011152439,0.046947144,-0.3620431,36.900266360000046,0.0,0.19056799296734037,0.19056799296734037
85.80092247940048,20.247801925232984,0.24514511,0.13779464,0.13925974,-0.29024622,36.756709520000015,0.0,0.1146952209259408,0.1146952209259408
85.8010123109289,20.247801925232984,0.11426392,-0.0077262768,0.0434294,-0.13592538,36.756709520000015,0.0,0.0015213724611515425,0.0015213724611515425
85.80110214245731,20.247801925232984,0.11426392,-0.0077262768,0.0434294,-0.13592538,36.756709520000015,0.0,0.0015213724611515425,0.0015213724611515425
85.80119197398571,20.247801925232984,0.0867476,0.008193902,0.053681076,-0.120031275,36.55504633999999,0.0,0.0026973757379492535,0.0026973757379492535
85.80128180551412,20.247801925232984,0.03454762,0.06329116,0.095752746,-0.09833023,36.55504633999999,0.0,0.0011809188876031422,0.0011809188876031422
85.80137163704254,20.247801925232984,0.089876615,0.13004066,0.12876558,-0.11053469,36.55504633999999,0.0,0.001828884737287869,0.001828884737287869
85.80146146857095,20.247801925232984,0.11214699,0.28123337,0.24293517,-0.21619189,36.40465346000002,0.0,0.004806921176603537,0.004806921176603537
85.80155130009936,20.247801925232984,0.04868155,0.31313935,0.2622553,-0.16915426,36.40465346000002,0.0,0.0018354014174106958,0.0018354014174106958
85.80164113162778,20.247801925232984,0.030403819,0.065086186,0.094680645,-0.09822785,36.40465346000002,0.0,0.001141988825417266,0.001141988825417266
85.80173096315619,20.247801925232984,0.047262274,0.24212721,0.20316964,-0.1143821,36.527702180000006,0.0,0.0036517642003945448,0.0036517642003945448
85.8018207946846,20.247801925232984,0.07454901,0.41338396,0.35008767,-0.21325153,36.527702180000006,0.0,0.003767575486045317,0.003767575486045317
85.80191062621302,20.247801925232984,0.031065889,0.0832242,0.09279453,-0.07391912,36.527702180000006,0.0,0.0014647313003336541,0.0014647313003336541
85.80200045774143,20.247801925232984,0.09638375,0.11331374,0.11423288,-0.12901215,36.661004960000014,0.0,0.0014615210657039875,0.0014615210657039875
85.80209028926984,20.247801925232984,0.23204176,0.0052724443,0.06237797,-0.27851814,36.661004960000014,0.0,0.08778089103688863,0.08778089103688863
85.80218012079824,20.247801925232984,0.2966179,0.004037255,0.07436808,-0.35191798,36.661004960000014,1.0,0.5751197594756017,-0.4248802405243983
85.80226995232665,20.247801925232984,0.39229596,-0.11575951,-0.01603028,-0.37418705,36.79772576000005,0.0,0.4262796520267548,0.4262796520267548
85.80235978385507,20.247801925232984,0.5940193,-0.18188651,-0.12732601,-0.520793,36.79772576000005,1.0,0.6746453363120932,-0.3253546636879068
85.80244961538348,20.247801925232984,0.39974588,-0.04934274,-0.002171559,-0.4184909,36.79772576000005,0.0,0.46180408328078365,0.46180408328078365
85.80002416411637,20.24771209370457,0.33363762,0.10409321,0.10405759,-0.32217193,36.787471700000026,0.0,0.09930752674016062,0.09930752674016062
85.80011399564478,20.24771209370457,0.024681933,-0.05584689,0.03580884,-0.058205254,36.89343031999999,0.0,0.0015005290785583296,0.0015005290785583296
85.80020382717318,20.24771209370457,0.033678766,-0.03412531,0.047202908,-0.08834674,36.89343031999999,0.0,0.0034262971124472573,0.0034262971124472573
85.80029365870159,20.24771209370457,0.121181265,0.20734338,0.193609,-0.17754012,36.89343031999999,0.0,0.00814045044796339,0.00814045044796339
85.80038349023,20.24771209370457,0.18232697,0.055529404,0.087288514,-0.1978514,36.89343031999999,0.0,0.004232576054056353,0.004232576054056353
85.80047332175842,20.24771209370457,0.18172379,0.1356962,0.13711819,-0.18789144,36.89343031999999,0.0,0.056124451928329676,0.056124451928329676
85.80056315328683,20.24771209370457,0.23051947,0.1916822,0.1559833,-0.17382887,36.89343031999999,0.0,0.05554908440150588,0.05554908440150588
85.80065298481524,20.24771209370457,0.12952004,0.13078673,0.14125381,-0.14686248,36.900266360000046,0.0,0.01315832470512237,0.01315832470512237
85.80074281634366,20.24771209370457,0.14004798,0.05618424,0.11075081,-0.20721176,36.900266360000046,0.0,0.00231758709027516,0.00231758709027516
85.80083264787207,20.24771209370457,0.37802944,-0.06699402,0.0074943947,-0.41620108,36.900266360000046,1.0,0.7934131216220546,-0.20658687837794543
85.80092247940048,20.24771209370457,0.4717064,0.032739803,0.0697985,-0.47589836,36.756709520000015,1.0,0.967014779519755,-0.03298522048024499
85.8010123109289,20.24771209370457,0.4717064,0.032739803,0.0697985,-0.47589836,36.756709520000015,1.0,0.967014779519755,-0.03298522048024499
85.80110214245731,20.24771209370457,0.37975445,0.023918018,0.06898348,-0.4203439,36.756709520000015,1.0,0.655772398111674,-0.344227601888326
85.80119197398571,20.24771209370457,0.32274154,0.09914443,0.11578947,-0.38010797,36.55504633999999,0.0,0.08083541315222403,0.08083541315222403
85.80128180551412,20.24771209370457,0.23063758,0.20596354,0.18474396,-0.28565046,36.55504633999999,0.0,0.17726093525497286,0.17726093525497286
85.80137163704254,20.24771209370457,0.16333422,0.23484199,0.20958221,-0.19946454,36.55504633999999,0.0,0.07215568693633215,0.07215568693633215
85.80146146857095,20.24771209370457,0.21187514,0.20439778,0.19146973,-0.2434262,36.40465346000002,0.0,0.17333093984227596,0.17333093984227596
85.80155130009936,20.24771209370457,0.113539994,0.18300417,0.15843603,-0.15950401,36.40465346000002,0.0,0.019159327624389093,0.019159327624389093
85.80164113162778,20.24771209370457,0.036338594,0.0051865983,0.051232345,-0.07778757,36.40465346000002,0.0,0.0013384013789748943,0.0013384013789748943
85.80173096315619,20.24771209370457,0.04075162,0.14681815,0.13626075,-0.09003692,36.527702180000006,0.0,0.0017837317868272425,0.0017837317868272425
85.8018207946846,20.24771209370457,0.07343722,0.28141138,0.23277546,-0.14835824,36.527702180000006,0.0,0.002511814705445051,0.002511814705445051
85.80191062621302,20.24771209370457,-0.011404038,0.06037294,0.08250125,-0.07421719,36.527702180000006,0.0,0.0016676298510582919,0.0016676298510582919
85.80200045774143,20.24771209370457,0.079502754,0.0983943,0.123329446,-0.14242008,36.661004960000014,0.0,0.00122318693606551,0.00122318693606551
85.80209028926984,20.24771209370457,0.11776811,0.078431405,0.13028088,-0.20900322,36.661004960000014,0.0,0.00490562985838111,0.00490562985838111
85.80218012079824,20.24771209370457,0.19570644,0.08848718,0.13161226,-0.2529427,36.661004960000014,0.0,0.12207306130185885,0.12207306130185885
85.80226995232665,20.24771209370457,0.39223352,-0.101897694,-0.01647544,-0.36763954,36.79772576000005,1.0,0.5245217587915302,-0.4754782412084698
85.80235978385507,20.24771209370457,0.4872953,-0.09499061,-0.048280086,-0.43074414,36.79772576000005,0.8666666666666667,0.8339560966677848,-0.03271056999888189
85.80011399564478,20.24762226217616,0.16686352,-0.10180026,-0.01664344,-0.18587108,36.76012753999999,0.0,0.030956377331320468,0.030956377331320468
85.80020382717318,20.24762226217616,0.04233959,-0.06925374,0.01585038,-0.0751914,36.76012753999999,0.0,0.004924411475558089,0.004924411475558089
85.80029365870159,20.24762226217616,0.18041117,0.09924205,0.119835205,-0.22278053,36.76012753999999,0.0,0.017751076516309992,0.017751076516309992
85.80038349023,20.24762226217616,0.30524907,-0.006444954,0.041432593,-0.277069,36.76012753999999,0.0,0.14469283211241285,0.14469283211241285
85.80047332175842,20.24762226217616,0.2534894,0.16119312,0.14451827,-0.16193657,36.76012753999999,0.0,0.05241538240658571,0.05241538240658571
85.80056315328683,20.24762226217616,0.26761907,0.18318501,0.15108833,-0.18733275,36.76012753999999,0.0,0.08167421697887695,0.08167421697887695
85.80065298481524,20.24762226217616,0.28205127,0.06284454,0.071428575,-0.26960418,36.784053680000056,0.0,0.10876810367563808,0.10876810367563808
85.80074281634366,20.24762226217616,0.24993314,0.04415374,0.085298985,-0.30359632,36.784053680000056,0.0,0.09022439344608595,0.09022439344608595
85.80083264787207,20.24762226217616,0.30187795,-0.041111317,0.030604443,-0.3536734,36.784053680000056,1.0,0.58017512691886,-0.41982487308114
85.80092247940048,20.24762226217616,0.49500778,-0.07395603,-0.0205911,-0.47375327,36.64733288000002,1.0,0.9048505332156177,-0.0951494667843823
85.8010123109289,20.24762226217616,0.49500778,-0.07395603,-0.0205911,-0.47375327,36.64733288000002,1.0,0.9048505332156177,-0.0951494667843823
85.80110214245731,20.24762226217616,0.55847514,-0.10930554,-0.04773444,-0.5141243,36.64733288000002,1.0,0.9199396710086749,-0.08006032899132509
85.80119197398571,20.24762226217616,0.5804339,-0.13275634,-0.06384479,-0.52971476,36.53112020000003,1.0,0.9077082667634153,-0.09229173323658468
85.80128180551412,20.24762226217616,0.5111221,-0.016796952,0.029085679,-0.5018423,36.53112020000003,1.0,0.8744611457730628,-0.12553885422693722
85.80137163704254,20.24762226217616,0.36291426,0.10406916,0.10331335,-0.37572575,36.53112020000003,0.0,0.13152961065503077,0.13152961065503077
85.80146146857095,20.24762226217616,0.3812048,0.03371546,0.05723661,-0.39873108,36.36021920000002,0.0,0.32764668722573775,0.32764668722573775
85.80155130009936,20.24762226217616,0.31195012,0.040096574,0.07640514,-0.36316893,36.36021920000002,0.0,0.18934634733921393,0.18934634733921393
85.80164113162778,20.24762226217616,0.119945906,-0.032797087,0.033248834,-0.20238097,36.36021920000002,0.0,0.011939244592215683,0.011939244592215683
85.80173096315619,20.24762226217616,0.048264578,0.057575125,0.068223156,-0.102642894,36.45250573999999,0.0,0.0017331476028232852,0.0017331476028232852
85.8018207946846,20.24762226217616,0.02727067,0.04952561,0.07047576,-0.0617284,36.45250573999999,0.0,0.001053191899611768,0.001053191899611768
85.80191062621302,20.24762226217616,0.019307815,-0.0063541364,0.06585034,-0.09639498,36.45250573999999,0.0,0.0013251123424300438,0.0013251123424300438
85.80200045774143,20.24762226217616,0.07179758,0.15883671,0.16552977,-0.11821559,36.65075090000005,0.0,0.0015084680858076386,0.0015084680858076386
85.80209028926984,20.24762226217616,0.11099772,0.030505441,0.099633984,-0.18961747,36.65075090000005,0.0,0.0019080722949268963,0.0019080722949268963
85.80218012079824,20.24762226217616,0.23206067,0.008498565,0.077989586,-0.264943,36.65075090000005,0.0,0.07882744076175953,0.07882744076175953
85.80226995232665,20.24762226217616,0.44995493,-0.07606512,-0.019697955,-0.39623734,36.81481586000001,1.0,0.6532566157545355,-0.34674338424546447
85.80235978385507,20.24762226217616,0.44689995,-0.064588964,-0.02252918,-0.41137722,36.81481586000001,0.0,0.44071164796162043,0.44071164796162043
85.80011399564478,20.247532430647748,0.45199817,-0.057190657,-0.0049603367,-0.4332351,36.76012753999999,0.7058823529411765,0.7318127727493163,0.025930419808139815
85.80020382717318,20.247532430647748,0.23121704,-0.040910494,0.027499506,-0.23099309,36.76012753999999,0.0,0.03471504331653118,0.03471504331653118
85.80029365870159,20.247532430647748,0.21809527,0.09866102,0.11449308,-0.23366293,36.76012753999999,0.0,0.034690335942353,0.034690335942353
85.80038349023,20.247532430647748,0.4866505,-0.11948825,-0.0542292,-0.43610787,36.76012753999999,1.0,0.8950066301213432,-0.10499336987865682
85.80047332175842,20.247532430647748,0.38072288,0.057048805,0.06809183,-0.31926328,36.76012753999999,0.0,0.17388577795840887,0.17388577795840887
85.80056315328683,20.247532430647748,0.33333334,0.090497755,0.076226115,-0.2952074,36.76012753999999,0.0,0.0657749500221079,0.0657749500221079
85.80065298481524,20.247532430647748,0.26243567,0.023354564,0.05128655,-0.28222996,36.784053680000056,1.0,0.46942481856674406,-0.530575181433256
85.80074281634366,20.247532430647748,0.36720553,0.03778952,0.06616036,-0.35391653,36.784053680000056,1.0,0.4794644455547597,-0.5205355544452404
85.80083264787207,20.247532430647748,0.32163167,-0.022766419,0.04345513,-0.35444644,36.784053680000056,0.0,0.2306933993513182,0.2306933993513182
85.80092247940048,20.247532430647748,0.38580826,-0.0075162537,0.039230194,-0.39696828,36.64733288000002,1.0,0.7738943681950429,-0.22610563180495713
85.8010123109289,20.247532430647748,0.38580826,-0.0075162537,0.039230194,-0.39696828,36.64733288000002,1.0,0.7738943681950429,-0.22610563180495713
85.80110214245731,20.247532430647748,0.5568836,-0.09529745,-0.045920882,-0.5205361,36.64733288000002,1.0,0.8620727711871006,-0.13792722881289943
85.80119197398571,20.247532430647748,0.5856307,-0.124407575,-0.077030964,-0.54152286,36.53112020000003,1.0,0.865947020374212,-0.134052979625788
85.80128180551412,20.247532430647748,0.59653306,-0.10963857,-0.060884286,-0.55410254,36.53112020000003,1.0,0.843048294262045,-0.15695170573795503
85.80137163704254,20.247532430647748,0.48443225,-0.027901078,0.015134999,-0.49057472,36.53112020000003,1.0,0.91740039832053,-0.08259960167947
85.80146146857095,20.247532430647748,0.4411303,-0.023411363,0.015663646,-0.43309543,36.36021920000002,1.0,0.8090566994894015,-0.1909433005105985
85.80155130009936,20.247532430647748,0.49377593,0.06275692,0.08813999,-0.48244473,36.36021920000002,1.0,0.8990414975885741,-0.1009585024114259
85.80164113162778,20.247532430647748,0.3525209,0.07857046,0.1193281,-0.39201677,36.36021920000002,0.0,0.14336239441777074,0.14336239441777074
85.80173096315619,20.247532430647748,0.12213203,0.22576718,0.21143778,-0.19019096,36.45250573999999,0.0,0.005418001958696003,0.005418001958696003
85.8018207946846,20.247532430647748,0.06148956,0.13432501,0.11502084,-0.08902749,36.45250573999999,0.0,0.001681208661695422,0.001681208661695422
85.80191062621302,20.247532430647748,0.048953105,0.0762239,0.11617693,-0.10879051,36.45250573999999,0.0,0.0009764756967796474,0.0009764756967796474
85.80200045774143,20.247532430647748,0.092680804,0.24313787,0.23679256,-0.17403443,36.65075090000005,0.0,0.0031001688693534308,0.0031001688693534308
85.80209028926984,20.247532430647748,0.22914977,0.008059253,0.08385228,-0.27384612,36.65075090000005,0.0,0.05153278156307309,0.05153278156307309
85.80218012079824,20.247532430647748,0.43235373,-0.07790398,-0.0038246643,-0.39576885,36.65075090000005,1.0,0.7871956782337933,-0.21280432176620667
85.80226995232665,20.247532430647748,0.53258955,-0.11514634,-0.07171767,-0.46546885,36.81481586000001,0.8156862745098039,0.8018260713648115,-0.013860203144992367
85.80011399564478,20.24744259911934,0.5469132,-0.042713095,-0.013039104,-0.50595707,36.76012753999999,0.0,0.4654236131051355,0.4654236131051355
85.80020382717318,20.24744259911934,0.47365782,-0.08677151,-0.03405658,-0.47291878,36.76012753999999,1.0,0.8172995181327862,-0.18270048186721377
85.80029365870159,20.24744259911934,0.23534136,0.033717286,0.0858417,-0.2767017,36.76012753999999,0.0,0.0787718420193719,0.0787718420193719
85.80038349023,20.24744259911934,0.43582433,-0.04288379,0.008405913,-0.41245794,36.76012753999999,1.0,0.7838164640433498,-0.21618353595665019
85.80047332175842,20.24744259911934,0.40393445,0.037969,0.04802214,-0.37199616,36.76012753999999,1.0,0.5247652516695086,-0.4752347483304914
85.80056315328683,20.24744259911934,0.21335804,0.16046214,0.13893655,-0.2469018,36.76012753999999,0.0,0.06780931932862597,0.06780931932862597
85.80065298481524,20.24744259911934,0.17959552,0.16245179,0.14273685,-0.2382763,36.784053680000056,0.0,0.038229488059150205,0.038229488059150205
85.80074281634366,20.24744259911934,0.2780281,0.10488213,0.118473634,-0.33795783,36.784053680000056,0.0,0.0857885130256393,0.0857885130256393
85.80083264787207,20.24744259911934,0.37892884,0.040923417,0.06864612,-0.3799698,36.784053680000056,0.0,0.2752500316795614,0.2752500316795614
85.80092247940048,20.24744259911934,0.2697157,0.015337454,0.06218619,-0.31726083,36.64733288000002,0.0,0.10192687591953205,0.10192687591953205
85.8010123109289,20.24744259911934,0.2697157,0.015337454,0.06218619,-0.31726083,36.64733288000002,0.0,0.10192687591953205,0.10192687591953205
85.80110214245731,20.24744259911934,0.3487587,-0.027543124,0.03200003,-0.37493855,36.64733288000002,1.0,0.6525472866328934,-0.3474527133671066
85.80119197398571,20.24744259911934,0.36834985,-0.04170244,0.02530871,-0.3899702,36.53112020000003,1.0,0.6574054540913089,-0.3425945459086911
85.80128180551412,20.24744259911934,0.43724877,-0.07088187,-0.00515591,-0.44531778,36.53112020000003,1.0,0.8577643391221073,-0.14223566087789274
85.80137163704254,20.24744259911934,0.39717084,-0.052631617,0.007662364,-0.4292075,36.53112020000003,1.0,0.8021975951650543,-0.1978024048349457
85.80146146857095,20.24744259911934,0.36433148,-0.06655899,0.012580038,-0.41098526,36.36021920000002,1.0,0.7701181269772498,-0.2298818730227502
85.80155130009936,20.24744259911934,0.4276316,-0.08195699,-0.01139471,-0.4521121,36.36021920000002,1.0,0.7451656312260408,-0.25483436877395915
85.80164113162778,20.24744259911934,0.42155638,-0.07387613,-0.0031037976,-0.43861863,36.36021920000002,1.0,0.8111935806879984,-0.1888064193120016
85.80173096315619,20.24744259911934,0.28991684,0.0006287437,0.05824306,-0.3407845,36.45250573999999,0.0,0.1957768212810658,0.1957768212810658
85.8018207946846,20.24744259911934,0.20297398,-0.008256715,0.058835227,-0.26926848,36.45250573999999,1.0,0.47564322828090055,-0.5243567717190994
85.80191062621302,20.24744259911934,0.112830184,-0.021475583,0.067106485,-0.1772455,36.45250573999999,0.0,0.006253920231652943,0.006253920231652943
85.80200045774143,20.24744259911934,0.20893222,0.0907336,0.118483424,-0.2600321,36.65075090000005,0.0,0.04896638505759375,0.04896638505759375
85.80209028926984,20.24744259911934,0.39563513,-0.085764065,-0.013035394,-0.3647059,36.65075090000005,0.0,0.3710198625802025,0.3710198625802025
85.80218012079824,20.24744259911934,0.5577236,-0.15560919,-0.09916592,-0.4902774,36.65075090000005,1.0,0.8050486072360736,-0.19495139276392637
85.80226995232665,20.24744259911934,0.6108026,-0.17727354,-0.124945305,-0.54154587,36.81481586000001,0.0,0.4070988971187198,0.4070988971187198
85.80020382717318,20.247352767590925,0.5851319,-0.034428794,-0.0042539737,-0.51215327,36.53453822000006,0.9882352941176472,0.8144323723057862,-0.17380292181186097
85.80029365870159,20.247352767590925,0.4097421,-0.0459992,0.0096733775,-0.4253358,36.53453822000006,1.0,0.8248930222438385,-0.17510697775616146
85.80038349023,20.247352767590925,0.30798674,-0.051918726,0.023450587,-0.32318017,36.53453822000006,0.0,0.2511712534283347,0.2511712534283347
85.80047332175842,20.247352767590925,0.40872908,-0.05250202,-0.015550047,-0.4021858,36.53453822000006,0.0,0.38214150812228137,0.38214150812228137
85.80056315328683,20.247352767590925,0.20079073,0.121124454,0.12728764,-0.26811808,36.53453822000006,0.0,0.12763384202488312,0.12763384202488312
85.80065298481524,20.247352767590925,0.1078998,0.08220271,0.11439385,-0.18191163,36.54137426,0.0,0.0028337386972882837,0.0028337386972882837
85.80074281634366,20.247352767590925,0.15103103,-0.020085607,0.035324212,-0.16466165,36.54137426,0.0,0.015536744056623772,0.015536744056623772
85.80083264787207,20.247352767590925,0.25650877,0.005405396,0.054655183,-0.30641228,36.54137426,0.0,0.1875696692363676,0.1875696692363676
85.80092247940048,20.247352767590925,0.35242173,0.023381663,0.069735214,-0.3677943,36.52428415999998,0.0,0.11560591888004561,0.11560591888004561
85.8010123109289,20.247352767590925,0.35242173,0.023381663,0.069735214,-0.3677943,36.52428415999998,0.0,0.11560591888004561,0.11560591888004561
85.80110214245731,20.247352767590925,0.27954036,0.016701886,0.06385747,-0.31976295,36.52428415999998,0.0,0.20127586855351495,0.20127586855351495
85.80119197398571,20.247352767590925,0.20093788,0.043153353,0.09073264,-0.28049996,36.53453822000006,0.0,0.09473541333890968,0.09473541333890968
85.80128180551412,20.247352767590925,0.22900768,0.04023841,0.08745525,-0.28896672,36.53453822000006,0.0,0.12745049693688612,0.12745049693688612
85.80137163704254,20.247352767590925,0.24174374,0.012086149,0.07120453,-0.30103806,36.53453822000006,0.0,0.23035371090027593,0.23035371090027593
85.80146146857095,20.247352767590925,0.2583367,-0.04035876,0.04814608,-0.28624228,36.43541564000003,0.0,0.14638760295859546,0.14638760295859546
85.80155130009936,20.247352767590925,0.24583001,-0.03139895,0.05555557,-0.30953872,36.43541564000003,0.0,0.13901881869799262,0.13901881869799262
85.80164113162778,20.247352767590925,0.2559899,-0.0070778257,0.055151608,-0.30737257,36.43541564000003,0.0,0.1884597929120299,0.1884597929120299
85.80173096315619,20.247352767590925,0.2263727,0.028931662,0.0948685,-0.30665505,36.55504633999999,0.0,0.1681029958606154,0.1681029958606154
85.8018207946846,20.247352767590925,0.21882252,0.048591677,0.10479536,-0.2739303,36.55504633999999,0.0,0.0656587228098401,0.0656587228098401
85.80191062621302,20.247352767590925,0.121329375,0.06845689,0.11645927,-0.21151008,36.55504633999999,0.0,0.0026106901966453343,0.0026106901966453343
85.80200045774143,20.247352767590925,0.2167759,0.097940154,0.12138128,-0.272827,36.67809506000003,0.0,0.05541373337179665,0.05541373337179665
85.80209028926984,20.247352767590925,0.4730973,-0.114297785,-0.04799127,-0.43120262,36.67809506000003,1.0,0.892728446269105,-0.10727155373089503
85.80218012079824,20.247352767590925,0.5937835,-0.1722507,-0.1166744,-0.5298354,36.67809506000003,1.0,0.8548880339242102,-0.1451119660757898
85.80226995232665,20.247352767590925,0.6503229,-0.21478872,-0.15460384,-0.5685383,36.83190596000003,0.0,0.2918833162067959,0.2918833162067959
85.80020382717318,20.247262936062512,0.6584714,-0.075563245,-0.050954487,-0.55460924,36.53453822000006,0.7529411764705882,0.6952343784884502,-0.05770679798213807
85.80029365870159,20.247262936062512,0.51884854,-0.10966449,-0.05858534,-0.48824716,36.53453822000006,1.0,0.9028853366546937,-0.09711466334530627
85.80038349023,20.247262936062512,0.23516484,-0.030058613,0.04192899,-0.26405758,36.53453822000006,0.0,0.07816766078756705,0.07816766078756705
85.80047332175842,20.247262936062512,0.42060727,-0.03781817,0.010610091,-0.41252166,36.53453822000006,1.0,0.8559221591712179,-0.14407784082878206
85.80056315328683,20.247262936062512,0.2806415,0.12758487,0.13108717,-0.3091335,36.53453822000006,0.0,0.14531947178008783,0.14531947178008783
85.80065298481524,20.247262936062512,0.11168272,0.054167446,0.08293324,-0.17489804,36.54137426,0.0,0.0015712888310325792,0.0015712888310325792
85.80074281634366,20.247262936062512,0.11531902,-0.0078618955,0.047310065,-0.13428174,36.54137426,0.0,0.0016698206325341598,0.0016698206325341598
85.80083264787207,20.247262936062512,0.16195372,0.085328825,0.12112676,-0.21915036,36.54137426,0.0,0.0063726126303534445,0.0063726126303534445
85.80092247940048,20.247262936062512,0.48054054,-0.015572846,0.011327102,-0.47416577,36.52428415999998,1.0,0.9510453439088946,-0.048954656091105386
85.8010123109289,20.247262936062512,0.48054054,-0.015572846,0.011327102,-0.47416577,36.52428415999998,1.0,0.9510453439088946,-0.048954656091105386
85.80110214245731,20.247262936062512,0.31023178,-0.026224077,0.03342098,-0.3435774,36.52428415999998,1.0,0.5919244061887442,-0.4080755938112558
85.80119197398571,20.247262936062512,0.13927944,0.05000916,0.093236655,-0.23889153,36.53453822000006,0.0,0.006781962248100398,0.006781962248100398
85.80128180551412,20.247262936062512,0.25366765,0.09892637,0.11971646,-0.26174495,36.53453822000006,0.0,0.12868934953434769,0.12868934953434769
85.80137163704254,20.247262936062512,0.33799997,0.045989286,0.08387425,-0.35562307,36.53453822000006,0.0,0.1796300006031079,0.1796300006031079
85.80146146857095,20.247262936062512,0.24496086,0.05558554,0.11244931,-0.31677952,36.43541564000003,0.0,0.1967745669396222,0.1967745669396222
85.80155130009936,20.247262936062512,0.27407774,0.09000886,0.11484252,-0.3304033,36.43541564000003,0.0,0.13828816286148876,0.13828816286148876
85.80164113162778,20.247262936062512,0.25129804,0.122359805,0.14026465,-0.31335148,36.43541564000003,0.0,0.10741945432528263,0.10741945432528263
85.80173096315619,20.247262936062512,0.29524827,0.103142366,0.12862203,-0.32063147,36.55504633999999,0.0,0.07913515794743534,0.07913515794743534
85.8018207946846,20.247262936062512,0.28053483,0.09024482,0.116261326,-0.32799998,36.55504633999999,0.0,0.07951104166819074,0.07951104166819074
85.80191062621302,20.247262936062512,0.17655899,0.061900936,0.10659636,-0.23892406,36.55504633999999,0.0,0.020662344407373696,0.020662344407373696
85.80200045774143,20.247262936062512,0.22955973,0.062537454,0.10342062,-0.27742988,36.67809506000003,0.0,0.03754240359717848,0.03754240359717848
85.80209028926984,20.247262936062512,0.4753473,-0.109836064,-0.047402006,-0.44234353,36.67809506000003,1.0,0.8874879046320923,-0.11251209536790774
85.80218012079824,20.247262936062512,0.50250417,-0.10837441,-0.0513614,-0.48555708,36.67809506000003,1.0,0.900084898259669,-0.09991510174033102
85.80226995232665,20.247262936062512,0.48568282,-0.07148533,-0.02240815,-0.47673783,36.83190596000003,0.6745098039215686,0.7924224572794678,0.11791265335789924
85.80020382717318,20.247173104534102,0.64006025,-0.10111224,-0.07096775,-0.5546039,36.53453822000006,0.0,0.5365196161469395,0.5365196161469395
85.80029365870159,20.247173104534102,0.5314179,-0.102775455,-0.070297666,-0.4809126,36.53453822000006,1.0,0.8507653046028426,-0.1492346953971574
85.80038349023,20.247173104534102,0.22483747,-0.015991068,0.012614287,-0.2398457,36.53453822000006,0.0,0.051156862176319186,0.051156862176319186
85.80047332175842,20.247173104534102,0.3380892,0.0037936342,0.043374762,-0.3380892,36.53453822000006,1.0,0.5036337660632325,-0.4963662339367675
85.80056315328683,20.247173104534102,0.3401662,0.08871729,0.100148275,-0.38307604,36.53453822000006,0.0,0.07960347777648986,0.07960347777648986
85.80065298481524,20.247173104534102,0.17759694,0.08037382,0.1049035,-0.21212125,36.54137426,0.0,0.011463041024198603,0.011463041024198603
85.80074281634366,20.247173104534102,0.111860126,0.09885604,0.12671883,-0.16076536,36.54137426,0.0,0.002709731193275531,0.002709731193275531
85.80083264787207,20.247173104534102,0.15848672,0.17359589,0.16614719,-0.23286182,36.54137426,0.0,0.04282562674706319,0.04282562674706319
85.80092247940048,20.247173104534102,0.2838073,0.09102117,0.09796725,-0.3053998,36.52428415999998,0.0,0.07329944259351975,0.07329944259351975
85.8010123109289,20.247173104534102,0.2838073,0.09102117,0.09796725,-0.3053998,36.52428415999998,0.0,0.07329944259351975,0.07329944259351975
85.80110214245731,20.247173104534102,0.21035942,0.07381194,0.106842734,-0.29818594,36.52428415999998,0.0,0.06159898635218859,0.06159898635218859
85.80119197398571,20.247173104534102,0.22208025,0.09035572,0.1054289,-0.23950234,36.53453822000006,0.0,0.04834837492625631,0.04834837492625631
85.80128180551412,20.247173104534102,0.30400974,0.03297891,0.069686405,-0.3229783,36.53453822000006,1.0,0.5448431910624255,-0.4551568089375745
85.80137163704254,20.247173104534102,0.31084338,-0.05324302,0.014729924,-0.36312383,36.53453822000006,1.0,0.5901888463797356,-0.40981115362026443
85.80146146857095,20.247173104534102,0.24850237,-0.014775017,0.06366789,-0.29090133,36.43541564000003,1.0,0.48905987203165713,-0.5109401279683429
85.80155130009936,20.247173104534102,0.2513369,0.006531692,0.070773266,-0.30754352,36.43541564000003,1.0,0.47116741298246556,-0.5288325870175344
85.80164113162778,20.247173104534102,0.23333335,0.039285097,0.0776063,-0.28535983,36.43541564000003,1.0,0.4619491598543984,-0.5380508401456017
85.80173096315619,20.247173104534102,0.23958334,0.021917822,0.071856976,-0.27386263,36.55504633999999,1.0,0.4256393995802516,-0.5743606004197483
85.8018207946846,20.247173104534102,0.24154912,0.036651056,0.09146059,-0.30678606,36.55504633999999,1.0,0.441929132939455,-0.558070867060545
85.80191062621302,20.247173104534102,0.20157738,0.0131453285,0.07577058,-0.25606206,36.55504633999999,1.0,0.41405973596691864,-0.5859402640330813
85.80200045774143,20.247173104534102,0.2893273,0.021121308,0.05284971,-0.30283672,36.67809506000003,1.0,0.5903459586794373,-0.4096540413205627
85.80209028926984,20.247173104534102,0.39586824,-0.07020549,-0.015580098,-0.3931457,36.67809506000003,1.0,0.6671074443745593,-0.33289255562544073
85.80218012079824,20.247173104534102,0.35372847,-0.06580645,-0.013380382,-0.33548906,36.67809506000003,0.0,0.33940767857512033,0.33940767857512033
85.80226995232665,20.247173104534102,0.17817646,-0.012460424,0.050150562,-0.23429455,36.83190596000003,1.0,0.382730905885021,-0.617269094114979
85.80235978385507,20.247173104534102,0.37373182,-0.03448276,0.0011507567,-0.3632653,36.83190596000003,0.7098039215686275,0.5568802953909979,-0.15292362617762956
85.80029365870159,20.24708327300569,0.62807184,-0.1616928,-0.1234601,-0.55917627,36.41832554000001,0.8352941176470589,0.7249711875437308,-0.11032293010332805
85.80038349023,20.24708327300569,0.35938305,-0.05929489,-0.020708462,-0.33771822,36.42857960000004,1.0,0.5137261763970835,-0.4862738236029165
85.80047332175842,20.24708327300569,0.2596799,-0.019214718,0.04015401,-0.2958046,36.42857960000004,0.0,0.16605380555960836,0.16605380555960836
85.80056315328683,20.24708327300569,0.37985817,0.018959278,0.050508004,-0.4005183,36.42857960000004,1.0,0.5811525974368493,-0.4188474025631507
85.80065298481524,20.24708327300569,0.25968888,0.027873872,0.07730265,-0.31047726,36.44225168000003,0.0,0.27254672401978297,0.27254672401978297
85.80074281634366,20.24708327300569,0.10837326,0.08044672,0.11723017,-0.19156241,36.44225168000003,0.0,0.0017962141303519527,0.0017962141303519527
85.80083264787207,20.24708327300569,0.13435076,0.11462607,0.13817506,-0.21489814,36.44225168000003,0.0,0.006860902975963775,0.006860902975963775
85.80092247940048,20.24708327300569,0.16716917,0.2142535,0.17955635,-0.21056288,36.44908772000002,0.0,0.016495179986376403,0.016495179986376403
85.8010123109289,20.24708327300569,0.16716917,0.2142535,0.17955635,-0.21056288,36.44908772000002,0.0,0.016495179986376403,0.016495179986376403
85.80110214245731,20.24708327300569,0.1474943,0.14382833,0.15177344,-0.27572015,36.44908772000002,0.0,0.04637876081686489,0.04637876081686489
85.80119197398571,20.24708327300569,0.22404934,0.18494442,0.17149588,-0.23836753,36.44225168000003,1.0,0.375992549470247,-0.624007450529753
85.80128180551412,20.24708327300569,0.091859825,0.05018955,0.072274275,-0.13704845,36.44225168000003,0.0,0.0011183004412512328,0.0011183004412512328
85.80137163704254,20.24708327300569,0.119807534,0.074986756,0.08529483,-0.15404959,36.44225168000003,0.0,0.0014305173748869167,0.0014305173748869167
85.80146146857095,20.24708327300569,0.078793615,0.08577546,0.085700944,-0.116522305,36.53112020000003,0.0,0.0014780203368785045,0.0014780203368785045
85.80155130009936,20.24708327300569,0.13229224,0.09289616,0.09521711,-0.16836452,36.53112020000003,0.0,0.0021848514821204016,0.0021848514821204016
85.80164113162778,20.24708327300569,0.084459476,0.084165454,0.10226887,-0.11207346,36.53112020000003,0.0,0.0014780203368785045,0.0014780203368785045
85.80173096315619,20.24708327300569,0.09431459,0.07780417,0.0950482,-0.14280768,36.661004960000014,0.0,0.001086198855448837,0.001086198855448837
85.8018207946846,20.24708327300569,0.08612102,0.116642535,0.12647907,-0.14543068,36.661004960000014,0.0,0.0012656111784897523,0.0012656111784897523
85.80191062621302,20.24708327300569,0.12669681,0.049769454,0.10462145,-0.1978352,36.661004960000014,0.0,0.0014991053668478498,0.0014991053668478498
85.80200045774143,20.24708327300569,0.2292203,0.1140736,0.12342457,-0.2892927,36.79772576000005,0.0,0.0731077475159036,0.0731077475159036
85.80209028926984,20.24708327300569,0.24666665,0.05951381,0.092545696,-0.295612,36.79772576000005,0.0,0.06483722705850066,0.06483722705850066
85.80218012079824,20.24708327300569,0.31835407,0.018738654,0.051944435,-0.3119612,36.79772576000005,1.0,0.5304417873336794,-0.4695582126663206
85.80226995232665,20.24708327300569,0.18450922,-0.0054788864,0.06704915,-0.23280053,36.83532398,0.0,0.1102689844085361,0.1102689844085361
85.80235978385507,20.24708327300569,0.20042416,-0.036250416,0.012780301,-0.20914333,36.83532398,0.0,0.01069345386832303,0.01069345386832303
85.80244961538348,20.24708327300569,0.20042416,-0.036250416,0.012780301,-0.20914333,36.83532398,0.0,0.01069345386832303,0.01069345386832303
85.80038349023,20.24699344147728,0.5479349,-0.13676469,-0.080859475,-0.5020646,36.42857960000004,1.0,0.881725835690829,-0.11827416430917104
85.80047332175842,20.24699344147728,0.4100536,-0.08119745,-0.016144915,-0.40467718,36.42857960000004,0.0,0.3302414550417452,0.3302414550417452
85.80056315328683,20.24699344147728,0.44279346,-0.071152754,-0.0025952568,-0.43603647,36.42857960000004,1.0,0.8270549752021085,-0.17294502479789153
85.80065298481524,20.24699344147728,0.4849694,-0.049840108,-0.015497302,-0.4532674,36.44225168000003,1.0,0.8520736027073421,-0.14792639729265789
85.80074281634366,20.24699344147728,0.2274229,0.12295888,0.13022701,-0.2740783,36.44225168000003,0.0,0.09807229533328242,0.09807229533328242
85.80083264787207,20.24699344147728,0.11821757,0.1445759,0.15699528,-0.23045865,36.44225168000003,0.0,0.01315009506416812,0.01315009506416812
85.80092247940048,20.24699344147728,0.15149644,0.18121983,0.16867816,-0.23208979,36.44908772000002,0.0,0.031992892294370696,0.031992892294370696
85.8010123109289,20.24699344147728,0.15149644,0.18121983,0.16867816,-0.23208979,36.44908772000002,0.0,0.031992892294370696,0.031992892294370696
85.80110214245731,20.24699344147728,0.20066428,0.10759101,0.116028056,-0.26693928,36.44908772000002,0.0,0.08896220957181356,0.08896220957181356
85.80119197398571,20.24699344147728,0.26511854,0.13951959,0.14370982,-0.2678788,36.44225168000003,0.0,0.25379564480703165,0.25379564480703165
85.80128180551412,20.24699344147728,0.11009769,0.008004684,0.047514398,-0.1619502,36.44225168000003,0.0,0.0032428384475646404,0.0032428384475646404
85.80137163704254,20.24699344147728,0.15226337,0.115019925,0.10735827,-0.16161616,36.44225168000003,0.0,0.009791225234775458,0.009791225234775458
85.80146146857095,20.24699344147728,0.054999154,0.11609353,0.12316787,-0.13956377,36.53112020000003,0.0,0.0021427655779732305,0.0021427655779732305
85.80155130009936,20.24699344147728,0.11966325,0.15273774,0.14493029,-0.16447783,36.53112020000003,0.0,0.014350537838789873,0.014350537838789873
85.80164113162778,20.24699344147728,0.087802,0.15694931,0.15640348,-0.18968849,36.53112020000003,0.0,0.002979503088740126,0.002979503088740126
85.80173096315619,20.24699344147728,0.1406815,0.12576598,0.11699699,-0.15208612,36.661004960000014,0.0,0.007213115570419209,0.007213115570419209
85.8018207946846,20.24699344147728,0.059116803,0.1293911,0.12378977,-0.1405561,36.661004960000014,0.0,0.0013506970548799765,0.0013506970548799765
85.80191062621302,20.24699344147728,0.13837671,-0.0003028519,0.046356414,-0.1956561,36.661004960000014,0.0,0.00667498590907702,0.00667498590907702
85.80200045774143,20.24699344147728,0.20565079,0.11822491,0.14743221,-0.31664136,36.79772576000005,0.0,0.08085540312529531,0.08085540312529531
85.80209028926984,20.24699344147728,0.20161061,0.095083356,0.12447951,-0.24940194,36.79772576000005,1.0,0.34970735224910293,-0.650292647750897
85.80218012079824,20.24699344147728,0.21033774,0.033312883,0.09215292,-0.28497687,36.79772576000005,0.0,0.04418467108075994,0.04418467108075994
85.80226995232665,20.24699344147728,0.12139739,0.012307729,0.06844588,-0.20196584,36.83532398,0.0,0.0033037326626309824,0.0033037326626309824
85.80235978385507,20.24699344147728,0.061357453,-0.053917993,-0.0011469849,-0.024279445,36.83532398,0.0,0.0009127560840807234,0.0009127560840807234
85.80244961538348,20.24699344147728,0.061357453,-0.053917993,-0.0011469849,-0.024279445,36.83532398,0.0,0.0009127560840807234,0.0009127560840807234
85.80038349023,20.246903609948863,0.5701459,-0.124598056,-0.07812743,-0.49625668,36.42857960000004,0.7686274509803922,0.8672246843237653,0.09859723334337311
85.80047332175842,20.246903609948863,0.53253514,-0.14955096,-0.08669833,-0.5147929,36.42857960000004,1.0,0.8424187604578917,-0.15758123954210834
85.80056315328683,20.246903609948863,0.43738317,-0.11006855,-0.042150587,-0.43805516,36.42857960000004,0.0,0.392120345462167,0.392120345462167
85.80065298481524,20.246903609948863,0.5028844,-0.09703406,-0.035838798,-0.47987157,36.44225168000003,1.0,0.8477327962955671,-0.15226720370443292
85.80074281634366,20.246903609948863,0.40105763,0.02176444,0.04351498,-0.40105763,36.44225168000003,0.0,0.3245859703658822,0.3245859703658822
85.80083264787207,20.246903609948863,0.20289856,0.044082582,0.08628004,-0.21565656,36.44225168000003,0.0,0.01926805066197356,0.01926805066197356
85.80092247940048,20.246903609948863,0.20289856,0.044082582,0.08628004,-0.21565656,36.44908772000002,0.0,0.017101383995306897,0.017101383995306897
85.8010123109289,20.246903609948863,0.14685312,0.1119134,0.13715906,-0.2413793,36.44908772000002,0.0,0.02015731783734265,0.02015731783734265
85.80110214245731,20.246903609948863,0.19277777,0.12705837,0.12847224,-0.24608244,36.44908772000002,0.0,0.0801166585259904,0.0801166585259904
85.80119197398571,20.246903609948863,0.3871757,0.012027213,0.039269656,-0.40749937,36.44225168000003,0.0,0.37970851829205454,0.37970851829205454
85.80128180551412,20.246903609948863,0.35111284,-0.09620175,-0.019423688,-0.38622048,36.44225168000003,0.0,0.3372813562437122,0.3372813562437122
85.80137163704254,20.246903609948863,0.3927365,-0.01648947,0.025135633,-0.40101954,36.44225168000003,0.0,0.33730790921250675,0.33730790921250675
85.80146146857095,20.246903609948863,0.33130947,-0.015123483,0.043300282,-0.3889358,36.53112020000003,0.0,0.30192345441871543,0.30192345441871543
85.80155130009936,20.246903609948863,0.2412371,0.011494252,0.07131193,-0.28659973,36.53112020000003,0.0,0.21462068531396603,0.21462068531396603
85.80164113162778,20.246903609948863,0.3263206,0.030100346,0.06192421,-0.3488372,36.53112020000003,0.0,0.1633429882359106,0.1633429882359106
85.80173096315619,20.246903609948863,0.34287727,0.031646647,0.06322458,-0.36076102,36.661004960000014,0.0,0.2004027071769911,0.2004027071769911
85.8018207946846,20.246903609948863,0.19392753,0.11119213,0.14362286,-0.28552598,36.661004960000014,1.0,0.3957272380200329,-0.604272761979967
85.80191062621302,20.246903609948863,0.16063678,0.108393565,0.1221537,-0.19701491,36.661004960000014,0.0,0.014813597766563637,0.014813597766563637
85.80200045774143,20.246903609948863,0.18942067,0.11771302,0.1424314,-0.3011849,36.79772576000005,0.0,0.121221361907892,0.121221361907892
85.80209028926984,20.246903609948863,0.18421851,0.15210779,0.14897901,-0.24704379,36.79772576000005,0.0,0.04087038978999439,0.04087038978999439
85.80218012079824,20.246903609948863,0.13754444,0.120693296,0.14797719,-0.20719676,36.79772576000005,0.0,0.014304156967141244,0.014304156967141244
85.80226995232665,20.246903609948863,0.093090214,0.10649146,0.1260906,-0.14242727,36.83532398,0.0,0.0030153679849907445,0.0030153679849907445
85.80235978385507,20.246903609948863,0.07192283,0.049283963,0.07759819,-0.07961988,36.83532398,0.0,0.0010191816796756743,0.0010191816796756743
85.80244961538348,20.246903609948863,0.07192283,0.049283963,0.07759819,-0.07961988,36.83532398,0.0,0.0010191816796756743,0.0010191816796756743
85.8025394469119,20.246903609948863,0.1491457,0.13324596,0.13159728,-0.18447761,36.807979820000014,0.9333333333333332,0.31888367117371996,-0.6144496621596133
85.80047332175842,20.246813778420453,0.5325611,-0.15499511,-0.10120865,-0.4956041,36.27476869999998,1.0,0.8483882618234203,-0.1516117381765797
85.80056315328683,20.246813778420453,0.4296228,-0.11517759,-0.046933245,-0.43424088,36.27476869999998,0.0,0.20298787885387096,0.20298787885387096
85.80065298481524,20.246813778420453,0.39419708,-0.061107922,0.004782084,-0.40332323,36.27818672000001,1.0,0.7175724947142362,-0.28242750528576377
85.80074281634366,20.246813778420453,0.43405148,-0.018663663,0.0213587,-0.41729417,36.27818672000001,1.0,0.756272684693078,-0.24372731530692204
85.80083264787207,20.246813778420453,0.28881222,0.0026697062,0.047190428,-0.33588764,36.27818672000001,0.0,0.07790529726060105,0.07790529726060105
85.80092247940048,20.246813778420453,0.28881222,0.0026697062,0.047190428,-0.33588764,36.29869484000005,0.0,0.06983863059393437,0.06983863059393437
85.8010123109289,20.246813778420453,0.28668666,0.07964948,0.096133195,-0.32048059,36.29869484000005,0.0,0.20061575632503978,0.20061575632503978
85.80110214245731,20.246813778420453,0.20341536,0.07275543,0.10371029,-0.21285753,36.29869484000005,0.0,0.028928940400773605,0.028928940400773605
85.80119197398571,20.246813778420453,0.44933265,-0.004969965,0.022397595,-0.44291335,36.43883366,0.0,0.513001506061827,0.513001506061827
85.80128180551412,20.246813778420453,0.5920873,-0.09337913,-0.04438577,-0.5338445,36.43883366,1.0,0.8786007550767769,-0.12139924492322307
85.80137163704254,20.246813778420453,0.49871525,-0.0026566868,0.03583139,-0.49417794,36.43883366,1.0,0.9084832716932052,-0.0915167283067948
85.80146146857095,20.246813778420453,0.5314585,-0.0034353645,0.0290927,-0.5077428,36.50719406000002,1.0,0.8569186830001665,-0.1430813169998335
85.80155130009936,20.246813778420453,0.43390143,-0.0053286147,0.046890173,-0.43423176,36.50719406000002,1.0,0.7897705049029826,-0.21022949509701738
85.80164113162778,20.246813778420453,0.4689349,0.01666943,0.05200557,-0.47475246,36.50719406000002,1.0,0.9461919084114663,-0.053808091588533724
85.80173096315619,20.246813778420453,0.42849964,0.034974515,0.06488548,-0.43209878,36.62682475999998,1.0,0.8230917413669393,-0.1769082586330607
85.8018207946846,20.246813778420453,0.25853965,0.20569621,0.1650833,-0.26687697,36.62682475999998,0.0,0.08969975047182611,0.08969975047182611
85.80191062621302,20.246813778420453,0.10850288,0.16927287,0.16006418,-0.16502194,36.62682475999998,0.0,0.002793577663267724,0.002793577663267724
85.80200045774143,20.246813778420453,0.13817005,0.09680971,0.12707439,-0.2429977,36.76696358000004,0.0,0.019884337235247046,0.019884337235247046
85.80209028926984,20.246813778420453,0.23572567,0.15562336,0.14400357,-0.25331607,36.76696358000004,0.0,0.08375052599040395,0.08375052599040395
85.80218012079824,20.246813778420453,0.124127485,0.17743725,0.16938017,-0.19406836,36.76696358000004,0.0,0.0031459831497763937,0.0031459831497763937
85.80226995232665,20.246813778420453,0.109034255,0.13818842,0.1582844,-0.16817063,36.838742000000025,0.0,0.002584046977978935,0.002584046977978935
85.80235978385507,20.246813778420453,0.13414319,0.1250249,0.15104966,-0.17232168,36.838742000000025,0.0,0.007101141413180225,0.007101141413180225
85.80244961538348,20.246813778420453,0.13414319,0.1250249,0.15104966,-0.17232168,36.838742000000025,0.0,0.007101141413180225,0.007101141413180225
85.8025394469119,20.246813778420453,0.23626374,0.12318686,0.1417966,-0.26720902,36.81139784000004,0.0,0.08409353944518475,0.08409353944518475
85.80047332175842,20.246723946892043,0.637303,-0.18800376,-0.14820316,-0.54849744,36.27476869999998,0.0,0.5094610236821481,0.5094610236821481
85.80056315328683,20.246723946892043,0.6072656,-0.20146789,-0.14458176,-0.5316959,36.27476869999998,0.9568627450980391,0.6521460835359201,-0.3047166615621191
85.80065298481524,20.246723946892043,0.43774474,-0.1172414,-0.029245017,-0.44188482,36.27818672000001,0.0,0.27634939215842214,0.27634939215842214
85.80074281634366,20.246723946892043,0.3804495,-0.058994606,0.0029420368,-0.3845736,36.27818672000001,0.0,0.43359322457511873,0.43359322457511873
85.80083264787207,20.246723946892043,0.37132156,-0.061723277,0.008649763,-0.3974918,36.27818672000001,1.0,0.8642801291068178,-0.13571987089318216
85.80092247940048,20.246723946892043,0.37132156,-0.061723277,0.008649763,-0.3974918,36.29869484000005,1.0,0.8596848536633068,-0.14031514633669318
85.8010123109289,20.246723946892043,0.30305785,0.09712606,0.10602055,-0.2959952,36.29869484000005,1.0,0.40329665091167954,-0.5967033490883205
85.80110214245731,20.246723946892043,0.10282344,-0.00038226947,0.052935287,-0.15950376,36.29869484000005,0.0,0.004829793998511816,0.004829793998511816
85.80119197398571,20.246723946892043,0.30668443,-0.024908531,0.0332978,-0.35202205,36.43883366,0.0,0.3602070567241298,0.3602070567241298
85.80128180551412,20.246723946892043,0.37164,0.0032258076,0.041421626,-0.38461542,36.43883366,1.0,0.6160401555945231,-0.3839598444054769
85.80137163704254,20.246723946892043,0.27003402,0.06255603,0.104736,-0.32271117,36.43883366,1.0,0.49073496872762135,-0.5092650312723787
85.80146146857095,20.246723946892043,0.28185326,0.054804295,0.082684845,-0.31517702,36.50719406000002,1.0,0.4675069177542699,-0.5324930822457301
85.80155130009936,20.246723946892043,0.3600186,0.0138373105,0.0550536,-0.39775172,36.50719406000002,1.0,0.6245379440114834,-0.37546205598851656
85.80164113162778,20.246723946892043,0.2868003,0.036398113,0.0716892,-0.30027935,36.50719406000002,1.0,0.6125901086352353,-0.38740989136476467
85.80173096315619,20.246723946892043,0.30265892,0.011578986,0.064743,-0.3618564,36.62682475999998,1.0,0.5510986861196024,-0.44890131388039756
85.8018207946846,20.246723946892043,0.16395348,0.18034801,0.1753026,-0.2293522,36.62682475999998,0.0,0.03831417311594981,0.03831417311594981
85.80191062621302,20.246723946892043,0.108977236,0.0970909,0.11600979,-0.17122643,36.62682475999998,0.0,0.001193504188066857,0.001193504188066857
85.80200045774143,20.246723946892043,0.13259423,0.08310895,0.10942554,-0.1764164,36.76696358000004,0.0,0.00457607339603973,0.00457607339603973
85.80209028926984,20.246723946892043,0.2845874,0.10561892,0.11647058,-0.31572407,36.76696358000004,0.0,0.11299890759642782,0.11299890759642782
85.80218012079824,20.246723946892043,0.13236658,0.17565139,0.17374179,-0.17779209,36.76696358000004,0.0,0.00931602937492889,0.00931602937492889
85.80226995232665,20.246723946892043,0.110353865,0.19878952,0.19411045,-0.20580697,36.838742000000025,0.0,0.0021115618860245823,0.0021115618860245823
85.80235978385507,20.246723946892043,0.110353865,0.19878952,0.19411045,-0.20580697,36.838742000000025,0.0,0.0021115618860245823,0.0021115618860245823
85.80244961538348,20.246723946892043,0.15057112,0.1769731,0.18832695,-0.21258546,36.838742000000025,0.0,0.03504393108404464,0.03504393108404464
85.8025394469119,20.246723946892043,0.21750875,0.095543936,0.11654637,-0.26501966,36.81139784000004,0.0,0.07096128261200424,0.07096128261200424
85.80065298481524,20.24663411536363,0.5377659,-0.14110911,-0.08365933,-0.49367088,36.27818672000001,0.823529411764706,0.8174171968206415,-0.0061122149440644424
85.80074281634366,20.24663411536363,0.38087624,0.023960218,0.043239754,-0.3694894,36.27818672000001,1.0,0.5188892674349529,-0.4811107325650471
85.80083264787207,20.24663411536363,0.49730587,-0.020963907,0.011410613,-0.45712525,36.27818672000001,1.0,0.9553658517038023,-0.04463414829619772
85.80092247940048,20.24663411536363,0.49730587,-0.020963907,0.011410613,-0.45712525,36.29869484000005,1.0,0.9551155809288256,-0.04488441907117435
85.8010123109289,20.24663411536363,0.39550754,0.0317617,0.051758654,-0.3713328,36.29869484000005,0.0,0.31814147693065364,0.31814147693065364
85.80110214245731,20.24663411536363,0.08487366,-0.047532342,0.04541682,-0.17077142,36.29869484000005,0.0,0.004946456461664749,0.004946456461664749
85.80119197398571,20.24663411536363,0.15791844,0.04265229,0.07594792,-0.18296894,36.43883366,0.0,0.007550418667505616,0.007550418667505616
85.80128180551412,20.24663411536363,0.12514092,0.05742351,0.091432534,-0.19836698,36.43883366,0.0,0.0017824992887317005,0.0017824992887317005
85.80137163704254,20.24663411536363,0.10888981,0.06408189,0.091595665,-0.17458884,36.43883366,0.0,0.0014661025755349048,0.0014661025755349048
85.80146146857095,20.24663411536363,0.08720627,-0.02612122,0.044600297,-0.13336961,36.50719406000002,0.0,0.0018488901417502376,0.0018488901417502376
85.80155130009936,20.24663411536363,0.15317154,0.030354977,0.07184301,-0.15317154,36.50719406000002,0.0,0.007999721066828192,0.007999721066828192
85.80164113162778,20.24663411536363,0.103933096,0.016754111,0.067808434,-0.1816148,36.50719406000002,0.0,0.0037679921598337022,0.0037679921598337022
85.80173096315619,20.24663411536363,0.17367303,0.02107315,0.075261645,-0.2104226,36.62682475999998,0.0,0.02705939307779883,0.02705939307779883
85.8018207946846,20.24663411536363,0.12143228,0.14314036,0.15643165,-0.20222533,36.62682475999998,0.0,0.0021047412042070283,0.0021047412042070283
85.80191062621302,20.24663411536363,0.090350315,0.06269815,0.099286325,-0.14427003,36.62682475999998,0.0,0.0011316703773909473,0.0011316703773909473
85.80200045774143,20.24663411536363,0.16613998,0.07749998,0.09734911,-0.19472712,36.76696358000004,0.0,0.003513918528377001,0.003513918528377001
85.80209028926984,20.24663411536363,0.2735761,0.12245335,0.12401603,-0.31872383,36.76696358000004,0.0,0.11093136659188182,0.11093136659188182
85.80218012079824,20.24663411536363,0.1267339,0.18846504,0.18070513,-0.16492832,36.76696358000004,0.0,0.003828173140197099,0.003828173140197099
85.80226995232665,20.24663411536363,0.09078243,0.1486046,0.15969239,-0.17011206,36.838742000000025,0.0,0.0015991102568301734,0.0015991102568301734
85.80235978385507,20.24663411536363,0.09078243,0.1486046,0.15969239,-0.17011206,36.838742000000025,0.0,0.0015991102568301734,0.0015991102568301734
85.80244961538348,20.24663411536363,0.10045287,0.084902436,0.109982386,-0.15116282,36.838742000000025,0.0,0.0011536108899848046,0.0011536108899848046
85.8025394469119,20.24663411536363,0.11456023,0.0935684,0.13249092,-0.17966104,36.81139784000004,0.0,0.025691160841131346,0.025691160841131346
85.8026292784403,20.24663411536363,0.11272939,0.17654665,0.17199558,-0.17864855,36.81139784000004,0.0,0.008369328051949627,0.008369328051949627
85.80271910996872,20.24663411536363,0.18984352,0.06799261,0.10723418,-0.22753578,36.81139784000004,0.0,0.010503924458571052,0.010503924458571052
85.80074281634366,20.246544283835217,0.54415953,-0.14490917,-0.08132726,-0.51778215,36.21324434000002,0.6980392156862745,0.7494168598537858,0.05137764416751134
85.80083264787207,20.246544283835217,0.6414831,-0.1851852,-0.1308457,-0.58067113,36.21324434000002,1.0,0.9069054069780196,-0.09309459302198042
85.80092247940048,20.246544283835217,0.6414831,-0.1851852,-0.1308457,-0.58067113,36.20982632000005,1.0,0.8998025747340108,-0.10019742526598918
85.8010123109289,20.246544283835217,0.47958446,-0.043626424,-0.00614281,-0.47922707,36.20982632000005,1.0,0.8768285257720779,-0.12317147422792207
85.80110214245731,20.246544283835217,0.17348273,-0.05648958,0.018259289,-0.2199573,36.20982632000005,0.0,0.034422397414380475,0.034422397414380475
85.80119197398571,20.246544283835217,0.09509066,0.15782313,0.15760408,-0.15890475,36.40465346000002,0.0,0.0023495667242484438,0.0023495667242484438
85.80128180551412,20.246544283835217,0.111154586,0.09050139,0.10258404,-0.17192982,36.40465346000002,0.0,0.0031291673592966037,0.0031291673592966037
85.80137163704254,20.246544283835217,0.1343674,0.028022438,0.071449354,-0.17932776,36.40465346000002,0.0,0.0040433229821467504,0.0040433229821467504
85.80146146857095,20.246544283835217,0.08279667,-0.047619034,0.030580046,-0.1302817,36.54821030000005,0.0,0.0023860403373254023,0.0023860403373254023
85.80155130009936,20.246544283835217,0.11045597,0.048340905,0.08915907,-0.15826157,36.54821030000005,0.0,0.0014279925355322816,0.0014279925355322816
85.80164113162778,20.246544283835217,0.11972087,0.010225616,0.050033364,-0.19545186,36.54821030000005,0.0,0.008598539529870624,0.008598539529870624
85.80173096315619,20.246544283835217,0.17398308,0.021647919,0.06179013,-0.17849202,36.674677040000006,0.0,0.019978298319663513,0.019978298319663513
85.8018207946846,20.246544283835217,0.13406903,0.11522255,0.124841794,-0.2190813,36.674677040000006,0.0,0.00709349518032471,0.00709349518032471
85.80191062621302,20.246544283835217,0.10697675,0.07518161,0.11271675,-0.13427268,36.674677040000006,0.0,0.0011476921470968118,0.0011476921470968118
85.80200045774143,20.246544283835217,0.14924711,0.101609826,0.1350089,-0.23160893,36.79430774000002,0.0,0.04113069216043811,0.04113069216043811
85.80209028926984,20.246544283835217,0.24460648,0.12646618,0.14319351,-0.2917061,36.79430774000002,0.0,0.06573443169366777,0.06573443169366777
85.80218012079824,20.246544283835217,0.12467193,0.21285877,0.20054363,-0.17437477,36.79430774000002,0.0,0.002969024622794911,0.002969024622794911
85.80226995232665,20.246544283835217,0.12792298,0.14834687,0.14627717,-0.1832612,36.807979820000014,0.0,0.021257984231338754,0.021257984231338754
85.80235978385507,20.246544283835217,0.12792298,0.14834687,0.14627717,-0.1832612,36.807979820000014,0.0,0.021257984231338754,0.021257984231338754
85.80244961538348,20.246544283835217,0.038264845,0.059575133,0.082475156,-0.057851255,36.807979820000014,0.0,0.001405895129968072,0.001405895129968072
85.8025394469119,20.246544283835217,0.053209234,0.15033686,0.14853315,-0.14056846,36.784053680000056,0.0,0.0018911614533550626,0.0018911614533550626
85.8026292784403,20.246544283835217,0.10709612,0.17130536,0.15434754,-0.15456036,36.784053680000056,0.0,0.006350534043082604,0.006350534043082604
85.80271910996872,20.246544283835217,0.08234789,0.036923636,0.07656405,-0.12592264,36.784053680000056,0.0,0.002434240674602602,0.002434240674602602
85.80280894149713,20.246544283835217,0.17622952,0.14854841,0.14743589,-0.20696907,36.63024278,0.0,0.03246975751237302,0.03246975751237302
85.80083264787207,20.246454452306807,0.6519142,-0.20094748,-0.14459959,-0.5810811,36.21324434000002,0.9490196078431372,0.8684416026384242,-0.08057800520471303
85.80092247940048,20.246454452306807,0.6519142,-0.20094748,-0.14459959,-0.5810811,36.20982632000005,0.9490196078431372,0.8620825612440889,-0.08693704659904833
85.8010123109289,20.246454452306807,0.41472092,-0.0626357,-0.0031438747,-0.45118612,36.20982632000005,1.0,0.7733334556774082,-0.2266665443225918
85.80110214245731,20.246454452306807,0.16387098,-0.058862958,0.03487662,-0.22151287,36.20982632000005,0.0,0.028343261209677905,0.028343261209677905
85.80119197398571,20.246454452306807,0.08253286,0.10429846,0.15237235,-0.19420418,36.40465346000002,0.0,0.0018882799736901245,0.0018882799736901245
85.80128180551412,20.246454452306807,0.1201681,0.12158154,0.13642001,-0.19417694,36.40465346000002,0.0,0.00351724000191875,0.00351724000191875
85.80137163704254,20.246454452306807,0.13775614,0.067509145,0.11018625,-0.19752295,36.40465346000002,0.0,0.002228858286876413,0.002228858286876413
85.80146146857095,20.246454452306807,0.18883868,0.02967121,0.07841734,-0.24408804,36.54821030000005,0.0,0.09909926697487074,0.09909926697487074
85.80155130009936,20.246454452306807,0.27564105,0.055272948,0.08418984,-0.33365247,36.54821030000005,0.0,0.2710800929477512,0.2710800929477512
85.80164113162778,20.246454452306807,0.28602812,0.030634211,0.069058895,-0.33227128,36.54821030000005,0.0,0.2765869420631306,0.2765869420631306
85.80173096315619,20.246454452306807,0.3043478,0.022505859,0.06290471,-0.3752363,36.674677040000006,0.0,0.32803181386749614,0.32803181386749614
85.8018207946846,20.246454452306807,0.23220421,0.09614694,0.110629074,-0.3066111,36.674677040000006,0.0,0.06603197659268589,0.06603197659268589
85.80191062621302,20.246454452306807,0.093364656,0.06510458,0.10657139,-0.12802908,36.674677040000006,0.0,0.0011099312469561647,0.0011099312469561647
85.80200045774143,20.246454452306807,0.12565117,0.081760995,0.11239862,-0.23248915,36.79430774000002,0.0,0.004149142235817742,0.004149142235817742
85.80209028926984,20.246454452306807,0.25125,0.1376265,0.1326154,-0.27597198,36.79430774000002,0.0,0.10278363355648909,0.10278363355648909
85.80218012079824,20.246454452306807,0.15810275,0.20072742,0.1852412,-0.2032854,36.79430774000002,0.0,0.012676450741755283,0.012676450741755283
85.80226995232665,20.246454452306807,0.12666664,0.20311934,0.18410191,-0.1754949,36.807979820000014,0.0,0.00305358961675115,0.00305358961675115
85.80235978385507,20.246454452306807,0.12666664,0.20311934,0.18410191,-0.1754949,36.807979820000014,0.0,0.00305358961675115,0.00305358961675115
85.80244961538348,20.246454452306807,0.033933822,0.14675884,0.1434672,-0.10104842,36.807979820000014,0.0,0.002081152367462597,0.002081152367462597
85.8025394469119,20.246454452306807,0.07847961,0.2048387,0.18905853,-0.12943873,36.784053680000056,0.0,0.0013291472348288655,0.0013291472348288655
85.8026292784403,20.246454452306807,0.039301325,0.16491225,0.14681439,-0.06329114,36.784053680000056,0.0,0.001142896207312418,0.001142896207312418
85.80271910996872,20.246454452306807,0.02929451,-0.04560663,0.035714272,-0.09942603,36.784053680000056,0.0,0.0022126672671671063,0.0022126672671671063
85.80280894149713,20.246454452306807,0.2334528,0.024381015,0.0633473,-0.24116373,36.63024278,0.0,0.04911348922288108,0.04911348922288108
85.80092247940048,20.246364620778397,0.61330676,-0.13593592,-0.088778265,-0.54689205,36.20982632000005,0.0,0.48269212608739703,0.48269212608739703
85.8010123109289,20.246364620778397,0.4299865,-0.07807197,-0.007477573,-0.4397099,36.20982632000005,0.0,0.5063780430910799,0.5063780430910799
85.80110214245731,20.246364620778397,0.16947939,-0.09057426,0.048145052,-0.27475542,36.20982632000005,0.0,0.1418190123747981,0.1418190123747981
85.80119197398571,20.246364620778397,0.10039404,0.040889774,0.13290691,-0.20683266,36.40465346000002,0.0,0.003607834815822608,0.003607834815822608
85.80128180551412,20.246364620778397,0.12246791,0.026120616,0.11945876,-0.24279833,36.40465346000002,0.0,0.017022470561240722,0.017022470561240722
85.80137163704254,20.246364620778397,0.1835889,-0.0688623,0.039645497,-0.2931854,36.40465346000002,1.0,0.43184183987647184,-0.5681581601235282
85.80146146857095,20.246364620778397,0.26098043,0.055803094,0.095637105,-0.3307416,36.54821030000005,1.0,0.48299708874404795,-0.517002911255952
85.80155130009936,20.246364620778397,0.3339908,0.0558399,0.07659504,-0.34060127,36.54821030000005,1.0,0.459532642763728,-0.5404673572362719
85.80164113162778,20.246364620778397,0.3097005,-0.024505587,0.03463457,-0.38104898,36.54821030000005,1.0,0.6174755719128123,-0.3825244280871877
85.80173096315619,20.246364620778397,0.36432025,0.022145199,0.052963775,-0.402375,36.674677040000006,1.0,0.6902069749254984,-0.30979302507450157
85.8018207946846,20.246364620778397,0.24485126,0.09896478,0.11488286,-0.31202894,36.674677040000006,0.0,0.06329534283836574,0.06329534283836574
85.80191062621302,20.246364620778397,0.088979214,0.088296495,0.117069855,-0.16276826,36.674677040000006,0.0,0.0011130022742522558,0.0011130022742522558
85.80200045774143,20.246364620778397,0.14118443,0.06356248,0.10917943,-0.20408647,36.79430774000002,0.0,0.0031125997764925657,0.0031125997764925657
85.80209028926984,20.246364620778397,0.27935722,0.11651726,0.1286183,-0.2945591,36.79430774000002,0.0,0.147400469488414,0.147400469488414
85.80218012079824,20.246364620778397,0.14038728,0.22672915,0.20763572,-0.18377602,36.79430774000002,0.0,0.017338646245110827,0.017338646245110827
85.80226995232665,20.246364620778397,0.08854782,0.2206255,0.21391399,-0.17602044,36.807979820000014,0.0,0.0018533750300777725,0.0018533750300777725
85.80235978385507,20.246364620778397,0.08854782,0.2206255,0.21391399,-0.17602044,36.807979820000014,0.0,0.0018533750300777725,0.0018533750300777725
85.80244961538348,20.246364620778397,0.10323314,0.1951169,0.19412157,-0.18453105,36.807979820000014,0.0,0.0046612665115106965,0.0046612665115106965
85.8025394469119,20.246364620778397,0.11230305,0.27633587,0.23081379,-0.14651005,36.784053680000056,0.0,0.002436450936665401,0.002436450936665401
85.8026292784403,20.246364620778397,0.05498653,0.19844358,0.18530716,-0.15901688,36.784053680000056,0.0,0.0013084162406768187,0.0013084162406768187
85.80271910996872,20.246364620778397,0.048493303,0.08243101,0.11228319,-0.126018,36.784053680000056,0.0,0.0010190459779041454,0.0010190459779041454
85.80280894149713,20.246364620778397,0.30151337,0.05157784,0.07843825,-0.30121046,36.63024278,0.0,0.2236664166641457,0.2236664166641457
85.80289877302555,20.246364620778397,0.49391893,-0.060177434,-0.022550978,-0.44274062,36.63024278,0.8862745098039215,0.805083774757628,-0.08119073504629348
85.8010123109289,20.24627478924998,0.56978965,-0.09466663,-0.05265912,-0.5392547,36.295276820000026,0.8470588235294116,0.806646072880047,-0.04041275064936467
85.80110214245731,20.24627478924998,0.4040863,-0.15481561,-0.04950715,-0.4682493,36.295276820000026,0.0,0.2513886378626536,0.2513886378626536
85.80119197398571,20.24627478924998,0.36138037,-0.049155843,0.023852427,-0.42694575,36.33629306,0.0,0.4349037588100917,0.4349037588100917
85.80128180551412,20.24627478924998,0.3384751,0.023315633,0.08152424,-0.41552085,36.33629306,0.0,0.3026952603833993,0.3026952603833993
85.80137163704254,20.24627478924998,0.31939164,-0.05471124,0.031578943,-0.38212594,36.33629306,0.0,0.2622963510841745,0.2622963510841745
85.80146146857095,20.24627478924998,0.25594407,0.16153127,0.13992298,-0.2347886,36.56871841999998,0.0,0.17421966027775626,0.17421966027775626
85.80155130009936,20.24627478924998,0.13213326,0.21110222,0.16686675,-0.15649451,36.56871841999998,0.0,0.02689793212301929,0.02689793212301929
85.80164113162778,20.24627478924998,0.16213848,0.06575856,0.09540009,-0.2247537,36.56871841999998,0.0,0.0065346657431075445,0.0065346657431075445
85.80173096315619,20.24627478924998,0.20837067,0.13540107,0.13966481,-0.21490829,36.71911130000001,0.0,0.0377424027519289,0.0377424027519289
85.8018207946846,20.24627478924998,0.21464334,0.15516862,0.14365123,-0.28670865,36.71911130000001,0.0,0.1681911387987102,0.1681911387987102
85.80191062621302,20.24627478924998,0.11528697,0.13441072,0.1449814,-0.21426596,36.71911130000001,0.0,0.003331864194025436,0.003331864194025436
85.80200045774143,20.24627478924998,0.23982726,0.026940234,0.037037034,-0.2155115,36.83190596000003,0.0,0.03278655890786078,0.03278655890786078
85.80209028926984,20.24627478924998,0.3260807,0.060827225,0.054489844,-0.3189066,36.83190596000003,0.0,0.16078991767143744,0.16078991767143744
85.80218012079824,20.24627478924998,0.124657504,0.2287459,0.21232878,-0.17790528,36.83190596000003,0.0,0.004883997499653526,0.004883997499653526
85.80226995232665,20.24627478924998,0.11461492,0.22217521,0.1946696,-0.19002911,36.78063566000003,0.0,0.005412478070679053,0.005412478070679053
85.80235978385507,20.24627478924998,0.11461492,0.22217521,0.1946696,-0.19002911,36.78063566000003,0.0,0.005412478070679053,0.005412478070679053
85.80244961538348,20.24627478924998,0.08624419,0.24348764,0.22674909,-0.14388017,36.78063566000003,0.0,0.0029554802246647863,0.0029554802246647863
85.8025394469119,20.24627478924998,0.08085649,0.26748973,0.22206666,-0.16299865,36.640496840000026,0.0,0.0013906389548235172,0.0013906389548235172
85.8026292784403,20.24627478924998,0.038068302,0.10165664,0.111664146,-0.09074286,36.640496840000026,0.0,0.0010549449254316854,0.0010549449254316854
85.80271910996872,20.24627478924998,0.05264901,-0.012742938,0.041958023,-0.07835822,36.640496840000026,0.0,0.001056310274539763,0.001056310274539763
85.80280894149713,20.24627478924998,0.2513393,0.050152484,0.068456374,-0.25610575,36.58580852,0.0,0.08800685346299465,0.08800685346299465
85.80289877302555,20.24627478924998,0.50138885,-0.049005337,-0.015441171,-0.4828532,36.58580852,0.5803921568627451,0.732965497018789,0.15257334015604385
85.80146146857095,20.24618495772157,0.3454301,-0.055907175,-0.008963791,-0.3275862,36.56871841999998,0.0,0.2813403173723199,0.2813403173723199
85.80155130009936,20.24618495772157,0.11474163,0.19373456,0.16596785,-0.1592256,36.56871841999998,0.0,0.023433207289405414,0.023433207289405414
85.80164113162778,20.24618495772157,0.1461717,0.04725166,0.09725985,-0.22088353,36.56871841999998,0.0,0.002707995478028164,0.002707995478028164
85.80173096315619,20.24618495772157,0.102507174,0.1716738,0.17892492,-0.1812309,36.71911130000001,0.0,0.0025209952714929144,0.0025209952714929144
85.8018207946846,20.24618495772157,0.23875915,0.16060464,0.13259934,-0.29330423,36.71911130000001,1.0,0.39907879740545305,-0.600921202594547
85.80191062621302,20.24618495772157,0.30175135,0.05423448,0.071725145,-0.32845002,36.71911130000001,1.0,0.4943753513778287,-0.5056246486221714
85.80200045774143,20.24618495772157,0.3272311,-0.016157303,0.032309957,-0.34432143,36.83190596000003,1.0,0.5517304513491529,-0.4482695486508471
85.80209028926984,20.24618495772157,0.29634005,0.11344365,0.09737461,-0.30831102,36.83190596000003,0.0,0.13553981879453647,0.13553981879453647
85.80218012079824,20.24618495772157,0.13989638,0.22089419,0.20780371,-0.20879121,36.83190596000003,0.0,0.008499276566577159,0.008499276566577159
85.80226995232665,20.24618495772157,0.15548779,0.20595016,0.19579244,-0.22100517,36.78063566000003,0.0,0.015214025995986162,0.015214025995986162
85.80235978385507,20.24618495772157,0.15548779,0.20595016,0.19579244,-0.22100517,36.78063566000003,0.0,0.015214025995986162,0.015214025995986162
85.80244961538348,20.24618495772157,0.13775665,0.20167015,0.19217524,-0.21127655,36.78063566000003,0.0,0.0030691640169678864,0.0030691640169678864
85.8025394469119,20.24618495772157,0.13321275,0.26476339,0.22995919,-0.19138148,36.640496840000026,0.0,0.0122503365028327,0.0122503365028327
85.8026292784403,20.24618495772157,0.0816641,0.13653135,0.14224368,-0.14652358,36.640496840000026,0.0,0.0017894160470881908,0.0017894160470881908
85.80271910996872,20.24618495772157,0.12262521,-0.0017123068,0.055719078,-0.17328517,36.640496840000026,0.0,0.004558279871109926,0.004558279871109926
85.80280894149713,20.24618495772157,0.3642116,0.039215714,0.07237435,-0.38098896,36.58580852,0.0,0.20865686992563684,0.20865686992563684
85.80146146857095,20.24609512619316,0.45543858,-0.073498935,-0.036605947,-0.41521665,36.56871841999998,0.0,0.45014059634029496,0.45014059634029496
85.80155130009936,20.24609512619316,0.09991876,0.23199092,0.18905203,-0.12411789,36.56871841999998,0.0,0.0030540647830748745,0.0030540647830748745
85.80164113162778,20.24609512619316,0.12074118,0.07338768,0.118170656,-0.20269403,36.56871841999998,0.0,0.001963499129631026,0.001963499129631026
85.80173096315619,20.24609512619316,0.13331233,0.1548766,0.16262136,-0.1919125,36.71911130000001,0.0,0.002516342423192316,0.002516342423192316
85.8018207946846,20.24609512619316,0.14576961,0.18609706,0.16682376,-0.22440086,36.71911130000001,0.0,0.04148877604501553,0.04148877604501553
85.80191062621302,20.24609512619316,0.30050823,0.10494099,0.099727206,-0.32620665,36.71911130000001,0.0,0.1251153867564555,0.1251153867564555
85.80200045774143,20.24609512619316,0.2507536,0.05094614,0.089993,-0.3209841,36.83190596000003,0.0,0.0859678547186091,0.0859678547186091
85.80209028926984,20.24609512619316,0.16493315,0.16913946,0.1652904,-0.22194514,36.83190596000003,0.0,0.06618525475012166,0.06618525475012166
85.80218012079824,20.24609512619316,0.115698,0.14630088,0.15254235,-0.22553697,36.83190596000003,0.0,0.007037369228712431,0.007037369228712431
85.80226995232665,20.24609512619316,0.11468268,0.16896832,0.1696104,-0.17148583,36.78063566000003,0.0,0.0030437479354400183,0.0030437479354400183
85.80235978385507,20.24609512619316,0.11468268,0.16896832,0.1696104,-0.17148583,36.78063566000003,0.0,0.0030437479354400183,0.0030437479354400183
85.80244961538348,20.24609512619316,0.123473525,0.16329832,0.16429128,-0.20313863,36.78063566000003,0.0,0.003679105450312761,0.003679105450312761
85.8025394469119,20.24609512619316,0.09982251,0.13215473,0.13049082,-0.15732959,36.640496840000026,0.0,0.005088881211218817,0.005088881211218817
85.8026292784403,20.24609512619316,0.1290491,0.19888783,0.19434628,-0.2678205,36.640496840000026,0.0,0.042356302725867476,0.042356302725867476
85.80271910996872,20.24609512619316,0.28132862,0.06757007,0.08425917,-0.29534465,36.640496840000026,0.0,0.11267491739640029,0.11267491739640029
85.80280894149713,20.24609512619316,0.6129181,-0.090625465,-0.053096216,-0.57300335,36.58580852,0.9647058823529412,0.8527134404469088,-0.11199244190603241
85.80146146857095,20.246005294664744,0.3268366,0.011725283,0.035536863,-0.3072378,36.606316640000045,0.0,0.2166520019034451,0.2166520019034451
85.80155130009936,20.246005294664744,0.12630357,0.24980706,0.20862333,-0.1576022,36.606316640000045,0.0,0.0030003276762645657,0.0030003276762645657
85.80164113162778,20.246005294664744,0.11446607,0.08948196,0.12308976,-0.18748172,36.606316640000045,0.0,0.004362446300933525,0.004362446300933525
85.80173096315619,20.246005294664744,0.10400001,0.1497882,0.16792959,-0.20097905,36.756709520000015,0.0,0.0025298068327426885,0.0025298068327426885
85.8018207946846,20.246005294664744,0.13976222,0.16118994,0.16618222,-0.21077745,36.756709520000015,0.0,0.0065475614413235215,0.0065475614413235215
85.80191062621302,20.246005294664744,0.12284072,0.21212122,0.18930763,-0.20951071,36.756709520000015,0.0,0.0025302858550204942,0.0025302858550204942
85.80200045774143,20.246005294664744,0.117583014,0.13612457,0.13950422,-0.17080125,36.58922654000003,0.0,0.0028972182857502395,0.0028972182857502395
85.80209028926984,20.246005294664744,0.08408479,0.21064776,0.17725605,-0.15562484,36.58922654000003,0.0,0.0029406451558982335,0.0029406451558982335
85.80218012079824,20.246005294664744,0.041594777,0.11325067,0.12301702,-0.104920685,36.58922654000003,0.0,0.001079041310973854,0.001079041310973854
85.80226995232665,20.246005294664744,0.041594777,0.11325067,0.12301702,-0.104920685,36.50377604000005,0.0,0.001457612739545283,0.001457612739545283
85.80235978385507,20.246005294664744,0.050410297,0.13915132,0.13637659,-0.11327394,36.50377604000005,0.0,0.0015078281723694114,0.0015078281723694114
85.80244961538348,20.246005294664744,0.058339853,0.13642171,0.13561903,-0.10755991,36.50377604000005,0.0,0.0015078281723694114,0.0015078281723694114
85.8025394469119,20.246005294664744,0.015252451,0.0013109983,0.042071197,-0.090157405,36.44566970000005,0.0,0.0023414739078030807,0.0023414739078030807
85.8026292784403,20.246005294664744,0.11703363,0.08611152,0.08647364,-0.14037858,36.44566970000005,0.0,0.001191880863426145,0.001191880863426145
85.80271910996872,20.246005294664744,0.22343682,-0.01597676,0.04313452,-0.23860113,36.44566970000005,0.0,0.0699456775346046,0.0699456775346046
85.80280894149713,20.246005294664744,0.6006383,-0.12875743,-0.08892276,-0.54363596,36.45250573999999,0.992156862745098,0.7875409593730547,-0.20461590337204327
85.80146146857095,20.24591546313633,0.21298023,0.05410123,0.06185185,-0.1744312,36.606316640000045,0.0,0.014501066640916509,0.014501066640916509
85.80155130009936,20.24591546313633,0.14877869,0.2202964,0.16220166,-0.17442302,36.606316640000045,0.0,0.013201466599150315,0.013201466599150315
85.80164113162778,20.24591546313633,0.13096139,0.04025697,0.09021668,-0.18571427,36.606316640000045,0.0,0.0026242627711173727,0.0026242627711173727
85.80173096315619,20.24591546313633,0.11949686,0.008272799,0.10344826,-0.21640094,36.756709520000015,0.0,0.0034034433259770057,0.0034034433259770057
85.8018207946846,20.24591546313633,0.13029487,-0.028627196,0.081205115,-0.25800675,36.756709520000015,0.0,0.022605427377616515,0.022605427377616515
85.80191062621302,20.24591546313633,0.12437309,0.09267506,0.12971671,-0.23935874,36.756709520000015,0.0,0.008965797845226825,0.008965797845226825
85.80200045774143,20.24591546313633,0.11143187,0.1675676,0.1698634,-0.13770686,36.58922654000003,0.0,0.003864796780236971,0.003864796780236971
85.80209028926984,20.24591546313633,0.07361814,0.21064776,0.18668596,-0.16592398,36.58922654000003,0.0,0.0016721483822757957,0.0016721483822757957
85.80218012079824,20.24591546313633,0.043357164,0.064772904,0.09116682,-0.103295915,36.58922654000003,0.0,0.0010234918588206147,0.0010234918588206147
85.80226995232665,20.24591546313633,0.043357164,0.064772904,0.09116682,-0.103295915,36.50377604000005,0.0,0.0011809188876031422,0.0011809188876031422
85.80235978385507,20.24591546313633,0.020833317,0.10328784,0.11857218,-0.09300567,36.50377604000005,0.0,0.001041655888886835,0.001041655888886835
85.80244961538348,20.24591546313633,0.04011823,0.18172756,0.1637888,-0.06393088,36.50377604000005,0.0,0.005880551719967931,0.005880551719967931
85.8025394469119,20.24591546313633,0.012216404,0.084740415,0.102956705,-0.08634574,36.44566970000005,0.0,0.0010390902746926286,0.0010390902746926286
85.8026292784403,20.24591546313633,0.107945696,0.159973,0.13165557,-0.10942723,36.44566970000005,0.0,0.002266190861111847,0.002266190861111847
85.80271910996872,20.24591546313633,0.14385617,0.08399999,0.12113532,-0.20589784,36.44566970000005,0.0,0.0023529269099335777,0.0023529269099335777
85.80280894149713,20.24591546313633,0.4124534,0.010439981,0.03081082,-0.37834328,36.45250573999999,1.0,0.5882088716605897,-0.41179112833941034
85.80146146857095,20.24582563160792,0.21145377,0.0995907,0.06996881,-0.13519095,36.606316640000045,0.0,0.016961226438700062,0.016961226438700062
85.80155130009936,20.24582563160792,0.14876917,0.22726181,0.15937547,-0.17475374,36.606316640000045,0.0,0.017284946617630335,0.017284946617630335
85.80164113162778,20.24582563160792,0.1442505,0.0685332,0.1099724,-0.19070514,36.606316640000045,0.0,0.005844898400314681,0.005844898400314681
85.80173096315619,20.24582563160792,0.09322186,-0.00316823,0.10564517,-0.21954186,36.756709520000015,0.0,0.004219890694398059,0.004219890694398059
85.8018207946846,20.24582563160792,0.1244282,-0.10455361,0.04755094,-0.26462016,36.756709520000015,0.0,0.04933463263635332,0.04933463263635332
85.80191062621302,20.24582563160792,0.11849235,0.016977236,0.107641116,-0.21339126,36.756709520000015,0.0,0.0028167766593103385,0.0028167766593103385
85.80200045774143,20.24582563160792,0.064622134,0.25498214,0.21746212,-0.14397801,36.58922654000003,0.0,0.001449909943540289,0.001449909943540289
85.80209028926984,20.24582563160792,0.07779173,0.22121486,0.19810098,-0.16791299,36.58922654000003,0.0,0.0017252729723243705,0.0017252729723243705
85.80218012079824,20.24582563160792,0.071407236,0.20080233,0.1841115,-0.12484312,36.58922654000003,0.0,0.0014419896521170655,0.0014419896521170655
85.80226995232665,20.24582563160792,0.071407236,0.20080233,0.1841115,-0.12484312,36.50377604000005,0.0,0.006771655483361847,0.006771655483361847
85.80235978385507,20.24582563160792,0.0855661,0.21874355,0.19246477,-0.16296296,36.50377604000005,0.0,0.005119898112148355,0.005119898112148355
85.80244961538348,20.24582563160792,0.06995625,0.2635426,0.23291107,-0.13256197,36.50377604000005,0.0,0.001761814705445051,0.001761814705445051
85.8025394469119,20.24582563160792,0.023479825,0.26676732,0.22933802,-0.120263614,36.44566970000005,0.0,0.001528945249319781,0.001528945249319781
85.8026292784403,20.24582563160792,0.08975641,0.2853392,0.22833075,-0.14235745,36.44566970000005,0.0,0.0016028403464706919,0.0016028403464706919
85.80271910996872,20.24582563160792,0.1558803,0.21669416,0.17539509,-0.19025439,36.44566970000005,0.0,0.023320799474943758,0.023320799474943758
85.80280894149713,20.24582563160792,0.31664214,0.07165107,0.078431346,-0.3123899,36.45250573999999,0.0,0.14206380085751552,0.14206380085751552
85.80289877302555,20.24582563160792,0.6399691,-0.09736341,-0.06706029,-0.555827,36.45250573999999,0.7450980392156863,0.6339147445504216,-0.11118329466526466
85.80146146857095,20.245735800079512,0.15055352,0.12758812,0.091535926,-0.1656075,36.609734660000015,0.0,0.016247481655854355,0.016247481655854355
85.80155130009936,20.245735800079512,0.15350553,0.24126214,0.17624642,-0.15820672,36.609734660000015,0.0,0.02387487379598411,0.02387487379598411
85.80164113162778,20.245735800079512,0.09328878,0.13141592,0.15225771,-0.17264037,36.609734660000015,0.0,0.002689102153072268,0.002689102153072268
85.80173096315619,20.245735800079512,0.0888031,0.17123824,0.20191944,-0.20891683,36.86950418000004,0.0,0.003074208169050122,0.003074208169050122
85.8018207946846,20.245735800079512,0.06498641,0.16213065,0.20118126,-0.18276618,36.86950418000004,0.0,0.0036635935674346233,0.0036635935674346233
85.80191062621302,20.245735800079512,0.06064513,0.19804879,0.19908047,-0.15166374,36.86950418000004,0.0,0.0014938607512865677,0.0014938607512865677
85.80200045774143,20.245735800079512,0.080627516,0.24765049,0.20239444,-0.14451316,36.61315267999999,0.0,0.0016531927718231177,0.0016531927718231177
85.80209028926984,20.245735800079512,0.123785645,0.20080233,0.17586207,-0.15565582,36.61315267999999,0.0,0.00667175392101633,0.00667175392101633
85.80218012079824,20.245735800079512,0.09352942,0.18339556,0.1770428,-0.13457431,36.61315267999999,0.0,0.0015025115585397455,0.0015025115585397455
85.80226995232665,20.245735800079512,0.09352942,0.18339556,0.1770428,-0.13457431,36.640496840000026,0.0,0.001516500643083047,0.001516500643083047
85.80235978385507,20.245735800079512,0.07284384,0.22970712,0.17433572,-0.120852366,36.640496840000026,0.0,0.0013969723947036743,0.0013969723947036743
85.80244961538348,20.245735800079512,0.11361378,0.2722944,0.21075727,-0.1447055,36.640496840000026,0.0,0.002537549837764301,0.002537549837764301
85.8025394469119,20.245735800079512,0.10921179,0.25271913,0.21188451,-0.17623365,36.63366080000003,0.0,0.004747093978001041,0.004747093978001041
85.8026292784403,20.245735800079512,0.15855105,0.20171852,0.18106608,-0.21067324,36.63366080000003,0.0,0.01426125738506339,0.01426125738506339
85.80271910996872,20.245735800079512,0.13775665,0.14870878,0.14541575,-0.18684049,36.63366080000003,0.0,0.011105835827192502,0.011105835827192502
85.80280894149713,20.245735800079512,0.35744238,-0.0019342687,0.03199564,-0.35708672,36.57555446000004,0.0,0.2170251917645615,0.2170251917645615
85.80289877302555,20.245735800079512,0.69639385,-0.1999389,-0.14864172,-0.6019576,36.57555446000004,0.9450980392156862,0.8197898042287131,-0.1253082349869732
85.80137163704254,20.2456459685511,0.5100223,-0.1525712,-0.08573248,-0.45415547,36.54137426,0.0,0.23594648596629395,0.23594648596629395
85.80146146857095,20.2456459685511,0.22004357,0.085465424,0.08009153,-0.23711339,36.609734660000015,0.0,0.021563043905953885,0.021563043905953885
85.80155130009936,20.2456459685511,0.1508257,0.19507188,0.1495959,-0.15378955,36.609734660000015,0.0,0.09451473897308985,0.09451473897308985
85.80164113162778,20.2456459685511,0.076124564,0.110157385,0.1363308,-0.16734438,36.609734660000015,0.0,0.0026480308467058664,0.0026480308467058664
85.80173096315619,20.2456459685511,0.08856468,0.19193953,0.16543595,-0.14899714,36.86950418000004,0.0,0.0047108102195573525,0.0047108102195573525
85.8018207946846,20.2456459685511,0.09006571,0.25317794,0.20326032,-0.12216476,36.86950418000004,0.0,0.0015351504510791997,0.0015351504510791997
85.80191062621302,20.2456459685511,0.09313914,0.19932622,0.17299876,-0.13535033,36.86950418000004,0.0,0.0012399910025424833,0.0012399910025424833
85.80200045774143,20.2456459685511,0.09901351,0.17362636,0.16292717,-0.13595165,36.61315267999999,0.0,0.00431036769677563,0.00431036769677563
85.80209028926984,20.2456459685511,0.14090906,0.22291021,0.19532163,-0.17840374,36.61315267999999,0.0,0.00982593405881494,0.00982593405881494
85.80218012079824,20.2456459685511,0.12952383,0.21698941,0.18053372,-0.15820314,36.61315267999999,0.0,0.002057677840560306,0.002057677840560306
85.80226995232665,20.2456459685511,0.12952383,0.21698941,0.18053372,-0.15820314,36.640496840000026,0.0,0.002302849720802532,0.002302849720802532
85.80235978385507,20.2456459685511,0.11848343,0.20067738,0.16597006,-0.18667507,36.640496840000026,0.0,0.004938701005352983,0.004938701005352983
85.80244961538348,20.2456459685511,0.12436466,0.26184648,0.20420069,-0.14651005,36.640496840000026,0.0,0.003142138143515398,0.003142138143515398
85.8025394469119,20.2456459685511,0.11484044,0.25160152,0.20472895,-0.15159759,36.63366080000003,0.0,0.003526849516580109,0.003526849516580109
85.8026292784403,20.2456459685511,0.15736042,0.2166631,0.18260624,-0.174501,36.63366080000003,0.0,0.025221201961803153,0.025221201961803153
85.80271910996872,20.2456459685511,0.10180621,0.17160496,0.15864207,-0.19182947,36.63366080000003,0.0,0.0024238217262488137,0.0024238217262488137
85.80280894149713,20.2456459685511,0.35764992,0.01316727,0.03884102,-0.36600983,36.57555446000004,0.0,0.20859566525259837,0.20859566525259837
85.80289877302555,20.2456459685511,0.6993265,-0.16763693,-0.12397731,-0.604842,36.57555446000004,0.976470588235294,0.9219089059216541,-0.05456168231363989
85.80146146857095,20.245556137022685,0.25990018,0.02598403,0.04896993,-0.26537433,36.609734660000015,0.0,0.15201045826065304,0.15201045826065304
85.80155130009936,20.245556137022685,0.11239609,0.20403415,0.1749546,-0.1654676,36.609734660000015,0.0,0.0017523973980302229,0.0017523973980302229
85.80164113162778,20.245556137022685,0.111886114,0.09785428,0.114450864,-0.17723079,36.609734660000015,0.0,0.002608875426101443,0.002608875426101443
85.80173096315619,20.245556137022685,0.07809942,0.09032256,0.1240815,-0.15641479,36.86950418000004,0.0,0.001156651415607762,0.001156651415607762
85.8018207946846,20.245556137022685,0.07274825,0.12026514,0.134371,-0.13813171,36.86950418000004,0.0,0.0027661210328523158,0.0027661210328523158
85.80191062621302,20.245556137022685,0.095521435,0.0996139,0.122961104,-0.15331355,36.86950418000004,0.0,0.0015001296764773277,0.0015001296764773277
85.80200045774143,20.245556137022685,0.10624802,0.10103091,0.12988047,-0.16655518,36.61315267999999,0.0,0.0023860313778147654,0.0023860313778147654
85.80209028926984,20.245556137022685,0.14190215,0.19078377,0.17811307,-0.20564647,36.61315267999999,0.0,0.008609712028174078,0.008609712028174078
85.80218012079824,20.245556137022685,0.12615567,0.18848051,0.17402163,-0.18854265,36.61315267999999,0.0,0.003776157373744227,0.003776157373744227
85.80226995232665,20.245556137022685,0.12615567,0.18848051,0.17402163,-0.18854265,36.640496840000026,0.0,0.0032901464582875285,0.0032901464582875285
85.80235978385507,20.245556137022685,0.12820515,0.19410525,0.17414966,-0.20000002,36.640496840000026,0.0,0.0029004722153381764,0.0029004722153381764
85.80244961538348,20.245556137022685,0.14368,0.22690894,0.19684587,-0.19731992,36.640496840000026,0.0,0.01784597817693764,0.01784597817693764
85.8025394469119,20.245556137022685,0.13043481,0.24911816,0.20366067,-0.1640465,36.63366080000003,0.0,0.005943231356870174,0.005943231356870174
85.8026292784403,20.245556137022685,0.15574305,0.22800174,0.19083971,-0.1940999,36.63366080000003,0.0,0.04955802926743081,0.04955802926743081
85.80271910996872,20.245556137022685,0.10797614,0.16465536,0.15672892,-0.1823972,36.63366080000003,0.0,0.0031176101121400132,0.0031176101121400132
85.80280894149713,20.245556137022685,0.35849062,0.013347558,0.04212636,-0.3518654,36.57555446000004,0.0,0.17332104108340704,0.17332104108340704
85.80289877302555,20.245556137022685,0.69261473,-0.1556632,-0.11334689,-0.60538495,36.57555446000004,0.9960784313725491,0.9047249739490867,-0.09135345742346246
85.80146146857095,20.24546630549428,0.2600566,-0.07206556,0.0010844375,-0.28295353,36.66784100000001,0.0,0.07346492777320734,0.07346492777320734
85.80155130009936,20.24546630549428,0.12908056,0.06381923,0.09433963,-0.1660996,36.66784100000001,0.0,0.0011713458074461244,0.0011713458074461244
85.80164113162778,20.24546630549428,0.118210845,0.009901017,0.06520826,-0.17812058,36.66784100000001,0.0,0.0022305971974167925,0.0022305971974167925
85.80173096315619,20.24546630549428,0.09944752,0.044104803,0.0935703,-0.15728256,36.73961942000005,0.0,0.0016971717098841453,0.0016971717098841453
85.8018207946846,20.24546630549428,0.13975649,0.052376762,0.10511833,-0.19777468,36.73961942000005,0.0,0.0018967447644872473,0.0018967447644872473
85.80191062621302,20.24546630549428,0.19629839,0.042424224,0.085103296,-0.2547059,36.73961942000005,0.0,0.047177268708478416,0.047177268708478416
85.80200045774143,20.24546630549428,0.22918405,0.025391921,0.07654322,-0.28650537,36.53453822000006,0.0,0.16987221005639763,0.16987221005639763
85.80209028926984,20.24546630549428,0.13317074,0.052223586,0.10698857,-0.21878278,36.53453822000006,0.0,0.0031027847220731724,0.0031027847220731724
85.80218012079824,20.24546630549428,0.08023199,0.07145825,0.12078021,-0.15593481,36.53453822000006,0.0,0.002219289472180969,0.002219289472180969
85.80226995232665,20.24546630549428,0.08023199,0.07145825,0.12078021,-0.15593481,36.61998872000004,0.0,0.0012177447849111378,0.0012177447849111378
85.80235978385507,20.24546630549428,0.11746526,0.10722368,0.13611145,-0.16990294,36.61998872000004,0.0,0.0018403244068543386,0.0018403244068543386
85.80244961538348,20.24546630549428,0.11024438,0.11502591,0.14326537,-0.20213963,36.61998872000004,0.0,0.005255010979684424,0.005255010979684424
85.8025394469119,20.24546630549428,0.12717389,0.15034826,0.15383613,-0.18819821,36.69176714000002,0.0,0.00278873862227841,0.00278873862227841
85.8026292784403,20.24546630549428,0.15098722,0.17244262,0.16048378,-0.20964296,36.69176714000002,0.0,0.02504444915633341,0.02504444915633341
85.80271910996872,20.24546630549428,0.16233584,0.11564625,0.1268106,-0.21708603,36.69176714000002,0.0,0.013325156016445601,0.013325156016445601
85.80280894149713,20.24546630549428,0.39705515,-0.032269984,0.018065875,-0.38804862,36.67125901999998,0.0,0.37906945282149984,0.37906945282149984
85.80289877302555,20.24546630549428,0.71822035,-0.2258162,-0.1773556,-0.63146245,36.67125901999998,1.0,0.7942952629093682,-0.20570473709063175
85.80146146857095,20.245376473965862,0.34821156,-0.06779664,0.0013391215,-0.35442263,36.66784100000001,0.6274509803921569,0.4781945371925462,-0.14925644319961068
85.80155130009936,20.245376473965862,0.2337278,0.013484757,0.05542762,-0.25112513,36.66784100000001,0.0,0.059726325408592226,0.059726325408592226
85.80164113162778,20.245376473965862,0.26939595,-0.017205765,0.03497351,-0.28708273,36.66784100000001,0.0,0.12514559833430294,0.12514559833430294
85.80173096315619,20.245376473965862,0.31116253,0.02662087,0.060861833,-0.33470708,36.73961942000005,0.596078431372549,0.4065042269992162,-0.18957420437333283
85.8018207946846,20.245376473965862,0.3954058,0.02420218,0.04906832,-0.3919951,36.73961942000005,0.0,0.2801794650315713,0.2801794650315713
85.80191062621302,20.245376473965862,0.38501292,-0.019011414,0.03146375,-0.39623734,36.73961942000005,0.0,0.3451979765133756,0.3451979765133756
85.80200045774143,20.245376473965862,0.35887325,-0.019011414,0.043111235,-0.38223496,36.53453822000006,0.0,0.3806231700327589,0.3806231700327589
85.80209028926984,20.245376473965862,0.21230265,0.07324178,0.10271159,-0.2671408,36.53453822000006,0.0,0.02993815522227701,0.02993815522227701
85.80218012079824,20.245376473965862,0.13699754,0.1073422,0.123058215,-0.1543587,36.53453822000006,0.0,0.010311885506363605,0.010311885506363605
85.80226995232665,20.245376473965862,0.13699754,0.1073422,0.123058215,-0.1543587,36.61998872000004,0.0,0.002243258636157789,0.002243258636157789
85.80235978385507,20.245376473965862,0.20189871,0.1723687,0.15425065,-0.18280908,36.61998872000004,0.0,0.06777801041592804,0.06777801041592804
85.80244961538348,20.245376473965862,0.14190316,0.13454238,0.14564158,-0.18339102,36.61998872000004,0.0,0.03149023314357999,0.03149023314357999
85.8025394469119,20.245376473965862,0.14196192,0.084798165,0.120938204,-0.19045226,36.69176714000002,0.0,0.009962259389680617,0.009962259389680617
85.8026292784403,20.245376473965862,0.20415057,0.05902321,0.11022545,-0.2729592,36.69176714000002,0.0,0.05608652507532684,0.05608652507532684
85.80271910996872,20.245376473965862,0.28262654,0.056360703,0.092145436,-0.31206268,36.69176714000002,0.0,0.18959931589323173,0.18959931589323173
85.80280894149713,20.245376473965862,0.4916512,-0.034939304,0.00027917838,-0.47329843,36.67125901999998,1.0,0.8866849403386993,-0.11331505966130073
85.80289877302555,20.245376473965862,0.73399013,-0.22499622,-0.17724629,-0.62995774,36.67125901999998,0.9058823529411764,0.7704177932548391,-0.1354645596863373
85.80218012079824,20.24528664243745,0.24719101,0.07064367,0.08735833,-0.22103813,36.53453822000006,0.0,0.03584583351655604,0.03584583351655604
85.80226995232665,20.24528664243745,0.24719101,0.07064367,0.08735833,-0.22103813,36.61998872000004,0.0,0.01603390659974421,0.01603390659974421
85.80235978385507,20.24528664243745,0.31680238,0.13346323,0.12030335,-0.23584579,36.61998872000004,0.0,0.14780947462034477,0.14780947462034477
85.80244961538348,20.24528664243745,0.24972336,0.15742351,0.14324786,-0.18296091,36.61998872000004,0.0,0.04427713626792996,0.04427713626792996
85.8025394469119,20.24528664243745,0.23054333,0.09189421,0.11926336,-0.24184942,36.69176714000002,0.0,0.059338376901324985,0.059338376901324985
85.8026292784403,20.24528664243745,0.35359836,-0.016783815,0.040221106,-0.38343072,36.69176714000002,1.0,0.6079891476162125,-0.3920108523837875
85.80271910996872,20.24528664243745,0.5052448,-0.09518762,-0.03929147,-0.49392715,36.69176714000002,1.0,0.8748760230074155,-0.12512397699258448
85.80280894149713,20.24528664243745,0.61238146,-0.15064673,-0.09341449,-0.5724776,36.67125901999998,0.9254901960784314,0.7061522049524759,-0.21933799112595553
85.80226995232665,20.24519681090904,0.33002484,0.043345243,0.064981304,-0.29602766,36.57555446000004,0.0,0.16540787613733385,0.16540787613733385
85.80235978385507,20.24519681090904,0.43517917,0.02737307,0.037686806,-0.36493185,36.57555446000004,0.0,0.3544424982834788,0.3544424982834788
85.80244961538348,20.24519681090904,0.3959688,0.04023247,0.060586326,-0.34355444,36.57555446000004,0.0,0.17557258337699258,0.17557258337699258
85.8025394469119,20.24519681090904,0.20260698,0.08554188,0.087986685,-0.1891286,36.67125901999998,0.0,0.015224636090263824,0.015224636090263824
85.8026292784403,20.24519681090904,0.3430657,-0.011187482,0.017364357,-0.32001027,36.67125901999998,1.0,0.5605925706083641,-0.4394074293916359
85.80271910996872,20.24519681090904,0.6013513,-0.099767946,-0.06296293,-0.56341827,36.67125901999998,0.945098039215686,0.8001738988545185,-0.14492414036116752
85.80235978385507,20.245106979380623,0.40735832,-0.04068627,-0.003843466,-0.36308184,36.57555446000004,0.5372549019607843,0.454295540656106,-0.08295936130467829
85.80244961538348,20.245106979380623,0.49806094,-0.160266,-0.08923172,-0.4471501,36.57555446000004,0.0,0.22091891573959802,0.22091891573959802
85.8025394469119,20.245106979380623,0.29394314,-0.08252328,-0.02147075,-0.2762741,36.67125901999998,0.0,0.07997855093572057,0.07997855093572057
85.8026292784403,20.245106979380623,0.33941907,-0.04375943,-0.0024850152,-0.3327828,36.67125901999998,0.9607843137254902,0.5808373433369952,-0.379946970388495
85.80244961538348,20.245017147852213,0.50931674,-0.107818544,-0.07070364,-0.45683452,36.57555446000004,0.6941176470588236,0.6890654655289128,-0.005052181529910826
85.8025394469119,20.245017147852213,0.5163887,-0.086302795,-0.045702714,-0.46989968,36.67125901999998,0.0,0.5670555876456409,0.5670555876456409
