datetime,rel_humidity,air_temp,wind_speed,solar_rad_J_m2,HI_IMD,heat_hazard_score,heat_hazard_class
2026-03-01 00:00:00,82.45,23.56,3.38,,23.57,0.0,Normal / Safe
2026-03-01 01:00:00,85.91,23.11,3.17,,22.56,0.0,Normal / Safe
2026-03-01 02:00:00,87.97,22.71,2.96,,21.71,0.0,Normal / Safe
2026-03-01 03:00:00,88.29,22.43,2.77,,21.28,0.0,Normal / Safe
2026-03-01 04:00:00,87.29,22.17,2.55,,21.13,0.0,Normal / Safe
2026-03-01 05:00:00,85.43,21.86,2.3,0.0,21.13,0.0,Normal / Safe
2026-03-01 06:00:00,81.93,21.69,2.09,0.0,21.63,0.0,Normal / Safe
2026-03-01 07:00:00,68.75,23.67,2.59,19288.90882352941,24.7,0.0,Normal / Safe
2026-03-01 08:00:00,57.4,25.85,2.54,475604.6617647058,26.69,0.0,Normal / Safe
2026-03-01 09:00:00,45.38,28.72,2.26,1285734.1352941175,28.82,0.0,Normal / Safe
2026-03-01 10:00:00,36.98,31.04,1.71,2073459.4352941173,30.55,2.2,Normal / Safe
2026-03-01 11:00:00,32.32,32.48,1.25,2703850.4117647056,31.69,6.76,Normal / Safe
2026-03-01 12:00:00,29.87,33.48,0.87,3104188.6588235293,32.58,10.32,Normal / Safe
2026-03-01 13:00:00,29.02,34.0,0.55,3214551.294117647,33.12,12.48,Normal / Safe
2026-03-01 14:00:00,29.55,34.04,0.45,3097497.176470588,33.26,13.04,Normal / Safe
2026-03-01 15:00:00,31.42,33.49,0.62,2756996.9176470586,32.85,11.4,Normal / Safe
2026-03-01 16:00:00,34.28,32.64,1.09,1892076.6352941173,32.19,8.76,Normal / Safe
2026-03-01 17:00:00,45.78,30.76,2.07,856903.5294117646,31.48,5.92,Normal / Safe
2026-03-01 18:00:00,52.54,28.82,3.17,401801.9764705882,29.73,0.0,Normal / Safe
2026-03-01 19:00:00,60.17,27.61,3.84,11956.282352941176,28.91,0.0,Normal / Safe
2026-03-01 20:00:00,66.82,26.77,4.26,0.0,28.25,0.0,Normal / Safe
2026-03-01 21:00:00,71.4,26.25,4.36,0.0,27.73,0.0,Normal / Safe
2026-03-01 22:00:00,74.94,25.79,4.13,0.0,27.13,0.0,Normal / Safe
2026-03-01 23:00:00,78.12,25.38,3.85,0.0,26.51,0.0,Normal / Safe
2026-03-02 00:00:00,80.87,24.98,3.54,0.0,25.82,0.0,Normal / Safe
2026-03-02 01:00:00,83.08,24.55,3.16,0.0,25.03,0.0,Normal / Safe
2026-03-02 02:00:00,83.92,24.18,2.83,0.0,24.37,0.0,Normal / Safe
2026-03-02 03:00:00,83.67,23.89,2.55,0.0,23.94,0.0,Normal / Safe
2026-03-02 04:00:00,82.25,23.63,2.32,0.0,23.68,0.0,Normal / Safe
2026-03-02 05:00:00,79.26,23.38,2.13,0.0,23.64,0.0,Normal / Safe
2026-03-02 06:00:00,74.63,23.31,2.03,0.0,23.98,0.0,Normal / Safe
2026-03-02 07:00:00,62.92,25.08,2.81,16938.729411764703,26.07,0.0,Normal / Safe
2026-03-02 08:00:00,52.58,27.09,2.87,298756.3764705882,27.67,0.0,Normal / Safe
2026-03-02 09:00:00,42.49,30.01,2.75,1119772.8117647057,30.0,0.0,Normal / Safe
2026-03-02 10:00:00,37.38,32.13,2.62,1691947.0705882348,32.01,8.04,Normal / Safe
2026-03-02 11:00:00,33.72,33.53,2.51,2486334.564705882,33.31,13.24,Normal / Safe
2026-03-02 12:00:00,30.71,34.5,2.45,3052236.4705882347,34.1,16.4,Normal / Safe
2026-03-02 13:00:00,28.08,35.09,2.39,3179957.6941176467,34.41,17.64,Normal / Safe
2026-03-02 14:00:00,26.21,35.37,2.25,3049951.2705882355,34.44,17.76,Normal / Safe
2026-03-02 15:00:00,25.57,35.23,2.08,2617900.7529411763,34.14,16.56,Normal / Safe
2026-03-02 16:00:00,26.99,34.45,1.82,2001002.9176470584,33.37,13.48,Normal / Safe
2026-03-02 17:00:00,36.5,32.11,1.02,1262625.9529411765,31.84,7.36,Normal / Safe
2026-03-02 18:00:00,46.55,29.23,1.1,466379.3176470588,29.54,0.0,Normal / Safe
2026-03-02 19:00:00,50.61,27.98,1.65,17269.882352941175,28.48,0.0,Normal / Safe
2026-03-02 20:00:00,53.87,26.99,2.1,0.0,27.65,0.0,Normal / Safe
2026-03-02 21:00:00,56.28,26.1,2.19,0.0,26.89,0.0,Normal / Safe
2026-03-02 22:00:00,58.08,25.21,2.04,0.0,26.15,0.0,Normal / Safe
2026-03-02 23:00:00,58.8,24.36,1.81,0.0,25.52,0.0,Normal / Safe
2026-03-03 00:00:00,58.25,23.55,1.71,0.0,25.07,0.0,Normal / Safe
2026-03-03 01:00:00,58.13,22.73,1.96,0.0,24.75,0.0,Normal / Safe
2026-03-03 02:00:00,59.71,21.92,2.42,0.0,24.47,0.0,Normal / Safe
2026-03-03 03:00:00,63.1,21.13,2.8,0.0,24.09,0.0,Normal / Safe
2026-03-03 04:00:00,67.15,20.45,3.01,0.0,23.6,0.0,Normal / Safe
2026-03-03 05:00:00,70.33,19.92,3.06,0.0,23.13,0.0,Normal / Safe
2026-03-03 06:00:00,70.88,19.73,3.09,0.0,23.05,0.0,Normal / Safe
2026-03-03 07:00:00,60.83,21.66,4.03,23175.43823529412,24.35,0.0,Normal / Safe
2026-03-03 08:00:00,50.77,24.25,3.57,501933.2029411764,25.5,0.0,Normal / Safe
2026-03-03 09:00:00,35.68,28.88,3.73,1324966.6058823527,28.14,0.0,Normal / Safe
2026-03-03 10:00:00,28.12,31.4,3.5,2135628.4117647056,29.97,0.0,Normal / Safe
2026-03-03 11:00:00,25.72,32.72,2.92,2779131.588235294,31.15,4.6,Normal / Safe
2026-03-03 12:00:00,24.17,33.53,2.54,3194607.2470588232,31.88,7.52,Normal / Safe
2026-03-03 13:00:00,22.76,34.07,2.3,3348093.4823529413,32.32,9.28,Normal / Safe
2026-03-03 14:00:00,20.91,34.4,2.08,3202761.74117647,32.48,9.92,Normal / Safe
2026-03-03 15:00:00,19.57,34.38,1.82,2784121.4117647056,32.32,9.28,Normal / Safe
2026-03-03 16:00:00,21.01,33.77,1.3,2133259.9294117643,31.81,7.24,Normal / Safe
2026-03-03 17:00:00,33.13,31.49,0.27,1321514.5647058822,30.6,2.4,Normal / Safe
2026-03-03 18:00:00,38.81,29.35,0.37,490008.1647058823,28.86,0.0,Normal / Safe
2026-03-03 19:00:00,44.32,28.04,0.94,19069.88235294117,28.02,0.0,Normal / Safe
2026-03-03 20:00:00,52.73,26.77,1.11,0.0,27.36,0.0,Normal / Safe
2026-03-03 21:00:00,60.41,25.62,1.36,0.0,26.56,0.0,Normal / Safe
2026-03-03 22:00:00,67.34,24.74,1.66,0.0,25.72,0.0,Normal / Safe
2026-03-03 23:00:00,72.85,24.2,1.83,0.0,25.0,0.0,Normal / Safe
2026-03-04 00:00:00,76.2,23.81,1.83,0.0,24.38,0.0,Normal / Safe
2026-03-04 01:00:00,78.43,23.46,1.65,0.0,23.81,0.0,Normal / Safe
2026-03-04 02:00:00,79.12,23.13,1.35,0.0,23.38,0.0,Normal / Safe
2026-03-04 03:00:00,78.52,22.72,1.16,0.0,23.03,0.0,Normal / Safe
2026-03-04 04:00:00,78.65,22.12,1.26,0.0,22.5,0.0,Normal / Safe
2026-03-04 05:00:00,79.6,21.56,1.41,0.0,21.94,0.0,Normal / Safe
2026-03-04 06:00:00,80.66,21.27,1.47,0.0,21.56,0.0,Normal / Safe
2026-03-04 07:00:00,73.25,23.01,2.16,25681.13235294117,23.84,0.0,Normal / Safe
2026-03-04 08:00:00,62.12,25.46,1.73,503555.68529411766,26.43,0.0,Normal / Safe
2026-03-04 09:00:00,46.98,28.42,1.4,1309908.8411764705,28.64,0.0,Normal / Safe
2026-03-04 10:00:00,38.01,30.69,1.37,2138862.0941176466,30.26,1.04,Normal / Safe
2026-03-04 11:00:00,31.29,32.35,1.5,2795904.717647059,31.38,5.52,Normal / Safe
2026-03-04 12:00:00,27.56,33.4,1.66,3201515.176470588,32.15,8.6,Normal / Safe
2026-03-04 13:00:00,25.39,34.03,1.77,3350528.9176470586,32.61,10.44,Normal / Safe
2026-03-04 14:00:00,23.18,34.44,1.77,3204250.0235294118,32.8,11.2,Normal / Safe
2026-03-04 15:00:00,21.5,34.43,1.6,2784630.258823529,32.58,10.32,Normal / Safe
2026-03-04 16:00:00,21.93,33.85,1.24,2134011.1058823527,31.99,7.96,Normal / Safe
2026-03-04 17:00:00,32.88,31.46,0.28,1323317.129411765,30.54,2.16,Normal / Safe
2026-03-04 18:00:00,38.02,29.17,0.48,492382.2823529412,28.6,0.0,Normal / Safe
2026-03-04 19:00:00,42.97,27.66,0.94,19829.01176470588,27.57,0.0,Normal / Safe
2026-03-04 20:00:00,47.11,26.36,1.49,0.0,26.72,0.0,Normal / Safe
2026-03-04 21:00:00,50.09,25.43,2.0,0.0,26.16,0.0,Normal / Safe
2026-03-04 22:00:00,53.6,24.7,2.19,0.4999847412109375,25.75,0.0,Normal / Safe
2026-03-04 23:00:00,56.78,24.11,2.06,-0.4882659912109375,25.39,0.0,Normal / Safe
2026-03-05 00:00:00,59.62,23.4,1.78,0.0,24.95,0.0,Normal / Safe
2026-03-05 01:00:00,61.49,22.6,1.59,0.0,24.52,0.0,Normal / Safe
2026-03-05 02:00:00,61.94,21.89,1.66,0.0,24.3,0.0,Normal / Safe
2026-03-05 03:00:00,62.91,21.21,1.96,0.0,24.12,0.0,Normal / Safe
2026-03-05 04:00:00,65.99,20.47,2.23,0.0,23.75,0.0,Normal / Safe
2026-03-05 05:00:00,70.08,19.78,2.33,0.0,23.18,0.0,Normal / Safe
2026-03-05 06:00:00,73.35,19.45,2.37,0.0,22.6,0.0,Normal / Safe
2026-03-05 07:00:00,66.35,21.35,3.48,27369.41176470588,23.77,0.0,Normal / Safe
2026-03-05 08:00:00,56.39,24.04,3.25,512312.42352941167,25.36,0.0,Normal / Safe
2026-03-05 09:00:00,40.89,27.97,2.93,1318038.0352941174,27.7,0.0,Normal / Safe
2026-03-05 10:00:00,32.45,30.82,2.83,2152376.9411764704,29.78,0.0,Normal / Safe
2026-03-05 11:00:00,30.34,32.28,2.64,2801431.2588235294,31.18,4.72,Normal / Safe
2026-03-05 12:00:00,28.19,33.29,2.55,3229345.4588235286,32.1,8.4,Normal / Safe
2026-03-05 13:00:00,26.39,34.01,2.44,3368774.894117647,32.73,10.92,Normal / Safe
2026-03-05 14:00:00,24.95,34.42,2.28,3218421.811764705,33.02,12.08,Normal / Safe
2026-03-05 15:00:00,23.95,34.43,2.0,2790986.6588235293,32.89,11.56,Normal / Safe
2026-03-05 16:00:00,24.55,33.92,1.46,2137618.682352941,32.37,9.48,Normal / Safe
2026-03-05 17:00:00,36.42,31.62,0.85,1328474.0235294118,31.19,4.76,Normal / Safe
2026-03-05 18:00:00,43.19,28.93,1.19,494889.2705882353,28.83,0.0,Normal / Safe
2026-03-05 19:00:00,47.03,27.76,1.92,20461.55294117647,27.95,0.0,Normal / Safe
2026-03-05 20:00:00,56.48,26.73,2.34,0.0,27.54,0.0,Normal / Safe
2026-03-05 21:00:00,66.92,25.68,2.63,0.0,26.78,0.0,Normal / Safe
2026-03-05 22:00:00,74.91,24.86,2.6,0.5,25.75,0.0,Normal / Safe
2026-03-05 23:00:00,79.68,24.29,2.33,0.3984375,24.79,0.0,Normal / Safe
2026-03-06 00:00:00,82.61,23.9,1.96,-0.46875,24.03,0.0,Normal / Safe
2026-03-06 01:00:00,84.36,23.63,1.63,0.0,23.49,0.0,Normal / Safe
2026-03-06 02:00:00,85.78,23.42,1.31,0.0,23.03,0.0,Normal / Safe
2026-03-06 03:00:00,86.39,23.3,1.06,0.0,22.78,0.0,Normal / Safe
2026-03-06 04:00:00,86.66,23.23,0.89,0.0,22.64,0.0,Normal / Safe
2026-03-06 05:00:00,87.35,23.12,0.78,0.0,22.39,0.0,Normal / Safe
2026-03-06 06:00:00,87.75,23.07,0.75,0.0,22.26,0.0,Normal / Safe
2026-03-06 07:00:00,80.78,24.45,1.09,24691.25,24.97,0.0,Normal / Safe
2026-03-06 08:00:00,65.66,26.7,1.6,341727.34411764704,28.07,0.0,Normal / Safe
2026-03-06 09:00:00,51.44,29.0,1.76,1003403.488235294,29.84,0.0,Normal / Safe
2026-03-06 10:00:00,45.06,30.7,1.77,1845477.4,31.28,5.12,Normal / Safe
2026-03-06 11:00:00,41.9,31.87,2.03,2534729.1294117644,32.43,9.72,Normal / Safe
2026-03-06 12:00:00,39.87,32.6,2.53,3055591.670588235,33.14,12.56,Normal / Safe
2026-03-06 13:00:00,39.17,32.87,3.1,3189571.247058824,33.41,13.64,Normal / Safe
2026-03-06 14:00:00,39.72,32.69,3.67,3088302.964705882,33.24,12.96,Normal / Safe
2026-03-06 15:00:00,42.11,31.92,4.1,2615347.2,32.55,10.2,Normal / Safe
2026-03-06 16:00:00,46.51,30.71,4.42,1924911.364705882,31.53,6.12,Normal / Safe
2026-03-06 17:00:00,55.08,28.89,4.61,1197945.6470588234,30.16,0.64,Normal / Safe
2026-03-06 18:00:00,67.14,26.99,4.58,392404.82352941175,28.61,0.0,Normal / Safe
2026-03-06 19:00:00,75.85,26.0,4.44,17386.447058823527,27.51,0.0,Normal / Safe
2026-03-06 20:00:00,81.55,25.44,3.95,0.0,26.64,0.0,Normal / Safe
2026-03-06 21:00:00,85.11,25.07,3.38,0.0,25.91,0.0,Normal / Safe
2026-03-06 22:00:00,87.27,24.77,2.83,0.22265625,25.26,0.0,Normal / Safe
2026-03-06 23:00:00,88.05,24.62,2.48,-0.8829503676470587,24.93,0.0,Normal / Safe
2026-03-07 00:00:00,88.88,24.39,1.98,0.6602941176470587,24.43,0.0,Normal / Safe
2026-03-07 01:00:00,89.42,24.14,1.67,0.0,23.91,0.0,Normal / Safe
2026-03-07 02:00:00,89.5,23.96,1.44,0.0,23.56,0.0,Normal / Safe
2026-03-07 03:00:00,89.32,23.81,1.31,0.0,23.3,0.0,Normal / Safe
2026-03-07 04:00:00,89.29,23.66,1.27,0.0,23.04,0.0,Normal / Safe
2026-03-07 05:00:00,89.39,23.52,1.3,0.0,22.78,0.0,Normal / Safe
2026-03-07 06:00:00,88.55,23.59,1.4,0.0,22.99,0.0,Normal / Safe
2026-03-07 07:00:00,78.98,25.29,2.49,18533.84411764706,26.36,0.0,Normal / Safe
2026-03-07 08:00:00,70.84,26.75,2.93,275554.1264705882,28.5,0.0,Normal / Safe
2026-03-07 09:00:00,64.88,27.95,3.32,894674.0176470586,29.93,0.0,Normal / Safe
2026-03-07 10:00:00,59.17,29.24,3.75,1519999.8235294116,31.31,5.24,Normal / Safe
2026-03-07 11:00:00,55.02,30.26,4.07,2290875.6,32.33,9.32,Normal / Safe
2026-03-07 12:00:00,52.48,30.88,4.37,2731417.576470588,32.91,11.64,Normal / Safe
2026-03-07 13:00:00,51.57,31.11,4.64,2635629.1294117644,33.12,12.48,Normal / Safe
2026-03-07 14:00:00,52.36,30.9,4.86,2140801.435294118,32.92,11.68,Normal / Safe
2026-03-07 15:00:00,54.1,30.51,4.91,1531938.0470588233,32.59,10.36,Normal / Safe
2026-03-07 16:00:00,57.85,29.61,4.86,991035.082352941,31.72,6.88,Normal / Safe
2026-03-07 17:00:00,64.17,28.29,4.81,791731.3176470587,30.42,1.68,Normal / Safe
2026-03-07 18:00:00,71.3,27.03,4.55,299408.61176470586,29.02,0.0,Normal / Safe
2026-03-07 19:00:00,75.45,26.47,4.29,13320.61176470588,28.32,0.0,Normal / Safe
2026-03-07 20:00:00,77.9,26.16,3.98,0.0,27.88,0.0,Normal / Safe
2026-03-07 21:00:00,79.34,25.93,3.83,0.0,27.51,0.0,Normal / Safe
2026-03-07 22:00:00,80.48,25.71,3.6,0.49609375,27.13,0.0,Normal / Safe
2026-03-07 23:00:00,81.51,25.53,3.58,-0.49609375,26.8,0.0,Normal / Safe
2026-03-08 00:00:00,82.29,25.38,3.49,0.1875,26.53,0.0,Normal / Safe
2026-03-08 01:00:00,83.02,25.25,3.34,0.0625,26.28,0.0,Normal / Safe
2026-03-08 02:00:00,83.76,25.09,3.05,0.0,25.97,0.0,Normal / Safe
2026-03-08 03:00:00,84.59,24.91,2.79,0.0,25.62,0.0,Normal / Safe
2026-03-08 04:00:00,85.01,24.79,2.49,0.0,25.38,0.0,Normal / Safe
2026-03-08 05:00:00,85.66,24.64,2.27,0.0,25.08,0.0,Normal / Safe
2026-03-08 06:00:00,85.27,24.72,2.27,0.0,25.24,0.0,Normal / Safe
2026-03-08 07:00:00,76.96,26.28,3.44,28533.92058823529,28.06,0.0,Normal / Safe
2026-03-08 08:00:00,69.1,27.7,3.81,419013.2676470587,29.99,0.0,Normal / Safe
2026-03-08 09:00:00,63.08,29.06,3.97,1077606.9764705882,31.63,6.52,Normal / Safe
2026-03-08 10:00:00,58.11,30.24,4.16,1771074.5058823526,32.9,11.6,Normal / Safe
2026-03-08 11:00:00,54.3,31.09,4.34,2397870.1058823527,33.68,14.72,Normal / Safe
2026-03-08 12:00:00,51.99,31.56,4.47,2901975.5529411766,34.02,16.08,Normal / Safe
2026-03-08 13:00:00,51.02,31.65,4.55,3038609.74117647,33.96,15.84,Normal / Safe
2026-03-08 14:00:00,51.27,31.42,4.62,2544450.635294117,33.61,14.44,Normal / Safe
2026-03-08 15:00:00,53.43,30.64,4.69,2191429.717647059,32.68,10.72,Normal / Safe
2026-03-08 16:00:00,57.2,29.57,4.78,1704906.2823529409,31.55,6.2,Normal / Safe
2026-03-08 17:00:00,62.75,28.24,4.75,1186236.6352941175,30.15,0.6,Normal / Safe
2026-03-08 18:00:00,69.23,26.95,4.52,408764.5176470588,28.71,0.0,Normal / Safe
2026-03-08 19:00:00,73.52,26.27,4.42,18275.529411764703,27.87,0.0,Normal / Safe
2026-03-08 20:00:00,76.11,25.88,4.24,0.0,27.32,0.0,Normal / Safe
2026-03-08 21:00:00,77.85,25.61,4.02,0.0,26.9,0.0,Normal / Safe
2026-03-08 22:00:00,79.13,25.39,3.82,-1.050643382352941,26.53,0.0,Normal / Safe
2026-03-08 23:00:00,80.14,25.16,3.57,1.0859375,26.14,0.0,Normal / Safe
2026-03-09 00:00:00,81.21,24.91,3.35,0.5,25.7,0.0,Normal / Safe
2026-03-09 01:00:00,82.13,24.7,3.18,0.0,25.32,0.0,Normal / Safe
2026-03-09 02:00:00,82.98,24.51,2.99,0.0,24.97,0.0,Normal / Safe
2026-03-09 03:00:00,83.1,24.42,2.89,0.0,24.81,0.0,Normal / Safe
2026-03-09 04:00:00,82.95,24.4,2.81,0.0,24.79,0.0,Normal / Safe
2026-03-09 05:00:00,83.11,24.38,2.75,0.0,24.75,0.0,Normal / Safe
2026-03-09 06:00:00,82.24,24.56,2.85,0.0,25.08,0.0,Normal / Safe
2026-03-09 07:00:00,75.19,25.98,4.02,22516.523529411763,27.45,0.0,Normal / Safe
2026-03-09 08:00:00,68.72,27.33,4.29,423785.9470588235,29.3,0.0,Normal / Safe
2026-03-09 09:00:00,63.13,28.64,4.47,883168.494117647,30.88,3.52,Normal / Safe
2026-03-09 10:00:00,58.36,29.82,4.74,1520981.1764705882,32.18,8.72,Normal / Safe
2026-03-09 11:00:00,54.53,30.75,4.96,1998833.2470588237,33.1,12.4,Normal / Safe
2026-03-09 12:00:00,52.2,31.3,5.14,2490906.8941176464,33.6,14.4,Normal / Safe
2026-03-09 13:00:00,51.19,31.47,5.29,2665444.823529412,33.68,14.72,Normal / Safe
2026-03-09 14:00:00,51.77,31.23,5.42,2433054.1882352936,33.38,13.52,Normal / Safe
2026-03-09 15:00:00,54.41,30.41,5.38,2359736.188235294,32.48,9.92,Normal / Safe
2026-03-09 16:00:00,58.68,29.26,5.3,1759464.3058823526,31.27,5.08,Normal / Safe
2026-03-09 17:00:00,65.09,27.79,5.16,1154210.4235294117,29.69,0.0,Normal / Safe
2026-03-09 18:00:00,72.44,26.41,4.92,392515.3882352941,28.04,0.0,Normal / Safe
2026-03-09 19:00:00,77.26,25.71,4.8,18959.88235294117,27.06,0.0,Normal / Safe
2026-03-09 20:00:00,80.08,25.35,4.57,0.0,26.47,0.0,Normal / Safe
2026-03-09 21:00:00,81.67,25.12,4.31,0.0,26.05,0.0,Normal / Safe
2026-03-09 22:00:00,82.8,24.91,3.9,-0.00390625,25.66,0.0,Normal / Safe
2026-03-09 23:00:00,83.72,24.67,3.46,0.00390625,25.21,0.0,Normal / Safe
2026-03-10 00:00:00,84.77,24.4,3.01,0.3477941176470587,24.69,0.0,Normal / Safe
2026-03-10 01:00:00,85.53,24.18,2.67,-1.4102941176470587,24.27,0.0,Normal / Safe
2026-03-10 02:00:00,85.89,24.04,2.41,0.0,24.0,0.0,Normal / Safe
2026-03-10 03:00:00,86.48,23.87,2.3,0.0,23.67,0.0,Normal / Safe
2026-03-10 04:00:00,87.96,23.55,2.27,0.0,22.99,0.0,Normal / Safe
2026-03-10 05:00:00,88.88,23.36,2.27,0.0,22.57,0.0,Normal / Safe
2026-03-10 06:00:00,88.22,23.47,2.39,0.0,22.83,0.0,Normal / Safe
2026-03-10 07:00:00,79.74,25.09,3.66,27616.741176470583,26.03,0.0,Normal / Safe
2026-03-10 08:00:00,72.08,26.52,3.95,394092.9058823529,28.2,0.0,Normal / Safe
2026-03-10 09:00:00,64.38,27.97,4.02,1048769.7294117643,29.91,0.0,Normal / Safe
2026-03-10 10:00:00,57.06,29.39,4.15,1561252.9058823527,31.22,4.88,Normal / Safe
2026-03-10 11:00:00,51.22,30.6,4.31,2121733.74117647,32.19,8.76,Normal / Safe
2026-03-10 12:00:00,47.65,31.42,4.47,2763799.9294117647,32.84,11.36,Normal / Safe
2026-03-10 13:00:00,45.85,31.78,4.63,3116270.423529412,33.06,12.24,Normal / Safe
2026-03-10 14:00:00,45.66,31.65,4.78,3094841.6235294114,32.81,11.24,Normal / Safe
2026-03-10 15:00:00,46.75,31.08,4.84,2550475.9294117647,32.13,8.52,Normal / Safe
2026-03-10 16:00:00,49.73,30.0,4.89,1931693.0588235292,31.01,4.04,Normal / Safe
2026-03-10 17:00:00,55.82,28.39,4.87,1196307.6470588234,29.53,0.0,Normal / Safe
2026-03-10 18:00:00,64.52,26.65,4.6,415289.48235294106,27.93,0.0,Normal / Safe
2026-03-10 19:00:00,70.32,25.8,4.46,22759.22352941176,27.02,0.0,Normal / Safe
2026-03-10 20:00:00,73.57,25.39,4.21,0.0,26.5,0.0,Normal / Safe
2026-03-10 21:00:00,75.17,25.19,3.97,0.0,26.21,0.0,Normal / Safe
2026-03-10 22:00:00,76.1,25.03,3.65,-0.5,25.97,0.0,Normal / Safe
2026-03-10 23:00:00,77.01,24.85,3.42,1.0625,25.69,0.0,Normal / Safe
2026-03-11 00:00:00,76.84,24.91,3.51,-1.125,25.79,0.0,Normal / Safe
2026-03-11 01:00:00,76.95,24.85,3.62,0.0,25.7,0.0,Normal / Safe
2026-03-11 02:00:00,77.59,24.7,3.51,0.0,25.46,0.0,Normal / Safe
2026-03-11 03:00:00,78.39,24.49,3.43,0.0,25.13,0.0,Normal / Safe
2026-03-11 04:00:00,79.38,24.26,3.37,0.0,24.76,0.0,Normal / Safe
2026-03-11 05:00:00,80.58,24.02,3.3,0.0,24.35,0.0,Normal / Safe
2026-03-11 06:00:00,80.36,24.1,3.37,0.0,24.48,0.0,Normal / Safe
2026-03-11 07:00:00,71.64,25.92,4.52,38932.03529411764,27.24,0.0,Normal / Safe
2026-03-11 08:00:00,62.07,27.69,4.82,490884.2941176471,29.21,0.0,Normal / Safe
2026-03-11 09:00:00,53.1,29.54,4.7,1208181.164705882,30.84,3.36,Normal / Safe
2026-03-11 10:00:00,46.34,31.31,4.37,1925855.2470588237,32.41,9.64,Normal / Safe
2026-03-11 11:00:00,41.99,32.71,3.94,2601912.8823529407,33.75,15.0,Normal / Safe
2026-03-11 12:00:00,39.09,33.7,3.78,2916872.7294117645,34.7,18.8,Normal / Safe
2026-03-11 13:00:00,37.8,34.18,3.94,3304546.847058824,35.18,20.72,Caution
2026-03-11 14:00:00,37.72,34.17,4.3,3137900.1647058823,35.15,20.6,Caution
2026-03-11 15:00:00,39.14,33.52,4.66,2505490.705882353,34.42,17.68,Normal / Safe
2026-03-11 16:00:00,43.02,32.25,5.08,1930017.0117647056,33.23,12.92,Normal / Safe
2026-03-11 17:00:00,52.47,30.1,5.36,999000.4470588237,31.61,6.44,Normal / Safe
2026-03-11 18:00:00,63.61,27.9,5.28,390834.1647058823,29.7,0.0,Normal / Safe
2026-03-11 19:00:00,69.74,27.02,4.96,19230.188235294117,28.87,0.0,Normal / Safe
2026-03-11 20:00:00,73.33,26.6,4.48,0.0,28.42,0.0,Normal / Safe
2026-03-11 21:00:00,76.64,26.19,4.0,0.0,27.88,0.0,Normal / Safe
2026-03-11 22:00:00,79.5,25.8,3.7,0.5,27.27,0.0,Normal / Safe
2026-03-11 23:00:00,82.29,25.41,3.47,-0.6875,26.58,0.0,Normal / Safe
2026-03-12 00:00:00,84.64,25.03,3.28,0.1602941176470588,25.84,0.0,Normal / Safe
2026-03-12 01:00:00,86.3,24.68,3.04,-0.5352941176470587,25.12,0.0,Normal / Safe
2026-03-12 02:00:00,86.67,24.4,2.77,0.0625,24.58,0.0,Normal / Safe
2026-03-12 03:00:00,86.17,24.12,2.48,1.0,24.12,0.0,Normal / Safe
2026-03-12 04:00:00,85.1,23.85,2.21,0.0,23.76,0.0,Normal / Safe
2026-03-12 05:00:00,83.23,23.58,2.04,0.0,23.52,0.0,Normal / Safe
2026-03-12 06:00:00,79.44,23.58,1.93,0.0,23.86,0.0,Normal / Safe
2026-03-12 07:00:00,66.97,25.64,2.62,43471.95,26.73,0.0,Normal / Safe
2026-03-12 08:00:00,55.17,27.95,2.37,565472.8264705882,28.88,0.0,Normal / Safe
2026-03-12 09:00:00,47.09,30.67,2.23,1376626.8235294116,31.57,6.28,Normal / Safe
2026-03-12 10:00:00,39.19,32.94,2.46,2148275.0705882357,33.52,14.08,Normal / Safe
2026-03-12 11:00:00,31.77,34.62,2.07,2799531.6,34.49,17.96,Normal / Safe
2026-03-12 12:00:00,26.87,35.75,1.32,3205983.658823529,35.08,20.32,Caution
2026-03-12 13:00:00,25.37,36.19,0.64,3350975.0352941174,35.38,21.52,Caution
2026-03-12 14:00:00,25.72,36.14,0.36,3111018.658823529,35.39,21.56,Caution
2026-03-12 15:00:00,26.91,35.68,0.74,2762673.2941176468,35.0,20.0,Caution
2026-03-12 16:00:00,30.16,34.7,1.57,1927683.5294117643,34.28,17.12,Normal / Safe
2026-03-12 17:00:00,41.76,32.35,2.92,1322979.717647059,33.13,12.52,Normal / Safe
2026-03-12 18:00:00,54.16,29.44,4.39,476711.1529411764,30.85,3.4,Normal / Safe
2026-03-12 19:00:00,67.79,27.73,5.23,24920.44705882353,29.9,0.0,Normal / Safe
2026-03-12 20:00:00,77.09,26.77,5.17,0.0,29.01,0.0,Normal / Safe
2026-03-12 21:00:00,81.7,26.35,4.86,1.0,28.46,0.0,Normal / Safe
2026-03-12 22:00:00,84.26,26.02,4.53,-0.5,27.87,0.0,Normal / Safe
2026-03-12 23:00:00,86.39,25.64,4.16,0.3125,27.09,0.0,Normal / Safe
2026-03-13 00:00:00,88.22,25.24,3.67,-0.875,26.22,0.0,Normal / Safe
2026-03-13 01:00:00,89.95,24.8,3.16,0.5,25.22,0.0,Normal / Safe
2026-03-13 02:00:00,90.76,24.51,2.8,1.0,24.56,0.0,Normal / Safe
2026-03-13 03:00:00,90.53,24.34,2.57,0.0625,24.22,0.0,Normal / Safe
2026-03-13 04:00:00,90.29,24.17,2.41,-0.5,23.9,0.0,Normal / Safe
2026-03-13 05:00:00,89.47,24.06,2.3,0.0,23.75,0.0,Normal / Safe
2026-03-13 06:00:00,87.29,24.16,2.28,0.0,24.11,0.0,Normal / Safe
2026-03-13 07:00:00,78.09,25.81,3.18,48931.62647058824,27.25,0.0,Normal / Safe
2026-03-13 08:00:00,66.84,27.66,3.43,597974.75,29.67,0.0,Normal / Safe
2026-03-13 09:00:00,56.42,29.68,3.3,1412974.1647058823,31.6,6.4,Normal / Safe
2026-03-13 10:00:00,47.78,31.6,2.81,2203712.470588235,33.16,12.64,Normal / Safe
2026-03-13 11:00:00,42.34,32.95,2.49,2832856.6117647057,34.22,16.88,Normal / Safe
2026-03-13 12:00:00,39.32,33.79,2.45,3242739.976470588,34.91,19.64,Normal / Safe
2026-03-13 13:00:00,37.26,34.23,2.62,3367453.4588235286,35.13,20.52,Caution
2026-03-13 14:00:00,36.26,34.27,2.98,3222363.976470588,34.96,19.84,Normal / Safe
2026-03-13 15:00:00,37.21,33.75,3.54,2744084.3529411764,34.35,17.4,Normal / Safe
2026-03-13 16:00:00,40.61,32.69,4.15,2112354.752941176,33.43,13.72,Normal / Safe
2026-03-13 17:00:00,50.64,30.53,4.82,1262248.7529411763,31.97,7.88,Normal / Safe
2026-03-13 18:00:00,66.5,28.05,5.45,496600.3764705882,30.3,1.2,Normal / Safe
2026-03-13 19:00:00,78.0,26.83,5.51,24743.976470588237,29.2,0.0,Normal / Safe
2026-03-13 20:00:00,82.99,26.35,5.24,0.0,28.53,0.0,Normal / Safe
2026-03-13 21:00:00,84.88,26.09,5.05,-0.5041819852941175,28.05,0.0,Normal / Safe
2026-03-13 22:00:00,85.85,25.87,4.85,0.4688878676470588,27.59,0.0,Normal / Safe
2026-03-13 23:00:00,87.05,25.59,4.61,-0.2227941176470587,26.99,0.0,Normal / Safe
2026-03-14 00:00:00,88.21,25.32,4.48,0.1875,26.4,0.0,Normal / Safe
2026-03-14 01:00:00,89.23,25.05,4.46,0.3477941176470587,25.79,0.0,Normal / Safe
2026-03-14 02:00:00,90.17,24.81,4.53,-0.7227941176470588,25.23,0.0,Normal / Safe
2026-03-14 03:00:00,90.99,24.58,4.64,0.25,24.7,0.0,Normal / Safe
2026-03-14 04:00:00,91.44,24.4,4.74,0.7227941176470588,24.28,0.0,Normal / Safe
2026-03-14 05:00:00,91.18,24.35,4.91,-1.4375,24.2,0.0,Normal / Safe
2026-03-14 06:00:00,90.75,24.39,4.92,0.0,24.31,0.0,Normal / Safe
2026-03-14 07:00:00,82.47,25.88,5.8,49183.68235294117,27.51,0.0,Normal / Safe
2026-03-14 08:00:00,70.22,27.9,6.23,583464.2647058823,30.5,2.0,Normal / Safe
2026-03-14 09:00:00,59.3,29.81,6.19,1321668.2058823528,32.34,9.36,Normal / Safe
2026-03-14 10:00:00,51.3,31.46,5.97,2131336.388235294,33.68,14.72,Normal / Safe
2026-03-14 11:00:00,45.68,32.74,5.72,2801831.4117647056,34.65,18.6,Normal / Safe
2026-03-14 12:00:00,42.11,33.56,5.54,3223155.647058824,35.2,20.8,Caution
2026-03-14 13:00:00,40.62,33.87,5.49,3353407.599999999,35.36,21.44,Caution
2026-03-14 14:00:00,41.0,33.66,5.59,3214844.7529411763,35.1,20.4,Caution
2026-03-14 15:00:00,43.44,32.88,5.78,2800994.588235294,34.36,17.44,Normal / Safe
2026-03-14 16:00:00,49.04,31.53,6.07,2022543.9529411765,33.31,13.24,Normal / Safe
2026-03-14 17:00:00,59.52,29.49,6.3,1317808.5411764705,31.8,7.2,Normal / Safe
2026-03-14 18:00:00,72.42,27.51,6.04,463973.294117647,30.01,0.04,Normal / Safe
2026-03-14 19:00:00,80.47,26.55,5.77,24465.6,28.8,0.0,Normal / Safe
2026-03-14 20:00:00,84.4,26.11,5.5,1.5390625,28.07,0.0,Normal / Safe
2026-03-14 21:00:00,85.77,25.9,5.34,-0.0390625,27.65,0.0,Normal / Safe
2026-03-14 22:00:00,86.64,25.71,5.17,-1.0,27.25,0.0,Normal / Safe
2026-03-14 23:00:00,87.69,25.48,5.12,-0.5,26.75,0.0,Normal / Safe
2026-03-15 00:00:00,88.75,25.25,5.19,0.0,26.24,0.0,Normal / Safe
2026-03-15 01:00:00,89.77,25.03,5.13,0.7147058823529411,25.73,0.0,Normal / Safe
2026-03-15 02:00:00,90.72,24.83,4.97,0.2227941176470587,25.26,0.0,Normal / Safe
2026-03-15 03:00:00,91.64,24.66,4.95,0.0,24.84,0.0,Normal / Safe
2026-03-15 04:00:00,92.44,24.55,5.02,0.0,24.55,0.0,Normal / Safe
2026-03-15 05:00:00,93.29,24.48,5.15,0.0,24.34,0.0,Normal / Safe
2026-03-15 06:00:00,93.17,24.59,5.46,0.0,24.6,0.0,Normal / Safe
2026-03-15 07:00:00,85.91,25.82,6.51,50717.34999999999,27.48,0.0,Normal / Safe
2026-03-15 08:00:00,72.1,27.73,7.41,570916.8735294117,30.41,1.64,Normal / Safe
2026-03-15 09:00:00,60.52,29.45,7.63,1372822.4235294117,31.91,7.64,Normal / Safe
2026-03-15 10:00:00,52.12,30.93,7.61,2118041.964705882,32.92,11.68,Normal / Safe
2026-03-15 11:00:00,46.55,32.07,7.49,2837885.1058823527,33.69,14.76,Normal / Safe
2026-03-15 12:00:00,43.35,32.8,7.38,3228654.3058823524,34.2,16.8,Normal / Safe
2026-03-15 13:00:00,42.23,33.03,7.36,3196137.364705882,34.33,17.32,Normal / Safe
2026-03-15 14:00:00,42.98,32.74,7.42,3159737.9999999995,34.02,16.08,Normal / Safe
2026-03-15 15:00:00,45.8,31.94,7.54,2655619.458823529,33.31,13.24,Normal / Safe
2026-03-15 16:00:00,51.75,30.52,7.6,1990899.976470588,32.16,8.64,Normal / Safe
2026-03-15 17:00:00,60.51,28.78,7.29,1209861.8352941177,30.74,2.96,Normal / Safe
2026-03-15 18:00:00,69.43,27.39,6.63,413399.2,29.47,0.0,Normal / Safe
2026-03-15 19:00:00,74.51,26.84,6.32,24045.41176470588,28.94,0.0,Normal / Safe
2026-03-15 20:00:00,77.09,26.56,6.4,-0.0352941176470587,28.6,0.0,Normal / Safe
2026-03-15 21:00:00,78.82,26.34,6.56,0.0,28.27,0.0,Normal / Safe
2026-03-15 22:00:00,80.67,26.06,6.63,0.5,27.81,0.0,Normal / Safe
2026-03-15 23:00:00,82.72,25.76,6.52,-0.5,27.27,0.0,Normal / Safe
2026-03-16 00:00:00,85.36,25.44,6.11,0.8477941176470587,26.65,0.0,Normal / Safe
2026-03-16 01:00:00,88.03,25.12,5.63,-0.6522058823529412,25.96,0.0,Normal / Safe
2026-03-16 02:00:00,89.46,24.89,5.26,0.4022058823529412,25.43,0.0,Normal / Safe
2026-03-16 03:00:00,90.41,24.72,5.09,-1.0,25.03,0.0,Normal / Safe
2026-03-16 04:00:00,90.98,24.62,5.05,0.0,24.78,0.0,Normal / Safe
2026-03-16 05:00:00,91.37,24.54,5.02,0.0,24.59,0.0,Normal / Safe
2026-03-16 06:00:00,90.74,24.64,5.15,0.0,24.84,0.0,Normal / Safe
2026-03-16 07:00:00,83.72,25.75,6.12,52309.92058823529,27.28,0.0,Normal / Safe
2026-03-16 08:00:00,71.95,27.48,6.77,528755.7382352941,29.9,0.0,Normal / Safe
2026-03-16 09:00:00,60.84,29.24,6.7,1269329.0823529412,31.58,6.32,Normal / Safe
2026-03-16 10:00:00,53.91,30.39,6.25,2128820.058823529,32.35,9.4,Normal / Safe
2026-03-16 11:00:00,49.35,31.31,5.86,2773498.282352941,33.0,12.0,Normal / Safe
2026-03-16 12:00:00,45.74,32.09,5.54,3003738.588235294,33.55,14.2,Normal / Safe
2026-03-16 13:00:00,44.1,32.3,5.34,2984116.211764706,33.54,14.16,Normal / Safe
2026-03-16 14:00:00,44.54,31.94,5.32,2635178.3529411764,33.05,12.2,Normal / Safe
2026-03-16 15:00:00,47.43,31.07,5.61,2081189.3411764705,32.24,8.96,Normal / Safe
2026-03-16 16:00:00,52.68,29.91,6.05,1904402.0705882355,31.34,5.36,Normal / Safe
2026-03-16 17:00:00,60.3,28.42,6.19,1115316.1411764703,30.13,0.52,Normal / Safe
2026-03-16 18:00:00,68.92,27.0,5.96,343337.0117647059,28.77,0.0,Normal / Safe
2026-03-16 19:00:00,73.95,26.43,5.9,22351.247058823526,28.16,0.0,Normal / Safe
2026-03-16 20:00:00,76.32,26.2,5.98,0.2734375,27.88,0.0,Normal / Safe
2026-03-16 21:00:00,77.4,26.03,6.05,0.421875,27.62,0.0,Normal / Safe
2026-03-16 22:00:00,78.61,25.79,6.01,1.1171875,27.23,0.0,Normal / Safe
2026-03-16 23:00:00,79.63,25.58,5.84,0.1875,26.87,0.0,Normal / Safe
2026-03-17 00:00:00,80.17,25.43,5.62,-1.9022058823529413,26.61,0.0,Normal / Safe
2026-03-17 01:00:00,80.46,25.29,5.33,0.5897058823529412,26.36,0.0,Normal / Safe
2026-03-17 02:00:00,80.84,25.15,5.11,0.0,26.12,0.0,Normal / Safe
2026-03-17 03:00:00,81.15,25.08,5.07,0.25,25.99,0.0,Normal / Safe
2026-03-17 04:00:00,81.98,24.98,4.87,-0.375,25.8,0.0,Normal / Safe
2026-03-17 05:00:00,83.1,24.87,4.6,0.5625,25.58,0.0,Normal / Safe
2026-03-17 06:00:00,83.87,24.89,4.58,-1.5625,25.6,0.0,Normal / Safe
2026-03-17 07:00:00,80.52,25.63,5.23,58271.90588235293,26.98,0.0,Normal / Safe
2026-03-17 08:00:00,74.28,26.63,5.96,608458.5352941175,28.54,0.0,Normal / Safe
2026-03-17 09:00:00,67.32,27.7,6.28,1289924.6764705882,29.79,0.0,Normal / Safe
2026-03-17 10:00:00,61.76,28.66,6.31,2116949.9294117643,30.72,2.88,Normal / Safe
2026-03-17 11:00:00,57.66,29.46,6.18,2777587.705882353,31.44,5.76,Normal / Safe
2026-03-17 12:00:00,54.38,30.19,6.06,3182417.2470588232,32.1,8.4,Normal / Safe
2026-03-17 13:00:00,52.41,30.6,5.98,3079106.894117647,32.42,9.68,Normal / Safe
2026-03-17 14:00:00,52.51,30.55,6.04,2832045.458823529,32.35,9.4,Normal / Safe
2026-03-17 15:00:00,53.75,30.23,6.19,2274426.329411764,32.05,8.2,Normal / Safe
2026-03-17 16:00:00,56.88,29.4,6.21,1598064.6588235295,31.21,4.84,Normal / Safe
2026-03-17 17:00:00,62.65,28.16,5.97,1034489.1294117648,30.01,0.04,Normal / Safe
2026-03-17 18:00:00,69.69,26.92,5.38,396651.6470588235,28.7,0.0,Normal / Safe
2026-03-17 19:00:00,74.34,26.32,5.13,27380.447058823524,27.99,0.0,Normal / Safe
2026-03-17 20:00:00,76.33,26.15,5.2,0.1134191176470588,27.79,0.0,Normal / Safe
2026-03-17 21:00:00,77.24,26.04,5.14,-0.6017003676470587,27.63,0.0,Normal / Safe
2026-03-17 22:00:00,78.08,25.88,4.97,0.7696691176470587,27.38,0.0,Normal / Safe
2026-03-17 23:00:00,78.7,25.64,4.78,-1.18359375,26.96,0.0,Normal / Safe
2026-03-18 00:00:00,79.38,25.34,4.49,1.0625,26.45,0.0,Normal / Safe
2026-03-18 01:00:00,80.41,24.98,4.11,-0.0352941176470587,25.83,0.0,Normal / Safe
2026-03-18 02:00:00,81.59,24.6,3.93,-0.875,25.17,0.0,Normal / Safe
2026-03-18 03:00:00,83.87,24.2,3.72,0.375,24.41,0.0,Normal / Safe
2026-03-18 04:00:00,85.38,23.99,3.79,0.0625,23.96,0.0,Normal / Safe
2026-03-18 05:00:00,86.16,23.92,3.98,-0.4647058823529412,23.78,0.0,Normal / Safe
2026-03-18 06:00:00,86.08,24.04,4.08,0.5,23.99,0.0,Normal / Safe
2026-03-18 07:00:00,77.43,25.59,4.99,61721.75882352941,26.86,0.0,Normal / Safe
2026-03-18 08:00:00,64.15,27.61,5.08,610316.5529411765,29.3,0.0,Normal / Safe
2026-03-18 09:00:00,53.19,29.57,4.7,1406082.4529411762,30.9,3.6,Normal / Safe
2026-03-18 10:00:00,45.0,31.53,3.82,2237527.376470588,32.5,10.0,Normal / Safe
2026-03-18 11:00:00,40.61,32.92,2.77,2791180.847058824,33.79,15.16,Normal / Safe
2026-03-18 12:00:00,38.53,33.74,1.96,3117151.5529411766,34.64,18.56,Normal / Safe
2026-03-18 13:00:00,38.46,33.82,1.61,3298997.7882352937,34.75,19.0,Normal / Safe
2026-03-18 14:00:00,40.38,33.11,1.74,3080142.9882352944,34.04,16.16,Normal / Safe
2026-03-18 15:00:00,43.02,32.23,2.17,2663056.423529412,33.2,12.8,Normal / Safe
2026-03-18 16:00:00,46.11,31.32,2.85,1954121.388235294,32.38,9.52,Normal / Safe
2026-03-18 17:00:00,52.85,29.99,3.18,1045017.176470588,31.5,6.0,Normal / Safe
2026-03-18 18:00:00,58.62,28.56,3.4,335321.0588235294,30.13,0.52,Normal / Safe
2026-03-18 19:00:00,61.17,27.91,3.79,20971.18799115349,29.44,0.0,Normal / Safe
2026-03-18 20:00:00,64.08,27.29,3.87,0.5355382582720587,28.81,0.0,Normal / Safe
2026-03-18 21:00:00,66.7,26.71,3.24,-1.25,28.15,0.0,Normal / Safe
2026-03-18 22:00:00,68.96,26.26,2.21,0.8125,27.63,0.0,Normal / Safe
2026-03-18 23:00:00,71.29,25.88,1.71,0.25,27.16,0.0,Normal / Safe
2026-03-19 00:00:00,73.93,25.57,1.78,-1.0977941176470587,26.77,0.0,Normal / Safe
2026-03-19 01:00:00,76.76,25.34,2.11,0.7227941176470588,26.44,0.0,Normal / Safe
2026-03-19 02:00:00,79.71,25.1,2.42,-0.4375,26.04,0.0,Normal / Safe
2026-03-19 03:00:00,82.58,24.76,2.39,-0.3125,25.41,0.0,Normal / Safe
2026-03-19 04:00:00,84.8,24.35,2.23,0.5,24.6,0.0,Normal / Safe
2026-03-19 05:00:00,86.59,23.99,2.14,-0.75,23.86,0.0,Normal / Safe
2026-03-19 06:00:00,86.18,24.04,2.14,0.5,23.98,0.0,Normal / Safe
2026-03-19 07:00:00,75.65,25.92,3.2,67162.69999999998,27.37,0.0,Normal / Safe
2026-03-19 08:00:00,59.85,27.79,3.6,633618.5117647059,29.13,0.0,Normal / Safe
2026-03-19 09:00:00,47.72,29.75,3.66,1433619.0470588233,30.36,1.44,Normal / Safe
2026-03-19 10:00:00,43.05,31.29,3.6,2131348.364705882,31.79,7.16,Normal / Safe
2026-03-19 11:00:00,40.75,32.39,3.89,2781797.682352941,32.99,11.96,Normal / Safe
2026-03-19 12:00:00,39.82,32.74,4.46,3073082.2588235294,33.34,13.36,Normal / Safe
2026-03-19 13:00:00,40.48,32.47,5.01,3239842.3294117646,33.06,12.24,Normal / Safe
2026-03-19 14:00:00,42.7,31.68,5.38,3183454.847058824,32.3,9.2,Normal / Safe
2026-03-19 15:00:00,46.04,30.76,5.66,2763098.588235294,31.52,6.08,Normal / Safe
2026-03-19 16:00:00,50.85,29.69,5.8,2046509.2470588237,30.72,2.88,Normal / Safe
2026-03-19 17:00:00,57.53,28.44,5.6,1067622.5411764705,29.81,0.0,Normal / Safe
2026-03-19 18:00:00,65.06,27.31,5.14,388112.9176470588,28.92,0.0,Normal / Safe
2026-03-19 19:00:00,70.69,26.74,4.98,27741.73138786764,28.47,0.0,Normal / Safe
2026-03-19 20:00:00,74.77,26.33,4.79,0.76953125,28.03,0.0,Normal / Safe
2026-03-19 21:00:00,76.83,26.04,4.59,-0.734375,27.62,0.0,Normal / Safe
2026-03-19 22:00:00,77.96,25.71,4.29,-0.2734375,27.07,0.0,Normal / Safe
2026-03-19 23:00:00,79.8,25.18,3.75,0.4296875,26.18,0.0,Normal / Safe
2026-03-20 00:00:00,81.33,24.74,3.16,-1.8125,25.41,0.0,Normal / Safe
2026-03-20 01:00:00,83.09,24.28,2.64,0.3125,24.59,0.0,Normal / Safe
2026-03-20 02:00:00,84.24,23.95,2.23,0.375,23.98,0.0,Normal / Safe
2026-03-20 03:00:00,84.01,23.92,1.68,-0.0625,23.95,0.0,Normal / Safe
2026-03-20 04:00:00,85.66,23.58,0.75,0.0,23.28,0.0,Normal / Safe
2026-03-20 05:00:00,86.94,23.28,0.17,0.375,22.68,0.0,Normal / Safe
2026-03-20 06:00:00,85.8,23.49,0.93,1.4375,23.13,0.0,Normal / Safe
2026-03-20 07:00:00,77.99,25.04,1.95,50782.50294117646,25.97,0.0,Normal / Safe
2026-03-20 08:00:00,62.46,27.37,1.89,494466.4382352941,28.78,0.0,Normal / Safe
2026-03-20 09:00:00,49.66,29.6,2.37,1032230.9647058822,30.42,1.68,Normal / Safe
2026-03-20 10:00:00,42.89,31.14,3.14,1561880.129411765,31.55,6.2,Normal / Safe
2026-03-20 11:00:00,39.45,32.13,3.71,2577205.305882353,32.37,9.48,Normal / Safe
2026-03-20 12:00:00,37.92,32.65,4.3,2919873.2470588232,32.84,11.36,Normal / Safe
2026-03-20 13:00:00,37.91,32.68,4.93,3355772.847058824,32.88,11.52,Normal / Safe
2026-03-20 14:00:00,39.87,32.04,5.51,3157649.7882352937,32.31,9.24,Normal / Safe
2026-03-20 15:00:00,44.34,30.74,5.86,2775070.5176470587,31.22,4.88,Normal / Safe
2026-03-20 16:00:00,50.99,29.28,6.07,1489831.3411764705,30.16,0.64,Normal / Safe
2026-03-20 17:00:00,59.23,27.78,5.99,929658.4941176472,29.05,0.0,Normal / Safe
2026-03-20 18:00:00,66.86,26.73,5.61,392823.55294117646,28.19,0.0,Normal / Safe
2026-03-20 19:00:00,71.38,26.35,5.39,22881.776470588236,27.89,0.0,Normal / Safe
2026-03-20 20:00:00,73.71,26.12,5.32,-0.6640625,27.63,0.0,Normal / Safe
2026-03-20 21:00:00,75.0,25.93,5.28,0.37109375,27.36,0.0,Normal / Safe
2026-03-20 22:00:00,76.63,25.65,4.85,0.34765625,26.94,0.0,Normal / Safe
2026-03-20 23:00:00,78.19,25.38,4.55,-0.6563878676470588,26.51,0.0,Normal / Safe
2026-03-21 00:00:00,79.25,25.17,4.3,0.4806066176470588,26.16,0.0,Normal / Safe
2026-03-21 01:00:00,80.11,24.96,3.9,0.2149816176470587,25.8,0.0,Normal / Safe
2026-03-21 02:00:00,81.28,24.71,3.35,0.0779871323529411,25.36,0.0,Normal / Safe
2026-03-21 03:00:00,81.58,24.6,2.84,-0.23828125,25.18,0.0,Normal / Safe
2026-03-21 04:00:00,81.05,24.66,2.5,-0.3907628676470587,25.29,0.0,Normal / Safe
2026-03-21 05:00:00,81.33,24.57,2.09,1.4571691176470587,25.14,0.0,Normal / Safe
2026-03-21 06:00:00,81.38,24.52,1.84,0.0,25.06,0.0,Normal / Safe
2026-03-21 07:00:00,75.74,25.55,2.35,70149.93529411763,26.77,0.0,Normal / Safe
2026-03-21 08:00:00,64.77,27.2,2.24,635679.0647058822,28.73,0.0,Normal / Safe
2026-03-21 09:00:00,54.08,28.88,1.87,1429368.717647059,30.01,0.04,Normal / Safe
2026-03-21 10:00:00,48.52,30.09,1.72,2156005.4117647056,30.95,3.8,Normal / Safe
2026-03-21 11:00:00,44.88,31.06,1.77,2766190.7294117645,31.77,7.08,Normal / Safe
2026-03-21 12:00:00,42.71,31.7,1.76,3076966.329411764,32.33,9.32,Normal / Safe
2026-03-21 13:00:00,41.41,32.01,1.71,3265735.7411764697,32.55,10.2,Normal / Safe
2026-03-21 14:00:00,40.88,31.93,1.81,3115061.0117647056,32.33,9.32,Normal / Safe
2026-03-21 15:00:00,41.54,31.52,2.17,2285210.0470588235,31.86,7.44,Normal / Safe
2026-03-21 16:00:00,44.26,30.71,2.76,1677614.3058823529,31.16,4.64,Normal / Safe
2026-03-21 17:00:00,51.26,29.47,3.22,987904.682352941,30.47,1.88,Normal / Safe
2026-03-21 18:00:00,58.95,28.07,3.47,354839.92941176466,29.44,0.0,Normal / Safe
2026-03-21 19:00:00,64.27,27.22,3.38,25170.0,28.72,0.0,Normal / Safe
2026-03-21 20:00:00,68.14,26.68,2.96,0.0,28.2,0.0,Normal / Safe
2026-03-21 21:00:00,70.7,26.29,2.61,0.0,27.76,0.0,Normal / Safe
2026-03-21 22:00:00,72.49,25.9,2.42,0.0,27.23,0.0,Normal / Safe
2026-03-21 23:00:00,74.47,25.45,2.13,0.0,26.59,0.0,Normal / Safe
2026-03-22 00:00:00,77.61,24.8,1.77,0.0,25.61,0.0,Normal / Safe
2026-03-22 01:00:00,80.87,24.19,1.53,0.0,24.58,0.0,Normal / Safe
2026-03-22 02:00:00,83.01,23.8,1.32,0.0,23.86,0.0,Normal / Safe
2026-03-22 03:00:00,83.6,23.69,1.17,0.0,23.64,0.0,Normal / Safe
2026-03-22 04:00:00,83.34,23.65,0.83,0.0,23.61,0.0,Normal / Safe
2026-03-22 05:00:00,84.94,23.14,0.3,0.0,22.73,0.0,Normal / Safe
2026-03-22 06:00:00,84.12,23.0,0.66,0.0,22.64,0.0,Normal / Safe
2026-03-22 07:00:00,78.31,23.88,1.74,59517.620588235295,24.32,0.0,Normal / Safe
2026-03-22 08:00:00,68.18,25.55,2.12,490661.5382352941,26.64,0.0,Normal / Safe
2026-03-22 09:00:00,58.02,27.24,2.06,1369369.0176470587,28.23,0.0,Normal / Safe
2026-03-22 10:00:00,50.44,28.72,1.55,1798615.1411764706,29.35,0.0,Normal / Safe
2026-03-22 11:00:00,44.92,29.93,0.75,2488373.117647059,30.21,0.84,Normal / Safe
2026-03-22 12:00:00,40.66,30.98,0.44,2852759.9176470586,30.98,3.92,Normal / Safe
2026-03-22 13:00:00,38.25,31.58,1.08,2529339.4117647056,31.41,5.64,Normal / Safe
2026-03-22 14:00:00,36.76,31.8,1.4,2790644.823529412,31.47,5.88,Normal / Safe
2026-03-22 15:00:00,36.07,31.86,1.58,2556615.9058823525,31.45,5.8,Normal / Safe
2026-03-22 16:00:00,36.78,31.48,1.89,2002079.5294117648,31.07,4.28,Normal / Safe
2026-03-22 17:00:00,42.42,30.19,2.35,1159043.082352941,30.21,0.84,Normal / Safe
2026-03-22 18:00:00,55.59,27.59,2.8,496962.68235294113,28.46,0.0,Normal / Safe
2026-03-22 19:00:00,61.45,26.55,2.85,30155.10588235294,27.62,0.0,Normal / Safe
2026-03-22 20:00:00,65.32,25.98,2.68,0.0,27.1,0.0,Normal / Safe
2026-03-22 21:00:00,68.85,25.48,2.53,0.0,26.56,0.0,Normal / Safe
2026-03-22 22:00:00,73.58,24.93,2.36,0.0,25.86,0.0,Normal / Safe
2026-03-22 23:00:00,77.66,24.52,2.21,0.0,25.2,0.0,Normal / Safe
2026-03-23 00:00:00,81.82,23.97,2.01,0.0,24.2,0.0,Normal / Safe
2026-03-23 01:00:00,85.43,23.5,1.88,0.0,23.18,0.0,Normal / Safe
2026-03-23 02:00:00,87.98,23.16,1.81,0.0,22.37,0.0,Normal / Safe
2026-03-23 03:00:00,88.85,22.94,1.74,0.0,21.91,0.0,Normal / Safe
2026-03-23 04:00:00,87.9,22.78,1.61,0.0,21.82,0.0,Normal / Safe
2026-03-23 05:00:00,85.28,22.59,1.46,0.0,21.97,0.0,Normal / Safe
2026-03-23 06:00:00,79.65,22.82,1.35,0.0,22.99,0.0,Normal / Safe
2026-03-23 07:00:00,68.09,24.83,1.81,79900.69117647057,25.81,0.0,Normal / Safe
2026-03-23 08:00:00,55.26,27.33,1.72,626416.7029411765,28.13,0.0,Normal / Safe
2026-03-23 09:00:00,40.9,29.69,1.59,1404653.605882353,29.44,0.0,Normal / Safe
2026-03-23 10:00:00,35.07,31.27,1.43,2225463.458823529,30.58,2.32,Normal / Safe
2026-03-23 11:00:00,33.75,32.37,1.14,2892676.058823529,31.76,7.04,Normal / Safe
2026-03-23 12:00:00,31.8,33.23,1.11,3304473.882352941,32.57,10.28,Normal / Safe
2026-03-23 13:00:00,30.72,33.75,1.32,3247781.364705882,33.08,12.32,Normal / Safe
2026-03-23 14:00:00,30.48,33.91,1.59,2814008.988235294,33.25,13.0,Normal / Safe
2026-03-23 15:00:00,31.26,33.61,1.83,2686606.376470588,32.98,11.92,Normal / Safe
2026-03-23 16:00:00,32.93,32.89,2.4,2010550.5176470587,32.3,9.2,Normal / Safe
2026-03-23 17:00:00,39.8,31.3,3.2,1354087.788235294,31.28,5.12,Normal / Safe
2026-03-23 18:00:00,53.5,28.53,3.78,500634.2117647058,29.46,0.0,Normal / Safe
2026-03-23 19:00:00,61.42,27.35,4.09,34015.17647058823,28.66,0.0,Normal / Safe
2026-03-23 20:00:00,68.41,26.78,4.31,0.0,28.38,0.0,Normal / Safe
2026-03-23 21:00:00,75.01,26.29,4.11,0.0,27.98,0.0,Normal / Safe
2026-03-23 22:00:00,79.9,25.83,3.64,0.0,27.34,0.0,Normal / Safe
2026-03-23 23:00:00,82.86,25.47,3.2,0.0,26.7,0.0,Normal / Safe
2026-03-24 00:00:00,85.15,25.08,2.78,0.0,25.93,0.0,Normal / Safe
2026-03-24 01:00:00,87.5,24.66,2.44,0.0,25.03,0.0,Normal / Safe
2026-03-24 02:00:00,89.67,24.28,2.21,0.0,24.16,0.0,Normal / Safe
2026-03-24 03:00:00,91.39,24.0,2.0,0.0,23.47,0.0,Normal / Safe
2026-03-24 04:00:00,92.58,23.82,1.81,0.0,22.99,0.0,Normal / Safe
2026-03-24 05:00:00,93.68,23.65,1.71,0.0,22.52,0.0,Normal / Safe
2026-03-24 06:00:00,92.38,23.96,1.77,0.0,23.29,0.0,Normal / Safe
2026-03-24 07:00:00,81.93,25.87,2.68,79530.91176470587,27.47,0.0,Normal / Safe
2026-03-24 08:00:00,69.31,27.77,2.84,623609.9352941175,30.14,0.56,Normal / Safe
2026-03-24 09:00:00,56.97,29.74,2.87,1339272.870588235,31.79,7.16,Normal / Safe
2026-03-24 10:00:00,48.19,31.44,2.89,2099539.2,32.98,11.92,Normal / Safe
2026-03-24 11:00:00,43.06,32.68,2.83,2876711.6588235293,33.94,15.76,Normal / Safe
2026-03-24 12:00:00,40.41,33.47,2.85,3278308.435294117,34.64,18.56,Normal / Safe
2026-03-24 13:00:00,39.01,33.86,3.14,3394725.223529412,34.95,19.8,Normal / Safe
2026-03-24 14:00:00,38.95,33.8,3.74,3210397.74117647,34.83,19.32,Normal / Safe
2026-03-24 15:00:00,40.61,33.15,4.38,2701801.6705882354,34.16,16.64,Normal / Safe
2026-03-24 16:00:00,44.79,31.96,5.09,1845051.082352941,33.13,12.52,Normal / Safe
2026-03-24 17:00:00,52.98,30.13,5.68,1062563.4352941175,31.75,7.0,Normal / Safe
2026-03-24 18:00:00,64.56,28.15,5.8,426843.9294117646,30.23,0.92,Normal / Safe
2026-03-24 19:00:00,73.17,27.05,5.65,28735.529411764703,29.22,0.0,Normal / Safe
2026-03-24 20:00:00,76.97,26.62,5.31,0.0,28.7,0.0,Normal / Safe
2026-03-24 21:00:00,78.29,26.45,4.95,0.0,28.46,0.0,Normal / Safe
2026-03-24 22:00:00,79.13,26.26,4.71,0.0,28.13,0.0,Normal / Safe
2026-03-24 23:00:00,80.22,26.0,4.33,0.0,27.67,0.0,Normal / Safe
2026-03-25 00:00:00,81.46,25.7,4.04,0.0,27.13,0.0,Normal / Safe
2026-03-25 01:00:00,82.62,25.42,3.91,0.0,26.6,0.0,Normal / Safe
2026-03-25 02:00:00,83.8,25.13,3.79,0.0,26.05,0.0,Normal / Safe
2026-03-25 03:00:00,84.68,24.91,3.74,0.0,25.61,0.0,Normal / Safe
2026-03-25 04:00:00,85.05,24.84,3.78,0.0,25.47,0.0,Normal / Safe
2026-03-25 05:00:00,85.73,24.72,3.69,0.0,25.22,0.0,Normal / Safe
2026-03-25 06:00:00,85.3,24.85,3.74,0.0,25.48,0.0,Normal / Safe
2026-03-25 07:00:00,76.82,26.48,4.72,92298.31470588237,28.42,0.0,Normal / Safe
2026-03-25 08:00:00,65.61,28.46,4.96,710865.6029411764,30.92,3.68,Normal / Safe
2026-03-25 09:00:00,55.17,30.47,4.91,1542566.8117647057,32.73,10.92,Normal / Safe
2026-03-25 10:00:00,47.61,32.3,4.6,2325811.458823529,34.34,17.36,Normal / Safe
2026-03-25 11:00:00,43.21,33.64,4.15,2924136.070588235,35.63,22.52,Caution
2026-03-25 12:00:00,40.56,34.5,3.87,3294781.011764705,36.46,25.84,Caution
2026-03-25 13:00:00,39.23,34.91,3.87,3343580.6117647057,36.82,27.28,Caution
2026-03-25 14:00:00,39.38,34.76,4.13,2953220.2588235294,36.6,26.4,Caution
2026-03-25 15:00:00,41.44,33.99,4.7,2784791.082352941,35.79,23.16,Caution
2026-03-25 16:00:00,46.74,32.54,5.46,1618434.8235294118,34.55,18.2,Normal / Safe
2026-03-25 17:00:00,55.97,30.61,6.05,908748.0,33.15,12.6,Normal / Safe
2026-03-25 18:00:00,66.57,28.87,6.1,345916.3294117647,31.85,7.4,Normal / Safe
2026-03-25 19:00:00,73.21,28.0,5.83,22045.62352941176,31.1,4.4,Normal / Safe
2026-03-25 20:00:00,76.0,27.69,5.35,0.0,30.81,3.24,Normal / Safe
2026-03-25 21:00:00,78.22,27.44,4.8,0.0,30.53,2.12,Normal / Safe
2026-03-25 22:00:00,80.58,27.13,4.27,0.0,30.09,0.36,Normal / Safe
2026-03-25 23:00:00,82.49,26.81,3.81,0.0,29.53,0.0,Normal / Safe
2026-03-26 00:00:00,84.16,26.5,3.43,0.0,28.94,0.0,Normal / Safe
2026-03-26 01:00:00,85.42,26.21,3.11,0.0,28.35,0.0,Normal / Safe
2026-03-26 02:00:00,86.29,25.95,2.75,0.0,27.78,0.0,Normal / Safe
2026-03-26 03:00:00,86.84,25.74,2.53,0.0,27.32,0.0,Normal / Safe
2026-03-26 04:00:00,87.33,25.56,2.38,0.0,26.93,0.0,Normal / Safe
2026-03-26 05:00:00,88.37,25.3,2.15,0.0,26.35,0.0,Normal / Safe
2026-03-26 06:00:00,87.23,25.46,2.06,0.0,26.7,0.0,Normal / Safe
2026-03-26 07:00:00,77.8,27.08,2.47,92313.17058823528,29.7,0.0,Normal / Safe
2026-03-26 08:00:00,63.52,29.34,1.9,683966.6705882353,32.24,8.96,Normal / Safe
2026-03-26 09:00:00,49.61,31.85,0.87,1441301.4294117645,34.0,16.0,Normal / Safe
2026-03-26 10:00:00,42.48,33.63,0.74,2252021.152941176,35.42,21.68,Caution
2026-03-26 11:00:00,38.35,34.93,0.99,2879165.74117647,36.61,26.44,Caution
2026-03-26 12:00:00,34.66,36.0,1.26,3279420.423529411,37.43,29.72,Caution
2026-03-26 13:00:00,32.21,36.71,1.37,3403758.0941176466,37.92,31.68,Caution
2026-03-26 14:00:00,31.29,36.93,1.39,3117057.7882352937,38.02,32.08,Caution
2026-03-26 15:00:00,31.73,36.57,1.31,2544723.3176470585,37.54,30.16,Caution
2026-03-26 16:00:00,33.41,35.74,1.06,1886983.0823529407,36.63,26.52,Caution
2026-03-26 17:00:00,40.88,34.08,0.44,1164999.1529411762,35.8,23.2,Caution
2026-03-26 18:00:00,47.72,32.08,1.12,390494.0470588235,33.97,15.88,Normal / Safe
2026-03-26 19:00:00,52.43,30.71,1.52,32803.83529411764,32.61,10.44,Normal / Safe
2026-03-26 20:00:00,58.32,29.55,1.72,0.0,31.7,6.8,Normal / Safe
2026-03-26 21:00:00,63.64,28.63,1.84,0.0,30.94,3.76,Normal / Safe
2026-03-26 22:00:00,67.95,27.96,2.02,0.0,30.33,1.32,Normal / Safe
2026-03-26 23:00:00,73.09,27.38,2.26,0.0,29.83,0.0,Normal / Safe
2026-03-27 00:00:00,77.38,26.88,2.35,0.0,29.25,0.0,Normal / Safe
2026-03-27 01:00:00,80.0,26.5,2.13,0.0,28.67,0.0,Normal / Safe
2026-03-27 02:00:00,81.54,26.13,1.7,0.0,27.99,0.0,Normal / Safe
2026-03-27 03:00:00,82.8,25.72,1.44,0.0,27.19,0.0,Normal / Safe
2026-03-27 04:00:00,83.43,25.45,1.33,0.0,26.67,0.0,Normal / Safe
2026-03-27 05:00:00,83.93,25.22,1.24,0.0,26.22,0.0,Normal / Safe
2026-03-27 06:00:00,83.33,25.34,1.2,0.0,26.45,0.0,Normal / Safe
2026-03-27 07:00:00,75.99,26.83,1.75,101621.8588235294,29.04,0.0,Normal / Safe
2026-03-27 08:00:00,62.84,29.04,2.02,727527.4705882353,31.55,6.2,Normal / Safe
2026-03-27 09:00:00,47.39,31.81,1.89,1559715.082352941,33.43,13.72,Normal / Safe
2026-03-27 10:00:00,39.03,33.69,1.53,2340123.905882353,34.67,18.68,Normal / Safe
2026-03-27 11:00:00,34.41,35.08,1.29,2949030.670588235,35.81,23.24,Caution
2026-03-27 12:00:00,31.61,36.03,1.16,3342110.5176470587,36.62,26.48,Caution
2026-03-27 13:00:00,30.39,36.57,1.21,3462878.494117647,37.16,28.64,Caution
2026-03-27 14:00:00,30.03,36.7,1.45,3279496.823529412,37.27,29.08,Caution
2026-03-27 15:00:00,30.6,36.28,2.01,2544515.3411764703,36.75,27.0,Caution
2026-03-27 16:00:00,33.52,35.26,3.06,1864306.0235294115,35.88,23.52,Caution
2026-03-27 17:00:00,41.51,33.16,4.34,1064274.470588235,34.38,17.52,Normal / Safe
2026-03-27 18:00:00,54.8,30.41,5.57,436915.57647058816,32.55,10.2,Normal / Safe
2026-03-27 19:00:00,67.07,28.82,5.97,32064.305882352943,31.84,7.36,Normal / Safe
2026-03-27 20:00:00,73.43,28.17,5.57,0.0,31.5,6.0,Normal / Safe
2026-03-27 21:00:00,76.96,27.83,4.98,0.0,31.25,5.0,Normal / Safe
2026-03-27 22:00:00,79.13,27.54,4.56,0.0,30.87,3.48,Normal / Safe
2026-03-27 23:00:00,80.99,27.2,4.38,0.0,30.29,1.16,Normal / Safe
2026-03-28 00:00:00,82.44,26.89,4.27,0.0,29.71,0.0,Normal / Safe
2026-03-28 01:00:00,82.9,26.72,4.3,0.0,29.36,0.0,Normal / Safe
2026-03-28 02:00:00,82.83,26.67,4.56,0.0,29.24,0.0,Normal / Safe
2026-03-28 03:00:00,82.75,26.67,4.77,0.0,29.23,0.0,Normal / Safe
2026-03-28 04:00:00,83.37,26.57,4.76,0.0,29.05,0.0,Normal / Safe
2026-03-28 05:00:00,84.66,26.39,4.63,0.0,28.72,0.0,Normal / Safe
2026-03-28 06:00:00,84.78,26.5,4.68,0.0,28.99,0.0,Normal / Safe
2026-03-28 07:00:00,76.83,27.9,5.56,105374.71470588236,31.39,5.56,Normal / Safe
2026-03-28 08:00:00,65.05,29.73,6.02,729294.6852941175,33.32,13.28,Normal / Safe
2026-03-28 09:00:00,53.84,31.68,6.18,1416935.6705882351,34.7,18.8,Normal / Safe
2026-03-28 10:00:00,44.87,33.56,6.05,2246416.458823529,35.93,23.72,Caution
2026-03-28 11:00:00,38.66,35.06,5.38,2847848.0,36.93,27.72,Caution
2026-03-28 12:00:00,34.6,36.07,4.63,3294039.576470588,37.53,30.12,Caution
2026-03-28 13:00:00,32.48,36.53,4.23,3339773.647058823,37.69,30.76,Caution
2026-03-28 14:00:00,32.12,36.36,4.37,3240009.976470588,37.3,29.2,Caution
2026-03-28 15:00:00,33.78,35.67,4.97,2517814.9411764704,36.62,26.48,Caution
2026-03-28 16:00:00,38.54,34.26,5.48,1846677.6235294116,35.5,22.0,Caution
2026-03-28 17:00:00,47.93,32.23,5.64,1088792.0705882353,34.29,17.16,Normal / Safe
2026-03-28 18:00:00,62.13,29.84,5.5,387197.0823529412,32.95,11.8,Normal / Safe
2026-03-28 19:00:00,70.83,28.61,5.19,28165.41176470588,32.03,8.12,Normal / Safe
2026-03-28 20:00:00,76.4,28.03,4.87,0.0,31.63,6.52,Normal / Safe
2026-03-28 21:00:00,80.69,27.59,4.43,0.0,31.19,4.76,Normal / Safe
2026-03-28 22:00:00,83.3,27.29,4.09,0.0,30.77,3.08,Normal / Safe
2026-03-28 23:00:00,85.45,27.02,3.99,0.0,30.32,1.28,Normal / Safe
2026-03-29 00:00:00,87.33,26.77,3.96,0.0,29.85,0.0,Normal / Safe
2026-03-29 01:00:00,88.96,26.56,3.96,0.0,29.43,0.0,Normal / Safe
2026-03-29 02:00:00,90.47,26.37,4.0,0.0,29.03,0.0,Normal / Safe
2026-03-29 03:00:00,91.61,26.22,4.13,0.0,28.69,0.0,Normal / Safe
2026-03-29 04:00:00,92.29,26.11,4.24,0.0,28.42,0.0,Normal / Safe
2026-03-29 05:00:00,92.6,26.03,4.22,0.0,28.22,0.0,Normal / Safe
2026-03-29 06:00:00,90.95,26.29,4.53,0.0,28.84,0.0,Normal / Safe
2026-03-29 07:00:00,80.2,28.0,5.69,107830.80294117647,32.13,8.52,Normal / Safe
2026-03-29 08:00:00,65.32,30.19,6.26,698431.4558823529,34.37,17.48,Normal / Safe
2026-03-29 09:00:00,53.48,32.28,6.05,1448243.6588235293,35.8,23.2,Caution
2026-03-29 10:00:00,45.28,34.13,5.45,2104073.2235294115,37.15,28.6,Caution
2026-03-29 11:00:00,39.47,35.6,4.82,2931058.3411764703,38.18,32.72,Caution
2026-03-29 12:00:00,35.72,36.6,4.35,3254309.152941176,38.84,35.36,Caution
2026-03-29 13:00:00,33.93,37.05,4.22,3409594.470588235,39.07,36.28,Caution
2026-03-29 14:00:00,34.07,36.93,4.43,3278479.6705882344,38.9,35.6,Caution
2026-03-29 15:00:00,35.87,36.23,4.86,2808303.552941176,38.21,32.84,Caution
2026-03-29 16:00:00,40.48,34.83,5.43,1921716.5411764705,37.04,28.16,Caution
2026-03-29 17:00:00,50.68,32.58,5.73,1200679.5529411763,35.64,22.56,Caution
2026-03-29 18:00:00,65.75,29.9,5.68,442413.8823529411,33.83,15.32,Normal / Safe
2026-03-29 19:00:00,75.62,28.59,5.58,34330.7294117647,32.81,11.24,Normal / Safe
2026-03-29 20:00:00,82.17,27.84,5.11,0.0,32.02,8.08,Normal / Safe
2026-03-29 21:00:00,84.63,27.52,4.66,0.0,31.53,6.12,Normal / Safe
2026-03-29 22:00:00,86.48,27.29,4.22,0.0,31.14,4.56,Normal / Safe
2026-03-29 23:00:00,88.32,27.03,3.98,0.0,30.64,2.56,Normal / Safe
2026-03-30 00:00:00,89.8,26.79,3.92,0.0,30.12,0.48,Normal / Safe
2026-03-30 01:00:00,91.01,26.57,3.9,0.0,29.61,0.0,Normal / Safe
2026-03-30 02:00:00,91.97,26.39,3.91,0.0,29.18,0.0,Normal / Safe
2026-03-30 03:00:00,92.93,26.2,3.9,0.0,28.7,0.0,Normal / Safe
2026-03-30 04:00:00,93.84,26.03,3.85,0.0,28.27,0.0,Normal / Safe
2026-03-30 05:00:00,94.59,25.9,3.73,0.0,27.93,0.0,Normal / Safe
2026-03-30 06:00:00,93.25,26.16,4.03,0.0,28.61,0.0,Normal / Safe
2026-03-30 07:00:00,83.82,27.64,5.08,97818.6176470588,31.73,6.92,Normal / Safe
2026-03-30 08:00:00,70.68,29.63,5.59,671181.694117647,34.3,17.2,Normal / Safe
2026-03-30 09:00:00,58.79,31.63,5.8,1439521.7352941176,35.89,23.56,Caution
2026-03-30 10:00:00,50.77,33.26,5.9,2057234.1647058823,37.05,28.2,Caution
2026-03-30 11:00:00,45.1,34.51,5.97,2835448.74117647,37.85,31.4,Caution
2026-03-30 12:00:00,42.11,35.23,6.05,3227397.5176470582,38.32,33.28,Caution
2026-03-30 13:00:00,40.87,35.44,6.22,3383918.9411764704,38.33,33.32,Caution
2026-03-30 14:00:00,41.18,35.18,6.45,3208847.74117647,37.92,31.68,Caution
2026-03-30 15:00:00,43.34,34.36,6.73,2789583.4352941173,37.01,28.04,Caution
2026-03-30 16:00:00,48.11,33.01,6.99,2164325.364705882,35.78,23.12,Caution
2026-03-30 17:00:00,55.86,31.24,6.93,1285937.294117647,34.33,17.32,Normal / Safe
2026-03-30 18:00:00,65.86,29.5,6.48,514103.9764705882,33.0,12.0,Normal / Safe
2026-03-30 19:00:00,72.98,28.6,6.22,37497.50588235294,32.37,9.48,Normal / Safe
2026-03-30 20:00:00,76.32,28.21,6.24,0.0,32.03,8.12,Normal / Safe
2026-03-30 21:00:00,77.8,28.02,6.19,0.0,31.81,7.24,Normal / Safe
2026-03-30 22:00:00,78.71,27.83,6.01,0.0,31.49,5.96,Normal / Safe
2026-03-30 23:00:00,79.74,27.57,5.79,0.0,31.02,4.08,Normal / Safe
2026-03-31 00:00:00,81.31,27.28,5.41,0.0,30.52,2.08,Normal / Safe
2026-03-31 01:00:00,83.16,26.99,5.02,0.0,30.02,0.08,Normal / Safe
2026-03-31 02:00:00,84.69,26.75,4.75,0.0,29.58,0.0,Normal / Safe
2026-03-31 03:00:00,86.31,26.47,4.23,0.0,29.02,0.0,Normal / Safe
2026-03-31 04:00:00,87.49,26.23,3.74,0.0,28.5,0.0,Normal / Safe
2026-03-31 05:00:00,88.48,26.02,3.36,0.0,28.03,0.0,Normal / Safe
2026-03-31 06:00:00,87.24,26.23,3.47,0.0,28.49,0.0,Normal / Safe
2026-03-31 07:00:00,78.22,27.73,4.25,102130.23235294118,31.19,4.76,Normal / Safe
2026-03-31 08:00:00,65.53,29.77,4.24,710929.6088235293,33.5,14.0,Normal / Safe
2026-03-31 09:00:00,54.41,31.82,3.78,1564013.994117647,35.12,20.48,Caution
2026-03-31 10:00:00,46.48,33.56,3.16,2341003.9294117647,36.39,25.56,Caution
2026-03-31 11:00:00,42.13,34.84,2.63,2778084.7176470584,37.56,30.24,Caution
2026-03-31 12:00:00,39.47,35.63,2.49,3306279.3058823524,38.24,32.96,Caution
2026-03-31 13:00:00,38.03,35.94,2.73,3065828.282352941,38.36,33.44,Caution
2026-03-31 14:00:00,38.49,35.6,3.16,2934508.3529411764,37.87,31.48,Caution
2026-03-31 15:00:00,40.24,34.86,3.43,2425125.1294117644,37.03,28.12,Caution
2026-03-31 16:00:00,43.13,33.78,3.64,1749473.129411765,35.86,23.44,Caution
2026-03-31 17:00:00,47.99,32.36,3.91,1220721.9764705882,34.53,18.12,Normal / Safe
2026-03-31 18:00:00,56.81,30.56,4.42,485665.81176470587,33.23,12.92,Normal / Safe
2026-03-31 19:00:00,65.92,29.15,4.7,37141.43529411764,32.3,9.2,Normal / Safe
2026-03-31 20:00:00,71.87,28.3,4.65,0.0,31.54,6.16,Normal / Safe
2026-03-31 21:00:00,75.13,27.84,4.53,0.0,31.02,4.08,Normal / Safe
2026-03-31 22:00:00,77.24,27.6,4.34,0.0,30.77,3.08,Normal / Safe
2026-03-31 23:00:00,78.68,27.43,4.19,0.0,30.56,2.24,Normal / Safe
2026-04-01 00:00:00,79.54,27.28,4.07,0.0,30.32,1.28,Normal / Safe
2026-04-01 01:00:00,80.39,27.06,3.9,0.0,29.91,0.0,Normal / Safe
2026-04-01 02:00:00,81.27,26.81,3.76,0.0,29.43,0.0,Normal / Safe
2026-04-01 03:00:00,82.1,26.56,3.65,0.0,28.94,0.0,Normal / Safe
2026-04-01 04:00:00,82.59,26.37,3.56,0.0,28.55,0.0,Normal / Safe
2026-04-01 05:00:00,83.26,26.17,3.38,0.0,28.15,0.0,Normal / Safe
2026-04-01 06:00:00,82.24,26.35,3.56,0.0,28.49,0.0,Normal / Safe
2026-04-01 07:00:00,74.25,27.74,4.27,126565.09411764704,30.7,2.8,Normal / Safe
2026-04-01 08:00:00,63.15,29.57,4.33,770583.8647058824,32.62,10.48,Normal / Safe
2026-04-01 09:00:00,52.42,31.6,4.01,1599209.8529411764,34.2,16.8,Normal / Safe
2026-04-01 10:00:00,45.28,33.36,3.3,2364250.823529412,35.67,22.68,Caution
2026-04-01 11:00:00,41.48,34.61,2.6,2959745.9411764704,36.93,27.72,Caution
2026-04-01 12:00:00,39.26,35.44,2.35,3321540.635294117,37.81,31.24,Caution
2026-04-01 13:00:00,37.55,35.88,2.56,3426506.282352941,38.1,32.4,Caution
2026-04-01 14:00:00,37.0,35.83,2.91,3227992.6588235293,37.83,31.32,Caution
2026-04-01 15:00:00,37.66,35.35,3.22,2670567.0352941174,37.16,28.64,Caution
2026-04-01 16:00:00,39.49,34.48,3.5,1962330.8941176464,36.13,24.52,Caution
2026-04-01 17:00:00,43.39,33.06,3.93,1190693.9529411762,34.65,18.6,Normal / Safe
2026-04-01 18:00:00,52.59,30.8,4.32,309491.27058823523,32.79,11.16,Normal / Safe
2026-04-01 19:00:00,61.33,29.29,4.82,31489.22352941176,31.76,7.04,Normal / Safe
2026-04-01 20:00:00,67.78,28.4,4.72,0.0,31.13,4.52,Normal / Safe
2026-04-01 21:00:00,71.55,27.92,4.46,0.0,30.71,2.84,Normal / Safe
2026-04-01 22:00:00,73.9,27.6,4.25,0.0,30.36,1.44,Normal / Safe
2026-04-01 23:00:00,75.46,27.33,4.15,0.0,29.99,0.0,Normal / Safe
2026-04-02 00:00:00,76.86,27.04,3.97,0.0,29.53,0.0,Normal / Safe
2026-04-02 01:00:00,77.7,26.76,3.74,0.0,29.03,0.0,Normal / Safe
2026-04-02 02:00:00,78.45,26.46,3.47,0.0,28.49,0.0,Normal / Safe
2026-04-02 03:00:00,79.55,26.15,3.38,0.0,27.94,0.0,Normal / Safe
2026-04-02 04:00:00,80.66,25.93,3.41,0.0,27.55,0.0,Normal / Safe
2026-04-02 05:00:00,82.0,25.7,3.37,0.0,27.14,0.0,Normal / Safe
2026-04-02 06:00:00,80.24,26.1,3.81,0.0,27.87,0.0,Normal / Safe
2026-04-02 07:00:00,70.07,28.03,4.87,133975.75294117647,30.73,2.92,Normal / Safe
2026-04-02 08:00:00,57.58,30.33,5.16,794737.8941176469,32.96,11.84,Normal / Safe
2026-04-02 09:00:00,46.93,32.63,4.93,1625598.0352941174,34.76,19.04,Normal / Safe
2026-04-02 10:00:00,40.19,34.53,4.4,2396861.282352941,36.41,25.64,Caution
2026-04-02 11:00:00,36.22,35.86,3.92,3000830.5411764705,37.65,30.6,Caution
2026-04-02 12:00:00,33.72,36.69,3.7,3370748.6588235293,38.35,33.4,Caution
2026-04-02 13:00:00,32.41,37.03,3.77,3473603.858823529,38.54,34.16,Caution
2026-04-02 14:00:00,32.17,36.9,4.11,3319153.976470588,38.24,32.96,Caution
2026-04-02 15:00:00,33.38,36.23,4.52,2867223.2941176468,37.45,29.8,Caution
2026-04-02 16:00:00,36.22,35.03,4.94,2200781.2,36.2,24.8,Caution
2026-04-02 17:00:00,42.06,33.14,5.34,1354161.8588235294,34.47,17.88,Normal / Safe
2026-04-02 18:00:00,53.02,30.66,5.41,515405.2,32.64,10.56,Normal / Safe
2026-04-02 19:00:00,63.27,29.1,5.37,41947.67058823529,31.74,6.96,Normal / Safe
2026-04-02 20:00:00,69.33,28.42,5.04,0.0,31.4,5.6,Normal / Safe
2026-04-02 21:00:00,72.41,28.09,4.56,0.0,31.18,4.72,Normal / Safe
2026-04-02 22:00:00,74.11,27.82,4.16,0.0,30.85,3.4,Normal / Safe
2026-04-02 23:00:00,75.06,27.52,3.89,0.0,30.34,1.36,Normal / Safe
2026-04-03 00:00:00,75.82,27.19,3.66,0.0,29.74,0.0,Normal / Safe
2026-04-03 01:00:00,76.72,26.86,3.52,0.0,29.16,0.0,Normal / Safe
2026-04-03 02:00:00,77.87,26.53,3.38,0.0,28.59,0.0,Normal / Safe
2026-04-03 03:00:00,78.36,26.29,3.45,0.0,28.15,0.0,Normal / Safe
2026-04-03 04:00:00,78.95,26.13,3.45,0.0,27.87,0.0,Normal / Safe
2026-04-03 05:00:00,79.08,26.02,3.49,0.0,27.67,0.0,Normal / Safe
2026-04-03 06:00:00,77.3,26.45,3.81,0.0,28.4,0.0,Normal / Safe
2026-04-03 07:00:00,67.57,28.43,4.67,140937.44999999998,31.15,4.6,Normal / Safe
2026-04-03 08:00:00,54.34,31.01,4.82,791846.4970588234,33.54,14.16,Normal / Safe
2026-04-03 09:00:00,43.98,33.39,4.31,1532225.5941176468,35.38,21.52,Caution
2026-04-03 10:00:00,39.15,35.09,3.43,2392682.188235294,37.13,28.52,Caution
2026-04-03 11:00:00,36.19,36.29,2.8,2897611.823529412,38.42,33.68,Caution
2026-04-03 12:00:00,34.22,37.09,2.52,3352106.870588236,39.24,36.96,Caution
2026-04-03 13:00:00,33.23,37.44,2.57,3435481.9529411765,39.55,38.2,Caution
2026-04-03 14:00:00,33.16,37.35,2.93,3283327.4588235286,39.36,37.44,Caution
2026-04-03 15:00:00,34.42,36.68,3.5,2811262.0941176466,38.56,34.24,Caution
2026-04-03 16:00:00,37.3,35.58,4.15,1921885.717647059,37.47,29.88,Caution
2026-04-03 17:00:00,42.72,33.85,4.93,817875.6705882353,35.88,23.52,Caution
2026-04-03 18:00:00,52.9,31.57,5.49,501224.9176470588,34.26,17.04,Normal / Safe
2026-04-03 19:00:00,63.43,29.91,5.65,35880.4,33.36,13.44,Normal / Safe
2026-04-03 20:00:00,69.96,29.09,5.49,0.0,32.92,11.68,Normal / Safe
2026-04-03 21:00:00,73.21,28.79,5.29,0.0,32.85,11.4,Normal / Safe
2026-04-03 22:00:00,75.93,28.55,5.09,0.0,32.77,11.08,Normal / Safe
2026-04-03 23:00:00,78.75,28.25,4.76,0.0,32.52,10.08,Normal / Safe
2026-04-04 00:00:00,80.65,27.97,4.44,0.0,32.12,8.48,Normal / Safe
2026-04-04 01:00:00,81.59,27.74,4.14,0.0,31.68,6.72,Normal / Safe
2026-04-04 02:00:00,81.91,27.55,3.85,0.0,31.25,5.0,Normal / Safe
2026-04-04 03:00:00,81.75,27.41,3.64,0.0,30.88,3.52,Normal / Safe
2026-04-04 04:00:00,81.42,27.32,3.47,0.0,30.63,2.52,Normal / Safe
2026-04-04 05:00:00,81.39,27.21,3.23,0.0,30.36,1.44,Normal / Safe
2026-04-04 06:00:00,80.12,27.41,3.23,0.0,30.69,2.76,Normal / Safe
2026-04-04 07:00:00,73.68,28.58,3.73,137257.6205882353,32.45,9.8,Normal / Safe
2026-04-04 08:00:00,62.6,30.53,3.72,751094.544117647,34.47,17.88,Normal / Safe
2026-04-04 09:00:00,52.13,32.59,3.53,1569676.0235294118,36.06,24.24,Caution
2026-04-04 10:00:00,44.98,34.42,2.82,2366537.776470588,37.63,30.52,Caution
2026-04-04 11:00:00,39.73,35.81,2.27,2898758.5411764705,38.68,34.72,Caution
2026-04-04 12:00:00,37.32,36.47,2.3,3209431.494117647,39.14,36.56,Caution
2026-04-04 13:00:00,37.67,36.19,2.8,3322117.1764705875,38.72,34.88,Caution
2026-04-04 14:00:00,39.0,35.69,3.38,3072421.1058823527,38.2,32.8,Caution
2026-04-04 15:00:00,40.6,35.2,3.74,2608832.0705882357,37.78,31.12,Caution
2026-04-04 16:00:00,42.7,34.62,4.0,1999638.752941176,37.32,29.28,Caution
2026-04-04 17:00:00,48.34,33.18,4.39,1055840.7294117643,36.17,24.68,Caution
2026-04-04 18:00:00,59.77,30.99,4.75,429582.8705882352,34.77,19.08,Normal / Safe
2026-04-04 19:00:00,71.12,29.45,5.04,38737.38823529412,33.97,15.88,Normal / Safe
2026-04-04 20:00:00,77.16,28.77,5.08,0.0,33.55,14.2,Normal / Safe
2026-04-04 21:00:00,79.91,28.5,5.05,0.0,33.37,13.48,Normal / Safe
2026-04-04 22:00:00,81.67,28.35,4.96,0.0,33.29,13.16,Normal / Safe
2026-04-04 23:00:00,82.23,28.28,5.01,0.0,33.2,12.8,Normal / Safe
2026-04-05 00:00:00,81.75,28.25,4.92,0.0,33.03,12.12,Normal / Safe
2026-04-05 01:00:00,80.91,28.19,4.69,0.0,32.73,10.92,Normal / Safe
2026-04-05 02:00:00,80.33,28.08,4.37,0.0,32.35,9.4,Normal / Safe
2026-04-05 03:00:00,79.82,27.96,4.38,0.0,31.97,7.88,Normal / Safe
2026-04-05 04:00:00,79.0,27.89,4.4,0.0,31.68,6.72,Normal / Safe
2026-04-05 05:00:00,77.73,27.85,4.11,0.0,31.4,5.6,Normal / Safe
2026-04-05 06:00:00,73.75,28.17,4.03,0.0,31.55,6.2,Normal / Safe
2026-04-05 07:00:00,63.6,29.31,4.39,129345.0264705882,32.19,8.76,Normal / Safe
2026-04-05 08:00:00,54.13,30.3,4.62,602322.3323529412,32.24,8.96,Normal / Safe
2026-04-05 09:00:00,47.02,31.56,5.38,1286834.4647058824,32.94,11.76,Normal / Safe
2026-04-05 10:00:00,42.31,32.76,5.98,2187008.1647058823,33.9,15.6,Normal / Safe
2026-04-05 11:00:00,40.77,33.42,5.81,2354358.070588235,34.64,18.56,Normal / Safe
2026-04-05 12:00:00,40.83,33.46,5.26,2398905.6117647053,34.72,18.88,Normal / Safe
2026-04-05 13:00:00,42.18,33.0,4.93,2482826.3294117646,34.27,17.08,Normal / Safe
2026-04-05 14:00:00,44.2,32.3,4.86,1880358.8,33.56,14.24,Normal / Safe
2026-04-05 15:00:00,46.92,31.46,4.45,2044133.8117647057,32.76,11.04,Normal / Safe
2026-04-05 16:00:00,49.8,30.67,3.76,1397712.5647058822,32.04,8.16,Normal / Safe
2026-04-05 17:00:00,52.8,29.84,2.94,1004900.2117647058,31.25,5.0,Normal / Safe
2026-04-05 18:00:00,56.68,28.91,1.87,420859.90588235296,30.4,1.6,Normal / Safe
2026-04-05 19:00:00,60.32,28.28,1.32,36380.02352941176,29.91,0.0,Normal / Safe
2026-04-05 20:00:00,62.49,27.8,1.4,0.0,29.42,0.0,Normal / Safe
2026-04-05 21:00:00,63.93,27.51,1.7,0.0,29.12,0.0,Normal / Safe
2026-04-05 22:00:00,66.29,27.27,1.87,0.0,28.97,0.0,Normal / Safe
2026-04-05 23:00:00,68.83,27.07,1.92,0.0,28.87,0.0,Normal / Safe
2026-04-06 00:00:00,71.05,26.86,1.66,0.0,28.7,0.0,Normal / Safe
2026-04-06 01:00:00,73.63,26.58,1.24,0.0,28.4,0.0,Normal / Safe
2026-04-06 02:00:00,75.18,26.5,1.03,0.0,28.36,0.0,Normal / Safe
2026-04-06 03:00:00,75.9,26.46,0.98,0.0,28.33,0.0,Normal / Safe
2026-04-06 04:00:00,76.19,26.4,0.88,0.0,28.24,0.0,Normal / Safe
2026-04-06 05:00:00,76.27,26.37,0.68,0.0,28.19,0.0,Normal / Safe
2026-04-06 06:00:00,77.66,26.39,0.78,0.0,28.3,0.0,Normal / Safe
2026-04-06 07:00:00,74.4,27.36,1.44,128534.72647058824,29.93,0.0,Normal / Safe
2026-04-06 08:00:00,63.47,29.25,2.11,589855.8558823529,32.05,8.2,Normal / Safe
2026-04-06 09:00:00,58.37,30.63,2.3,1353682.5588235292,33.71,14.84,Normal / Safe
2026-04-06 10:00:00,54.7,31.81,2.41,2063913.7882352937,35.17,20.68,Caution
2026-04-06 11:00:00,51.94,32.76,2.53,2564888.7529411763,36.36,25.44,Caution
2026-04-06 12:00:00,50.0,33.41,2.66,3099051.5176470587,37.13,28.52,Caution
2026-04-06 13:00:00,48.94,33.72,2.84,2876180.2588235294,37.45,29.8,Caution
2026-04-06 14:00:00,49.09,33.64,3.09,2710150.494117647,37.33,29.32,Caution
2026-04-06 15:00:00,50.52,33.15,3.44,2377801.3411764707,36.75,27.0,Caution
2026-04-06 16:00:00,53.27,32.32,3.88,1683778.1647058823,35.83,23.32,Caution
2026-04-06 17:00:00,58.19,31.08,4.24,771863.8823529411,34.57,18.28,Normal / Safe
2026-04-06 18:00:00,66.47,29.48,4.29,211625.2470588235,33.08,12.32,Normal / Safe
2026-04-06 19:00:00,73.05,28.48,4.5,18007.835294117645,32.12,8.48,Normal / Safe
2026-04-06 20:00:00,76.76,28.01,4.54,0.0,31.63,6.52,Normal / Safe
2026-04-06 21:00:00,78.33,27.82,4.61,0.0,31.42,5.68,Normal / Safe
2026-04-06 22:00:00,79.4,27.67,4.57,0.0,31.21,4.84,Normal / Safe
2026-04-06 23:00:00,80.48,27.46,4.55,0.0,30.85,3.4,Normal / Safe
2026-04-07 00:00:00,81.34,27.24,4.55,0.0,30.43,1.72,Normal / Safe
2026-04-07 01:00:00,82.18,27.0,4.44,0.0,29.95,0.0,Normal / Safe
2026-04-07 02:00:00,83.2,26.74,4.21,0.0,29.43,0.0,Normal / Safe
2026-04-07 03:00:00,84.14,26.5,3.73,0.0,28.94,0.0,Normal / Safe
2026-04-07 04:00:00,85.17,26.26,3.16,0.0,28.45,0.0,Normal / Safe
2026-04-07 05:00:00,86.09,26.06,2.74,0.0,28.03,0.0,Normal / Safe
2026-04-07 06:00:00,85.06,26.32,2.9,0.0,28.58,0.0,Normal / Safe
2026-04-07 07:00:00,79.9,27.35,3.63,82538.22058823529,30.52,2.08,Normal / Safe
2026-04-07 08:00:00,71.81,28.72,3.8,521343.6617647058,32.44,9.76,Normal / Safe
2026-04-07 09:00:00,64.25,30.12,3.81,977749.682352941,33.97,15.88,Normal / Safe
2026-04-07 10:00:00,58.27,31.48,3.79,1135553.6,35.42,21.68,Caution
2026-04-07 11:00:00,53.92,32.58,3.78,1968172.8,36.56,26.24,Caution
2026-04-07 12:00:00,51.11,33.29,3.87,2999453.6588235293,37.22,28.88,Caution
2026-04-07 13:00:00,49.76,33.52,4.07,3152456.376470588,37.29,29.16,Caution
2026-04-07 14:00:00,50.61,33.09,4.37,3144277.176470588,36.65,26.6,Caution
2026-04-07 15:00:00,54.3,32.07,4.88,2694796.564705882,35.6,22.4,Caution
2026-04-07 16:00:00,59.62,30.96,5.44,1969173.5058823528,34.67,18.68,Normal / Safe
2026-04-07 17:00:00,66.07,29.77,5.77,1119223.2705882352,33.62,14.48,Normal / Safe
2026-04-07 18:00:00,73.4,28.49,5.65,362383.8352941176,32.2,8.8,Normal / Safe
2026-04-07 19:00:00,78.32,27.8,5.42,35269.5294117647,31.37,5.48,Normal / Safe
2026-04-07 20:00:00,80.84,27.48,5.28,0.0,30.94,3.76,Normal / Safe
2026-04-07 21:00:00,82.08,27.3,5.1,0.0,30.65,2.6,Normal / Safe
2026-04-07 22:00:00,82.54,27.17,4.96,0.0,30.39,1.56,Normal / Safe
2026-04-07 23:00:00,83.06,27.02,4.86,0.0,30.08,0.32,Normal / Safe
2026-04-08 00:00:00,83.67,26.86,4.68,0.0,29.75,0.0,Normal / Safe
2026-04-08 01:00:00,84.7,26.67,4.51,0.0,29.38,0.0,Normal / Safe
2026-04-08 02:00:00,85.84,26.48,4.39,0.0,29.01,0.0,Normal / Safe
2026-04-08 03:00:00,86.96,26.31,4.33,0.0,28.67,0.0,Normal / Safe
2026-04-08 04:00:00,88.11,26.17,4.3,0.0,28.38,0.0,Normal / Safe
2026-04-08 05:00:00,89.15,26.06,4.27,0.0,28.16,0.0,Normal / Safe
2026-04-08 06:00:00,88.4,26.33,4.55,0.0,28.8,0.0,Normal / Safe
2026-04-08 07:00:00,81.37,27.66,5.42,104035.47352941176,31.45,5.8,Normal / Safe
2026-04-08 08:00:00,70.82,29.33,5.82,601101.538235294,33.63,14.52,Normal / Safe
2026-04-08 09:00:00,60.66,30.96,5.71,1346429.2,34.93,19.72,Normal / Safe
2026-04-08 10:00:00,52.41,32.49,5.35,2173970.7176470584,35.94,23.76,Caution
2026-04-08 11:00:00,46.58,33.7,4.93,2868208.411764706,36.69,26.76,Caution
2026-04-08 12:00:00,43.13,34.47,4.72,3090388.564705882,37.16,28.64,Caution
2026-04-08 13:00:00,41.42,34.81,4.82,3071913.482352941,37.29,29.16,Caution
2026-04-08 14:00:00,41.41,34.68,5.16,3045922.423529412,37.04,28.16,Caution
2026-04-08 15:00:00,43.4,34.05,5.59,2318654.705882353,36.44,25.76,Caution
2026-04-08 16:00:00,48.28,32.87,6.03,1448462.964705882,35.56,22.24,Caution
2026-04-08 17:00:00,57.21,31.12,6.25,927276.7764705884,34.41,17.64,Normal / Safe
2026-04-08 18:00:00,68.93,29.28,5.87,453625.1294117647,33.14,12.56,Normal / Safe
2026-04-08 19:00:00,76.85,28.34,5.34,40072.02352941176,32.43,9.72,Normal / Safe
2026-04-08 20:00:00,79.7,27.98,4.9,0.0,32.0,8.0,Normal / Safe
2026-04-08 21:00:00,81.73,27.7,4.48,0.0,31.6,6.4,Normal / Safe
2026-04-08 22:00:00,83.63,27.43,4.24,0.0,31.16,4.64,Normal / Safe
2026-04-08 23:00:00,84.99,27.22,4.27,0.0,30.78,3.12,Normal / Safe
2026-04-09 00:00:00,86.38,26.99,4.33,0.0,30.34,1.36,Normal / Safe
2026-04-09 01:00:00,87.78,26.78,4.32,0.0,29.92,0.0,Normal / Safe
2026-04-09 02:00:00,89.47,26.52,4.23,0.0,29.36,0.0,Normal / Safe
2026-04-09 03:00:00,90.57,26.31,4.07,0.0,28.87,0.0,Normal / Safe
2026-04-09 04:00:00,91.62,26.12,3.93,0.0,28.42,0.0,Normal / Safe
2026-04-09 05:00:00,92.31,25.96,3.72,0.0,28.02,0.0,Normal / Safe
2026-04-09 06:00:00,90.59,26.32,3.87,0.0,28.9,0.0,Normal / Safe
2026-04-09 07:00:00,82.46,27.72,4.69,123974.01470588236,31.75,7.0,Normal / Safe
2026-04-09 08:00:00,71.83,29.26,4.92,615440.7911764706,33.68,14.72,Normal / Safe
2026-04-09 09:00:00,62.35,30.76,4.86,1343278.0529411763,34.91,19.64,Normal / Safe
2026-04-09 10:00:00,55.6,32.18,4.63,1677118.6235294116,36.19,24.76,Caution
2026-04-09 11:00:00,51.01,33.36,4.16,2150324.2470588232,37.34,29.36,Caution
2026-04-09 12:00:00,48.09,34.21,3.44,3037498.2235294115,38.21,32.84,Caution
2026-04-09 13:00:00,46.07,34.73,2.74,3150666.752941176,38.63,34.52,Caution
2026-04-09 14:00:00,45.32,34.84,2.15,2752259.1294117644,38.61,34.44,Caution
2026-04-09 15:00:00,46.32,34.28,1.57,2133289.1058823527,37.78,31.12,Caution
2026-04-09 16:00:00,48.28,33.45,1.59,1721363.3176470587,36.69,26.76,Caution
2026-04-09 17:00:00,56.05,32.05,2.34,874083.0588235293,36.04,24.16,Caution
2026-04-09 18:00:00,66.05,30.39,2.84,332987.5294117647,35.0,20.0,Caution
2026-04-09 19:00:00,73.83,29.06,3.1,26175.647058823528,33.61,14.44,Normal / Safe
2026-04-09 20:00:00,77.35,28.31,3.26,0.0,32.44,9.76,Normal / Safe
2026-04-09 21:00:00,80.92,27.88,3.12,0.0,31.94,7.76,Normal / Safe
2026-04-09 22:00:00,83.79,27.57,2.71,0.0,31.55,6.2,Normal / Safe
2026-04-09 23:00:00,86.18,27.24,2.17,0.0,30.97,3.88,Normal / Safe
2026-04-10 00:00:00,88.2,26.94,1.81,0.0,30.38,1.52,Normal / Safe
2026-04-10 01:00:00,89.39,26.72,1.53,0.0,29.9,0.0,Normal / Safe
2026-04-10 02:00:00,90.42,26.44,1.24,0.0,29.21,0.0,Normal / Safe
2026-04-10 03:00:00,91.45,26.11,0.96,0.0,28.38,0.0,Normal / Safe
2026-04-10 04:00:00,92.32,25.79,0.78,0.0,27.57,0.0,Normal / Safe
2026-04-10 05:00:00,92.94,25.5,1.03,0.0,26.82,0.0,Normal / Safe
2026-04-10 06:00:00,91.06,25.73,1.88,0.0,27.38,0.0,Normal / Safe
2026-04-10 07:00:00,82.78,27.06,2.66,113237.3794117647,30.15,0.6,Normal / Safe
2026-04-10 08:00:00,65.72,29.27,2.89,502433.8088235294,32.5,10.0,Normal / Safe
2026-04-10 09:00:00,53.85,31.12,2.63,969908.3176470587,33.63,14.52,Normal / Safe
2026-04-10 10:00:00,47.51,32.52,2.04,1618969.6,34.71,18.84,Normal / Safe
2026-04-10 11:00:00,42.14,33.76,1.49,2409423.2235294115,35.56,22.24,Caution
2026-04-10 12:00:00,37.48,34.78,0.96,3229297.435294118,36.11,24.44,Caution
2026-04-10 13:00:00,34.84,35.4,0.54,3243301.435294117,36.45,25.8,Caution
2026-04-10 14:00:00,34.0,35.65,0.42,2817711.2470588232,36.64,26.56,Caution
2026-04-10 15:00:00,34.87,35.41,0.7,1820403.2,36.48,25.92,Caution
2026-04-10 16:00:00,37.05,34.72,1.45,1583859.3882352938,35.89,23.56,Caution
2026-04-10 17:00:00,42.33,33.44,2.45,1058029.8588235292,35.05,20.2,Caution
2026-04-10 18:00:00,55.89,30.85,3.53,495959.5764705882,33.58,14.32,Normal / Safe
2026-04-10 19:00:00,65.42,29.46,4.75,47031.623529411765,32.83,11.32,Normal / Safe
2026-04-10 20:00:00,75.92,28.54,5.16,0.0,32.75,11.0,Normal / Safe
2026-04-10 21:00:00,82.54,28.01,4.65,0.0,32.52,10.08,Normal / Safe
2026-04-10 22:00:00,84.74,27.76,4.04,0.0,32.19,8.76,Normal / Safe
2026-04-10 23:00:00,85.88,27.55,3.55,0.0,31.78,7.12,Normal / Safe
2026-04-11 00:00:00,86.81,27.33,3.07,0.0,31.29,5.16,Normal / Safe
2026-04-11 01:00:00,87.61,27.08,2.63,0.0,30.7,2.8,Normal / Safe
2026-04-11 02:00:00,88.09,26.84,2.35,0.0,30.1,0.4,Normal / Safe
2026-04-11 03:00:00,88.15,26.66,2.25,0.0,29.63,0.0,Normal / Safe
2026-04-11 04:00:00,88.22,26.5,2.23,0.0,29.22,0.0,Normal / Safe
2026-04-11 05:00:00,88.48,26.32,2.19,0.0,28.78,0.0,Normal / Safe
2026-04-11 06:00:00,85.9,26.77,2.55,0.0,29.73,0.0,Normal / Safe
2026-04-11 07:00:00,76.51,28.32,3.31,147814.7882352941,32.32,9.28,Normal / Safe
2026-04-11 08:00:00,62.98,30.42,3.36,672839.7176470588,34.33,17.32,Normal / Safe
2026-04-11 09:00:00,51.57,32.34,2.84,1545551.2352941176,35.41,21.64,Caution
2026-04-11 10:00:00,43.4,33.92,2.29,2407514.870588235,36.2,24.8,Caution
2026-04-11 11:00:00,37.46,35.16,1.86,3028437.9294117647,36.76,27.04,Caution
2026-04-11 12:00:00,33.45,36.06,1.45,3387567.6,37.18,28.72,Caution
2026-04-11 13:00:00,30.84,36.62,1.02,3285692.823529412,37.37,29.48,Caution
2026-04-11 14:00:00,29.56,36.78,0.58,3173326.423529411,37.27,29.08,Caution
2026-04-11 15:00:00,29.76,36.42,0.33,2521726.3529411764,36.75,27.0,Caution
2026-04-11 16:00:00,31.22,35.66,0.62,2022859.905882353,35.94,23.76,Caution
2026-04-11 17:00:00,36.22,34.34,1.46,1257760.5176470587,35.06,20.24,Caution
2026-04-11 18:00:00,48.99,31.99,2.59,516084.8941176471,34.11,16.44,Normal / Safe
2026-04-11 19:00:00,59.3,29.95,3.41,49506.07058823529,32.6,10.4,Normal / Safe
2026-04-11 20:00:00,68.42,28.73,3.79,0.0,31.88,7.52,Normal / Safe
2026-04-11 21:00:00,75.14,28.19,4.02,0.0,31.8,7.2,Normal / Safe
2026-04-11 22:00:00,81.11,27.77,4.1,0.0,31.69,6.76,Normal / Safe
2026-04-11 23:00:00,85.32,27.39,4.01,0.0,31.27,5.08,Normal / Safe
2026-04-12 00:00:00,87.65,27.05,3.7,0.0,30.63,2.52,Normal / Safe
2026-04-12 01:00:00,89.55,26.69,3.3,0.0,29.83,0.0,Normal / Safe
2026-04-12 02:00:00,91.25,26.31,2.85,0.0,28.91,0.0,Normal / Safe
2026-04-12 03:00:00,92.18,25.98,2.55,0.0,28.07,0.0,Normal / Safe
2026-04-12 04:00:00,92.11,25.69,2.35,0.0,27.3,0.0,Normal / Safe
2026-04-12 05:00:00,90.88,25.45,2.16,0.0,26.69,0.0,Normal / Safe
2026-04-12 06:00:00,85.49,26.01,2.24,0.0,27.89,0.0,Normal / Safe
2026-04-12 07:00:00,72.07,28.09,2.65,189602.2705882353,31.13,4.52,Normal / Safe
2026-04-12 08:00:00,57.44,30.58,2.18,843283.8999999998,33.41,13.64,Normal / Safe
2026-04-12 09:00:00,44.62,32.88,1.39,1582923.088235294,34.64,18.56,Normal / Safe
2026-04-12 10:00:00,37.9,34.43,1.03,2500050.588235294,35.62,22.48,Caution
2026-04-12 11:00:00,34.06,35.57,1.03,3088339.0235294118,36.52,26.08,Caution
2026-04-12 12:00:00,31.83,36.32,1.3,3444912.5647058818,37.16,28.64,Caution
2026-04-12 13:00:00,31.08,36.66,1.79,3545581.529411764,37.5,30.0,Caution
2026-04-12 14:00:00,31.31,36.58,2.37,3347142.047058823,37.44,29.76,Caution
2026-04-12 15:00:00,32.74,36.04,3.07,2884869.176470588,36.95,27.8,Caution
2026-04-12 16:00:00,35.49,35.11,3.85,2177387.576470588,36.14,24.56,Caution
2026-04-12 17:00:00,42.28,33.41,4.8,1401564.2352941174,34.99,19.96,Normal / Safe
2026-04-12 18:00:00,57.19,30.82,5.5,568621.1764705882,33.81,15.24,Normal / Safe
2026-04-12 19:00:00,71.64,29.16,5.93,51925.76470588235,33.4,13.6,Normal / Safe
2026-04-12 20:00:00,79.35,28.44,5.9,0.0,33.11,12.44,Normal / Safe
2026-04-12 21:00:00,82.22,28.11,5.48,0.0,32.74,10.96,Normal / Safe
2026-04-12 22:00:00,83.92,27.85,4.9,0.0,32.31,9.24,Normal / Safe
2026-04-12 23:00:00,85.46,27.57,4.64,0.0,31.77,7.08,Normal / Safe
2026-04-13 00:00:00,86.88,27.27,4.6,0.0,31.14,4.56,Normal / Safe
2026-04-13 01:00:00,88.0,27.0,4.65,0.0,30.53,2.12,Normal / Safe
2026-04-13 02:00:00,88.79,26.77,4.62,0.0,29.98,0.0,Normal / Safe
2026-04-13 03:00:00,89.12,26.59,4.71,0.0,29.52,0.0,Normal / Safe
2026-04-13 04:00:00,89.09,26.47,4.78,0.0,29.2,0.0,Normal / Safe
2026-04-13 05:00:00,89.12,26.37,4.7,0.0,28.94,0.0,Normal / Safe
2026-04-13 06:00:00,87.34,26.71,4.98,0.0,29.7,0.0,Normal / Safe
2026-04-13 07:00:00,77.65,28.37,5.89,193207.83529411763,32.63,10.52,Normal / Safe
2026-04-13 08:00:00,64.85,30.55,6.38,858676.5058823528,35.07,20.28,Caution
2026-04-13 09:00:00,53.7,32.7,6.23,1747482.2352941174,36.75,27.0,Caution
2026-04-13 10:00:00,46.4,34.49,5.75,2491078.8,38.24,32.96,Caution
2026-04-13 11:00:00,41.8,35.84,5.28,3071539.894117647,39.46,37.84,Caution
2026-04-13 12:00:00,38.99,36.72,5.08,3411280.870588235,40.24,40.96,Caution
2026-04-13 13:00:00,37.71,37.08,5.22,3502573.34117647,40.49,41.96,Caution
2026-04-13 14:00:00,38.11,36.88,5.6,3342649.411764705,40.23,40.92,Caution
2026-04-13 15:00:00,40.8,36.02,5.98,2723127.5764705883,39.47,37.88,Caution
2026-04-13 16:00:00,46.5,34.48,6.29,1960444.823529412,38.25,33.0,Caution
2026-04-13 17:00:00,56.83,32.2,6.56,1288890.3529411762,36.58,26.32,Caution
2026-04-13 18:00:00,69.11,29.99,6.4,513327.5764705882,34.8,19.2,Normal / Safe
2026-04-13 19:00:00,76.91,28.87,6.03,49736.75294117647,33.75,15.0,Normal / Safe
2026-04-13 20:00:00,79.8,28.47,5.63,0.0,33.27,13.08,Normal / Safe
2026-04-13 21:00:00,80.92,28.29,5.31,0.0,33.0,12.0,Normal / Safe
2026-04-13 22:00:00,82.43,28.05,4.89,0.0,32.61,10.44,Normal / Safe
2026-04-13 23:00:00,84.18,27.77,4.57,0.0,32.13,8.52,Normal / Safe
2026-04-14 00:00:00,85.73,27.5,4.34,0.0,31.62,6.48,Normal / Safe
2026-04-14 01:00:00,87.37,27.19,4.04,0.0,30.98,3.92,Normal / Safe
2026-04-14 02:00:00,89.14,26.84,3.73,0.0,30.2,0.8,Normal / Safe
2026-04-14 03:00:00,90.5,26.53,3.54,0.0,29.46,0.0,Normal / Safe
2026-04-14 04:00:00,91.35,26.29,3.31,0.0,28.86,0.0,Normal / Safe
2026-04-14 05:00:00,91.84,26.11,3.0,0.0,28.4,0.0,Normal / Safe
2026-04-14 06:00:00,88.16,26.67,3.07,0.0,29.66,0.0,Normal / Safe
2026-04-14 07:00:00,76.93,28.42,3.54,198447.61176470589,32.63,10.52,Normal / Safe
2026-04-14 08:00:00,63.91,30.56,2.92,882845.1058823529,34.86,19.44,Normal / Safe
2026-04-14 09:00:00,50.07,33.0,1.88,1643920.2705882352,36.31,25.24,Caution
2026-04-14 10:00:00,42.48,34.87,1.33,2388874.6588235293,37.73,30.92,Caution
2026-04-14 11:00:00,37.78,36.33,1.28,3025844.1647058823,39.03,36.12,Caution
2026-04-14 12:00:00,35.4,37.22,1.43,3365830.0,39.91,39.64,Caution
2026-04-14 13:00:00,34.54,37.65,1.85,3504397.717647059,40.42,41.68,Caution
2026-04-14 14:00:00,34.72,37.59,2.48,3244129.552941176,40.37,41.48,Caution
2026-04-14 15:00:00,36.79,36.86,3.17,2599443.4352941173,39.71,38.84,Caution
2026-04-14 16:00:00,40.52,35.64,3.97,1807087.7647058824,38.61,34.44,Caution
2026-04-14 17:00:00,47.95,33.75,5.06,1231573.9058823527,37.2,28.8,Caution
2026-04-14 18:00:00,60.91,31.35,5.7,465896.70588235295,35.85,23.4,Caution
2026-04-14 19:00:00,72.61,29.71,5.85,39886.23529411764,34.94,19.76,Normal / Safe
2026-04-14 20:00:00,78.73,28.95,5.7,0.0,34.33,17.32,Normal / Safe
2026-04-14 21:00:00,81.25,28.64,5.21,0.0,34.0,16.0,Normal / Safe
2026-04-14 22:00:00,82.26,28.47,4.74,0.0,33.73,14.92,Normal / Safe
2026-04-14 23:00:00,83.44,28.24,4.3,0.0,33.3,13.2,Normal / Safe
2026-04-15 00:00:00,85.1,27.95,4.0,0.0,32.77,11.08,Normal / Safe
2026-04-15 01:00:00,86.18,27.67,3.92,0.0,32.15,8.6,Normal / Safe
2026-04-15 02:00:00,87.16,27.39,3.78,0.0,31.5,6.0,Normal / Safe
2026-04-15 03:00:00,87.69,27.19,3.82,0.0,31.01,4.04,Normal / Safe
2026-04-15 04:00:00,87.95,27.05,3.89,0.0,30.66,2.64,Normal / Safe
2026-04-15 05:00:00,88.36,26.93,3.79,0.0,30.37,1.48,Normal / Safe
2026-04-15 06:00:00,86.34,27.31,4.18,0.0,31.18,4.72,Normal / Safe
2026-04-15 07:00:00,77.05,28.86,4.95,200075.35882352944,33.75,15.0,Normal / Safe
2026-04-15 08:00:00,66.02,30.77,5.28,804848.3352941176,35.88,23.52,Caution
2026-04-15 09:00:00,56.57,32.64,5.28,1556174.7529411763,37.49,29.96,Caution
2026-04-15 10:00:00,49.02,34.4,5.09,2417587.5764705883,38.94,35.76,Caution
2026-04-15 11:00:00,44.24,35.74,4.86,3024264.682352941,40.14,40.56,Caution
2026-04-15 12:00:00,41.48,36.6,4.7,3374563.3882352943,40.94,43.76,Caution
2026-04-15 13:00:00,40.2,36.97,4.74,3453624.14117647,41.23,44.92,Extreme Caution
2026-04-15 14:00:00,40.68,36.78,5.06,3237365.9999999995,41.01,44.04,Extreme Caution
2026-04-15 15:00:00,42.94,36.04,5.47,2820252.14117647,40.3,41.2,Caution
2026-04-15 16:00:00,48.14,34.56,5.91,1912477.952941176,38.98,35.92,Caution
2026-04-15 17:00:00,57.25,32.47,6.25,1211225.717647059,37.32,29.28,Caution
2026-04-15 18:00:00,68.62,30.35,6.19,500214.3529411765,35.55,22.2,Caution
2026-04-15 19:00:00,75.95,29.2,5.91,45179.294117647056,34.4,17.6,Normal / Safe
2026-04-15 20:00:00,78.52,28.84,5.63,0.0,34.0,16.0,Normal / Safe
2026-04-15 21:00:00,79.43,28.72,5.42,0.0,33.86,15.44,Normal / Safe
2026-04-15 22:00:00,80.89,28.57,5.18,0.0,33.74,14.96,Normal / Safe
2026-04-15 23:00:00,82.93,28.33,4.91,0.0,33.46,13.84,Normal / Safe
2026-04-16 00:00:00,84.79,28.09,4.74,0.0,33.12,12.48,Normal / Safe
2026-04-16 01:00:00,86.66,27.83,4.68,0.0,32.68,10.72,Normal / Safe
2026-04-16 02:00:00,88.36,27.63,4.65,0.0,32.35,9.4,Normal / Safe
2026-04-16 03:00:00,89.79,27.47,4.66,0.0,32.08,8.32,Normal / Safe
2026-04-16 04:00:00,90.76,27.35,4.7,0.0,31.85,7.4,Normal / Safe
2026-04-16 05:00:00,91.6,27.26,4.79,0.0,31.69,6.76,Normal / Safe
2026-04-16 06:00:00,90.1,27.54,5.22,0.0,32.34,9.36,Normal / Safe
2026-04-16 07:00:00,80.3,29.03,6.28,195494.1088235294,34.89,19.56,Normal / Safe
2026-04-16 08:00:00,68.3,31.0,6.57,831459.1970588235,37.09,28.36,Caution
2026-04-16 09:00:00,58.88,32.87,6.45,1539499.576470588,38.8,35.2,Caution
2026-04-16 10:00:00,51.28,34.58,6.16,2393266.2352941176,40.17,40.68,Caution
2026-04-16 11:00:00,46.2,35.84,6.01,3038549.9294117643,41.13,44.52,Extreme Caution
2026-04-16 12:00:00,43.64,36.52,6.11,3363331.9176470586,41.64,46.56,Extreme Caution
2026-04-16 13:00:00,43.08,36.61,6.5,3422338.094117647,41.61,46.44,Extreme Caution
2026-04-16 14:00:00,44.42,36.13,7.0,3278575.3647058816,41.08,44.32,Extreme Caution
2026-04-16 15:00:00,47.51,35.1,7.28,2591910.9176470586,39.95,39.8,Caution
2026-04-16 16:00:00,53.17,33.52,7.35,2060827.976470588,38.39,33.56,Caution
2026-04-16 17:00:00,61.63,31.55,7.07,1168616.5647058822,36.51,26.04,Caution
2026-04-16 18:00:00,70.99,29.75,6.48,452181.7647058823,34.66,18.64,Normal / Safe
2026-04-16 19:00:00,77.31,28.82,5.98,45720.28235294117,33.7,14.8,Normal / Safe
2026-04-16 20:00:00,81.05,28.38,5.56,0.0,33.26,13.04,Normal / Safe
2026-04-16 21:00:00,83.27,28.17,5.24,0.0,33.08,12.32,Normal / Safe
2026-04-16 22:00:00,85.08,27.99,4.94,0.0,32.88,11.52,Normal / Safe
2026-04-16 23:00:00,87.05,27.75,4.88,0.0,32.51,10.04,Normal / Safe
2026-04-17 00:00:00,89.03,27.47,4.95,0.0,31.98,7.92,Normal / Safe
2026-04-17 01:00:00,90.6,27.25,4.98,0.0,31.53,6.12,Normal / Safe
2026-04-17 02:00:00,91.54,27.09,4.88,0.0,31.17,4.68,Normal / Safe
2026-04-17 03:00:00,92.29,26.94,4.54,0.0,30.8,3.2,Normal / Safe
2026-04-17 04:00:00,92.44,26.84,4.22,0.0,30.51,2.04,Normal / Safe
2026-04-17 05:00:00,92.99,26.72,3.75,0.0,30.21,0.84,Normal / Safe
2026-04-17 06:00:00,90.63,27.14,3.67,0.0,31.21,4.84,Normal / Safe
2026-04-17 07:00:00,80.36,28.82,3.92,175072.23823529412,34.32,17.28,Normal / Safe
2026-04-17 08:00:00,67.07,30.96,3.59,708765.5088235294,36.64,26.56,Caution
2026-04-17 09:00:00,54.98,33.13,3.13,1296500.8411764705,38.1,32.4,Caution
2026-04-17 10:00:00,46.66,35.02,2.97,1985625.3294117644,39.46,37.84,Caution
2026-04-17 11:00:00,41.79,36.4,3.14,2848138.9176470586,40.63,42.52,Caution
2026-04-17 12:00:00,39.1,37.23,3.61,3278767.635294117,41.34,45.36,Extreme Caution
2026-04-17 13:00:00,38.06,37.53,4.2,3262288.7294117645,41.55,46.2,Extreme Caution
2026-04-17 14:00:00,38.7,37.24,4.83,3069953.152941176,41.2,44.8,Extreme Caution
2026-04-17 15:00:00,41.45,36.3,5.2,2726900.894117647,40.29,41.16,Caution
2026-04-17 16:00:00,46.4,34.87,5.38,2101457.482352941,39.04,36.16,Caution
2026-04-17 17:00:00,55.17,32.79,5.56,1298038.094117647,37.39,29.56,Caution
2026-04-17 18:00:00,67.15,30.54,5.34,547824.0235294116,35.63,22.52,Caution
2026-04-17 19:00:00,76.94,29.14,4.92,43820.09411764706,34.46,17.84,Normal / Safe
2026-04-17 20:00:00,81.93,28.55,4.46,0.0,33.89,15.56,Normal / Safe
2026-04-17 21:00:00,84.78,28.24,4.2,0.0,33.54,14.16,Normal / Safe
2026-04-17 22:00:00,86.67,28.02,4.08,0.0,33.23,12.92,Normal / Safe
2026-04-17 23:00:00,88.53,27.76,4.09,0.0,32.77,11.08,Normal / Safe
2026-04-18 00:00:00,90.46,27.5,4.03,0.0,32.27,9.08,Normal / Safe
2026-04-18 01:00:00,91.68,27.34,4.01,0.0,31.94,7.76,Normal / Safe
2026-04-18 02:00:00,92.38,27.25,3.98,0.0,31.75,7.0,Normal / Safe
2026-04-18 03:00:00,92.84,27.18,3.77,0.0,31.59,6.36,Normal / Safe
2026-04-18 04:00:00,93.67,27.06,3.39,0.0,31.32,5.28,Normal / Safe
2026-04-18 05:00:00,94.75,26.87,2.89,0.0,30.83,3.32,Normal / Safe
2026-04-18 06:00:00,92.63,27.28,3.06,0.0,31.88,7.52,Normal / Safe
2026-04-18 07:00:00,83.94,28.58,3.69,207504.39411764705,34.37,17.48,Normal / Safe
2026-04-18 08:00:00,71.94,30.36,3.76,731346.9705882353,36.45,25.8,Caution
2026-04-18 09:00:00,61.97,32.1,3.63,1547119.1411764706,37.93,31.72,Caution
2026-04-18 10:00:00,52.62,33.97,3.5,2374397.1058823527,39.23,36.92,Caution
2026-04-18 11:00:00,46.29,35.5,3.35,2981009.094117647,40.39,41.56,Caution
2026-04-18 12:00:00,43.27,36.37,3.53,3288207.1764705884,41.15,44.6,Extreme Caution
2026-04-18 13:00:00,42.42,36.64,3.95,3435788.6117647057,41.41,45.64,Extreme Caution
2026-04-18 14:00:00,43.12,36.41,4.39,3233824.6117647057,41.18,44.72,Extreme Caution
2026-04-18 15:00:00,45.12,35.72,4.59,2848837.0352941174,40.43,41.72,Caution
2026-04-18 16:00:00,48.46,34.65,4.65,2166364.1176470583,39.29,37.16,Caution
2026-04-18 17:00:00,54.87,32.96,4.77,1336166.776470588,37.68,30.72,Caution
2026-04-18 18:00:00,65.23,30.8,4.91,535303.4352941175,35.74,22.96,Caution
2026-04-18 19:00:00,74.17,29.34,4.98,48960.23529411764,34.37,17.48,Normal / Safe
2026-04-18 20:00:00,78.29,28.72,4.89,0.0,33.64,14.56,Normal / Safe
2026-04-18 21:00:00,80.13,28.45,4.81,0.0,33.28,13.12,Normal / Safe
2026-04-18 22:00:00,81.46,28.29,4.79,0.0,33.09,12.36,Normal / Safe
2026-04-18 23:00:00,82.91,28.1,4.74,0.0,32.83,11.32,Normal / Safe
2026-04-19 00:00:00,84.7,27.86,4.65,0.0,32.46,9.84,Normal / Safe
2026-04-19 01:00:00,86.67,27.58,4.59,0.0,31.97,7.88,Normal / Safe
2026-04-19 02:00:00,88.15,27.34,4.46,0.0,31.49,5.96,Normal / Safe
2026-04-19 03:00:00,89.15,27.16,4.19,0.0,31.1,4.4,Normal / Safe
2026-04-19 04:00:00,90.56,26.93,3.64,0.0,30.59,2.36,Normal / Safe
2026-04-19 05:00:00,91.65,26.76,3.29,0.0,30.21,0.84,Normal / Safe
2026-04-19 06:00:00,89.61,27.18,3.67,0.0,31.21,4.84,Normal / Safe
2026-04-19 07:00:00,80.93,28.57,4.33,203784.05,33.75,15.0,Normal / Safe
2026-04-19 08:00:00,69.33,30.4,4.54,803862.0735294117,35.86,23.44,Caution
2026-04-19 09:00:00,58.6,32.28,4.58,1714453.9117647056,37.3,29.2,Caution
2026-04-19 10:00:00,50.92,33.96,4.58,2494000.470588235,38.62,34.48,Caution
2026-04-19 11:00:00,46.24,35.26,4.71,3063834.6,39.84,39.36,Caution
2026-04-19 12:00:00,43.63,36.05,4.91,3401270.8,40.59,42.36,Caution
2026-04-19 13:00:00,42.59,36.3,5.27,3479846.4,40.73,42.92,Caution
2026-04-19 14:00:00,43.06,36.06,5.7,3293397.9529411765,40.39,41.56,Caution
2026-04-19 15:00:00,44.85,35.42,6.09,2839743.4352941173,39.67,38.68,Caution
2026-04-19 16:00:00,49.1,34.11,6.4,2068023.5058823528,38.33,33.32,Caution
2026-04-19 17:00:00,56.15,32.31,6.55,1377150.6117647055,36.63,26.52,Caution
2026-04-19 18:00:00,65.67,30.45,6.37,559521.8588235293,35.04,20.16,Caution
2026-04-19 19:00:00,72.68,29.4,6.19,48934.21176470588,34.19,16.76,Normal / Safe
2026-04-19 20:00:00,76.53,28.94,6.18,0.0,33.85,15.4,Normal / Safe
2026-04-19 21:00:00,79.13,28.63,5.9,0.0,33.56,14.24,Normal / Safe
2026-04-19 22:00:00,81.11,28.36,5.45,0.0,33.22,12.88,Normal / Safe
2026-04-19 23:00:00,82.73,28.11,5.28,0.0,32.82,11.28,Normal / Safe
2026-04-20 00:00:00,83.76,27.96,5.35,0.0,32.58,10.32,Normal / Safe
2026-04-20 01:00:00,84.58,27.81,5.37,0.0,32.3,9.2,Normal / Safe
2026-04-20 02:00:00,85.45,27.64,5.25,0.0,31.96,7.84,Normal / Safe
2026-04-20 03:00:00,86.13,27.5,5.0,0.0,31.67,6.68,Normal / Safe
2026-04-20 04:00:00,86.86,27.35,4.71,0.0,31.35,5.4,Normal / Safe
2026-04-20 05:00:00,87.7,27.15,4.48,0.0,30.9,3.6,Normal / Safe
2026-04-20 06:00:00,85.74,27.48,4.75,113.03529411764706,31.57,6.28,Normal / Safe
2026-04-20 07:00:00,76.85,29.02,5.42,239037.3294117647,34.12,16.48,Normal / Safe
2026-04-20 08:00:00,63.73,31.25,5.59,944125.1647058824,36.4,25.6,Caution
2026-04-20 09:00:00,53.23,33.27,5.05,1752633.070588235,37.85,31.4,Caution
2026-04-20 10:00:00,45.43,35.18,4.24,2496781.9294117647,39.37,37.48,Caution
2026-04-20 11:00:00,39.66,36.76,3.65,3056158.5294117643,40.57,42.28,Caution
2026-04-20 12:00:00,36.23,37.85,3.67,3378455.082352941,41.47,45.88,Extreme Caution
2026-04-20 13:00:00,35.36,38.15,4.39,3275430.1176470583,41.73,46.92,Extreme Caution
2026-04-20 14:00:00,36.8,37.63,5.48,3122488.588235294,41.25,45.0,Extreme Caution
2026-04-20 15:00:00,40.32,36.48,6.48,2705130.14117647,40.24,40.96,Caution
2026-04-20 16:00:00,46.82,34.64,7.12,1921618.9176470584,38.7,34.8,Caution
2026-04-20 17:00:00,56.22,32.45,7.32,1199215.576470588,36.96,27.84,Caution
2026-04-20 18:00:00,66.64,30.56,6.91,462209.0117647059,35.54,22.16,Caution
2026-04-20 19:00:00,72.79,29.75,6.52,52934.44705882352,35.09,20.36,Caution
2026-04-20 20:00:00,74.8,29.59,6.26,0.0,35.15,20.6,Caution
2026-04-20 21:00:00,76.89,29.42,6.04,0.0,35.19,20.76,Caution
2026-04-20 22:00:00,78.85,29.21,5.81,0.0,35.07,20.28,Caution
2026-04-20 23:00:00,81.16,28.89,5.59,0.0,34.68,18.72,Normal / Safe
2026-04-21 00:00:00,82.91,28.62,5.39,0.0,34.28,17.12,Normal / Safe
2026-04-21 01:00:00,84.0,28.4,5.12,0.0,33.86,15.44,Normal / Safe
2026-04-21 02:00:00,84.99,28.19,4.82,0.0,33.44,13.76,Normal / Safe
2026-04-21 03:00:00,85.42,28.05,4.83,0.0,33.11,12.44,Normal / Safe
2026-04-21 04:00:00,85.51,27.97,4.85,0.0,32.9,11.6,Normal / Safe
2026-04-21 05:00:00,85.69,27.9,4.85,0.0,32.73,10.92,Normal / Safe
2026-04-21 06:00:00,84.29,28.12,5.19,193.9058823529412,33.12,12.48,Normal / Safe
2026-04-21 07:00:00,78.27,29.14,5.51,249671.42058823528,34.75,19.0,Normal / Safe
2026-04-21 08:00:00,64.45,31.35,5.8,969159.726470588,36.85,27.4,Caution
2026-04-21 09:00:00,50.85,33.97,5.18,1788826.1588235293,38.62,34.48,Caution
2026-04-21 10:00:00,41.33,36.16,4.11,2526378.388235294,39.95,39.8,Caution
2026-04-21 11:00:00,36.12,37.45,3.21,3086425.058823529,40.62,42.48,Caution
2026-04-21 12:00:00,33.4,38.16,2.63,3405485.6,40.97,43.88,Caution
2026-04-21 13:00:00,32.86,38.28,2.57,3425819.74117647,40.99,43.96,Caution
2026-04-21 14:00:00,33.77,37.89,2.95,3199700.023529411,40.59,42.36,Caution
2026-04-21 15:00:00,36.01,37.07,3.5,2756951.3411764703,39.84,39.36,Caution
2026-04-21 16:00:00,39.6,35.99,4.25,2063235.082352941,38.99,35.96,Caution
2026-04-21 17:00:00,46.52,34.28,4.91,1317079.8117647057,37.84,31.36,Caution
2026-04-21 18:00:00,58.62,31.84,4.92,440491.5529411764,36.3,25.2,Caution
2026-04-21 19:00:00,67.04,30.48,4.89,47308.7294117647,35.46,21.84,Caution
2026-04-21 20:00:00,72.76,29.8,4.82,0.0,35.21,20.84,Caution
2026-04-21 21:00:00,77.46,29.3,4.63,0.0,35.0,20.0,Caution
2026-04-21 22:00:00,80.63,28.98,4.57,0.0,34.82,19.28,Normal / Safe
2026-04-21 23:00:00,82.49,28.73,4.49,0.0,34.51,18.04,Normal / Safe
2026-04-22 00:00:00,82.88,28.57,4.36,0.0,34.13,16.52,Normal / Safe
2026-04-22 01:00:00,82.2,28.45,4.22,0.0,33.66,14.64,Normal / Safe
2026-04-22 02:00:00,81.09,28.35,4.05,0.0,33.18,12.72,Normal / Safe
2026-04-22 03:00:00,79.7,28.26,3.79,0.0,32.71,10.84,Normal / Safe
2026-04-22 04:00:00,78.77,28.05,3.22,0.0,32.03,8.12,Normal / Safe
2026-04-22 05:00:00,78.03,27.79,2.65,0.0,31.31,5.24,Normal / Safe
2026-04-22 06:00:00,73.82,28.26,2.51,280.89411764705875,31.75,7.0,Normal / Safe
2026-04-22 07:00:00,65.34,29.64,2.6,126941.93235294118,33.19,12.76,Normal / Safe
2026-04-22 08:00:00,53.19,31.78,2.77,416949.9911764705,34.73,18.92,Normal / Safe
2026-04-22 09:00:00,41.53,34.24,2.79,1374694.6294117644,36.26,25.04,Caution
2026-04-22 10:00:00,32.81,36.34,2.28,2499344.6588235293,37.47,29.88,Caution
2026-04-22 11:00:00,27.49,37.77,1.47,3115086.9647058817,38.26,33.04,Caution
2026-04-22 12:00:00,24.53,38.66,0.59,3460580.835294117,38.77,35.08,Caution
2026-04-22 13:00:00,24.08,39.09,0.96,3524612.376470588,39.3,37.2,Caution
2026-04-22 14:00:00,25.44,39.06,1.96,3295614.0235294118,39.69,38.76,Caution
2026-04-22 15:00:00,28.11,38.3,2.83,2859212.0,39.33,37.32,Caution
2026-04-22 16:00:00,33.21,36.7,4.1,2132479.3411764703,38.21,32.84,Caution
2026-04-22 17:00:00,44.51,34.17,5.19,1186777.5294117646,36.99,27.96,Caution
2026-04-22 18:00:00,58.26,31.7,5.5,495919.6470588234,35.89,23.56,Caution
2026-04-22 19:00:00,68.44,30.4,5.35,51843.17647058823,35.62,22.48,Caution
2026-04-22 20:00:00,74.46,29.78,4.78,0.0,35.57,22.28,Caution
2026-04-22 21:00:00,77.65,29.44,4.04,0.0,35.42,21.68,Caution
2026-04-22 22:00:00,80.14,29.1,3.29,0.0,35.05,20.2,Caution
2026-04-22 23:00:00,82.82,28.66,3.03,0.0,34.37,17.48,Normal / Safe
2026-04-23 00:00:00,85.71,28.21,3.24,0.0,33.62,14.48,Normal / Safe
2026-04-23 01:00:00,88.41,27.84,3.69,0.0,32.99,11.96,Normal / Safe
2026-04-23 02:00:00,90.35,27.63,4.12,0.0,32.65,10.6,Normal / Safe
2026-04-23 03:00:00,91.26,27.45,3.88,0.0,32.22,8.88,Normal / Safe
2026-04-23 04:00:00,91.7,27.06,2.99,0.0,31.09,4.36,Normal / Safe
2026-04-23 05:00:00,90.05,26.87,2.33,0.0,30.37,1.48,Normal / Safe
2026-04-23 06:00:00,83.76,27.5,2.38,520.3294117647058,31.36,5.44,Normal / Safe
2026-04-23 07:00:00,70.8,29.27,2.69,264578.9470588235,33.49,13.96,Normal / Safe
2026-04-23 08:00:00,56.76,31.54,2.47,982066.3647058824,35.15,20.6,Caution
2026-04-23 09:00:00,43.39,34.24,2.11,1818596.2176470584,36.79,27.16,Caution
2026-04-23 10:00:00,33.52,36.43,1.55,2576576.764705882,37.83,31.32,Caution
2026-04-23 11:00:00,28.9,37.87,1.26,3137977.858823529,38.86,35.44,Caution
2026-04-23 12:00:00,25.94,39.16,1.27,3470060.2235294115,40.03,40.12,Caution
2026-04-23 13:00:00,24.18,39.94,1.24,3564500.2588235294,40.68,42.72,Caution
2026-04-23 14:00:00,25.07,39.43,1.68,3378125.152941176,40.17,40.68,Caution
2026-04-23 15:00:00,27.67,38.28,2.73,2570089.694117647,39.15,36.6,Caution
2026-04-23 16:00:00,33.15,36.72,4.49,2070106.2352941176,38.23,32.92,Caution
2026-04-23 17:00:00,43.43,34.49,5.78,1244755.576470588,37.29,29.16,Caution
2026-04-23 18:00:00,58.14,31.79,6.03,534121.8823529412,36.06,24.24,Caution
2026-04-23 19:00:00,71.48,30.02,6.01,58417.55294117647,35.45,21.8,Caution
2026-04-23 20:00:00,79.76,29.1,5.5,0.0,34.97,19.88,Normal / Safe
2026-04-23 21:00:00,82.74,28.69,5.04,0.0,34.44,17.76,Normal / Safe
2026-04-23 22:00:00,83.84,28.44,4.76,0.0,33.94,15.76,Normal / Safe
2026-04-23 23:00:00,83.99,28.32,4.66,0.0,33.63,14.52,Normal / Safe
2026-04-24 00:00:00,84.01,28.2,4.56,0.0,33.29,13.16,Normal / Safe
2026-04-24 01:00:00,84.18,28.04,4.34,0.0,32.87,11.48,Normal / Safe
2026-04-24 02:00:00,84.48,27.82,3.94,0.0,32.31,9.24,Normal / Safe
2026-04-24 03:00:00,84.4,27.64,3.52,0.0,31.82,7.28,Normal / Safe
2026-04-24 04:00:00,83.79,27.57,3.07,0.0,31.55,6.2,Normal / Safe
2026-04-24 05:00:00,83.58,27.45,2.64,0.0,31.21,4.84,Normal / Safe
2026-04-24 06:00:00,80.83,27.87,2.76,731.8588235294117,31.9,7.6,Normal / Safe
2026-04-24 07:00:00,70.93,29.52,2.9,273700.6764705882,34.1,16.4,Normal / Safe
2026-04-24 08:00:00,60.45,31.44,2.8,997119.0647058822,35.92,23.68,Caution
2026-04-24 09:00:00,50.69,33.5,2.55,1814928.3882352936,37.54,30.16,Caution
2026-04-24 10:00:00,43.66,35.44,2.29,2570032.5411764705,39.29,37.16,Caution
2026-04-24 11:00:00,38.27,36.94,2.39,3132533.470588235,40.41,41.64,Caution
2026-04-24 12:00:00,36.26,37.66,2.97,3467085.7176470584,41.1,44.4,Extreme Caution
2026-04-24 13:00:00,36.36,37.55,3.9,3558143.576470588,40.92,43.68,Caution
2026-04-24 14:00:00,38.11,36.87,4.78,3360682.988235294,40.21,40.84,Caution
2026-04-24 15:00:00,40.34,36.09,4.99,2868126.988235294,39.45,37.8,Caution
2026-04-24 16:00:00,43.47,35.01,4.94,2127670.9411764704,38.33,33.32,Caution
2026-04-24 17:00:00,50.02,33.29,4.97,1352416.7529411763,36.89,27.56,Caution
2026-04-24 18:00:00,60.79,31.19,4.8,569597.3176470587,35.46,21.84,Caution
2026-04-24 19:00:00,71.14,29.67,4.6,60810.02352941175,34.5,18.0,Normal / Safe
2026-04-24 20:00:00,77.91,28.81,4.42,0.0,33.8,15.2,Normal / Safe
2026-04-24 21:00:00,81.64,28.33,4.36,0.0,33.23,12.92,Normal / Safe
2026-04-24 22:00:00,84.01,28.03,4.39,0.0,32.82,11.28,Normal / Safe
2026-04-24 23:00:00,85.98,27.78,4.32,0.0,32.43,9.72,Normal / Safe
2026-04-25 00:00:00,87.47,27.58,4.02,0.0,32.08,8.32,Normal / Safe
2026-04-25 01:00:00,88.19,27.46,3.63,0.0,31.84,7.36,Normal / Safe
2026-04-25 02:00:00,88.31,27.4,3.14,0.0,31.68,6.72,Normal / Safe
2026-04-25 03:00:00,88.56,27.31,2.81,0.0,31.45,5.8,Normal / Safe
2026-04-25 04:00:00,89.27,27.14,2.52,0.0,31.05,4.2,Normal / Safe
2026-04-25 05:00:00,90.33,26.95,2.16,0.0,30.63,2.52,Normal / Safe
2026-04-25 06:00:00,89.12,27.21,2.56,899.7176470588233,31.24,4.96,Normal / Safe
2026-04-25 07:00:00,84.04,28.06,3.19,211913.42647058825,32.91,11.64,Normal / Safe
2026-04-25 08:00:00,74.96,29.32,3.54,778449.5029411764,34.49,17.96,Normal / Safe
2026-04-25 09:00:00,66.19,30.74,3.68,1659207.858823529,35.86,23.44,Caution
2026-04-25 10:00:00,57.37,32.39,3.73,2331153.6235294114,37.17,28.68,Caution
2026-04-25 11:00:00,50.96,33.78,3.78,3049353.847058824,38.23,32.92,Caution
2026-04-25 12:00:00,46.81,34.74,3.97,3392698.3294117646,38.91,35.64,Caution
2026-04-25 13:00:00,45.99,34.92,4.44,3475440.164705882,39.01,36.04,Caution
2026-04-25 14:00:00,47.22,34.67,4.99,3234994.635294117,38.9,35.6,Caution
2026-04-25 15:00:00,49.09,34.18,5.37,2631889.1294117644,38.48,33.92,Caution
2026-04-25 16:00:00,52.77,33.18,5.54,2007847.5529411768,37.5,30.0,Caution
2026-04-25 17:00:00,60.08,31.65,5.57,1265429.882352941,36.29,25.16,Caution
2026-04-25 18:00:00,70.09,29.95,5.32,502685.6470588235,34.94,19.76,Normal / Safe
2026-04-25 19:00:00,78.62,28.78,5.01,50869.85882352941,33.86,15.44,Normal / Safe
2026-04-25 20:00:00,83.59,28.18,4.71,0.0,33.16,12.64,Normal / Safe
2026-04-25 21:00:00,86.46,27.85,4.47,0.0,32.7,10.8,Normal / Safe
2026-04-25 22:00:00,87.92,27.66,4.24,0.0,32.38,9.52,Normal / Safe
2026-04-25 23:00:00,88.13,27.56,4.2,0.0,32.12,8.48,Normal / Safe
2026-04-26 00:00:00,87.94,27.51,4.21,0.0,31.95,7.8,Normal / Safe
2026-04-26 01:00:00,88.15,27.4,4.09,0.0,31.66,6.64,Normal / Safe
2026-04-26 02:00:00,88.68,27.24,3.98,0.0,31.27,5.08,Normal / Safe
2026-04-26 03:00:00,89.8,27.03,3.91,0.0,30.8,3.2,Normal / Safe
2026-04-26 04:00:00,91.08,26.84,3.87,0.0,30.38,1.52,Normal / Safe
2026-04-26 05:00:00,92.06,26.74,3.89,0.0,30.18,0.72,Normal / Safe
2026-04-26 06:00:00,90.48,27.12,4.36,1125.717647058823,31.13,4.52,Normal / Safe
2026-04-26 07:00:00,82.17,28.56,4.99,211890.45882352936,33.96,15.84,Normal / Safe
2026-04-26 08:00:00,70.49,30.51,5.24,823303.6411764704,36.45,25.8,Caution
2026-04-26 09:00:00,60.11,32.42,5.35,1619111.0647058825,38.11,32.44,Caution
2026-04-26 10:00:00,50.51,34.38,5.4,2409992.282352941,39.42,37.68,Caution
2026-04-26 11:00:00,44.68,35.8,5.51,2978371.7294117645,40.44,41.76,Caution
2026-04-26 12:00:00,42.02,36.58,5.76,3278179.505882352,41.11,44.44,Extreme Caution
2026-04-26 13:00:00,41.06,36.86,6.21,3203667.74117647,41.34,45.36,Extreme Caution
2026-04-26 14:00:00,42.31,36.45,6.86,2375093.458823529,40.95,43.8,Caution
2026-04-26 15:00:00,45.76,35.43,7.35,2646609.882352941,40.03,40.12,Caution
2026-04-26 16:00:00,51.79,33.87,7.56,2106257.458823529,38.71,34.84,Caution
2026-04-26 17:00:00,60.31,31.99,7.42,1444668.0941176468,37.14,28.56,Caution
2026-04-26 18:00:00,69.19,30.3,7.0,618022.7529411763,35.57,22.28,Caution
2026-04-26 19:00:00,75.69,29.33,6.77,58278.870588235295,34.68,18.72,Normal / Safe
2026-04-26 20:00:00,79.11,28.88,6.69,0.0,34.22,16.88,Normal / Safe
2026-04-26 21:00:00,81.4,28.56,6.56,0.0,33.81,15.24,Normal / Safe
2026-04-26 22:00:00,83.32,28.32,6.32,0.0,33.51,14.04,Normal / Safe
2026-04-26 23:00:00,85.5,28.02,6.24,0.0,33.04,12.16,Normal / Safe
2026-04-27 00:00:00,88.0,27.66,6.39,0.0,32.39,9.56,Normal / Safe
2026-04-27 01:00:00,90.24,27.35,6.55,0.0,31.78,7.12,Normal / Safe
2026-04-27 02:00:00,91.21,27.23,6.55,0.0,31.55,6.2,Normal / Safe
2026-04-27 03:00:00,90.86,27.27,6.35,0.0,31.62,6.48,Normal / Safe
2026-04-27 04:00:00,90.5,27.3,6.02,0.0,31.67,6.68,Normal / Safe
2026-04-27 05:00:00,90.56,27.26,5.81,0.0,31.56,6.24,Normal / Safe
2026-04-27 06:00:00,89.09,27.52,5.95,1574.7529411764706,32.13,8.52,Normal / Safe
2026-04-27 07:00:00,81.33,28.71,6.64,268320.53529411764,34.21,16.84,Normal / Safe
2026-04-27 08:00:00,69.48,30.6,7.04,980801.6235294116,36.4,25.6,Caution
2026-04-27 09:00:00,58.33,32.64,6.85,1802035.3941176469,38.06,32.24,Caution
2026-04-27 10:00:00,49.15,34.67,6.42,2416535.282352941,39.59,38.36,Caution
2026-04-27 11:00:00,42.78,36.34,6.0,3084038.1647058823,40.89,43.56,Caution
2026-04-27 12:00:00,39.34,37.27,6.04,3413367.0941176466,41.52,46.08,Extreme Caution
2026-04-27 13:00:00,39.57,37.03,6.64,3434867.2941176468,41.11,44.44,Extreme Caution
2026-04-27 14:00:00,43.5,35.82,7.38,3260180.0705882357,40.04,40.16,Caution
2026-04-27 15:00:00,51.15,33.97,8.09,2799890.282352941,38.72,34.88,Caution
2026-04-27 16:00:00,60.22,32.08,8.33,2002631.8588235287,37.33,29.32,Caution
2026-04-27 17:00:00,67.95,30.66,8.0,1398024.7529411763,36.13,24.52,Caution
2026-04-27 18:00:00,74.6,29.56,7.64,549394.9882352941,35.03,20.12,Caution
2026-04-27 19:00:00,79.47,28.87,7.44,50524.94117647059,34.27,17.08,Normal / Safe
2026-04-27 20:00:00,81.38,28.59,7.38,0.0,33.89,15.56,Normal / Safe
2026-04-27 21:00:00,82.67,28.4,7.27,0.0,33.61,14.44,Normal / Safe
2026-04-27 22:00:00,84.17,28.2,7.14,0.0,33.32,13.28,Normal / Safe
2026-04-27 23:00:00,85.93,27.94,6.94,0.0,32.88,11.52,Normal / Safe
2026-04-28 00:00:00,87.41,27.7,6.78,0.0,32.42,9.68,Normal / Safe
2026-04-28 01:00:00,88.74,27.49,6.59,0.0,32.0,8.0,Normal / Safe
2026-04-28 02:00:00,89.78,27.34,6.45,0.0,31.7,6.8,Normal / Safe
2026-04-28 03:00:00,90.26,27.28,6.14,0.0,31.58,6.32,Normal / Safe
2026-04-28 04:00:00,90.31,27.3,5.9,0.0,31.64,6.56,Normal / Safe
2026-04-28 05:00:00,90.23,27.32,5.8,0.0,31.69,6.76,Normal / Safe
2026-04-28 06:00:00,88.98,27.54,5.84,1727.270588235294,32.18,8.72,Normal / Safe
2026-04-28 07:00:00,83.95,28.35,6.06,270148.43235294113,33.71,14.84,Normal / Safe
2026-04-28 08:00:00,75.41,29.62,6.08,976272.038235294,35.38,21.52,Caution
2026-04-28 09:00:00,65.64,31.26,5.84,1712018.0235294118,36.97,27.88,Caution
2026-04-28 10:00:00,56.13,33.14,5.38,2118276.811764706,38.51,34.04,Caution
2026-04-28 11:00:00,49.22,34.67,5.13,2625354.2941176468,39.61,38.44,Caution
2026-04-28 12:00:00,44.07,35.99,5.3,2474876.0,40.63,42.52,Caution
2026-04-28 13:00:00,42.04,36.5,5.56,2945700.047058823,40.95,43.8,Caution
2026-04-28 14:00:00,42.44,36.32,5.83,2760582.235294117,40.71,42.84,Caution
2026-04-28 15:00:00,44.73,35.54,6.25,2185488.0941176466,39.89,39.56,Caution
2026-04-28 16:00:00,50.22,34.07,6.94,1587771.5294117643,38.62,34.48,Caution
2026-04-28 17:00:00,60.99,31.87,7.74,1249229.5294117646,37.07,28.28,Caution
2026-04-28 18:00:00,73.73,29.68,7.93,517016.6823529412,35.13,20.52,Caution
2026-04-28 19:00:00,80.72,28.7,7.63,60116.18823529412,34.06,16.24,Normal / Safe
2026-04-28 20:00:00,81.24,28.61,7.37,0.0,33.92,15.68,Normal / Safe
2026-04-28 21:00:00,80.89,28.6,7.05,0.0,33.82,15.28,Normal / Safe
2026-04-28 22:00:00,81.36,28.47,6.74,0.0,33.56,14.24,Normal / Safe
2026-04-28 23:00:00,82.63,28.24,6.45,0.0,33.16,12.64,Normal / Safe
2026-04-29 00:00:00,83.99,28.03,6.19,0.0,32.81,11.24,Normal / Safe
2026-04-29 01:00:00,84.91,27.88,5.8,0.0,32.55,10.2,Normal / Safe
2026-04-29 02:00:00,84.97,27.83,5.46,0.0,32.42,9.68,Normal / Safe
2026-04-29 03:00:00,84.91,27.78,5.22,0.0,32.27,9.08,Normal / Safe
2026-04-29 04:00:00,85.35,27.68,4.97,0.0,32.06,8.24,Normal / Safe
2026-04-29 05:00:00,86.37,27.5,4.75,0.0,31.7,6.8,Normal / Safe
2026-04-29 06:00:00,85.2,27.78,4.92,2191.741176470588,32.31,9.24,Normal / Safe
2026-04-29 07:00:00,77.98,29.07,5.2,288340.2147058823,34.5,18.0,Normal / Safe
2026-04-29 08:00:00,66.35,31.23,5.21,975684.1323529412,37.11,28.44,Caution
2026-04-29 09:00:00,55.66,33.54,5.03,1754781.370588235,39.3,37.2,Caution
2026-04-29 10:00:00,48.55,35.36,4.89,2542709.0117647056,40.95,43.8,Caution
2026-04-29 11:00:00,44.35,36.56,5.1,3054893.811764705,42.03,48.12,Extreme Caution
2026-04-29 12:00:00,42.43,37.18,5.68,3408446.4235294107,42.63,50.52,Extreme Caution
2026-04-29 13:00:00,42.23,37.23,6.5,3455989.0588235287,42.66,50.64,Extreme Caution
2026-04-29 14:00:00,43.76,36.71,7.38,3249905.2235294115,42.12,48.48,Extreme Caution
2026-04-29 15:00:00,48.04,35.45,8.19,2809793.6941176467,40.96,43.84,Caution
2026-04-29 16:00:00,54.31,33.72,8.72,1992895.129411765,39.25,37.0,Caution
2026-04-29 17:00:00,62.49,31.79,8.66,1059784.988235294,37.33,29.32,Caution
2026-04-29 18:00:00,71.57,30.05,8.19,424225.788235294,35.55,22.2,Caution
2026-04-29 19:00:00,77.66,29.15,7.72,62378.6588235294,34.64,18.56,Normal / Safe
2026-04-29 20:00:00,80.67,28.79,7.56,0.0,34.3,17.2,Normal / Safe
2026-04-29 21:00:00,82.47,28.53,7.41,0.0,33.93,15.72,Normal / Safe
2026-04-29 22:00:00,83.83,28.28,7.26,0.0,33.49,13.96,Normal / Safe
2026-04-29 23:00:00,84.68,28.05,6.96,0.0,32.98,11.92,Normal / Safe
2026-04-30 00:00:00,85.23,27.85,6.86,0.0,32.51,10.04,Normal / Safe
2026-04-30 01:00:00,85.84,27.67,7.03,0.0,32.1,8.4,Normal / Safe
2026-04-30 02:00:00,86.38,27.53,7.14,0.0,31.79,7.16,Normal / Safe
2026-04-30 03:00:00,86.73,27.41,6.55,0.0,31.5,6.0,Normal / Safe
2026-04-30 04:00:00,86.82,27.29,5.75,0.0,31.19,4.76,Normal / Safe
2026-04-30 05:00:00,86.89,27.16,5.26,0.0,30.84,3.36,Normal / Safe
2026-04-30 06:00:00,84.5,27.47,5.32,2340.9882352941177,31.38,5.52,Normal / Safe
2026-04-30 07:00:00,75.17,28.68,5.85,267412.7205882353,32.95,11.8,Normal / Safe
2026-04-30 08:00:00,63.83,30.15,6.08,870929.6029411763,33.94,15.76,Normal / Safe
2026-04-30 09:00:00,55.71,31.53,6.29,1627655.5588235294,34.87,19.48,Normal / Safe
2026-04-30 10:00:00,51.67,32.55,6.31,2366914.7529411763,35.85,23.4,Caution
2026-04-30 11:00:00,49.59,33.22,6.24,3005153.564705882,36.62,26.48,Caution
2026-04-30 12:00:00,48.68,33.55,6.23,3378306.764705882,37.02,28.08,Caution
2026-04-30 13:00:00,48.82,33.54,6.28,2825975.152941176,37.04,28.16,Caution
2026-04-30 14:00:00,49.86,33.26,6.34,2345387.74117647,36.78,27.12,Caution
2026-04-30 15:00:00,52.26,32.6,6.57,2311460.4,36.12,24.48,Caution
2026-04-30 16:00:00,56.4,31.6,6.7,1706128.1647058823,35.18,20.72,Caution
2026-04-30 17:00:00,63.15,30.3,6.51,985098.2588235292,34.11,16.44,Normal / Safe
2026-04-30 18:00:00,72.71,28.88,5.98,438395.9294117647,32.96,11.84,Normal / Safe
2026-04-30 19:00:00,80.68,28.01,5.75,57063.43529411765,32.23,8.92,Normal / Safe
2026-04-30 20:00:00,85.42,27.58,5.65,0.0,31.8,7.2,Normal / Safe
2026-04-30 21:00:00,87.55,27.42,5.43,0.0,31.64,6.56,Normal / Safe
2026-04-30 22:00:00,88.89,27.36,5.18,0.0,31.64,6.56,Normal / Safe
2026-04-30 23:00:00,90.53,27.28,5.0,0.0,31.61,6.44,Normal / Safe
2026-05-01 00:00:00,91.7,27.18,5.3,0.0,31.46,5.84,Normal / Safe
2026-05-01 01:00:00,91.51,27.01,6.02,0.0,30.92,3.68,Normal / Safe
2026-05-01 02:00:00,90.94,26.82,6.17,0.0,30.31,1.24,Normal / Safe
2026-05-01 03:00:00,91.91,26.66,5.17,0.0,29.94,0.0,Normal / Safe
2026-05-01 04:00:00,92.65,26.63,4.16,0.0,29.91,0.0,Normal / Safe
2026-05-01 05:00:00,93.44,26.61,3.47,0.0,29.92,0.0,Normal / Safe
2026-05-01 06:00:00,92.51,27.02,3.71,2445.741176470588,31.06,4.24,Normal / Safe
2026-05-01 07:00:00,88.64,27.81,4.7,189565.7794117647,32.93,11.72,Normal / Safe
2026-05-01 08:00:00,82.38,28.69,5.43,649652.7088235294,34.37,17.48,Normal / Safe
2026-05-01 09:00:00,76.66,29.52,5.51,1368143.6764705882,35.41,21.64,Caution
2026-05-01 10:00:00,70.81,30.48,5.45,2104397.7529411763,36.46,25.84,Caution
2026-05-01 11:00:00,65.34,31.55,5.61,2916489.74117647,37.61,30.44,Caution
2026-05-01 12:00:00,61.31,32.42,5.78,3252617.988235294,38.51,34.04,Caution
2026-05-01 13:00:00,58.53,33.03,5.68,3010535.647058823,39.07,36.28,Caution
2026-05-01 14:00:00,56.73,33.33,5.6,2911048.7529411763,39.17,36.68,Caution
2026-05-01 15:00:00,55.83,33.32,5.22,2558373.670588235,38.83,35.32,Caution
2026-05-01 16:00:00,56.58,32.87,4.81,1818428.9176470584,38.03,32.12,Caution
2026-05-01 17:00:00,61.3,31.7,4.89,1145764.4470588234,36.76,27.04,Caution
2026-05-01 18:00:00,70.98,29.83,5.01,378340.8,34.86,19.44,Normal / Safe
2026-05-01 19:00:00,77.95,28.69,5.04,60745.08235294117,33.49,13.96,Normal / Safe
2026-05-01 20:00:00,80.14,28.27,4.58,0.0,32.81,11.24,Normal / Safe
2026-05-01 21:00:00,81.7,28.01,4.39,0.0,32.39,9.56,Normal / Safe
2026-05-01 22:00:00,83.53,27.78,4.42,0.0,32.06,8.24,Normal / Safe
2026-05-01 23:00:00,85.59,27.53,4.5,0.0,31.68,6.72,Normal / Safe
2026-05-02 00:00:00,87.09,27.3,4.69,0.0,31.25,5.0,Normal / Safe
2026-05-02 01:00:00,88.18,27.11,4.79,0.0,30.85,3.4,Normal / Safe
2026-05-02 02:00:00,88.84,26.95,4.89,0.0,30.48,1.92,Normal / Safe
2026-05-02 03:00:00,89.0,26.79,4.95,0.0,30.05,0.2,Normal / Safe
2026-05-02 04:00:00,88.75,26.62,5.03,0.0,29.57,0.0,Normal / Safe
2026-05-02 05:00:00,88.52,26.43,5.21,0.0,29.06,0.0,Normal / Safe
2026-05-02 06:00:00,84.95,26.77,6.12,3177.8352941176468,29.65,0.0,Normal / Safe
2026-05-02 07:00:00,75.31,28.06,7.23,264207.40294117643,31.53,6.12,Normal / Safe
2026-05-02 08:00:00,65.98,29.74,7.42,900257.0794117646,33.53,14.12,Normal / Safe
2026-05-02 09:00:00,58.68,31.5,7.17,1655987.6588235293,35.57,22.28,Caution
2026-05-02 10:00:00,52.81,33.12,6.83,2392351.3176470585,37.38,29.52,Caution
2026-05-02 11:00:00,49.04,34.34,6.57,3072851.1411764706,38.81,35.24,Caution
2026-05-02 12:00:00,46.69,35.23,6.42,3404444.952941176,39.94,39.76,Caution
2026-05-02 13:00:00,45.63,35.72,6.29,3468426.2117647054,40.63,42.52,Caution
2026-05-02 14:00:00,45.67,35.83,6.2,3153873.2,40.9,43.6,Caution
2026-05-02 15:00:00,47.52,35.28,6.32,2629296.352941176,40.36,41.44,Caution
2026-05-02 16:00:00,51.3,34.26,6.73,2144737.082352941,39.43,37.72,Caution
2026-05-02 17:00:00,58.52,32.61,7.09,1291607.2,38.05,32.2,Caution
2026-05-02 18:00:00,68.0,30.75,6.97,522230.7058823529,36.37,25.48,Caution
2026-05-02 19:00:00,74.64,29.6,6.65,62199.67058823528,35.14,20.56,Caution
2026-05-02 20:00:00,77.58,29.16,6.16,0.0,34.65,18.6,Normal / Safe
2026-05-02 21:00:00,78.87,28.98,5.74,0.0,34.44,17.76,Normal / Safe
2026-05-02 22:00:00,79.33,28.94,5.12,0.0,34.43,17.72,Normal / Safe
2026-05-02 23:00:00,80.18,28.85,4.36,0.0,34.36,17.44,Normal / Safe
2026-05-03 00:00:00,82.22,28.52,3.98,0.0,33.86,15.44,Normal / Safe
2026-05-03 01:00:00,84.51,28.11,4.27,0.0,33.12,12.48,Normal / Safe
2026-05-03 02:00:00,86.52,27.75,4.32,0.0,32.43,9.72,Normal / Safe
2026-05-03 03:00:00,87.88,27.53,4.04,0.0,32.0,8.0,Normal / Safe
2026-05-03 04:00:00,88.72,27.41,3.84,0.0,31.76,7.04,Normal / Safe
2026-05-03 05:00:00,89.5,27.25,3.89,0.0,31.4,5.6,Normal / Safe
2026-05-03 06:00:00,87.98,27.63,4.5,2160.376470588235,32.3,9.2,Normal / Safe
2026-05-03 07:00:00,82.1,28.76,5.08,144399.26470588235,34.51,18.04,Normal / Safe
2026-05-03 08:00:00,72.8,30.41,5.17,477424.08823529416,36.82,27.28,Caution
2026-05-03 09:00:00,61.21,32.34,4.84,916948.3411764704,38.27,33.08,Caution
2026-05-03 10:00:00,51.87,34.08,4.2,1385551.9411764704,39.22,36.88,Caution
2026-05-03 11:00:00,45.99,35.36,3.58,1950264.4823529408,39.96,39.84,Caution
2026-05-03 12:00:00,42.76,36.15,3.33,2375971.7176470584,40.47,41.88,Caution
2026-05-03 13:00:00,40.8,36.65,3.6,2590719.482352941,40.78,43.12,Caution
2026-05-03 14:00:00,40.61,36.5,4.26,2335984.5411764705,40.39,41.56,Caution
2026-05-03 15:00:00,41.98,35.92,4.93,2391221.1058823527,39.69,38.76,Caution
2026-05-03 16:00:00,45.29,34.84,5.41,2011887.082352941,38.6,34.4,Caution
2026-05-03 17:00:00,51.54,33.23,5.65,1399398.1176470586,37.22,28.88,Caution
2026-05-03 18:00:00,60.86,31.34,5.38,594597.082352941,35.81,23.24,Caution
2026-05-03 19:00:00,69.64,30.03,4.95,69809.31764705882,35.02,20.08,Caution
2026-05-03 20:00:00,75.24,29.37,4.69,0.0,34.68,18.72,Normal / Safe
2026-05-03 21:00:00,79.68,28.89,4.59,0.0,34.37,17.48,Normal / Safe
2026-05-03 22:00:00,83.48,28.49,4.57,0.0,34.02,16.08,Normal / Safe
2026-05-03 23:00:00,86.73,28.11,4.49,0.0,33.51,14.04,Normal / Safe
2026-05-04 00:00:00,88.94,27.8,4.36,0.0,32.95,11.8,Normal / Safe
2026-05-04 01:00:00,89.95,27.55,4.28,0.0,32.35,9.4,Normal / Safe
2026-05-04 02:00:00,90.13,27.38,4.3,0.0,31.86,7.44,Normal / Safe
2026-05-04 03:00:00,90.22,27.2,4.12,0.0,31.34,5.36,Normal / Safe
2026-05-04 04:00:00,90.45,27.03,3.92,0.0,30.87,3.48,Normal / Safe
2026-05-04 05:00:00,89.98,26.92,3.8,0.0,30.51,2.04,Normal / Safe
2026-05-04 06:00:00,86.68,27.48,4.08,3207.576470588235,31.69,6.76,Normal / Safe
2026-05-04 07:00:00,75.94,28.95,4.56,251689.9882352941,33.76,15.04,Normal / Safe
2026-05-04 08:00:00,64.66,30.63,4.55,897873.3294117647,35.2,20.8,Caution
2026-05-04 09:00:00,58.12,32.13,4.26,1644837.7411764706,36.81,27.24,Caution
2026-05-04 10:00:00,53.87,33.4,4.01,2067862.0117647052,38.35,33.4,Caution
2026-05-04 11:00:00,50.82,34.26,3.96,2857056.2941176468,39.26,37.04,Caution
2026-05-04 12:00:00,49.02,34.75,4.03,3038656.376470588,39.72,38.88,Caution
2026-05-04 13:00:00,48.01,34.98,4.21,3111830.305882353,39.87,39.48,Caution
2026-05-04 14:00:00,48.3,34.82,4.5,2651285.576470588,39.62,38.48,Caution
2026-05-04 15:00:00,50.15,34.12,4.7,2420116.282352941,38.71,34.84,Caution
2026-05-04 16:00:00,53.36,33.05,4.78,1858736.3058823529,37.4,29.6,Caution
2026-05-04 17:00:00,59.14,31.58,4.77,1236888.0235294115,35.87,23.48,Caution
2026-05-04 18:00:00,67.37,29.98,4.56,526959.8588235293,34.37,17.48,Normal / Safe
2026-05-04 19:00:00,75.22,28.84,4.39,63839.43529411764,33.34,13.36,Normal / Safe
2026-05-04 20:00:00,80.97,28.14,4.24,0.0,32.61,10.44,Normal / Safe
2026-05-04 21:00:00,84.22,27.79,4.15,0.0,32.19,8.76,Normal / Safe
2026-05-04 22:00:00,85.31,27.68,4.07,0.0,32.05,8.2,Normal / Safe
2026-05-04 23:00:00,86.14,27.57,3.86,0.0,31.87,7.48,Normal / Safe
2026-05-05 00:00:00,86.92,27.46,3.59,0.0,31.67,6.68,Normal / Safe
2026-05-05 01:00:00,87.7,27.34,3.25,0.0,31.43,5.72,Normal / Safe
2026-05-05 02:00:00,88.26,27.26,2.88,0.0,31.28,5.12,Normal / Safe
2026-05-05 03:00:00,89.06,27.14,2.43,0.0,31.03,4.12,Normal / Safe
2026-05-05 04:00:00,89.78,27.01,2.01,0.0,30.74,2.96,Normal / Safe
2026-05-05 05:00:00,90.3,26.88,1.72,0.0,30.42,1.68,Normal / Safe
2026-05-05 06:00:00,87.8,27.32,2.1,4300.7058823529405,31.39,5.56,Normal / Safe
2026-05-05 07:00:00,83.08,28.06,2.55,246205.3794117647,32.75,11.0,Normal / Safe
2026-05-05 08:00:00,76.88,28.96,2.84,698006.0558823529,33.98,15.92,Normal / Safe
2026-05-05 09:00:00,70.57,29.9,3.02,1541253.7882352942,34.93,19.72,Normal / Safe
2026-05-05 10:00:00,65.0,30.92,3.21,2184334.2588235294,35.97,23.88,Caution
2026-05-05 11:00:00,59.89,31.8,3.49,2711711.6,36.58,26.32,Caution
2026-05-05 12:00:00,56.06,32.43,3.72,2998017.811764705,36.87,27.48,Caution
2026-05-05 13:00:00,53.51,32.74,3.91,3026050.470588235,36.78,27.12,Caution
2026-05-05 14:00:00,52.49,32.61,4.0,2966266.3294117646,36.21,24.84,Caution
2026-05-05 15:00:00,52.0,32.27,4.21,2635046.023529412,35.38,21.52,Caution
2026-05-05 16:00:00,52.14,31.7,4.33,1789063.2470588237,34.32,17.28,Normal / Safe
2026-05-05 17:00:00,54.61,30.73,4.15,817352.7529411764,33.08,12.32,Normal / Safe
2026-05-05 18:00:00,63.44,29.03,3.28,471088.7764705882,31.64,6.56,Normal / Safe
2026-05-05 19:00:00,69.69,27.91,2.93,61990.49411764705,30.45,1.8,Normal / Safe
2026-05-05 20:00:00,73.23,27.36,2.7,0.0,29.81,0.0,Normal / Safe
2026-05-05 21:00:00,76.29,26.92,2.47,0.0,29.24,0.0,Normal / Safe
2026-05-05 22:00:00,78.55,26.56,2.33,0.0,28.69,0.0,Normal / Safe
2026-05-05 23:00:00,80.75,26.21,2.24,0.0,28.11,0.0,Normal / Safe
2026-05-06 00:00:00,82.84,25.86,2.13,0.0,27.48,0.0,Normal / Safe
2026-05-06 01:00:00,84.55,25.54,1.96,0.0,26.86,0.0,Normal / Safe
2026-05-06 02:00:00,85.97,25.24,1.8,0.0,26.24,0.0,Normal / Safe
2026-05-06 03:00:00,86.88,25.01,1.57,0.0,25.76,0.0,Normal / Safe
2026-05-06 04:00:00,87.31,24.86,1.38,0.0,25.44,0.0,Normal / Safe
2026-05-06 05:00:00,87.6,24.78,1.29,0.0,25.27,0.0,Normal / Safe
2026-05-06 06:00:00,84.09,25.72,1.38,4707.199999999999,27.22,0.0,Normal / Safe
2026-05-06 07:00:00,73.21,27.41,1.78,258797.5882352941,29.91,0.0,Normal / Safe
2026-05-06 08:00:00,57.54,29.56,1.91,957522.6529411764,31.59,6.36,Normal / Safe
2026-05-06 09:00:00,47.36,31.45,1.97,1618078.4999999998,32.83,11.32,Normal / Safe
2026-05-06 10:00:00,42.48,32.86,2.07,2329053.788235294,34.1,16.4,Normal / Safe
2026-05-06 11:00:00,40.17,33.94,2.24,2927777.9058823525,35.37,21.48,Caution
2026-05-06 12:00:00,38.92,34.72,2.58,3327857.470588235,36.4,25.6,Caution
2026-05-06 13:00:00,38.41,35.1,3.09,3132003.8352941177,36.93,27.72,Caution
2026-05-06 14:00:00,38.84,35.05,3.76,2933617.082352941,36.96,27.84,Caution
2026-05-06 15:00:00,40.53,34.48,4.45,2427174.2117647054,36.42,25.68,Caution
2026-05-06 16:00:00,43.88,33.46,5.04,1910129.6,35.48,21.92,Caution
2026-05-06 17:00:00,50.08,31.83,5.52,858307.6235294116,34.07,16.28,Normal / Safe
2026-05-06 18:00:00,58.75,29.99,5.56,444759.9764705881,32.57,10.28,Normal / Safe
2026-05-06 19:00:00,65.8,28.84,5.3,50498.84705882353,31.67,6.68,Normal / Safe
2026-05-06 20:00:00,69.13,28.42,4.87,0.0,31.37,5.48,Normal / Safe
2026-05-06 21:00:00,70.79,28.23,4.46,0.0,31.23,4.92,Normal / Safe
2026-05-06 22:00:00,72.06,28.05,4.27,0.0,31.05,4.2,Normal / Safe
2026-05-06 23:00:00,73.65,27.83,4.08,0.0,30.81,3.24,Normal / Safe
2026-05-07 00:00:00,75.43,27.59,3.86,0.0,30.53,2.12,Normal / Safe
2026-05-07 01:00:00,77.32,27.32,3.6,0.0,30.17,0.68,Normal / Safe
2026-05-07 02:00:00,79.32,27.05,3.34,0.0,29.79,0.0,Normal / Safe
2026-05-07 03:00:00,81.3,26.79,3.11,0.0,29.39,0.0,Normal / Safe
2026-05-07 04:00:00,82.84,26.6,2.95,0.0,29.08,0.0,Normal / Safe
2026-05-07 05:00:00,84.28,26.42,2.81,0.0,28.77,0.0,Normal / Safe
2026-05-07 06:00:00,80.25,27.37,3.53,5627.788235294117,30.61,2.44,Normal / Safe
2026-05-07 07:00:00,71.96,28.96,4.27,318137.6088235294,33.01,12.04,Normal / Safe
2026-05-07 08:00:00,63.51,30.57,4.35,1015195.6147058824,34.78,19.12,Normal / Safe
2026-05-07 09:00:00,55.7,32.2,4.12,1741238.0,36.26,25.04,Caution
2026-05-07 10:00:00,50.01,33.54,3.84,2531453.647058823,37.41,29.64,Caution
2026-05-07 11:00:00,46.11,34.52,3.67,3070893.835294117,38.2,32.8,Caution
2026-05-07 12:00:00,43.7,35.19,3.64,3359040.8,38.78,35.12,Caution
2026-05-07 13:00:00,42.71,35.47,3.74,3340785.4352941173,39.01,36.04,Caution
2026-05-07 14:00:00,42.59,35.44,3.98,3226338.0235294118,38.91,35.64,Caution
2026-05-07 15:00:00,43.38,34.99,4.09,2741146.588235294,38.26,33.04,Caution
2026-05-07 16:00:00,45.16,34.16,4.09,2178902.894117647,37.17,28.68,Caution
2026-05-07 17:00:00,48.48,32.99,4.12,1405357.2705882352,35.84,23.36,Caution
2026-05-07 18:00:00,55.04,31.34,3.98,576427.4352941175,34.32,17.28,Normal / Safe
2026-05-07 19:00:00,62.4,29.98,3.93,81203.08235294116,33.28,13.12,Normal / Safe
2026-05-07 20:00:00,67.43,29.22,3.75,0.0,32.72,10.88,Normal / Safe
2026-05-07 21:00:00,70.84,28.77,3.61,0.0,32.38,9.52,Normal / Safe
2026-05-07 22:00:00,73.74,28.43,3.65,0.0,32.12,8.48,Normal / Safe
2026-05-07 23:00:00,76.14,28.11,3.67,0.0,31.77,7.08,Normal / Safe
2026-05-08 00:00:00,78.12,27.8,3.6,0.0,31.34,5.36,Normal / Safe
2026-05-08 01:00:00,79.71,27.54,3.43,0.0,30.94,3.76,Normal / Safe
2026-05-08 02:00:00,80.99,27.28,3.19,0.0,30.48,1.92,Normal / Safe
2026-05-08 03:00:00,82.37,27.03,2.88,0.0,30.04,0.16,Normal / Safe
2026-05-08 04:00:00,83.53,26.82,2.57,0.0,29.65,0.0,Normal / Safe
2026-05-08 05:00:00,84.33,26.65,2.38,0.0,29.31,0.0,Normal / Safe
2026-05-08 06:00:00,80.02,27.55,3.05,5732.470588235294,31.01,4.04,Normal / Safe
2026-05-08 07:00:00,71.76,28.96,3.72,273606.4411764706,32.97,11.88,Normal / Safe
2026-05-08 08:00:00,63.38,30.49,3.89,940664.876470588,34.57,18.28,Normal / Safe
2026-05-08 09:00:00,56.88,32.01,3.95,1701403.3529411764,36.18,24.72,Caution
2026-05-08 10:00:00,52.39,33.17,3.96,2219607.176470588,37.36,29.44,Caution
2026-05-08 11:00:00,48.91,34.05,3.88,2990480.8823529407,38.14,32.56,Caution
2026-05-08 12:00:00,46.38,34.66,3.77,3343557.2470588232,38.59,34.36,Caution
2026-05-08 13:00:00,44.72,35.02,3.68,3342706.588235294,38.78,35.12,Caution
2026-05-08 14:00:00,44.29,35.01,3.67,3114298.0705882357,38.61,34.44,Caution
2026-05-08 15:00:00,44.67,34.65,3.74,2596654.4,38.0,32.0,Caution
2026-05-08 16:00:00,45.76,33.98,3.77,1989253.388235294,37.0,28.0,Caution
2026-05-08 17:00:00,48.8,32.87,3.71,1300815.0588235292,35.7,22.8,Caution
2026-05-08 18:00:00,56.08,31.17,3.37,491655.7176470588,34.24,16.96,Normal / Safe
2026-05-08 19:00:00,64.09,29.78,3.51,78875.85882352942,33.22,12.88,Normal / Safe
2026-05-08 20:00:00,70.29,28.97,3.61,0.0,32.72,10.88,Normal / Safe
2026-05-08 21:00:00,75.35,28.36,3.43,0.0,32.22,8.88,Normal / Safe
2026-05-08 22:00:00,79.53,27.87,3.3,0.0,31.71,6.84,Normal / Safe
2026-05-08 23:00:00,82.96,27.44,3.28,0.0,31.11,4.44,Normal / Safe
2026-05-09 00:00:00,85.44,27.09,3.24,0.0,30.5,2.0,Normal / Safe
2026-05-09 01:00:00,87.38,26.76,3.11,0.0,29.83,0.0,Normal / Safe
2026-05-09 02:00:00,89.01,26.43,2.88,0.0,29.09,0.0,Normal / Safe
2026-05-09 03:00:00,90.31,26.14,2.53,0.0,28.41,0.0,Normal / Safe
2026-05-09 04:00:00,91.25,25.9,2.18,0.0,27.82,0.0,Normal / Safe
2026-05-09 05:00:00,91.46,25.75,1.93,0.0,27.44,0.0,Normal / Safe
2026-05-09 06:00:00,85.92,26.75,2.42,6302.823529411764,29.68,0.0,Normal / Safe
2026-05-09 07:00:00,77.12,28.21,2.96,310947.4264705882,32.16,8.64,Normal / Safe
2026-05-09 08:00:00,66.3,29.81,3.12,1014638.1558823528,33.75,15.0,Normal / Safe
2026-05-09 09:00:00,55.8,31.57,3.42,1739327.1352941173,34.97,19.88,Normal / Safe
2026-05-09 10:00:00,48.71,32.97,3.7,2496293.0117647056,35.87,23.48,Caution
2026-05-09 11:00:00,44.53,33.95,3.88,3023898.1058823527,36.57,26.28,Caution
2026-05-09 12:00:00,42.19,34.51,3.94,3317099.388235294,36.95,27.8,Caution
2026-05-09 13:00:00,41.19,34.74,4.03,3436107.5764705883,37.09,28.36,Caution
2026-05-09 14:00:00,41.22,34.6,4.18,3164544.2117647054,36.83,27.32,Caution
2026-05-09 15:00:00,42.36,34.11,4.4,2794502.282352941,36.26,25.04,Caution
2026-05-09 16:00:00,45.02,33.23,4.65,2108542.635294117,35.37,21.48,Caution
2026-05-09 17:00:00,50.04,31.9,4.82,1266184.094117647,34.19,16.76,Normal / Safe
2026-05-09 18:00:00,58.44,30.2,4.76,511010.8,32.9,11.6,Normal / Safe
2026-05-09 19:00:00,67.64,28.89,4.7,71513.22352941176,32.07,8.28,Normal / Safe
2026-05-09 20:00:00,74.18,28.19,4.78,0.0,31.65,6.6,Normal / Safe
2026-05-09 21:00:00,78.11,27.83,4.59,0.0,31.41,5.64,Normal / Safe
2026-05-09 22:00:00,80.67,27.54,4.2,0.0,31.06,4.24,Normal / Safe
2026-05-09 23:00:00,82.25,27.31,3.73,0.0,30.7,2.8,Normal / Safe
2026-05-10 00:00:00,83.42,27.07,3.29,0.0,30.24,0.96,Normal / Safe
2026-05-10 01:00:00,84.45,26.84,2.98,0.0,29.78,0.0,Normal / Safe
2026-05-10 02:00:00,85.45,26.62,2.82,0.0,29.32,0.0,Normal / Safe
2026-05-10 03:00:00,86.35,26.41,2.52,0.0,28.87,0.0,Normal / Safe
2026-05-10 04:00:00,87.28,26.21,2.19,0.0,28.44,0.0,Normal / Safe
2026-05-10 05:00:00,88.0,26.03,1.96,0.0,28.04,0.0,Normal / Safe
2026-05-10 06:00:00,83.23,26.95,2.48,7426.823529411765,29.93,0.0,Normal / Safe
2026-05-10 07:00:00,76.17,28.22,2.74,343137.8617647058,32.03,8.12,Normal / Safe
2026-05-10 08:00:00,68.8,29.57,2.62,1058408.5735294116,33.76,15.04,Normal / Safe
2026-05-10 09:00:00,61.61,31.0,2.76,1737674.717647059,35.25,21.0,Caution
2026-05-10 10:00:00,55.64,32.27,3.05,2344724.188235294,36.39,25.56,Caution
2026-05-10 11:00:00,51.04,33.25,3.4,2999531.2470588232,37.11,28.44,Caution
2026-05-10 12:00:00,48.08,33.84,3.77,3237540.94117647,37.43,29.72,Caution
2026-05-10 13:00:00,46.48,34.08,4.06,3125929.435294118,37.42,29.68,Caution
2026-05-10 14:00:00,46.02,33.99,4.31,2636560.870588235,37.1,28.4,Caution
2026-05-10 15:00:00,47.24,33.43,4.64,2638868.823529412,36.35,25.4,Caution
2026-05-10 16:00:00,50.27,32.47,4.94,1970947.6705882356,35.32,21.28,Caution
2026-05-10 17:00:00,55.38,31.16,5.09,1139317.7411764704,34.06,16.24,Normal / Safe
2026-05-10 18:00:00,62.89,29.63,4.97,522700.5647058823,32.68,10.72,Normal / Safe
2026-05-10 19:00:00,69.97,28.59,4.77,72873.9294117647,31.85,7.4,Normal / Safe
2026-05-10 20:00:00,74.26,28.13,4.52,0.0,31.53,6.12,Normal / Safe
2026-05-10 21:00:00,76.91,27.85,4.14,0.0,31.29,5.16,Normal / Safe
2026-05-10 22:00:00,78.96,27.59,3.81,0.0,30.96,3.84,Normal / Safe
2026-05-10 23:00:00,80.65,27.33,3.58,0.0,30.56,2.24,Normal / Safe
2026-05-11 00:00:00,81.86,27.1,3.41,0.0,30.15,0.6,Normal / Safe
2026-05-11 01:00:00,82.23,27.01,3.37,0.0,29.98,0.0,Normal / Safe
2026-05-11 02:00:00,82.67,26.94,3.06,0.0,29.85,0.0,Normal / Safe
2026-05-11 03:00:00,83.39,26.79,2.61,0.0,29.56,0.0,Normal / Safe
2026-05-11 04:00:00,84.2,26.63,2.16,0.0,29.25,0.0,Normal / Safe
2026-05-11 05:00:00,85.0,26.47,1.8,0.0,28.93,0.0,Normal / Safe
2026-05-11 06:00:00,80.89,27.29,2.32,7426.541176470588,30.49,1.96,Normal / Safe
2026-05-11 07:00:00,74.27,28.45,2.61,321450.8588235294,32.25,9.0,Normal / Safe
2026-05-11 08:00:00,67.72,29.75,2.46,1002454.9529411764,33.93,15.72,Normal / Safe
2026-05-11 09:00:00,61.46,31.11,2.38,1572983.482352941,35.46,21.84,Caution
2026-05-11 10:00:00,55.91,32.37,2.48,2144541.235294117,36.69,26.76,Caution
2026-05-11 11:00:00,51.5,33.42,2.8,2806747.682352941,37.62,30.48,Caution
2026-05-11 12:00:00,48.77,34.1,3.2,3028603.0588235287,38.2,32.8,Caution
2026-05-11 13:00:00,47.52,34.37,3.57,3362464.282352941,38.36,33.44,Caution
2026-05-11 14:00:00,47.73,34.21,3.87,2708536.117647059,38.09,32.36,Caution
2026-05-11 15:00:00,49.28,33.65,4.14,2530643.3411764703,37.41,29.64,Caution
2026-05-11 16:00:00,52.18,32.78,4.37,1949233.5294117648,36.47,25.88,Caution
2026-05-11 17:00:00,57.04,31.58,4.57,1288707.9294117645,35.31,21.24,Caution
2026-05-11 18:00:00,63.75,30.21,4.63,395752.3529411765,34.05,16.2,Normal / Safe
2026-05-11 19:00:00,70.27,29.2,4.65,78383.2,33.22,12.88,Normal / Safe
2026-05-11 20:00:00,74.52,28.66,4.52,0.0,32.78,11.12,Normal / Safe
2026-05-11 21:00:00,77.09,28.36,4.17,0.0,32.51,10.04,Normal / Safe
2026-05-11 22:00:00,78.89,28.15,3.79,0.0,32.3,9.2,Normal / Safe
2026-05-11 23:00:00,80.22,27.93,3.46,0.0,31.96,7.84,Normal / Safe
2026-05-12 00:00:00,81.52,27.67,3.08,0.0,31.49,5.96,Normal / Safe
2026-05-12 01:00:00,82.8,27.41,2.75,0.0,31.01,4.04,Normal / Safe
2026-05-12 02:00:00,83.67,27.23,2.5,0.0,30.66,2.64,Normal / Safe
2026-05-12 03:00:00,84.16,27.11,2.34,0.0,30.41,1.64,Normal / Safe
2026-05-12 04:00:00,84.12,27.05,2.07,0.0,30.26,1.04,Normal / Safe
2026-05-12 05:00:00,84.14,26.99,1.71,0.0,30.11,0.44,Normal / Safe
2026-05-12 06:00:00,80.27,27.67,2.1,7771.905882352941,31.33,5.32,Normal / Safe
2026-05-12 07:00:00,73.17,28.84,2.25,324953.944117647,32.96,11.84,Normal / Safe
2026-05-12 08:00:00,66.29,30.2,2.2,986601.0264705884,34.62,18.48,Normal / Safe
2026-05-12 09:00:00,60.15,31.46,2.34,1563046.1235294116,35.89,23.56,Caution
2026-05-12 10:00:00,54.72,32.74,2.81,2203540.176470588,37.14,28.56,Caution
2026-05-12 11:00:00,51.03,33.7,3.41,2856310.905882353,38.08,32.32,Caution
2026-05-12 12:00:00,49.15,34.25,3.93,3236803.4470588234,38.65,34.6,Caution
2026-05-12 13:00:00,48.72,34.39,4.33,3020625.388235294,38.81,35.24,Caution
2026-05-12 14:00:00,49.24,34.18,4.6,3191505.788235294,38.53,34.12,Caution
2026-05-12 15:00:00,51.16,33.57,4.77,2813313.5294117643,37.84,31.36,Caution
2026-05-12 16:00:00,55.02,32.5,4.88,2121692.0470588235,36.71,26.84,Caution
2026-05-12 17:00:00,60.24,31.28,4.93,1308122.7529411763,35.51,22.04,Caution
2026-05-12 18:00:00,66.87,29.92,4.77,643395.9294117646,34.12,16.48,Normal / Safe
2026-05-12 19:00:00,72.54,28.99,4.53,83756.04705882352,33.19,12.76,Normal / Safe
2026-05-12 20:00:00,75.75,28.57,4.28,0.0,32.79,11.16,Normal / Safe
2026-05-12 21:00:00,77.45,28.38,4.05,0.0,32.62,10.48,Normal / Safe
2026-05-12 22:00:00,78.73,28.22,3.82,0.0,32.44,9.76,Normal / Safe
2026-05-12 23:00:00,79.96,28.03,3.61,0.0,32.17,8.68,Normal / Safe
