sector_id,area_m2,LST,NDVI,vegetation_cover_pct,vulnerability_index,vulnerability_class,population_density_per_km2,population_density_class,dist_hospital_km,outdoor_exposure,HHSI_season_mean,HHSI_season_max,danger_days
SEC-A01,900.0,38.1,0.3,14.8,0.23,Low,676.1,Low,1.48,High,31.84191780821918,43.28,0
SEC-A02,900.0,37.9,0.4,26.3,0.233,Low,676.1,Low,1.46,High,31.86835616438356,43.32,0
SEC-A03,900.0,37.1,0.36,21.3,0.236,Low,676.1,Low,1.43,Medium,31.895342465753426,43.36,0
SEC-A04,900.0,37.1,0.28,12.9,0.238,Low,603.0,Low,1.41,Medium,31.91328767123288,43.38,0
SEC-A05,900.0,37.1,0.35,20.1,0.242,Low,603.0,Low,1.39,Medium,31.94917808219178,43.43,0
SEC-A06,900.0,37.1,0.34,19.0,0.245,Low,603.0,Low,1.37,Medium,31.976438356164387,43.47,0
SEC-A07,900.0,37.6,0.31,15.8,0.257,Low,1179.9,Low,1.35,High,32.083287671232874,43.61,0
SEC-A08,900.0,37.7,0.34,19.0,0.261,Low,1179.9,Low,1.33,High,32.11835616438356,43.66,0
SEC-A09,900.0,37.7,0.31,15.8,0.264,Low,1179.9,Low,1.31,High,32.145616438356164,43.7,0
SEC-A10,900.0,37.8,0.26,11.1,0.268,Low,1179.9,Low,1.29,High,32.1813698630137,43.75,0
SEC-A11,900.0,37.8,0.35,20.1,0.27,Low,1117.2,Low,1.28,High,32.19917808219178,43.77,0
SEC-A12,900.0,38.0,0.28,12.9,0.273,Low,1117.2,Low,1.26,High,32.226301369863016,43.81,0
SEC-A13,900.0,38.3,0.3,14.8,0.275,Low,1117.2,Low,1.24,High,32.24452054794521,43.83,0
SEC-A14,900.0,38.5,0.27,12.0,0.273,Low,805.6,Low,1.22,High,32.226301369863016,43.81,0
SEC-A15,900.0,38.6,0.3,14.8,0.274,Low,805.6,Low,1.21,High,32.2354794520548,43.82,0
SEC-A16,900.0,38.6,0.33,17.9,0.275,Low,805.6,Low,1.19,High,32.24452054794521,43.83,0
SEC-A17,900.0,38.7,0.32,16.8,0.276,Low,805.6,Low,1.17,High,32.25287671232877,43.84,0
SEC-A18,900.0,38.7,0.32,16.8,0.272,Low,555.6,Low,1.16,High,32.216986301369865,43.79,0
SEC-A19,900.0,38.6,0.35,20.1,0.271,Low,555.6,Low,1.14,High,32.20794520547945,43.78,0
SEC-A20,900.0,38.5,0.31,15.8,0.269,Low,555.6,Low,1.12,High,32.19041095890411,43.76,0
SEC-A21,900.0,38.3,0.31,15.8,0.267,Low,555.6,Low,1.09,High,32.172602739726024,43.73,0
SEC-A22,900.0,38.3,0.35,20.1,0.26,Low,328.5,Low,1.06,High,32.10986301369863,43.65,0
SEC-A23,900.0,38.2,0.28,12.9,0.257,Low,328.5,Low,1.03,High,32.083287671232874,43.61,0
SEC-A24,900.0,38.5,0.31,15.8,0.252,Low,328.5,Low,1.0,High,32.038219178082194,43.55,0
SEC-A25,900.0,38.2,0.27,12.0,0.425,Moderate,12067.0,Medium,0.97,High,33.5845205479452,45.65,0
SEC-A26,900.0,37.7,0.32,16.8,0.42,Moderate,12067.0,Medium,0.94,High,33.53931506849315,45.59,0
SEC-A27,900.0,37.2,0.31,15.8,0.415,Moderate,12067.0,Medium,0.91,Medium,33.495342465753424,45.53,0
SEC-A28,900.0,36.9,0.29,13.8,0.41,Moderate,12067.0,Medium,0.88,Medium,33.45054794520548,45.47,0
SEC-A29,900.0,36.7,0.35,20.1,0.38,Moderate,10305.1,Medium,0.85,Medium,33.18191780821918,45.11,0
SEC-A30,900.0,36.8,0.42,29.0,0.383,Moderate,10305.1,Medium,0.82,Low,33.20876712328767,45.14,0
SEC-A31,900.0,36.9,0.53,46.2,0.385,Moderate,10305.1,Medium,0.79,Low,33.227397260273975,45.17,0
SEC-A32,900.0,37.0,0.53,46.2,0.388,Moderate,10305.1,Medium,0.76,Low,33.25383561643836,45.2,0
SEC-A33,900.0,37.1,0.43,30.4,0.272,Low,2397.1,Low,0.73,Medium,32.216986301369865,43.79,0
SEC-A34,900.0,37.1,0.4,26.3,0.278,Low,2397.1,Low,0.7,Medium,32.27095890410959,43.87,0
SEC-A35,900.0,37.1,0.43,30.4,0.286,Low,2397.1,Low,0.67,Medium,32.34219178082192,43.96,0
SEC-A36,900.0,36.9,0.38,23.7,0.382,Moderate,8234.0,Medium,0.64,Medium,33.19986301369863,45.13,0
SEC-A37,900.0,36.8,0.39,25.0,0.392,Moderate,8234.0,Medium,0.61,Low,33.28945205479452,45.25,0
SEC-A38,900.0,36.1,0.4,26.3,0.402,Moderate,8234.0,Medium,0.58,Low,33.37849315068493,45.37,0
SEC-A39,900.0,35.9,0.38,23.7,0.414,Moderate,8234.0,Medium,0.55,Low,33.48616438356164,45.52,0
SEC-A40,900.0,35.7,0.34,19.0,0.443,Moderate,9375.8,Medium,0.52,Low,33.74520547945205,45.87,0
SEC-A41,900.0,35.6,0.34,19.0,0.455,Moderate,9375.8,Medium,0.49,Low,33.85287671232877,46.02,1
SEC-A42,900.0,35.9,0.41,27.6,0.468,Moderate,9375.8,Medium,0.46,Low,33.96821917808219,46.17,2
SEC-A43,900.0,36.0,0.55,49.7,0.501,Moderate,10648.5,Medium,0.43,Low,34.263424657534244,46.58,2
SEC-A44,900.0,36.2,0.49,39.5,0.515,Moderate,10648.5,Medium,0.4,Low,34.38849315068493,46.75,3
SEC-A45,900.0,36.4,0.27,12.0,0.527,Moderate,10648.5,Medium,0.37,Low,34.49602739726028,46.89,4
SEC-A46,900.0,36.5,0.27,12.0,0.531,Moderate,10648.5,Medium,0.34,Medium,34.531643835616435,46.94,4
SEC-A47,900.0,36.8,0.27,12.0,0.543,Moderate,11481.1,Medium,0.31,Medium,34.63849315068493,47.09,4
SEC-A48,900.0,37.0,0.32,16.8,0.537,Moderate,11481.1,Medium,0.28,Medium,34.585068493150686,47.01,4
SEC-A49,900.0,36.8,0.35,20.1,0.524,Moderate,11481.1,Medium,0.25,Medium,34.469315068493145,46.86,4
SEC-A50,900.0,37.0,0.42,29.0,0.511,Moderate,11481.1,Medium,0.22,Low,34.352602739726024,46.7,3
SEC-A51,900.0,37.3,0.47,36.3,0.542,Moderate,13101.7,Medium,0.19,Low,34.63,47.07,4
SEC-A52,900.0,37.4,0.44,31.8,0.549,Moderate,13101.7,Medium,0.16,Medium,34.692054794520544,47.16,4
SEC-A53,900.0,37.6,0.35,20.1,0.556,Moderate,13101.7,Medium,0.14,High,34.754520547945205,47.24,4
SEC-A54,900.0,37.6,0.31,15.8,0.549,Moderate,12173.0,Medium,0.11,High,34.692054794520544,47.16,4
SEC-A55,900.0,37.6,0.34,19.0,0.557,Moderate,12173.0,Medium,0.08,High,34.76301369863013,47.26,4
SEC-A56,900.0,37.8,0.33,17.9,0.565,Moderate,12173.0,Medium,0.05,High,34.835068493150686,47.35,4
SEC-A57,900.0,37.9,0.29,13.8,0.575,Moderate,12173.0,Medium,0.02,High,34.92520547945205,47.47,4
SEC-A58,900.0,37.9,0.32,16.8,0.529,Moderate,8462.7,Medium,0.0,High,34.51397260273973,46.92,4
SEC-A59,900.0,37.9,0.33,17.9,0.527,Moderate,8462.7,Medium,0.0,High,34.49602739726028,46.89,4
SEC-A60,900.0,37.7,0.35,20.1,0.526,Moderate,8462.7,Medium,0.0,High,34.48739726027397,46.88,4
SEC-A61,900.0,37.6,0.31,15.8,0.593,Moderate,13551.6,Medium,0.02,High,35.086164383561645,47.69,5
SEC-A62,900.0,37.4,0.35,20.1,0.583,Moderate,13551.6,Medium,0.05,Medium,34.99602739726028,47.57,4
SEC-A63,900.0,37.3,0.33,17.9,0.575,Moderate,13551.6,Medium,0.07,Medium,34.92520547945205,47.47,4
SEC-A64,900.0,37.2,0.34,19.0,0.568,Moderate,13551.6,Medium,0.1,Medium,34.86246575342466,47.39,4
SEC-A65,900.0,37.1,0.29,13.8,0.5,Moderate,9524.6,Medium,0.13,Medium,34.25493150684932,46.56,2
SEC-A66,900.0,37.0,0.36,21.3,0.493,Moderate,9524.6,Medium,0.16,Medium,34.192328767123286,46.48,2
SEC-A67,900.0,37.0,0.38,23.7,0.487,Moderate,9524.6,Medium,0.19,Medium,34.13835616438356,46.41,2
SEC-A68,900.0,37.0,0.38,23.7,0.481,Moderate,9524.6,Medium,0.22,Medium,34.085068493150686,46.33,2
SEC-A69,900.0,37.0,0.38,23.7,0.486,Moderate,10321.9,Medium,0.25,Medium,34.12945205479452,46.39,2
SEC-A70,900.0,37.0,0.31,15.8,0.48,Moderate,10321.9,Medium,0.28,Medium,34.07616438356164,46.32,2
SEC-B01,900.0,38.0,0.3,14.8,0.232,Low,676.1,Low,1.46,High,31.859452054794517,43.31,0
SEC-B02,900.0,37.9,0.27,12.0,0.236,Low,676.1,Low,1.43,High,31.895342465753426,43.36,0
SEC-B03,900.0,37.0,0.37,22.5,0.239,Low,676.1,Low,1.41,Medium,31.92219178082192,43.39,0
SEC-B04,900.0,36.9,0.44,31.8,0.242,Low,603.0,Low,1.39,Low,31.94917808219178,43.43,0
SEC-B05,900.0,36.9,0.41,27.6,0.245,Low,603.0,Low,1.37,Low,31.976438356164387,43.47,0
SEC-B06,900.0,37.0,0.43,30.4,0.249,Low,603.0,Low,1.35,Low,32.01150684931507,43.51,0
SEC-B07,900.0,37.5,0.31,15.8,0.262,Low,1179.9,Low,1.33,High,32.127534246575344,43.67,0
SEC-B08,900.0,37.5,0.32,16.8,0.266,Low,1179.9,Low,1.31,High,32.163698630136984,43.72,0
SEC-B09,900.0,37.4,0.3,14.8,0.27,Low,1179.9,Low,1.29,High,32.19917808219178,43.77,0
SEC-B10,900.0,37.5,0.26,11.1,0.274,Low,1179.9,Low,1.27,High,32.2354794520548,43.82,0
SEC-B11,900.0,37.6,0.29,13.8,0.277,Low,1117.2,Low,1.25,High,32.26164383561644,43.85,0
SEC-B12,900.0,37.8,0.27,12.0,0.28,Low,1117.2,Low,1.23,High,32.288356164383565,43.89,0
SEC-B13,900.0,37.9,0.26,11.1,0.283,Low,1117.2,Low,1.22,High,32.31575342465754,43.93,0
SEC-B14,900.0,38.1,0.28,12.9,0.281,Low,805.6,Low,1.2,High,32.297397260273975,43.9,0
SEC-B15,900.0,38.2,0.29,13.8,0.283,Low,805.6,Low,1.18,High,32.31575342465754,43.93,0
SEC-B16,900.0,38.3,0.28,12.9,0.284,Low,805.6,Low,1.16,High,32.324246575342464,43.94,0
SEC-B17,900.0,38.4,0.29,13.8,0.285,Low,805.6,Low,1.15,High,32.333287671232874,43.95,0
SEC-B18,900.0,38.5,0.35,20.1,0.281,Low,555.6,Low,1.13,High,32.297397260273975,43.9,0
SEC-B19,900.0,38.5,0.47,36.3,0.28,Low,555.6,Low,1.12,High,32.288356164383565,43.89,0
SEC-B20,900.0,38.4,0.42,29.0,0.278,Low,555.6,Low,1.1,High,32.27095890410959,43.87,0
SEC-B21,900.0,38.3,0.45,33.3,0.275,Low,555.6,Low,1.09,High,32.24452054794521,43.83,0
SEC-B22,900.0,38.3,0.42,29.0,0.268,Low,328.5,Low,1.06,High,32.1813698630137,43.75,0
SEC-B23,900.0,38.2,0.28,12.9,0.264,Low,328.5,Low,1.03,High,32.145616438356164,43.7,0
SEC-B24,900.0,38.2,0.36,21.3,0.259,Low,328.5,Low,1.0,High,32.10068493150685,43.64,0
SEC-B25,900.0,38.0,0.29,13.8,0.431,Moderate,12067.0,Medium,0.97,High,33.63780821917808,45.73,0
SEC-B26,900.0,37.5,0.28,12.9,0.426,Moderate,12067.0,Medium,0.94,High,33.59369863013699,45.66,0
SEC-B27,900.0,37.1,0.24,9.5,0.42,Moderate,12067.0,Medium,0.91,High,33.53931506849315,45.59,0
SEC-B28,900.0,36.8,0.28,12.9,0.414,Moderate,12067.0,Medium,0.88,Medium,33.48616438356164,45.52,0
SEC-B29,900.0,36.5,0.32,16.8,0.381,Moderate,10305.1,Medium,0.85,Low,33.19095890410959,45.12,0
SEC-B30,900.0,36.6,0.54,47.9,0.381,Moderate,10305.1,Medium,0.82,Low,33.19095890410959,45.12,0
SEC-B31,900.0,36.7,0.49,39.5,0.383,Moderate,10305.1,Medium,0.79,Low,33.20876712328767,45.14,0
SEC-B32,900.0,36.7,0.31,15.8,0.386,Moderate,10305.1,Medium,0.76,Medium,33.23684931506849,45.18,0
SEC-B33,900.0,36.8,0.35,20.1,0.271,Low,2397.1,Low,0.73,Medium,32.20794520547945,43.78,0
SEC-B34,900.0,37.0,0.35,20.1,0.278,Low,2397.1,Low,0.7,Medium,32.27095890410959,43.87,0
SEC-B35,900.0,37.0,0.41,27.6,0.286,Low,2397.1,Low,0.67,Medium,32.34219178082192,43.96,0
SEC-B36,900.0,36.9,0.53,46.2,0.383,Moderate,8234.0,Medium,0.64,Low,33.20876712328767,45.14,0
SEC-B37,900.0,36.8,0.53,46.2,0.392,Moderate,8234.0,Medium,0.61,Low,33.28945205479452,45.25,0
SEC-B38,900.0,36.0,0.49,39.5,0.404,Moderate,8234.0,Medium,0.58,Low,33.396986301369864,45.4,0
SEC-B39,900.0,35.8,0.35,20.1,0.416,Moderate,8234.0,Medium,0.55,Low,33.504383561643834,45.54,0
SEC-B40,900.0,35.5,0.44,31.8,0.446,Moderate,9375.8,Medium,0.52,Low,33.77205479452055,45.91,0
SEC-B41,900.0,35.3,0.59,57.2,0.46,Moderate,9375.8,Medium,0.49,Low,33.89712328767123,46.08,2
SEC-B42,900.0,35.7,0.64,67.3,0.475,Moderate,9375.8,Medium,0.46,Low,34.0313698630137,46.26,2
SEC-B43,900.0,35.9,0.56,51.5,0.51,Moderate,10648.5,Medium,0.43,Low,34.343835616438355,46.68,3
SEC-B44,900.0,36.1,0.47,36.3,0.527,Moderate,10648.5,Medium,0.4,Low,34.49602739726028,46.89,4
SEC-B45,900.0,36.3,0.36,21.3,0.542,Moderate,10648.5,Medium,0.37,Low,34.63,47.07,4
SEC-B46,900.0,36.5,0.3,14.8,0.554,Moderate,10648.5,Medium,0.34,Low,34.73753424657534,47.22,4
SEC-B47,900.0,36.7,0.38,23.7,0.568,Moderate,11481.1,Medium,0.31,Low,34.86246575342466,47.39,4
SEC-B48,900.0,36.8,0.49,39.5,0.561,Moderate,11481.1,Medium,0.28,Low,34.79972602739726,47.3,4
SEC-B49,900.0,36.7,0.33,17.9,0.545,Moderate,11481.1,Medium,0.25,Medium,34.65630136986301,47.11,4
SEC-B50,900.0,36.9,0.37,22.5,0.523,Moderate,11481.1,Medium,0.22,Medium,34.45986301369863,46.84,4
SEC-B51,900.0,37.2,0.49,39.5,0.542,Moderate,13101.7,Medium,0.19,Low,34.63,47.07,4
SEC-B52,900.0,37.3,0.46,34.8,0.548,Moderate,13101.7,Medium,0.16,Medium,34.68287671232876,47.15,4
SEC-B53,900.0,37.5,0.3,14.8,0.555,Moderate,13101.7,Medium,0.13,High,34.74616438356164,47.23,4
SEC-B54,900.0,37.5,0.33,17.9,0.548,Moderate,12173.0,Medium,0.1,High,34.68287671232876,47.15,4
SEC-B55,900.0,37.5,0.47,36.3,0.555,Moderate,12173.0,Medium,0.07,Medium,34.74616438356164,47.23,4
SEC-B56,900.0,37.6,0.36,21.3,0.562,Moderate,12173.0,Medium,0.04,High,34.808630136986295,47.32,4
SEC-B57,900.0,37.6,0.27,12.0,0.57,Moderate,12173.0,Medium,0.01,High,34.87986301369863,47.41,4
SEC-B58,900.0,37.7,0.25,10.3,0.514,Moderate,8462.7,Medium,0.0,High,34.37945205479452,46.73,3
SEC-B59,900.0,37.5,0.29,13.8,0.512,Moderate,8462.7,Medium,0.0,High,34.36164383561644,46.71,3
SEC-B60,900.0,37.5,0.39,25.0,0.511,Moderate,8462.7,Medium,0.0,Medium,34.352602739726024,46.7,3
SEC-B61,900.0,37.5,0.31,15.8,0.588,Moderate,13551.6,Medium,0.01,High,35.040821917808216,47.63,4
SEC-B62,900.0,37.4,0.32,16.8,0.58,Moderate,13551.6,Medium,0.04,High,34.96931506849315,47.54,4
SEC-B63,900.0,37.4,0.25,10.3,0.573,Moderate,13551.6,Medium,0.07,High,34.90712328767123,47.45,4
SEC-B64,900.0,37.4,0.27,12.0,0.566,Moderate,13551.6,Medium,0.1,High,34.84438356164383,47.37,4
SEC-B65,900.0,37.2,0.3,14.8,0.499,Moderate,9524.6,Medium,0.13,Medium,34.245479452054795,46.55,2
SEC-B66,900.0,37.0,0.37,22.5,0.493,Moderate,9524.6,Medium,0.16,Medium,34.192328767123286,46.48,2
SEC-B67,900.0,37.0,0.42,29.0,0.487,Moderate,9524.6,Medium,0.19,Low,34.13835616438356,46.41,2
SEC-B68,900.0,37.0,0.41,27.6,0.48,Moderate,9524.6,Medium,0.22,Medium,34.07616438356164,46.32,2
SEC-B69,900.0,37.0,0.38,23.7,0.486,Moderate,10321.9,Medium,0.25,Medium,34.12945205479452,46.39,2
SEC-B70,900.0,37.0,0.32,16.8,0.48,Moderate,10321.9,Medium,0.28,Medium,34.07616438356164,46.32,2
SEC-C01,900.0,37.9,0.26,11.1,0.235,Low,676.1,Low,1.44,High,31.886164383561646,43.34,0
SEC-C02,900.0,37.8,0.29,13.8,0.238,Low,676.1,Low,1.41,High,31.91328767123288,43.38,0
SEC-C03,900.0,36.9,0.42,29.0,0.242,Low,676.1,Low,1.39,Low,31.94917808219178,43.43,0
SEC-C04,900.0,36.9,0.58,55.3,0.245,Low,603.0,Low,1.37,Low,31.976438356164387,43.47,0
SEC-C05,900.0,36.8,0.51,42.8,0.249,Low,603.0,Low,1.35,Low,32.01150684931507,43.51,0
SEC-C06,900.0,37.0,0.5,41.1,0.254,Low,603.0,Low,1.33,Low,32.056164383561644,43.58,0
SEC-C07,900.0,37.2,0.44,31.8,0.267,Low,1179.9,Low,1.31,Medium,32.172602739726024,43.73,0
SEC-C08,900.0,37.5,0.27,12.0,0.271,Low,1179.9,Low,1.29,High,32.20794520547945,43.78,0
SEC-C09,900.0,37.5,0.28,12.9,0.276,Low,1179.9,Low,1.27,High,32.25287671232877,43.84,0
SEC-C10,900.0,37.5,0.3,14.8,0.28,Low,1179.9,Low,1.25,High,32.288356164383565,43.89,0
SEC-C11,900.0,37.4,0.37,22.5,0.284,Low,1117.2,Low,1.23,Medium,32.324246575342464,43.94,0
SEC-C12,900.0,37.6,0.3,14.8,0.288,Low,1117.2,Low,1.21,High,32.36041095890411,43.99,0
SEC-C13,900.0,37.6,0.24,9.5,0.291,Low,1117.2,Low,1.19,High,32.38643835616438,44.02,0
SEC-C14,900.0,37.7,0.38,23.7,0.29,Low,805.6,Low,1.17,High,32.377945205479456,44.01,0
SEC-C15,900.0,37.8,0.42,29.0,0.292,Low,805.6,Low,1.16,Medium,32.395616438356164,44.04,0
SEC-C16,900.0,38.0,0.39,25.0,0.294,Low,805.6,Low,1.14,High,32.41424657534246,44.06,0
SEC-C17,900.0,38.2,0.38,23.7,0.295,Low,805.6,Low,1.12,High,32.4227397260274,44.07,0
SEC-C18,900.0,38.4,0.39,25.0,0.291,Low,555.6,Low,1.11,High,32.38643835616438,44.02,0
SEC-C19,900.0,38.4,0.48,37.9,0.29,Low,555.6,Low,1.09,Medium,32.377945205479456,44.01,0
SEC-C20,900.0,38.4,0.46,34.8,0.288,Low,555.6,Low,1.08,High,32.36041095890411,43.99,0
SEC-C21,900.0,38.2,0.46,34.8,0.284,Low,555.6,Low,1.06,Medium,32.324246575342464,43.94,0
SEC-C22,900.0,38.2,0.44,31.8,0.277,Low,328.5,Low,1.05,High,32.26164383561644,43.85,0
SEC-C23,900.0,38.2,0.3,14.8,0.272,Low,328.5,Low,1.03,High,32.216986301369865,43.79,0
SEC-C24,900.0,38.2,0.45,33.3,0.267,Low,328.5,Low,1.0,Medium,32.172602739726024,43.73,0
SEC-C25,900.0,38.0,0.37,22.5,0.438,Moderate,12067.0,Medium,0.97,High,33.70027397260274,45.81,0
SEC-C26,900.0,37.6,0.34,19.0,0.432,Moderate,12067.0,Medium,0.94,High,33.646986301369864,45.74,0
SEC-C27,900.0,37.2,0.32,16.8,0.425,Moderate,12067.0,Medium,0.91,Medium,33.5845205479452,45.65,0
SEC-C28,900.0,36.9,0.3,14.8,0.418,Moderate,12067.0,Medium,0.88,Medium,33.52191780821918,45.57,0
SEC-C29,900.0,36.6,0.29,13.8,0.385,Moderate,10305.1,Medium,0.85,Medium,33.227397260273975,45.17,0
SEC-C30,900.0,36.6,0.5,41.1,0.379,Moderate,10305.1,Medium,0.82,Low,33.17328767123288,45.09,0
SEC-C31,900.0,36.7,0.49,39.5,0.381,Moderate,10305.1,Medium,0.79,Low,33.19095890410959,45.12,0
SEC-C32,900.0,37.0,0.37,22.5,0.383,Moderate,10305.1,Medium,0.76,Medium,33.20876712328767,45.14,0
SEC-C33,900.0,37.0,0.43,30.4,0.27,Low,2397.1,Low,0.73,Low,32.19917808219178,43.77,0
SEC-C34,900.0,37.0,0.44,31.8,0.277,Low,2397.1,Low,0.7,Low,32.26164383561644,43.85,0
SEC-C35,900.0,37.1,0.59,57.2,0.285,Low,2397.1,Low,0.67,Low,32.333287671232874,43.95,0
SEC-C36,900.0,36.9,0.61,61.2,0.382,Moderate,8234.0,Medium,0.64,Low,33.19986301369863,45.13,0
SEC-C37,900.0,36.8,0.6,59.2,0.392,Moderate,8234.0,Medium,0.61,Low,33.28945205479452,45.25,0
SEC-C38,900.0,35.9,0.52,44.4,0.403,Moderate,8234.0,Medium,0.58,Low,33.38767123287671,45.39,0
SEC-C39,900.0,35.7,0.43,30.4,0.416,Moderate,8234.0,Medium,0.55,Low,33.504383561643834,45.54,0
SEC-C40,900.0,35.4,0.56,51.5,0.448,Moderate,9375.8,Medium,0.52,Low,33.78945205479452,45.93,0
SEC-C41,900.0,35.3,0.59,57.2,0.463,Moderate,9375.8,Medium,0.49,Low,33.923972602739724,46.11,2
SEC-C42,900.0,35.6,0.61,61.2,0.479,Moderate,9375.8,Medium,0.46,Low,34.06698630136986,46.31,2
SEC-C43,900.0,35.8,0.53,46.2,0.517,Moderate,10648.5,Medium,0.43,Low,34.40712328767123,46.77,3
SEC-C44,900.0,36.0,0.39,25.0,0.536,Moderate,10648.5,Medium,0.4,Low,34.57616438356164,47.0,4
SEC-C45,900.0,36.2,0.39,25.0,0.556,Moderate,10648.5,Medium,0.37,Low,34.754520547945205,47.24,4
SEC-C46,900.0,36.5,0.34,19.0,0.574,Moderate,10648.5,Medium,0.34,Low,34.91616438356164,47.46,4
SEC-C47,900.0,36.6,0.38,23.7,0.596,Moderate,11481.1,Medium,0.31,Low,35.11219178082192,47.73,5
SEC-C48,900.0,36.8,0.56,51.5,0.588,Moderate,11481.1,Medium,0.28,Low,35.040821917808216,47.63,4
SEC-C49,900.0,37.0,0.36,21.3,0.567,Moderate,11481.1,Medium,0.25,Medium,34.853013698630136,47.38,4
SEC-C50,900.0,37.1,0.25,10.3,0.54,Moderate,11481.1,Medium,0.22,High,34.61232876712329,47.05,4
SEC-C51,900.0,37.2,0.33,17.9,0.54,Moderate,13101.7,Medium,0.19,Medium,34.61232876712329,47.05,4
SEC-C52,900.0,37.3,0.38,23.7,0.547,Moderate,13101.7,Medium,0.16,Medium,34.6745205479452,47.13,4
SEC-C53,900.0,37.4,0.35,20.1,0.553,Moderate,13101.7,Medium,0.13,Medium,34.72904109589041,47.21,4
SEC-C54,900.0,37.4,0.37,22.5,0.545,Moderate,12173.0,Medium,0.1,Medium,34.65630136986301,47.11,4
SEC-C55,900.0,37.4,0.47,36.3,0.55,Moderate,12173.0,Medium,0.07,Medium,34.701369863013696,47.17,4
SEC-C56,900.0,37.5,0.34,19.0,0.556,Moderate,12173.0,Medium,0.04,High,34.754520547945205,47.24,4
SEC-C57,900.0,37.6,0.25,10.3,0.561,Moderate,12173.0,Medium,0.02,High,34.79972602739726,47.3,4
SEC-C58,900.0,37.4,0.28,12.9,0.501,Moderate,8462.7,Medium,0.0,High,34.263424657534244,46.58,2
SEC-C59,900.0,37.4,0.4,26.3,0.495,Moderate,8462.7,Medium,0.0,Medium,34.20972602739726,46.5,2
SEC-C60,900.0,37.5,0.48,37.9,0.495,Moderate,8462.7,Medium,0.0,Medium,34.20972602739726,46.5,2
SEC-C61,900.0,37.5,0.32,16.8,0.578,Moderate,13551.6,Medium,0.01,High,34.95164383561644,47.51,4
SEC-C62,900.0,37.6,0.29,13.8,0.574,Moderate,13551.6,Medium,0.04,High,34.91616438356164,47.46,4
SEC-C63,900.0,37.6,0.24,9.5,0.569,Moderate,13551.6,Medium,0.07,High,34.8713698630137,47.4,4
SEC-C64,900.0,37.6,0.23,8.7,0.563,Moderate,13551.6,Medium,0.1,High,34.81767123287671,47.33,4
SEC-C65,900.0,37.4,0.3,14.8,0.497,Moderate,9524.6,Medium,0.13,High,34.22698630136986,46.53,2
SEC-C66,900.0,37.1,0.41,27.6,0.491,Moderate,9524.6,Medium,0.16,Medium,34.173972602739724,46.45,2
SEC-C67,900.0,37.1,0.4,26.3,0.485,Moderate,9524.6,Medium,0.19,Medium,34.12013698630137,46.38,2
SEC-C68,900.0,37.1,0.4,26.3,0.479,Moderate,9524.6,Medium,0.22,Medium,34.06698630136986,46.31,2
SEC-C69,900.0,37.1,0.42,29.0,0.485,Moderate,10321.9,Medium,0.25,Medium,34.12013698630137,46.38,2
SEC-C70,900.0,37.1,0.39,25.0,0.479,Moderate,10321.9,Medium,0.28,Medium,34.06698630136986,46.31,2
SEC-D01,900.0,37.9,0.29,13.8,0.237,Low,676.1,Low,1.42,High,31.904383561643836,43.37,0
SEC-D02,900.0,37.8,0.28,12.9,0.241,Low,676.1,Low,1.39,High,31.939999999999998,43.42,0
SEC-D03,900.0,36.9,0.38,23.7,0.251,Low,1023.3,Low,1.37,Medium,32.029041095890406,43.54,0
SEC-D04,900.0,36.9,0.52,44.4,0.249,Low,603.0,Low,1.35,Low,32.01150684931507,43.51,0
SEC-D05,900.0,36.9,0.45,33.3,0.253,Low,603.0,Low,1.33,Low,32.04780821917809,43.56,0
SEC-D06,900.0,37.0,0.47,36.3,0.258,Low,603.0,Low,1.31,Low,32.09178082191781,43.62,0
SEC-D07,900.0,37.3,0.44,31.8,0.272,Low,1179.9,Low,1.29,Medium,32.216986301369865,43.79,0
SEC-D08,900.0,37.6,0.26,11.1,0.277,Low,1179.9,Low,1.27,High,32.26164383561644,43.85,0
SEC-D09,900.0,37.6,0.25,10.3,0.282,Low,1179.9,Low,1.24,High,32.3068493150685,43.92,0
SEC-D10,900.0,37.5,0.35,20.1,0.281,Low,779.9,Low,1.22,High,32.297397260273975,43.9,0
SEC-D11,900.0,37.4,0.56,51.5,0.291,Low,1117.2,Low,1.21,Low,32.38643835616438,44.02,0
SEC-D12,900.0,37.4,0.37,22.5,0.296,Low,1117.2,Low,1.19,Medium,32.43164383561644,44.09,0
SEC-D13,900.0,37.4,0.3,14.8,0.301,Low,1117.2,Low,1.17,High,32.476301369863016,44.15,0
SEC-D14,900.0,37.5,0.55,49.7,0.305,Low,1195.0,Low,1.15,Low,32.512191780821915,44.19,0
SEC-D15,900.0,37.6,0.61,61.2,0.303,Low,805.6,Low,1.13,Low,32.49383561643836,44.17,0
SEC-D16,900.0,37.8,0.56,51.5,0.305,Low,805.6,Low,1.11,Low,32.512191780821915,44.19,0
SEC-D17,900.0,38.0,0.52,44.4,0.305,Low,742.3,Low,1.1,Medium,32.512191780821915,44.19,0
SEC-D18,900.0,38.3,0.4,26.3,0.302,Low,555.6,Low,1.08,High,32.484931506849314,44.16,0
SEC-D19,900.0,38.3,0.37,22.5,0.301,Low,555.6,Low,1.07,High,32.476301369863016,44.15,0
SEC-D20,900.0,38.3,0.35,20.1,0.298,Low,555.6,Low,1.05,High,32.44958904109589,44.11,0
SEC-D21,900.0,38.2,0.36,21.3,0.298,Low,746.8,Low,1.04,High,32.44958904109589,44.11,0
SEC-D22,900.0,38.2,0.39,25.0,0.287,Low,328.5,Low,1.02,High,32.35164383561644,43.98,0
SEC-D23,900.0,38.1,0.4,26.3,0.281,Low,328.5,Low,1.01,High,32.297397260273975,43.9,0
SEC-D24,900.0,38.2,0.51,42.8,0.495,Moderate,14909.9,High,1.0,Medium,34.20972602739726,46.5,2
SEC-D25,900.0,38.0,0.41,27.6,0.488,Moderate,14909.9,High,0.97,High,34.14712328767123,46.42,2
SEC-D26,900.0,37.7,0.37,22.5,0.438,Moderate,12067.0,Medium,0.94,High,33.70027397260274,45.81,0
SEC-D27,900.0,37.2,0.41,27.6,0.431,Moderate,12067.0,Medium,0.91,Medium,33.63780821917808,45.73,0
SEC-D28,900.0,36.9,0.4,26.3,0.266,Low,1665.8,Low,0.88,Low,32.163698630136984,43.72,0
SEC-D29,900.0,36.6,0.38,23.7,0.389,Moderate,10305.1,Medium,0.85,Low,33.262191780821915,45.22,0
SEC-D30,900.0,36.6,0.54,47.9,0.381,Moderate,10305.1,Medium,0.82,Low,33.19095890410959,45.12,0
SEC-D31,900.0,36.9,0.59,57.2,0.378,Moderate,10305.1,Medium,0.79,Low,33.163972602739726,45.08,0
SEC-D32,900.0,37.1,0.6,59.2,0.249,Low,1530.9,Low,0.76,Low,32.01150684931507,43.51,0
SEC-D33,900.0,37.1,0.56,51.5,0.268,Low,2397.1,Low,0.73,Low,32.1813698630137,43.75,0
SEC-D34,900.0,37.1,0.57,53.4,0.275,Low,2397.1,Low,0.7,Low,32.24452054794521,43.83,0
SEC-D35,900.0,37.0,0.54,47.9,0.254,Low,499.7,Low,0.67,Low,32.056164383561644,43.58,0
SEC-D36,900.0,36.9,0.54,47.9,0.263,Low,499.7,Low,0.64,Low,32.13712328767124,43.68,0
SEC-D37,900.0,36.7,0.53,46.2,0.39,Moderate,8234.0,Medium,0.61,Low,33.27123287671233,45.23,0
SEC-D38,900.0,35.9,0.53,46.2,0.401,Moderate,8234.0,Medium,0.58,Low,33.36931506849315,45.36,0
SEC-D39,900.0,35.6,0.57,53.4,0.294,Low,254.8,Low,0.55,Low,32.41424657534246,44.06,0
SEC-D40,900.0,35.4,0.51,42.8,0.447,Moderate,9375.8,Medium,0.52,Low,33.78082191780822,45.92,0
SEC-D41,900.0,35.3,0.39,25.0,0.463,Moderate,9375.8,Medium,0.49,Low,33.923972602739724,46.11,2
SEC-D42,900.0,35.6,0.41,27.6,0.436,Moderate,6461.7,Medium,0.46,Low,33.68260273972603,45.79,0
SEC-D43,900.0,35.7,0.49,39.5,0.456,Moderate,6461.7,Medium,0.43,Low,33.861780821917804,46.03,2
SEC-D44,900.0,36.0,0.49,39.5,0.542,Moderate,10648.5,Medium,0.4,Low,34.63,47.07,4
SEC-D45,900.0,36.2,0.38,23.7,0.566,Moderate,10648.5,Medium,0.38,Low,34.84438356164383,47.37,4
SEC-D46,900.0,36.5,0.38,23.7,0.564,Moderate,8886.6,Medium,0.35,Low,34.82616438356164,47.34,4
SEC-D47,900.0,36.6,0.34,19.0,0.582,Moderate,8886.6,Medium,0.32,Low,34.98739726027397,47.56,4
SEC-D48,900.0,36.8,0.47,36.3,0.616,Moderate,11481.1,Medium,0.29,Low,35.290821917808216,47.97,5
SEC-D49,900.0,37.0,0.3,14.8,0.775,High,23914.6,High,0.26,Medium,36.71150684931507,49.9,10
SEC-D50,900.0,37.1,0.28,12.9,0.742,High,23914.6,High,0.23,Medium,36.41684931506849,49.5,8
SEC-D51,900.0,37.2,0.3,14.8,0.545,Moderate,13101.7,Medium,0.2,Medium,34.65630136986301,47.11,4
SEC-D52,900.0,37.3,0.34,19.0,0.544,Moderate,13101.7,Medium,0.17,Medium,34.64780821917808,47.1,4
SEC-D53,900.0,37.3,0.35,20.1,0.728,High,24912.8,High,0.14,Medium,36.29205479452055,49.33,8
SEC-D54,900.0,37.3,0.34,19.0,0.733,High,24912.8,High,0.11,Medium,36.33657534246576,49.39,8
SEC-D55,900.0,37.3,0.32,16.8,0.545,Moderate,12173.0,Medium,0.08,Medium,34.65630136986301,47.11,4
SEC-D56,900.0,37.5,0.35,20.1,0.615,Moderate,16527.1,High,0.06,High,35.282739726027394,47.96,5
SEC-D57,900.0,37.5,0.25,10.3,0.616,Moderate,16527.1,High,0.03,High,35.290821917808216,47.97,5
SEC-D58,900.0,37.4,0.32,16.8,0.492,Moderate,8462.7,Medium,0.01,High,34.18301369863014,46.47,2
SEC-D59,900.0,37.5,0.54,47.9,0.489,Moderate,8462.7,Medium,0.0,Low,34.15575342465753,46.43,2
SEC-D60,900.0,37.7,0.54,47.9,0.42,Moderate,4101.1,Low,0.01,Low,33.53931506849315,45.59,0
SEC-D61,900.0,37.8,0.33,17.9,0.424,Moderate,4101.1,Low,0.03,High,33.57547945205479,45.64,0
SEC-D62,900.0,38.0,0.31,15.8,0.566,Moderate,13551.6,Medium,0.05,High,34.84438356164383,47.37,4
SEC-D63,900.0,38.0,0.31,15.8,0.374,Moderate,1087.4,Low,0.08,High,33.12876712328767,45.03,0
SEC-D64,900.0,37.9,0.3,14.8,0.37,Moderate,1087.4,Low,0.11,High,33.09287671232877,44.98,0
SEC-D65,900.0,37.7,0.4,26.3,0.366,Moderate,1087.4,Low,0.14,Medium,33.05698630136986,44.94,0
SEC-D66,900.0,37.3,0.45,33.3,0.488,Moderate,9524.6,Medium,0.17,Medium,34.14712328767123,46.42,2
SEC-D67,900.0,37.2,0.4,26.3,0.407,Moderate,4520.9,Medium,0.19,Medium,33.422876712328765,45.43,0
SEC-D68,900.0,37.2,0.41,27.6,0.401,Moderate,4520.9,Medium,0.22,Medium,33.36931506849315,45.36,0
SEC-D69,900.0,37.2,0.52,44.4,0.483,Moderate,10321.9,Medium,0.25,Low,34.10328767123288,46.36,2
SEC-D70,900.0,37.3,0.52,44.4,0.478,Moderate,10321.9,Medium,0.28,Low,34.05780821917808,46.3,2
SEC-E01,900.0,37.8,0.3,14.8,0.245,Low,1023.3,Low,1.4,High,31.976438356164387,43.47,0
SEC-E02,900.0,37.7,0.27,12.0,0.249,Low,1023.3,Low,1.37,High,32.01150684931507,43.51,0
SEC-E03,900.0,36.9,0.3,14.8,0.254,Low,1023.3,Low,1.35,Medium,32.056164383561644,43.58,0
SEC-E04,900.0,37.0,0.36,21.3,0.259,Low,1023.3,Low,1.33,Medium,32.10068493150685,43.64,0
SEC-E05,900.0,37.0,0.3,14.8,0.265,Low,1118.6,Low,1.31,Medium,32.154931506849316,43.71,0
SEC-E06,900.0,37.0,0.27,12.0,0.271,Low,1118.6,Low,1.29,Medium,32.20794520547945,43.78,0
SEC-E07,900.0,37.3,0.31,15.8,0.276,Low,1118.6,Low,1.26,High,32.25287671232877,43.84,0
SEC-E08,900.0,37.5,0.37,22.5,0.277,Low,779.9,Low,1.24,Medium,32.26164383561644,43.85,0
SEC-E09,900.0,37.6,0.31,15.8,0.283,Low,779.9,Low,1.22,High,32.31575342465754,43.93,0
SEC-E10,900.0,37.6,0.33,17.9,0.289,Low,779.9,Low,1.2,High,32.36917808219178,44.0,0
SEC-E11,900.0,37.4,0.6,59.2,0.294,Low,779.9,Low,1.18,Low,32.41424657534246,44.06,0
SEC-E12,900.0,37.4,0.42,29.0,0.306,Low,1195.0,Low,1.16,Medium,32.52082191780822,44.21,0
SEC-E13,900.0,37.4,0.31,15.8,0.312,Low,1195.0,Low,1.14,High,32.574657534246576,44.28,0
SEC-E14,900.0,37.4,0.44,31.8,0.316,Low,1195.0,Low,1.13,Medium,32.60986301369863,44.33,0
SEC-E15,900.0,37.5,0.52,44.4,0.313,Low,742.3,Low,1.11,Low,32.583698630136986,44.29,0
SEC-E16,900.0,37.7,0.5,41.1,0.316,Low,742.3,Low,1.09,Medium,32.60986301369863,44.33,0
SEC-E17,900.0,37.9,0.5,41.1,0.317,Low,742.3,Low,1.07,Medium,32.61917808219178,44.34,0
SEC-E18,900.0,38.1,0.45,33.3,0.317,Low,742.3,Low,1.06,Medium,32.61917808219178,44.34,0
SEC-E19,900.0,38.2,0.37,22.5,0.316,Low,746.8,Low,1.04,High,32.60986301369863,44.33,0
SEC-E20,900.0,38.2,0.3,14.8,0.313,Low,746.8,Low,1.02,High,32.583698630136986,44.29,0
SEC-E21,900.0,38.1,0.28,12.9,0.309,Low,746.8,Low,1.01,High,32.54835616438356,44.24,0
SEC-E22,900.0,38.2,0.36,21.3,0.304,Low,746.8,Low,1.0,High,32.50287671232877,44.18,0
SEC-E23,900.0,38.1,0.44,31.8,0.511,Moderate,14909.9,High,0.98,Medium,34.352602739726024,46.7,3
SEC-E24,900.0,38.1,0.45,33.3,0.504,Moderate,14909.9,High,0.97,Medium,34.29027397260274,46.61,2
SEC-E25,900.0,38.0,0.37,22.5,0.496,Moderate,14909.9,High,0.96,High,34.21849315068493,46.51,2
SEC-E26,900.0,37.7,0.42,29.0,0.288,Low,1665.8,Low,0.94,Medium,32.36041095890411,43.99,0
SEC-E27,900.0,37.4,0.44,31.8,0.279,Low,1665.8,Low,0.92,Medium,32.27958904109589,43.88,0
SEC-E28,900.0,37.1,0.49,39.5,0.271,Low,1665.8,Low,0.89,Low,32.20794520547945,43.78,0
SEC-E29,900.0,36.8,0.63,65.2,0.262,Low,1665.8,Low,0.86,Low,32.127534246575344,43.67,0
SEC-E30,900.0,36.7,0.64,67.3,0.251,Low,1530.9,Low,0.83,Low,32.029041095890406,43.54,0
SEC-E31,900.0,36.9,0.6,59.2,0.243,Low,1530.9,Low,0.8,Low,31.95808219178082,43.44,0
SEC-E32,900.0,37.2,0.58,55.3,0.246,Low,1530.9,Low,0.77,Low,31.984794520547943,43.48,0
SEC-E33,900.0,37.2,0.52,44.4,0.252,Low,1530.9,Low,0.74,Low,32.038219178082194,43.55,0
SEC-E34,900.0,37.0,0.47,36.3,0.243,Low,499.7,Low,0.71,Low,31.95808219178082,43.44,0
SEC-E35,900.0,37.0,0.43,30.4,0.251,Low,499.7,Low,0.68,Low,32.029041095890406,43.54,0
SEC-E36,900.0,36.8,0.42,29.0,0.259,Low,499.7,Low,0.65,Low,32.10068493150685,43.64,0
SEC-E37,900.0,36.7,0.4,26.3,0.266,Low,254.8,Low,0.62,Low,32.163698630136984,43.72,0
SEC-E38,900.0,35.8,0.49,39.5,0.277,Low,254.8,Low,0.59,Low,32.26164383561644,43.85,0
SEC-E39,900.0,35.5,0.61,61.2,0.29,Low,254.8,Low,0.56,Low,32.377945205479456,44.01,0
SEC-E40,900.0,35.4,0.6,59.2,0.306,Low,254.8,Low,0.53,Low,32.52082191780822,44.21,0
SEC-E41,900.0,35.2,0.5,41.1,0.415,Moderate,6461.7,Medium,0.5,Low,33.495342465753424,45.53,0
SEC-E42,900.0,35.5,0.53,46.2,0.433,Moderate,6461.7,Medium,0.47,Low,33.656164383561645,45.75,0
SEC-E43,900.0,35.7,0.62,63.2,0.454,Moderate,6461.7,Medium,0.44,Low,33.84356164383561,46.0,1
SEC-E44,900.0,36.0,0.55,49.7,0.513,Moderate,8886.6,Medium,0.41,Low,34.37068493150685,46.72,3
SEC-E45,900.0,36.2,0.48,37.9,0.54,Moderate,8886.6,Medium,0.38,Low,34.61232876712329,47.05,4
SEC-E46,900.0,36.5,0.42,29.0,0.57,Moderate,8886.6,Medium,0.35,Low,34.87986301369863,47.41,4
SEC-E47,900.0,36.7,0.38,23.7,0.604,Moderate,8886.6,Medium,0.32,Low,35.18383561643836,47.83,5
SEC-E48,900.0,36.9,0.32,16.8,0.819,High,23914.6,High,0.29,Medium,37.10506849315069,50.44,15
SEC-E49,900.0,37.0,0.27,12.0,0.785,High,23914.6,High,0.26,Medium,36.8013698630137,50.03,12
SEC-E50,900.0,37.1,0.29,13.8,0.748,High,23914.6,High,0.23,Medium,36.47041095890411,49.58,8
SEC-E51,900.0,37.2,0.27,12.0,0.713,High,23914.6,High,0.21,High,36.15767123287671,49.15,8
SEC-E52,900.0,37.3,0.26,11.1,0.718,High,24912.8,High,0.18,High,36.202602739726025,49.21,8
SEC-E53,900.0,37.3,0.26,11.1,0.723,High,24912.8,High,0.15,High,36.24726027397261,49.27,8
SEC-E54,900.0,37.3,0.27,12.0,0.727,High,24912.8,High,0.12,High,36.28328767123288,49.32,8
SEC-E55,900.0,37.3,0.25,10.3,0.603,Moderate,16527.1,High,0.1,High,35.17506849315069,47.81,5
SEC-E56,900.0,37.5,0.29,13.8,0.604,Moderate,16527.1,High,0.07,High,35.18383561643836,47.83,5
SEC-E57,900.0,37.5,0.25,10.3,0.602,Moderate,16527.1,High,0.05,High,35.16575342465753,47.8,5
SEC-E58,900.0,37.7,0.34,19.0,0.595,Moderate,16527.1,High,0.04,High,35.10315068493151,47.72,5
SEC-E59,900.0,37.8,0.51,42.8,0.402,Moderate,4101.1,Low,0.03,Medium,33.37849315068493,45.37,0
SEC-E60,900.0,38.1,0.51,42.8,0.4,Moderate,4101.1,Low,0.04,Medium,33.36027397260274,45.35,0
SEC-E61,900.0,38.3,0.26,11.1,0.408,Moderate,4101.1,Low,0.05,High,33.43164383561644,45.45,0
SEC-E62,900.0,38.4,0.21,7.2,0.365,Moderate,1087.4,Low,0.07,High,33.04835616438356,44.92,0
SEC-E63,900.0,38.4,0.21,7.2,0.365,Moderate,1087.4,Low,0.1,High,33.04835616438356,44.92,0
SEC-E64,900.0,38.3,0.29,13.8,0.363,Moderate,1087.4,Low,0.12,High,33.030410958904106,44.9,0
SEC-E65,900.0,38.0,0.57,53.4,0.359,Moderate,1087.4,Low,0.15,Low,32.99479452054794,44.85,0
SEC-E66,900.0,37.6,0.54,47.9,0.407,Moderate,4520.9,Medium,0.17,Low,33.422876712328765,45.43,0
SEC-E67,900.0,37.4,0.35,20.1,0.402,Moderate,4520.9,Medium,0.2,Medium,33.37849315068493,45.37,0
SEC-E68,900.0,37.4,0.36,21.3,0.398,Moderate,4520.9,Medium,0.23,Medium,33.34301369863014,45.32,0
SEC-E69,900.0,37.5,0.45,33.3,0.393,Moderate,4520.9,Medium,0.26,Medium,33.29876712328767,45.26,0
SEC-E70,900.0,37.4,0.5,41.1,0.387,Moderate,4520.9,Medium,0.29,Low,33.245479452054795,45.19,0
SEC-F01,900.0,37.9,0.25,10.3,0.247,Low,1023.3,Low,1.38,High,31.993835616438357,43.49,0
SEC-F02,900.0,37.8,0.33,17.9,0.252,Low,1023.3,Low,1.36,High,32.038219178082194,43.55,0
SEC-F03,900.0,37.0,0.31,15.8,0.257,Low,1023.3,Low,1.33,Medium,32.083287671232874,43.61,0
SEC-F04,900.0,37.0,0.27,12.0,0.262,Low,1023.3,Low,1.31,Medium,32.127534246575344,43.67,0
SEC-F05,900.0,37.0,0.33,17.9,0.269,Low,1118.6,Low,1.29,Medium,32.19041095890411,43.76,0
SEC-F06,900.0,37.0,0.33,17.9,0.275,Low,1118.6,Low,1.27,Medium,32.24452054794521,43.83,0
SEC-F07,900.0,37.2,0.32,16.8,0.281,Low,1118.6,Low,1.24,Medium,32.297397260273975,43.9,0
SEC-F08,900.0,37.5,0.28,12.9,0.283,Low,779.9,Low,1.22,High,32.31575342465754,43.93,0
SEC-F09,900.0,37.5,0.33,17.9,0.29,Low,779.9,Low,1.2,High,32.377945205479456,44.01,0
SEC-F10,900.0,37.5,0.29,13.8,0.296,Low,779.9,Low,1.18,High,32.43164383561644,44.09,0
SEC-F11,900.0,37.4,0.43,30.4,0.303,Low,779.9,Low,1.16,Medium,32.49383561643836,44.17,0
SEC-F12,900.0,37.4,0.35,20.1,0.316,Low,1195.0,Low,1.14,Medium,32.60986301369863,44.33,0
SEC-F13,900.0,37.4,0.29,13.8,0.322,Low,1195.0,Low,1.12,High,32.663835616438355,44.4,0
SEC-F14,900.0,37.5,0.26,11.1,0.328,Low,1195.0,Low,1.1,High,32.71767123287671,44.47,0
SEC-F15,900.0,37.6,0.29,13.8,0.325,Low,742.3,Low,1.08,High,32.69054794520548,44.44,0
SEC-F16,900.0,37.7,0.33,17.9,0.329,Low,742.3,Low,1.07,High,32.726301369863016,44.49,0
SEC-F17,900.0,37.8,0.39,25.0,0.331,Moderate,742.3,Low,1.05,High,32.744246575342466,44.51,0
SEC-F18,900.0,38.0,0.36,21.3,0.331,Moderate,742.3,Low,1.03,High,32.744246575342466,44.51,0
SEC-F19,900.0,38.1,0.34,19.0,0.33,Moderate,746.8,Low,1.01,High,32.7354794520548,44.5,0
SEC-F20,900.0,38.1,0.33,17.9,0.326,Low,746.8,Low,1.0,High,32.699041095890415,44.45,0
SEC-F21,900.0,38.1,0.28,12.9,0.322,Low,746.8,Low,0.98,High,32.663835616438355,44.4,0
SEC-F22,900.0,38.0,0.31,15.8,0.315,Low,746.8,Low,0.97,High,32.60082191780822,44.32,0
SEC-F23,900.0,37.9,0.42,29.0,0.522,Moderate,14909.9,High,0.96,Medium,34.45095890410959,46.83,4
SEC-F24,900.0,38.0,0.38,23.7,0.513,Moderate,14909.9,High,0.94,High,34.37068493150685,46.72,3
SEC-F25,900.0,37.9,0.34,19.0,0.504,Moderate,14909.9,High,0.93,High,34.29027397260274,46.61,2
SEC-F26,900.0,37.8,0.36,21.3,0.295,Low,1665.8,Low,0.92,High,32.4227397260274,44.07,0
SEC-F27,900.0,37.5,0.35,20.1,0.286,Low,1665.8,Low,0.91,High,32.34219178082192,43.96,0
SEC-F28,900.0,37.3,0.42,29.0,0.276,Low,1665.8,Low,0.89,Medium,32.25287671232877,43.84,0
SEC-F29,900.0,37.0,0.59,57.2,0.266,Low,1665.8,Low,0.86,Low,32.163698630136984,43.72,0
SEC-F30,900.0,36.8,0.6,59.2,0.254,Low,1530.9,Low,0.83,Low,32.056164383561644,43.58,0
SEC-F31,900.0,36.9,0.54,47.9,0.245,Low,1530.9,Low,0.8,Low,31.976438356164387,43.47,0
SEC-F32,900.0,37.1,0.47,36.3,0.243,Low,1530.9,Low,0.77,Low,31.95808219178082,43.44,0
SEC-F33,900.0,37.1,0.33,17.9,0.249,Low,1530.9,Low,0.74,Medium,32.01150684931507,43.51,0
SEC-F34,900.0,37.0,0.33,17.9,0.239,Low,499.7,Low,0.71,Medium,31.92219178082192,43.39,0
SEC-F35,900.0,36.9,0.39,25.0,0.246,Low,499.7,Low,0.68,Medium,31.984794520547943,43.48,0
SEC-F36,900.0,36.8,0.4,26.3,0.255,Low,499.7,Low,0.65,Low,32.065342465753425,43.59,0
SEC-F37,900.0,36.5,0.39,25.0,0.26,Low,254.8,Low,0.62,Low,32.10986301369863,43.65,0
SEC-F38,900.0,36.1,0.45,33.3,0.271,Low,254.8,Low,0.59,Low,32.20794520547945,43.78,0
SEC-F39,900.0,35.4,0.63,65.2,0.284,Low,254.8,Low,0.56,Low,32.324246575342464,43.94,0
SEC-F40,900.0,35.2,0.71,82.9,0.299,Low,254.8,Low,0.53,Low,32.45890410958904,44.12,0
SEC-F41,900.0,35.2,0.73,87.6,0.409,Moderate,6461.7,Medium,0.5,Low,33.44150684931507,45.46,0
SEC-F42,900.0,35.4,0.73,87.6,0.426,Moderate,6461.7,Medium,0.47,Low,33.59369863013699,45.66,0
SEC-F43,900.0,35.6,0.69,78.3,0.445,Moderate,6461.7,Medium,0.44,Low,33.763561643835615,45.9,0
SEC-F44,900.0,35.9,0.51,42.8,0.503,Moderate,8886.6,Medium,0.42,Low,34.28123287671233,46.6,2
SEC-F45,900.0,36.3,0.45,33.3,0.528,Moderate,8886.6,Medium,0.39,Low,34.50493150684932,46.9,4
SEC-F46,900.0,36.7,0.36,21.3,0.554,Moderate,8886.6,Medium,0.36,Low,34.73753424657534,47.22,4
SEC-F47,900.0,36.8,0.29,13.8,0.575,Moderate,8886.6,Medium,0.33,Medium,34.92520547945205,47.47,4
SEC-F48,900.0,37.0,0.26,11.1,0.797,High,23914.6,High,0.3,Medium,36.90835616438356,50.17,12
SEC-F49,900.0,37.2,0.36,21.3,0.774,High,23914.6,High,0.27,Medium,36.70287671232877,49.89,10
SEC-F50,900.0,37.3,0.31,15.8,0.745,High,23914.6,High,0.24,High,36.443835616438356,49.54,8
SEC-F51,900.0,37.3,0.32,16.8,0.711,High,23914.6,High,0.22,Medium,36.13945205479452,49.13,8
SEC-F52,900.0,37.3,0.29,13.8,0.713,High,24912.8,High,0.19,High,36.15767123287671,49.15,8
SEC-F53,900.0,37.3,0.27,12.0,0.716,High,24912.8,High,0.16,High,36.18493150684932,49.19,8
SEC-F54,900.0,37.3,0.24,9.5,0.718,High,24912.8,High,0.14,High,36.202602739726025,49.21,8
SEC-F55,900.0,37.3,0.28,12.9,0.593,Moderate,16527.1,High,0.12,High,35.086164383561645,47.69,5
SEC-F56,900.0,37.5,0.31,15.8,0.592,Moderate,16527.1,High,0.1,High,35.076986301369864,47.68,5
SEC-F57,900.0,37.6,0.28,12.9,0.587,Moderate,16527.1,High,0.08,High,35.03232876712329,47.62,4
SEC-F58,900.0,37.8,0.31,15.8,0.578,Moderate,16527.1,High,0.07,High,34.95164383561644,47.51,4
SEC-F59,900.0,38.1,0.45,33.3,0.382,Moderate,4101.1,Low,0.06,Medium,33.19986301369863,45.13,0
SEC-F60,900.0,38.5,0.41,27.6,0.38,Moderate,4101.1,Low,0.07,High,33.18191780821918,45.11,0
SEC-F61,900.0,38.6,0.2,6.6,0.391,Moderate,4101.1,Low,0.08,High,33.280410958904106,45.24,0
SEC-F62,900.0,38.9,0.18,5.3,0.351,Moderate,1087.4,Low,0.09,High,32.92328767123288,44.75,0
SEC-F63,900.0,38.8,0.16,4.2,0.353,Moderate,1087.4,Low,0.11,High,32.94068493150685,44.78,0
SEC-F64,900.0,38.6,0.29,13.8,0.353,Moderate,1087.4,Low,0.14,High,32.94068493150685,44.78,0
SEC-F65,900.0,38.2,0.54,47.9,0.351,Moderate,1087.4,Low,0.16,Medium,32.92328767123288,44.75,0
SEC-F66,900.0,37.9,0.55,49.7,0.4,Moderate,4520.9,Medium,0.19,Low,33.36027397260274,45.35,0
SEC-F67,900.0,37.7,0.45,33.3,0.397,Moderate,4520.9,Medium,0.21,Medium,33.33438356164383,45.31,0
SEC-F68,900.0,37.7,0.42,29.0,0.393,Moderate,4520.9,Medium,0.24,Medium,33.29876712328767,45.26,0
SEC-F69,900.0,37.7,0.42,29.0,0.388,Moderate,4520.9,Medium,0.27,Medium,33.25383561643836,45.2,0
SEC-F70,900.0,37.6,0.36,21.3,0.384,Moderate,4520.9,Medium,0.3,High,33.21753424657535,45.15,0
SEC-G01,900.0,37.9,0.27,12.0,0.25,Low,1023.3,Low,1.36,High,32.02041095890411,43.53,0
SEC-G02,900.0,37.8,0.34,19.0,0.254,Low,1023.3,Low,1.34,High,32.056164383561644,43.58,0
SEC-G03,900.0,37.0,0.31,15.8,0.26,Low,1023.3,Low,1.31,Medium,32.10986301369863,43.65,0
SEC-G04,900.0,37.0,0.31,15.8,0.268,Low,1179.7,Low,1.29,Medium,32.1813698630137,43.75,0
SEC-G05,900.0,37.0,0.31,15.8,0.273,Low,1118.6,Low,1.27,Medium,32.226301369863016,43.81,0
SEC-G06,900.0,37.0,0.36,21.3,0.28,Low,1118.6,Low,1.25,Medium,32.288356164383565,43.89,0
SEC-G07,900.0,37.2,0.31,15.8,0.287,Low,1118.6,Low,1.22,Medium,32.35164383561644,43.98,0
SEC-G08,900.0,37.5,0.17,4.8,0.289,Low,779.9,Low,1.2,High,32.36917808219178,44.0,0
SEC-G09,900.0,37.5,0.2,6.6,0.296,Low,779.9,Low,1.18,High,32.43164383561644,44.09,0
SEC-G10,900.0,37.5,0.26,11.1,0.304,Low,779.9,Low,1.16,High,32.50287671232877,44.18,0
SEC-G11,900.0,37.4,0.31,15.8,0.313,Low,861.6,Low,1.14,High,32.583698630136986,44.29,0
SEC-G12,900.0,37.4,0.3,14.8,0.326,Low,1195.0,Low,1.12,High,32.699041095890415,44.45,0
SEC-G13,900.0,37.5,0.29,13.8,0.333,Moderate,1195.0,Low,1.1,High,32.762328767123286,44.53,0
SEC-G14,900.0,37.6,0.28,12.9,0.34,Moderate,1195.0,Low,1.08,High,32.82520547945205,44.62,0
SEC-G15,900.0,37.7,0.31,15.8,0.346,Moderate,1229.6,Low,1.06,High,32.87835616438356,44.69,0
SEC-G16,900.0,37.8,0.33,17.9,0.343,Moderate,742.3,Low,1.04,High,32.8513698630137,44.66,0
SEC-G17,900.0,37.8,0.33,17.9,0.345,Moderate,742.3,Low,1.02,High,32.86904109589041,44.68,0
SEC-G18,900.0,37.9,0.27,12.0,0.346,Moderate,742.3,Low,1.01,High,32.87835616438356,44.69,0
SEC-G19,900.0,37.8,0.29,13.8,0.344,Moderate,746.8,Low,0.99,High,32.86041095890411,44.67,0
SEC-G20,900.0,38.1,0.33,17.9,0.341,Moderate,746.8,Low,0.97,High,32.83424657534247,44.63,0
SEC-G21,900.0,37.9,0.27,12.0,0.335,Moderate,746.8,Low,0.96,High,32.780410958904106,44.56,0
SEC-G22,900.0,37.8,0.27,12.0,0.322,Low,344.6,Low,0.94,High,32.663835616438355,44.4,0
SEC-G23,900.0,37.8,0.32,16.8,0.533,Moderate,14909.9,High,0.93,High,34.54821917808219,46.96,4
SEC-G24,900.0,37.9,0.38,23.7,0.524,Moderate,14909.9,High,0.92,High,34.469315068493145,46.86,4
SEC-G25,900.0,37.9,0.43,30.4,0.513,Moderate,14909.9,High,0.9,Medium,34.37068493150685,46.72,3
SEC-G26,900.0,37.8,0.32,16.8,0.355,Moderate,5116.1,Medium,0.89,High,32.95890410958904,44.8,0
SEC-G27,900.0,37.6,0.29,13.8,0.292,Low,1665.8,Low,0.88,High,32.395616438356164,44.04,0
SEC-G28,900.0,37.5,0.3,14.8,0.281,Low,1665.8,Low,0.87,High,32.297397260273975,43.9,0
SEC-G29,900.0,37.3,0.32,16.8,0.297,Low,3417.9,Low,0.86,Medium,32.44041095890411,44.1,0
SEC-G30,900.0,37.1,0.43,30.4,0.257,Low,1530.9,Low,0.83,Medium,32.083287671232874,43.61,0
SEC-G31,900.0,37.1,0.43,30.4,0.247,Low,1530.9,Low,0.8,Medium,31.993835616438357,43.49,0
SEC-G32,900.0,37.1,0.45,33.3,0.24,Low,1530.9,Low,0.77,Low,31.931095890410955,43.41,0
SEC-G33,900.0,37.0,0.36,21.3,0.237,Low,1057.3,Low,0.74,Medium,31.904383561643836,43.37,0
SEC-G34,900.0,36.9,0.43,30.4,0.235,Low,499.7,Low,0.72,Low,31.886164383561646,43.34,0
SEC-G35,900.0,36.8,0.52,44.4,0.241,Low,499.7,Low,0.69,Low,31.939999999999998,43.42,0
SEC-G36,900.0,36.6,0.58,55.3,0.313,Low,4765.8,Medium,0.66,Low,32.583698630136986,44.29,0
SEC-G37,900.0,36.4,0.53,46.2,0.322,Low,4765.8,Medium,0.63,Low,32.663835616438355,44.4,0
SEC-G38,900.0,36.0,0.54,47.9,0.264,Low,254.8,Low,0.6,Low,32.145616438356164,43.7,0
SEC-G39,900.0,35.3,0.63,65.2,0.276,Low,254.8,Low,0.57,Low,32.25287671232877,43.84,0
SEC-G40,900.0,35.1,0.7,80.5,0.295,Low,621.9,Low,0.54,Low,32.4227397260274,44.07,0
SEC-G41,900.0,35.0,0.76,94.9,0.399,Moderate,6461.7,Medium,0.51,Low,33.35205479452055,45.34,0
SEC-G42,900.0,35.4,0.76,94.9,0.414,Moderate,6461.7,Medium,0.48,Low,33.48616438356164,45.52,0
SEC-G43,900.0,35.5,0.7,80.5,0.339,Moderate,404.1,Low,0.45,Low,32.81602739726028,44.61,0
SEC-G44,900.0,35.8,0.47,36.3,0.358,Moderate,404.1,Low,0.42,Low,32.98575342465753,44.84,0
SEC-G45,900.0,36.3,0.3,14.8,0.506,Moderate,8886.6,Medium,0.4,Low,34.30821917808219,46.64,3
SEC-G46,900.0,36.8,0.28,12.9,0.524,Moderate,8886.6,Medium,0.37,Medium,34.469315068493145,46.86,4
SEC-G47,900.0,37.0,0.29,13.8,0.611,Moderate,13872.4,High,0.34,Medium,35.24616438356164,47.91,5
SEC-G48,900.0,37.2,0.33,17.9,0.761,High,23914.6,High,0.31,Medium,36.587397260273974,49.73,9
SEC-G49,900.0,37.4,0.34,19.0,0.748,High,23914.6,High,0.28,Medium,36.47041095890411,49.58,8
SEC-G50,900.0,37.6,0.41,27.6,0.454,Moderate,5635.4,Medium,0.26,Medium,33.84356164383561,46.0,1
SEC-G51,900.0,37.5,0.44,31.8,0.427,Moderate,5635.4,Medium,0.23,Medium,33.60232876712328,45.68,0
SEC-G52,900.0,37.5,0.3,14.8,0.706,High,24912.8,High,0.21,High,36.09561643835617,49.07,8
SEC-G53,900.0,37.4,0.29,13.8,0.708,High,24912.8,High,0.18,High,36.113150684931504,49.09,8
SEC-G54,900.0,37.3,0.3,14.8,0.644,Moderate,20563.9,High,0.16,High,35.5413698630137,48.31,6
SEC-G55,900.0,37.3,0.39,25.0,0.643,Moderate,20563.9,High,0.14,Medium,35.53246575342465,48.3,6
SEC-G56,900.0,37.5,0.37,22.5,0.58,Moderate,16527.1,High,0.12,Medium,34.96931506849315,47.54,4
SEC-G57,900.0,37.7,0.31,15.8,0.492,Moderate,11053.8,Medium,0.11,High,34.18301369863014,46.47,2
SEC-G58,900.0,38.0,0.27,12.0,0.486,Moderate,11053.8,Medium,0.1,High,34.12945205479452,46.39,2
SEC-G59,900.0,38.4,0.25,10.3,0.39,Moderate,4101.1,Low,0.09,High,33.27123287671233,45.23,0
SEC-G60,900.0,38.9,0.28,12.9,0.397,Moderate,4101.1,Low,0.1,High,33.33438356164383,45.31,0
SEC-G61,900.0,39.1,0.24,9.5,0.456,Moderate,8253.1,Medium,0.11,High,33.861780821917804,46.03,2
SEC-G62,900.0,39.2,0.18,5.3,0.448,Moderate,8253.1,Medium,0.12,High,33.78945205479452,45.93,0
SEC-G63,900.0,39.1,0.17,4.8,0.343,Moderate,1087.4,Low,0.14,High,32.8513698630137,44.66,0
SEC-G64,900.0,38.8,0.29,13.8,0.344,Moderate,1087.4,Low,0.16,High,32.86041095890411,44.67,0
SEC-G65,900.0,38.5,0.53,46.2,0.445,Moderate,7840.9,Medium,0.18,Medium,33.763561643835615,45.9,0
SEC-G66,900.0,38.2,0.57,53.4,0.443,Moderate,7840.9,Medium,0.2,Low,33.74520547945205,45.87,0
SEC-G67,900.0,37.9,0.46,34.8,0.391,Moderate,4520.9,Medium,0.23,Medium,33.280410958904106,45.24,0
SEC-G68,900.0,37.8,0.42,29.0,0.397,Moderate,5181.5,Medium,0.25,Medium,33.33438356164383,45.31,0
SEC-G69,900.0,37.8,0.39,25.0,0.394,Moderate,5181.5,Medium,0.28,High,33.30712328767123,45.28,0
SEC-G70,900.0,37.7,0.35,20.1,0.385,Moderate,5181.5,Medium,0.31,High,33.227397260273975,45.17,0
SEC-H01,900.0,37.8,0.31,15.8,0.254,Low,1179.7,Low,1.34,High,32.056164383561644,43.58,0
SEC-H02,900.0,37.8,0.32,16.8,0.259,Low,1179.7,Low,1.32,High,32.10068493150685,43.64,0
SEC-H03,900.0,37.6,0.29,13.8,0.265,Low,1179.7,Low,1.29,High,32.154931506849316,43.71,0
SEC-H04,900.0,37.6,0.28,12.9,0.271,Low,1179.7,Low,1.27,High,32.20794520547945,43.78,0
SEC-H05,900.0,37.6,0.29,13.8,0.278,Low,1179.7,Low,1.25,High,32.27095890410959,43.87,0
SEC-H06,900.0,37.6,0.3,14.8,0.285,Low,1194.1,Low,1.23,High,32.333287671232874,43.95,0
SEC-H07,900.0,37.4,0.29,13.8,0.293,Low,1194.1,Low,1.2,High,32.40452054794521,44.05,0
SEC-H08,900.0,37.2,0.21,7.2,0.301,Low,1194.1,Low,1.18,High,32.476301369863016,44.15,0
SEC-H09,900.0,37.2,0.23,8.7,0.304,Low,861.6,Low,1.16,High,32.50287671232877,44.18,0
SEC-H10,900.0,37.7,0.25,10.3,0.313,Low,861.6,Low,1.14,High,32.583698630136986,44.29,0
SEC-H11,900.0,37.7,0.33,17.9,0.322,Low,861.6,Low,1.12,High,32.663835616438355,44.4,0
SEC-H12,900.0,37.7,0.28,12.9,0.331,Moderate,861.6,Low,1.1,High,32.744246575342466,44.51,0
SEC-H13,900.0,37.8,0.28,12.9,0.345,Moderate,1229.6,Low,1.08,High,32.86904109589041,44.68,0
SEC-H14,900.0,37.9,0.27,12.0,0.353,Moderate,1229.6,Low,1.06,High,32.94068493150685,44.78,0
SEC-H15,900.0,37.9,0.3,14.8,0.36,Moderate,1229.6,Low,1.04,High,33.003287671232876,44.86,0
SEC-H16,900.0,38.0,0.29,13.8,0.361,Moderate,882.0,Low,1.02,High,33.01260273972603,44.88,0
SEC-H17,900.0,37.7,0.3,14.8,0.364,Moderate,882.0,Low,1.0,High,33.03945205479452,44.91,0
SEC-H18,900.0,37.6,0.34,19.0,0.365,Moderate,882.0,Low,0.98,High,33.04835616438356,44.92,0
SEC-H19,900.0,37.8,0.29,13.8,0.363,Moderate,882.0,Low,0.96,High,33.030410958904106,44.9,0
SEC-H20,900.0,37.8,0.37,22.5,0.35,Moderate,344.6,Low,0.95,High,32.9141095890411,44.74,0
SEC-H21,900.0,37.7,0.34,19.0,0.344,Moderate,344.6,Low,0.93,High,32.86041095890411,44.67,0
SEC-H22,900.0,37.7,0.32,16.8,0.335,Moderate,344.6,Low,0.92,High,32.780410958904106,44.56,0
SEC-H23,900.0,37.6,0.32,16.8,0.325,Low,344.6,Low,0.9,High,32.69054794520548,44.44,0
SEC-H24,900.0,37.8,0.38,23.7,0.386,Moderate,5116.1,Medium,0.89,High,33.23684931506849,45.18,0
SEC-H25,900.0,37.8,0.41,27.6,0.374,Moderate,5116.1,Medium,0.88,Medium,33.12876712328767,45.03,0
SEC-H26,900.0,37.8,0.33,17.9,0.362,Moderate,5116.1,Medium,0.86,High,33.021506849315074,44.89,0
SEC-H27,900.0,37.7,0.27,12.0,0.324,Low,3417.9,Low,0.85,High,32.68246575342466,44.43,0
SEC-H28,900.0,37.7,0.33,17.9,0.312,Low,3417.9,Low,0.84,High,32.574657534246576,44.28,0
SEC-H29,900.0,37.5,0.35,20.1,0.3,Low,3417.9,Low,0.83,High,32.46780821917808,44.13,0
SEC-H30,900.0,37.5,0.39,25.0,0.289,Low,3417.9,Low,0.82,Medium,32.36917808219178,44.0,0
SEC-H31,900.0,37.4,0.36,21.3,0.242,Low,1057.3,Low,0.81,Medium,31.94917808219178,43.43,0
SEC-H32,900.0,37.2,0.44,31.8,0.231,Low,1057.3,Low,0.78,Medium,31.85095890410959,43.3,0
SEC-H33,900.0,37.1,0.38,23.7,0.233,Low,1057.3,Low,0.75,Medium,31.86835616438356,43.32,0
SEC-H34,900.0,36.9,0.46,34.8,0.238,Low,1057.3,Low,0.72,Low,31.91328767123288,43.38,0
SEC-H35,900.0,36.8,0.54,47.9,0.299,Low,4765.8,Medium,0.69,Low,32.45890410958904,44.12,0
SEC-H36,900.0,36.7,0.56,51.5,0.306,Low,4765.8,Medium,0.66,Low,32.52082191780822,44.21,0
SEC-H37,900.0,36.5,0.54,47.9,0.313,Low,4765.8,Medium,0.63,Low,32.583698630136986,44.29,0
SEC-H38,900.0,36.1,0.53,46.2,0.26,Low,621.9,Low,0.6,Low,32.10986301369863,43.65,0
SEC-H39,900.0,35.4,0.64,67.3,0.27,Low,621.9,Low,0.58,Low,32.19917808219178,43.77,0
SEC-H40,900.0,35.1,0.69,78.3,0.283,Low,621.9,Low,0.55,Low,32.31575342465754,43.93,0
SEC-H41,900.0,35.0,0.75,92.5,0.297,Low,621.9,Low,0.52,Low,32.44041095890411,44.1,0
SEC-H42,900.0,35.0,0.75,92.5,0.307,Low,404.1,Low,0.49,Low,32.52945205479452,44.22,0
SEC-H43,900.0,35.2,0.7,80.5,0.321,Low,404.1,Low,0.46,Low,32.654794520547945,44.39,0
SEC-H44,900.0,35.5,0.6,59.2,0.336,Moderate,404.1,Low,0.43,Low,32.789726027397265,44.57,0
SEC-H45,900.0,36.5,0.35,20.1,0.553,Moderate,13872.4,High,0.41,Low,34.72904109589041,47.21,4
SEC-H46,900.0,37.1,0.25,10.3,0.566,Moderate,13872.4,High,0.38,High,34.84438356164383,47.37,4
SEC-H47,900.0,37.4,0.29,13.8,0.573,Moderate,13872.4,High,0.35,High,34.90712328767123,47.45,4
SEC-H48,900.0,37.7,0.38,23.7,0.573,Moderate,13872.4,High,0.32,High,34.90712328767123,47.45,4
SEC-H49,900.0,38.0,0.42,29.0,0.441,Moderate,5635.4,Medium,0.3,High,33.727260273972604,45.85,0
SEC-H50,900.0,38.1,0.46,34.8,0.43,Moderate,5635.4,Medium,0.27,Medium,33.6286301369863,45.71,0
SEC-H51,900.0,38.1,0.42,29.0,0.416,Moderate,5635.4,Medium,0.25,High,33.504383561643834,45.54,0
SEC-H52,900.0,37.6,0.31,15.8,0.408,Moderate,5635.4,Medium,0.22,High,33.43164383561644,45.45,0
SEC-H53,900.0,37.5,0.34,19.0,0.635,Moderate,20563.9,High,0.2,High,35.46109589041096,48.2,6
SEC-H54,900.0,37.3,0.29,13.8,0.636,Moderate,20563.9,High,0.18,High,35.46972602739726,48.22,6
SEC-H55,900.0,37.3,0.3,14.8,0.635,Moderate,20563.9,High,0.16,High,35.46109589041096,48.2,6
SEC-H56,900.0,37.3,0.32,16.8,0.489,Moderate,11053.8,Medium,0.15,Medium,34.15575342465753,46.43,2
SEC-H57,900.0,37.5,0.28,12.9,0.488,Moderate,11053.8,Medium,0.13,High,34.14712328767123,46.42,2
SEC-H58,900.0,37.8,0.26,11.1,0.509,Moderate,11053.8,Medium,0.13,High,34.33520547945205,46.67,3
SEC-H59,900.0,38.5,0.24,9.5,0.536,Moderate,11053.8,Medium,0.12,High,34.57616438356164,47.0,4
SEC-H60,900.0,39.1,0.26,11.1,0.509,Moderate,8253.1,Medium,0.13,High,34.33520547945205,46.67,3
SEC-H61,900.0,39.3,0.26,11.1,0.491,Moderate,8253.1,Medium,0.13,High,34.173972602739724,46.45,2
SEC-H62,900.0,39.3,0.19,5.9,0.47,Moderate,8253.1,Medium,0.14,High,33.986712328767126,46.2,2
SEC-H63,900.0,39.1,0.18,5.3,0.447,Moderate,7840.9,Medium,0.16,High,33.78082191780822,45.92,0
SEC-H64,900.0,38.8,0.32,16.8,0.438,Moderate,7840.9,Medium,0.18,High,33.70027397260274,45.81,0
SEC-H65,900.0,38.5,0.57,53.4,0.438,Moderate,7840.9,Medium,0.2,Medium,33.70027397260274,45.81,0
SEC-H66,900.0,38.2,0.57,53.4,0.437,Moderate,7840.9,Medium,0.22,Low,33.69150684931507,45.8,0
SEC-H67,900.0,37.9,0.52,44.4,0.395,Moderate,5181.5,Medium,0.25,Medium,33.31616438356164,45.29,0
SEC-H68,900.0,37.8,0.5,41.1,0.39,Moderate,5181.5,Medium,0.27,Medium,33.27123287671233,45.23,0
SEC-H69,900.0,37.7,0.46,34.8,0.381,Moderate,5181.5,Medium,0.3,Medium,33.19095890410959,45.12,0
SEC-H70,900.0,37.9,0.48,37.9,0.375,Moderate,5181.5,Medium,0.32,Medium,33.1372602739726,45.05,0
SEC-I01,900.0,37.8,0.27,12.0,0.256,Low,1179.7,Low,1.32,High,32.07479452054795,43.6,0
SEC-I02,900.0,37.8,0.31,15.8,0.262,Low,1179.7,Low,1.3,High,32.127534246575344,43.67,0
SEC-I03,900.0,37.6,0.31,15.8,0.268,Low,1179.7,Low,1.28,High,32.1813698630137,43.75,0
SEC-I04,900.0,37.6,0.28,12.9,0.274,Low,1179.7,Low,1.25,High,32.2354794520548,43.82,0
SEC-I05,900.0,37.5,0.29,13.8,0.281,Low,1179.7,Low,1.23,High,32.297397260273975,43.9,0
SEC-I06,900.0,37.6,0.28,12.9,0.289,Low,1194.1,Low,1.21,High,32.36917808219178,44.0,0
SEC-I07,900.0,37.4,0.28,12.9,0.298,Low,1194.1,Low,1.18,High,32.44958904109589,44.11,0
SEC-I08,900.0,37.1,0.27,12.0,0.307,Low,1194.1,Low,1.16,High,32.52945205479452,44.22,0
SEC-I09,900.0,37.1,0.28,12.9,0.311,Low,861.6,Low,1.14,Medium,32.56643835616438,44.27,0
SEC-I10,900.0,37.7,0.26,11.1,0.321,Low,861.6,Low,1.12,High,32.654794520547945,44.39,0
SEC-I11,900.0,37.7,0.3,14.8,0.331,Moderate,861.6,Low,1.09,High,32.744246575342466,44.51,0
SEC-I12,900.0,37.8,0.26,11.1,0.342,Moderate,861.6,Low,1.07,High,32.842739726027396,44.64,0
SEC-I13,900.0,38.0,0.26,11.1,0.357,Moderate,1229.6,Low,1.05,High,32.976164383561645,44.83,0
SEC-I14,900.0,38.1,0.28,12.9,0.367,Moderate,1229.6,Low,1.03,High,33.0658904109589,44.95,0
SEC-I15,900.0,38.1,0.32,16.8,0.376,Moderate,1229.6,Low,1.01,High,33.14671232876712,45.06,0
SEC-I16,900.0,38.1,0.26,11.1,0.378,Moderate,882.0,Low,0.99,High,33.163972602739726,45.08,0
SEC-I17,900.0,37.8,0.27,12.0,0.382,Moderate,882.0,Low,0.98,High,33.19986301369863,45.13,0
SEC-I18,900.0,37.6,0.42,29.0,0.383,Moderate,882.0,Low,0.96,Medium,33.20876712328767,45.14,0
SEC-I19,900.0,37.6,0.37,22.5,0.381,Moderate,882.0,Low,0.94,High,33.19095890410959,45.12,0
SEC-I20,900.0,37.6,0.47,36.3,0.368,Moderate,344.6,Low,0.92,Medium,33.074657534246576,44.96,0
SEC-I21,900.0,37.7,0.47,36.3,0.36,Moderate,344.6,Low,0.91,Medium,33.003287671232876,44.86,0
SEC-I22,900.0,37.7,0.43,30.4,0.349,Moderate,344.6,Low,0.89,Medium,32.90506849315069,44.73,0
SEC-I23,900.0,37.7,0.42,29.0,0.337,Moderate,344.6,Low,0.88,Medium,32.79712328767123,44.58,0
SEC-I24,900.0,37.6,0.33,17.9,0.396,Moderate,5116.1,Medium,0.86,High,33.32534246575342,45.3,0
SEC-I25,900.0,37.7,0.34,19.0,0.383,Moderate,5116.1,Medium,0.85,High,33.20876712328767,45.14,0
SEC-I26,900.0,37.7,0.42,29.0,0.37,Moderate,5116.1,Medium,0.84,Medium,33.09287671232877,44.98,0
SEC-I27,900.0,37.7,0.37,22.5,0.331,Moderate,3417.9,Low,0.82,High,32.744246575342466,44.51,0
SEC-I28,900.0,37.9,0.35,20.1,0.317,Low,3417.9,Low,0.81,High,32.61917808219178,44.34,0
SEC-I29,900.0,37.8,0.43,30.4,0.304,Low,3417.9,Low,0.8,Medium,32.50287671232877,44.18,0
SEC-I30,900.0,37.6,0.38,23.7,0.291,Low,3417.9,Low,0.79,Medium,32.38643835616438,44.02,0
SEC-I31,900.0,37.4,0.36,21.3,0.243,Low,1057.3,Low,0.79,Medium,31.95808219178082,43.44,0
SEC-I32,900.0,37.2,0.46,34.8,0.232,Low,1057.3,Low,0.78,Low,31.859452054794517,43.31,0
SEC-I33,900.0,37.0,0.49,39.5,0.228,Low,1057.3,Low,0.76,Low,31.823561643835614,43.26,0
SEC-I34,900.0,36.8,0.52,44.4,0.232,Low,1057.3,Low,0.73,Low,31.859452054794517,43.31,0
SEC-I35,900.0,36.7,0.45,33.3,0.292,Low,4765.8,Medium,0.7,Low,32.395616438356164,44.04,0
SEC-I36,900.0,36.8,0.37,22.5,0.298,Low,4765.8,Medium,0.67,Medium,32.44958904109589,44.11,0
SEC-I37,900.0,36.6,0.41,27.6,0.304,Low,4765.8,Medium,0.64,Low,32.50287671232877,44.18,0
SEC-I38,900.0,36.2,0.44,31.8,0.249,Low,621.9,Low,0.61,Low,32.01150684931507,43.51,0
SEC-I39,900.0,35.4,0.66,71.6,0.258,Low,621.9,Low,0.58,Low,32.09178082191781,43.62,0
SEC-I40,900.0,35.1,0.64,67.3,0.268,Low,621.9,Low,0.56,Low,32.1813698630137,43.75,0
SEC-I41,900.0,35.0,0.75,92.5,0.28,Low,621.9,Low,0.53,Low,32.288356164383565,43.89,0
SEC-I42,900.0,35.0,0.76,94.9,0.29,Low,404.1,Low,0.5,Low,32.377945205479456,44.01,0
SEC-I43,900.0,35.2,0.73,87.6,0.3,Low,404.1,Low,0.47,Low,32.46780821917808,44.13,0
SEC-I44,900.0,35.6,0.62,63.2,0.311,Low,404.1,Low,0.45,Low,32.56643835616438,44.27,0
SEC-I45,900.0,36.6,0.5,41.1,0.524,Moderate,13872.4,High,0.42,Low,34.469315068493145,46.86,4
SEC-I46,900.0,37.1,0.4,26.3,0.532,Moderate,13872.4,High,0.39,Medium,34.54013698630137,46.95,4
SEC-I47,900.0,37.4,0.25,10.3,0.537,Moderate,13872.4,High,0.36,High,34.585068493150686,47.01,4
SEC-I48,900.0,37.8,0.3,14.8,0.538,Moderate,13872.4,High,0.34,High,34.593835616438355,47.03,4
SEC-I49,900.0,38.1,0.42,29.0,0.41,Moderate,5635.4,Medium,0.31,High,33.45054794520548,45.47,0
SEC-I50,900.0,38.2,0.42,29.0,0.403,Moderate,5635.4,Medium,0.29,High,33.38767123287671,45.39,0
SEC-I51,900.0,38.2,0.42,29.0,0.395,Moderate,5635.4,Medium,0.27,High,33.31616438356164,45.29,0
SEC-I52,900.0,37.8,0.36,21.3,0.402,Moderate,5635.4,Medium,0.24,High,33.37849315068493,45.37,0
SEC-I53,900.0,37.6,0.4,26.3,0.629,Moderate,20563.9,High,0.22,Medium,35.407260273972604,48.13,6
SEC-I54,900.0,37.3,0.31,15.8,0.629,Moderate,20563.9,High,0.2,High,35.407260273972604,48.13,6
SEC-I55,900.0,37.4,0.26,11.1,0.628,Moderate,20563.9,High,0.19,High,35.39808219178082,48.12,6
SEC-I56,900.0,37.3,0.26,11.1,0.483,Moderate,11053.8,Medium,0.17,High,34.10328767123288,46.36,2
SEC-I57,900.0,37.5,0.28,12.9,0.501,Moderate,11053.8,Medium,0.16,High,34.263424657534244,46.58,2
SEC-I58,900.0,37.8,0.25,10.3,0.526,Moderate,11053.8,Medium,0.16,High,34.48739726027397,46.88,4
SEC-I59,900.0,38.5,0.26,11.1,0.557,Moderate,11053.8,Medium,0.15,High,34.76301369863013,47.26,4
SEC-I60,900.0,39.1,0.32,16.8,0.535,Moderate,8253.1,Medium,0.16,High,34.56698630136986,46.99,4
SEC-I61,900.0,39.4,0.32,16.8,0.508,Moderate,8253.1,Medium,0.16,High,34.325616438356164,46.66,3
SEC-I62,900.0,39.3,0.19,5.9,0.483,Moderate,8253.1,Medium,0.17,High,34.10328767123288,46.36,2
SEC-I63,900.0,39.0,0.2,6.6,0.456,Moderate,7840.9,Medium,0.19,High,33.861780821917804,46.03,2
SEC-I64,900.0,38.8,0.36,21.3,0.439,Moderate,7840.9,Medium,0.2,High,33.70945205479452,45.82,0
SEC-I65,900.0,38.5,0.52,44.4,0.432,Moderate,7840.9,Medium,0.22,Medium,33.646986301369864,45.74,0
SEC-I66,900.0,38.2,0.48,37.9,0.432,Moderate,7840.9,Medium,0.24,Medium,33.646986301369864,45.74,0
SEC-I67,900.0,37.9,0.46,34.8,0.383,Moderate,5181.5,Medium,0.26,Medium,33.20876712328767,45.14,0
SEC-I68,900.0,37.8,0.47,36.3,0.381,Moderate,5181.5,Medium,0.27,Medium,33.19095890410959,45.12,0
SEC-I69,900.0,37.9,0.5,41.1,0.38,Moderate,5181.5,Medium,0.28,Medium,33.18191780821918,45.11,0
SEC-I70,900.0,35.0,0.2,6.6,0.379,Moderate,5181.5,Medium,0.29,Low,33.17328767123288,45.09,0
SEC-J01,900.0,37.8,0.27,12.0,0.254,Low,912.7,Low,1.31,High,32.056164383561644,43.58,0
SEC-J02,900.0,37.8,0.29,13.8,0.264,Low,1179.7,Low,1.28,High,32.145616438356164,43.7,0
SEC-J03,900.0,37.6,0.28,12.9,0.27,Low,1179.7,Low,1.26,High,32.19917808219178,43.77,0
SEC-J04,900.0,37.6,0.29,13.8,0.277,Low,1179.7,Low,1.23,High,32.26164383561644,43.85,0
SEC-J05,900.0,37.6,0.31,15.8,0.285,Low,1179.7,Low,1.21,High,32.333287671232874,43.95,0
SEC-J06,900.0,37.6,0.28,12.9,0.293,Low,1194.1,Low,1.19,High,32.40452054794521,44.05,0
SEC-J07,900.0,37.4,0.3,14.8,0.302,Low,1194.1,Low,1.16,High,32.484931506849314,44.16,0
SEC-J08,900.0,37.2,0.3,14.8,0.312,Low,1194.1,Low,1.14,Medium,32.574657534246576,44.28,0
SEC-J09,900.0,37.2,0.28,12.9,0.317,Low,861.6,Low,1.12,High,32.61917808219178,44.34,0
SEC-J10,900.0,37.7,0.28,12.9,0.328,Low,861.6,Low,1.1,High,32.71767123287671,44.47,0
SEC-J11,900.0,37.9,0.29,13.8,0.34,Moderate,861.6,Low,1.07,High,32.82520547945205,44.62,0
SEC-J12,900.0,38.0,0.26,11.1,0.352,Moderate,861.6,Low,1.05,High,32.9327397260274,44.77,0
SEC-J13,900.0,38.1,0.28,12.9,0.37,Moderate,1229.6,Low,1.03,High,33.09287671232877,44.98,0
SEC-J14,900.0,38.2,0.38,23.7,0.381,Moderate,1229.6,Low,1.01,High,33.19095890410959,45.12,0
SEC-J15,900.0,38.3,0.38,23.7,0.392,Moderate,1229.6,Low,0.99,High,33.28945205479452,45.25,0
SEC-J16,900.0,38.3,0.28,12.9,0.395,Moderate,845.1,Low,0.97,High,33.31616438356164,45.29,0
SEC-J17,900.0,37.9,0.28,12.9,0.402,Moderate,882.0,Low,0.95,High,33.37849315068493,45.37,0
SEC-J18,900.0,37.6,0.42,29.0,0.404,Moderate,882.0,Low,0.93,Medium,33.396986301369864,45.4,0
SEC-J19,900.0,37.5,0.42,29.0,0.402,Moderate,882.0,Low,0.92,Medium,33.37849315068493,45.37,0
SEC-J20,900.0,37.5,0.44,31.8,0.387,Moderate,344.6,Low,0.9,Medium,33.245479452054795,45.19,0
SEC-J21,900.0,37.6,0.38,23.7,0.377,Moderate,344.6,Low,0.88,Medium,33.156027397260274,45.07,0
SEC-J22,900.0,37.6,0.41,27.6,0.364,Moderate,344.6,Low,0.86,Medium,33.03945205479452,44.91,0
SEC-J23,900.0,37.6,0.45,33.3,0.483,Moderate,9167.4,Medium,0.85,Medium,34.10328767123288,46.36,2
SEC-J24,900.0,37.5,0.4,26.3,0.406,Moderate,5116.1,Medium,0.83,Medium,33.41465753424657,45.42,0
SEC-J25,900.0,37.6,0.45,33.3,0.391,Moderate,5116.1,Medium,0.82,Medium,33.280410958904106,45.24,0
SEC-J26,900.0,37.7,0.49,39.5,0.376,Moderate,5116.1,Medium,0.81,Medium,33.14671232876712,45.06,0
SEC-J27,900.0,37.7,0.48,37.9,0.29,Low,386.8,Low,0.8,Medium,32.377945205479456,44.01,0
SEC-J28,900.0,38.0,0.35,20.1,0.322,Low,3417.9,Low,0.78,High,32.663835616438355,44.4,0
SEC-J29,900.0,37.8,0.46,34.8,0.308,Low,3417.9,Low,0.77,Medium,32.538630136986306,44.23,0
SEC-J30,900.0,37.5,0.41,27.6,0.244,Low,111.2,Low,0.77,Medium,31.967534246575344,43.45,0
SEC-J31,900.0,37.3,0.46,34.8,0.245,Low,1057.3,Low,0.76,Medium,31.976438356164387,43.47,0
SEC-J32,900.0,37.0,0.52,44.4,0.232,Low,1057.3,Low,0.75,Low,31.859452054794517,43.31,0
SEC-J33,900.0,36.8,0.54,47.9,0.223,Low,1057.3,Low,0.74,Low,31.779315068493148,43.2,0
SEC-J34,900.0,36.6,0.59,57.2,0.211,Low,132.6,Low,0.74,Low,31.672054794520548,43.05,0
SEC-J35,900.0,36.6,0.49,39.5,0.285,Low,4765.8,Medium,0.71,Low,32.333287671232874,43.95,0
SEC-J36,900.0,36.8,0.31,15.8,0.289,Low,4765.8,Medium,0.68,Medium,32.36917808219178,44.0,0
SEC-J37,900.0,36.6,0.29,13.8,0.32,Low,6475.0,Medium,0.65,Medium,32.645890410958906,44.38,0
SEC-J38,900.0,36.3,0.4,26.3,0.237,Low,621.9,Low,0.62,Low,31.904383561643836,43.37,0
SEC-J39,900.0,35.5,0.61,61.2,0.244,Low,621.9,Low,0.6,Low,31.967534246575344,43.45,0
SEC-J40,900.0,35.1,0.66,71.6,0.252,Low,621.9,Low,0.57,Low,32.038219178082194,43.55,0
SEC-J41,900.0,35.0,0.75,92.5,0.302,Low,3324.6,Low,0.54,Low,32.484931506849314,44.16,0
SEC-J42,900.0,35.1,0.78,100.0,0.269,Low,404.1,Low,0.51,Low,32.19041095890411,43.76,0
SEC-J43,900.0,35.3,0.74,90.0,0.278,Low,404.1,Low,0.48,Low,32.27095890410959,43.87,0
SEC-J44,900.0,35.8,0.55,49.7,0.321,Low,2863.8,Low,0.46,Low,32.654794520547945,44.39,0
SEC-J45,900.0,36.8,0.45,33.3,0.328,Low,2863.8,Low,0.43,Low,32.71767123287671,44.47,0
SEC-J46,900.0,37.2,0.34,19.0,0.499,Moderate,13872.4,High,0.41,Medium,34.245479452054795,46.55,2
SEC-J47,900.0,37.5,0.25,10.3,0.503,Moderate,13872.4,High,0.38,High,34.28123287671233,46.6,2
SEC-J48,900.0,37.8,0.26,11.1,0.555,Moderate,17258.4,High,0.36,High,34.74616438356164,47.23,4
SEC-J49,900.0,38.0,0.33,17.9,0.379,Moderate,5635.4,Medium,0.33,High,33.17328767123288,45.09,0
SEC-J50,900.0,38.2,0.33,17.9,0.376,Moderate,5635.4,Medium,0.31,High,33.14671232876712,45.06,0
SEC-J51,900.0,38.2,0.46,34.8,0.377,Moderate,5635.4,Medium,0.29,Medium,33.156027397260274,45.07,0
SEC-J52,900.0,37.8,0.36,21.3,0.485,Moderate,11771.1,Medium,0.26,High,34.12013698630137,46.38,2
SEC-J53,900.0,37.6,0.39,25.0,0.623,Moderate,20563.9,High,0.25,Medium,35.35397260273973,48.06,6
SEC-J54,900.0,37.4,0.36,21.3,0.623,Moderate,20563.9,High,0.23,Medium,35.35397260273973,48.06,6
SEC-J55,900.0,37.4,0.33,17.9,0.518,Moderate,13626.3,High,0.21,High,34.41589041095891,46.78,4
SEC-J56,900.0,37.3,0.29,13.8,0.525,Moderate,13626.3,High,0.2,High,34.47794520547945,46.87,4
SEC-J57,900.0,37.5,0.3,14.8,0.505,Moderate,11053.8,Medium,0.19,High,34.29945205479452,46.62,2
SEC-J58,900.0,37.6,0.27,12.0,0.526,Moderate,11053.8,Medium,0.19,High,34.48739726027397,46.88,4
SEC-J59,900.0,38.3,0.26,11.1,0.643,Moderate,17354.5,High,0.18,High,35.53246575342465,48.3,6
SEC-J60,900.0,38.9,0.34,19.0,0.514,Moderate,8253.1,Medium,0.19,High,34.37945205479452,46.73,3
SEC-J61,900.0,39.3,0.32,16.8,0.502,Moderate,8253.1,Medium,0.19,High,34.272465753424655,46.59,2
SEC-J62,900.0,39.1,0.19,5.9,0.502,Moderate,9520.0,Medium,0.2,High,34.272465753424655,46.59,2
SEC-J63,900.0,38.8,0.19,5.9,0.483,Moderate,9520.0,Medium,0.21,High,34.10328767123288,46.36,2
SEC-J64,900.0,38.6,0.37,22.5,0.441,Moderate,7840.9,Medium,0.23,High,33.727260273972604,45.85,0
SEC-J65,900.0,38.4,0.37,22.5,0.428,Moderate,7840.9,Medium,0.23,High,33.61109589041096,45.69,0
SEC-J66,900.0,38.2,0.35,20.1,0.492,Moderate,12085.0,Medium,0.23,High,34.18301369863014,46.47,2
SEC-J67,900.0,37.9,0.36,21.3,0.49,Moderate,12085.0,Medium,0.24,High,34.164931506849314,46.44,2
SEC-J68,900.0,38.0,0.44,31.8,0.385,Moderate,5181.5,Medium,0.24,Medium,33.227397260273975,45.17,0
SEC-J69,900.0,38.1,0.41,27.6,0.354,Moderate,3194.4,Low,0.25,High,32.950136986301374,44.79,0
SEC-J70,900.0,35.0,0.2,6.6,0.353,Moderate,3194.4,Low,0.26,Low,32.94068493150685,44.78,0
SEC-K01,900.0,37.8,0.25,10.3,0.255,Low,912.7,Low,1.29,High,32.065342465753425,43.59,0
SEC-K02,900.0,37.8,0.28,12.9,0.261,Low,912.7,Low,1.27,High,32.11835616438356,43.66,0
SEC-K03,900.0,37.6,0.27,12.0,0.272,Low,1158.6,Low,1.24,High,32.216986301369865,43.79,0
SEC-K04,900.0,37.7,0.28,12.9,0.279,Low,1158.6,Low,1.22,High,32.27958904109589,43.88,0
SEC-K05,900.0,37.7,0.27,12.0,0.287,Low,1158.6,Low,1.19,High,32.35164383561644,43.98,0
SEC-K06,900.0,37.7,0.27,12.0,0.296,Low,1158.6,Low,1.17,High,32.43164383561644,44.09,0
SEC-K07,900.0,37.3,0.3,14.8,0.305,Low,1143.2,Low,1.14,High,32.512191780821915,44.19,0
SEC-K08,900.0,37.3,0.31,15.8,0.316,Low,1143.2,Low,1.12,High,32.60986301369863,44.33,0
SEC-K09,900.0,37.3,0.32,16.8,0.327,Low,1143.2,Low,1.1,Medium,32.70821917808219,44.46,0
SEC-K10,900.0,37.9,0.3,14.8,0.338,Moderate,1067.6,Low,1.08,High,32.8068493150685,44.6,0
SEC-K11,900.0,38.0,0.3,14.8,0.351,Moderate,1067.6,Low,1.05,High,32.92328767123288,44.75,0
SEC-K12,900.0,38.2,0.26,11.1,0.365,Moderate,1067.6,Low,1.03,High,33.04835616438356,44.92,0
SEC-K13,900.0,38.4,0.29,13.8,0.379,Moderate,1067.6,Low,1.01,High,33.17328767123288,45.09,0
SEC-K14,900.0,38.5,0.38,23.7,0.389,Moderate,845.1,Low,0.99,High,33.262191780821915,45.22,0
SEC-K15,900.0,38.6,0.33,17.9,0.403,Moderate,845.1,Low,0.97,High,33.38767123287671,45.39,0
SEC-K16,900.0,38.6,0.26,11.1,0.415,Moderate,845.1,Low,0.95,High,33.495342465753424,45.53,0
SEC-K17,900.0,37.9,0.28,12.9,0.418,Moderate,538.3,Low,0.93,High,33.52191780821918,45.57,0
SEC-K18,900.0,37.8,0.43,30.4,0.422,Moderate,538.3,Low,0.91,Medium,33.55739726027397,45.62,0
SEC-K19,900.0,37.6,0.43,30.4,0.419,Moderate,538.3,Low,0.89,Medium,33.530684931506855,45.58,0
SEC-K20,900.0,37.6,0.5,41.1,0.41,Moderate,538.3,Low,0.87,Low,33.45054794520548,45.47,0
SEC-K21,900.0,37.6,0.4,26.3,0.527,Moderate,9167.4,Medium,0.86,Medium,34.49602739726028,46.89,4
SEC-K22,900.0,37.6,0.41,27.6,0.512,Moderate,9167.4,Medium,0.84,Medium,34.36164383561644,46.71,3
SEC-K23,900.0,37.6,0.45,33.3,0.495,Moderate,9167.4,Medium,0.82,Medium,34.20972602739726,46.5,2
SEC-K24,900.0,37.4,0.47,36.3,0.477,Moderate,9167.4,Medium,0.81,Medium,34.048904109589046,46.28,2
SEC-K25,900.0,37.6,0.57,53.4,0.327,Low,386.8,Low,0.79,Low,32.70821917808219,44.46,0
SEC-K26,900.0,37.7,0.52,44.4,0.311,Low,386.8,Low,0.78,Low,32.56643835616438,44.27,0
SEC-K27,900.0,37.7,0.49,39.5,0.294,Low,386.8,Low,0.77,Medium,32.41424657534246,44.06,0
SEC-K28,900.0,37.8,0.45,33.3,0.275,Low,111.2,Low,0.76,Medium,32.24452054794521,43.83,0
SEC-K29,900.0,37.5,0.55,49.7,0.261,Low,111.2,Low,0.75,Low,32.11835616438356,43.66,0
SEC-K30,900.0,37.3,0.55,49.7,0.246,Low,111.2,Low,0.74,Low,31.984794520547943,43.48,0
SEC-K31,900.0,37.0,0.43,30.4,0.232,Low,111.2,Low,0.73,Low,31.859452054794517,43.31,0
SEC-K32,900.0,36.8,0.39,25.0,0.218,Low,132.6,Low,0.72,Low,31.734657534246576,43.14,0
SEC-K33,900.0,36.6,0.4,26.3,0.211,Low,132.6,Low,0.71,Low,31.672054794520548,43.05,0
SEC-K34,900.0,36.6,0.56,51.5,0.206,Low,132.6,Low,0.71,Low,31.627397260273977,42.99,0
SEC-K35,900.0,36.6,0.56,51.5,0.207,Low,132.6,Low,0.71,Low,31.636438356164383,43.0,0
SEC-K36,900.0,36.7,0.43,30.4,0.305,Low,6475.0,Medium,0.69,Low,32.512191780821915,44.19,0
SEC-K37,900.0,36.7,0.36,21.3,0.309,Low,6475.0,Medium,0.66,Low,32.54835616438356,44.24,0
SEC-K38,900.0,36.4,0.37,22.5,0.312,Low,6475.0,Medium,0.63,Low,32.574657534246576,44.28,0
SEC-K39,900.0,35.6,0.46,34.8,0.269,Low,3324.6,Low,0.61,Low,32.19041095890411,43.76,0
SEC-K40,900.0,35.3,0.62,63.2,0.275,Low,3324.6,Low,0.58,Low,32.24452054794521,43.83,0
SEC-K41,900.0,35.2,0.72,85.2,0.282,Low,3324.6,Low,0.55,Low,32.3068493150685,43.92,0
SEC-K42,900.0,35.3,0.73,87.6,0.291,Low,3324.6,Low,0.53,Low,32.38643835616438,44.02,0
SEC-K43,900.0,35.6,0.73,87.6,0.292,Low,2863.8,Low,0.5,Low,32.395616438356164,44.04,0
SEC-K44,900.0,36.0,0.55,49.7,0.295,Low,2863.8,Low,0.47,Low,32.4227397260274,44.07,0
SEC-K45,900.0,36.9,0.35,20.1,0.298,Low,2863.8,Low,0.45,Medium,32.44958904109589,44.11,0
SEC-K46,900.0,37.3,0.28,12.9,0.517,Moderate,17258.4,High,0.42,High,34.40712328767123,46.77,3
SEC-K47,900.0,37.5,0.26,11.1,0.52,Moderate,17258.4,High,0.4,High,34.43246575342466,46.81,4
SEC-K48,900.0,37.7,0.27,12.0,0.523,Moderate,17258.4,High,0.37,High,34.45986301369863,46.84,4
SEC-K49,900.0,37.8,0.28,12.9,0.525,Moderate,17258.4,High,0.35,High,34.47794520547945,46.87,4
SEC-K50,900.0,37.9,0.33,17.9,0.443,Moderate,11771.1,Medium,0.33,High,33.74520547945205,45.87,0
SEC-K51,900.0,38.0,0.45,33.3,0.454,Moderate,11771.1,Medium,0.31,Medium,33.84356164383561,46.0,1
SEC-K52,900.0,37.7,0.37,22.5,0.469,Moderate,11771.1,Medium,0.29,High,33.97767123287671,46.19,2
SEC-K53,900.0,37.6,0.36,21.3,0.483,Moderate,11771.1,Medium,0.27,High,34.10328767123288,46.36,2
SEC-K54,900.0,37.4,0.37,22.5,0.514,Moderate,13626.3,High,0.25,Medium,34.37945205479452,46.73,3
SEC-K55,900.0,37.4,0.36,21.3,0.514,Moderate,13626.3,High,0.24,Medium,34.37945205479452,46.73,3
SEC-K56,900.0,37.3,0.31,15.8,0.523,Moderate,13626.3,High,0.23,High,34.45986301369863,46.84,4
SEC-K57,900.0,37.4,0.3,14.8,0.596,Moderate,17354.5,High,0.22,High,35.11219178082192,47.73,5
SEC-K58,900.0,37.5,0.27,12.0,0.613,Moderate,17354.5,High,0.22,High,35.2645205479452,47.94,5
SEC-K59,900.0,38.0,0.25,10.3,0.627,Moderate,17354.5,High,0.21,High,35.38904109589041,48.11,6
SEC-K60,900.0,38.6,0.32,16.8,0.632,Moderate,17354.5,High,0.22,High,35.434520547945205,48.17,6
SEC-K61,900.0,38.9,0.29,13.8,0.507,Moderate,9520.0,Medium,0.22,High,34.31698630136986,46.65,3
SEC-K62,900.0,38.9,0.2,6.6,0.494,Moderate,9520.0,Medium,0.23,High,34.20123287671233,46.49,2
SEC-K63,900.0,38.6,0.18,5.3,0.477,Moderate,9520.0,Medium,0.22,High,34.048904109589046,46.28,2
SEC-K64,900.0,38.4,0.36,21.3,0.496,Moderate,12085.0,Medium,0.21,High,34.21849315068493,46.51,2
SEC-K65,900.0,38.2,0.32,16.8,0.496,Moderate,12085.0,Medium,0.2,High,34.21849315068493,46.51,2
SEC-K66,900.0,38.1,0.32,16.8,0.496,Moderate,12085.0,Medium,0.2,High,34.21849315068493,46.51,2
SEC-K67,900.0,38.0,0.38,23.7,0.494,Moderate,12085.0,Medium,0.21,High,34.20123287671233,46.49,2
SEC-K68,900.0,38.0,0.42,29.0,0.358,Moderate,3194.4,Low,0.21,High,32.98575342465753,44.84,0
SEC-K69,900.0,38.1,0.39,25.0,0.357,Moderate,3194.4,Low,0.22,High,32.976164383561645,44.83,0
SEC-K70,900.0,35.0,0.2,6.6,0.356,Moderate,3194.4,Low,0.23,Low,32.96767123287671,44.81,0
SEC-L01,900.0,38.3,0.27,12.0,0.256,Low,912.7,Low,1.27,High,32.07479452054795,43.6,0
SEC-L02,900.0,38.2,0.27,12.0,0.263,Low,912.7,Low,1.25,High,32.13712328767124,43.68,0
SEC-L03,900.0,37.6,0.3,14.8,0.273,Low,1158.6,Low,1.22,High,32.226301369863016,43.81,0
SEC-L04,900.0,37.7,0.28,12.9,0.281,Low,1158.6,Low,1.2,High,32.297397260273975,43.9,0
SEC-L05,900.0,37.7,0.26,11.1,0.289,Low,1158.6,Low,1.17,High,32.36917808219178,44.0,0
SEC-L06,900.0,37.6,0.27,12.0,0.298,Low,1158.6,Low,1.15,High,32.44958904109589,44.11,0
SEC-L07,900.0,37.7,0.28,12.9,0.308,Low,1143.2,Low,1.13,High,32.538630136986306,44.23,0
SEC-L08,900.0,37.7,0.33,17.9,0.319,Low,1143.2,Low,1.1,High,32.63753424657534,44.36,0
SEC-L09,900.0,37.8,0.41,27.6,0.332,Moderate,1143.2,Low,1.08,Medium,32.753013698630134,44.52,0
SEC-L10,900.0,37.8,0.36,21.3,0.344,Moderate,1067.6,Low,1.06,High,32.86041095890411,44.67,0
SEC-L11,900.0,37.9,0.29,13.8,0.358,Moderate,1067.6,Low,1.03,High,32.98575342465753,44.84,0
SEC-L12,900.0,38.2,0.24,9.5,0.373,Moderate,1067.6,Low,1.01,High,33.11972602739726,45.02,0
SEC-L13,900.0,38.3,0.28,12.9,0.389,Moderate,1067.6,Low,0.99,High,33.262191780821915,45.22,0
SEC-L14,900.0,38.4,0.31,15.8,0.402,Moderate,845.1,Low,0.97,High,33.37849315068493,45.37,0
SEC-L15,900.0,38.4,0.34,19.0,0.419,Moderate,845.1,Low,0.95,High,33.530684931506855,45.58,0
SEC-L16,900.0,38.6,0.26,11.1,0.434,Moderate,845.1,Low,0.93,High,33.665342465753426,45.76,0
SEC-L17,900.0,38.2,0.37,22.5,0.446,Moderate,845.1,Low,0.91,High,33.77205479452055,45.91,0
SEC-L18,900.0,37.9,0.5,41.1,0.447,Moderate,538.3,Low,0.89,Medium,33.78082191780822,45.92,0
SEC-L19,900.0,37.7,0.51,42.8,0.443,Moderate,538.3,Low,0.87,Low,33.74520547945205,45.87,0
SEC-L20,900.0,37.7,0.5,41.1,0.432,Moderate,538.3,Low,0.85,Medium,33.646986301369864,45.74,0
SEC-L21,900.0,37.7,0.36,21.3,0.545,Moderate,9167.4,Medium,0.83,High,34.65630136986301,47.11,4
SEC-L22,900.0,37.5,0.42,29.0,0.526,Moderate,9167.4,Medium,0.81,Medium,34.48739726027397,46.88,4
SEC-L23,900.0,37.5,0.43,30.4,0.506,Moderate,9167.4,Medium,0.8,Medium,34.30821917808219,46.64,3
SEC-L24,900.0,37.4,0.53,46.2,0.486,Moderate,9167.4,Medium,0.78,Low,34.12945205479452,46.39,2
SEC-L25,900.0,37.5,0.66,71.6,0.334,Moderate,386.8,Low,0.77,Low,32.77095890410959,44.55,0
SEC-L26,900.0,37.6,0.58,55.3,0.315,Low,386.8,Low,0.75,Low,32.60082191780822,44.32,0
SEC-L27,900.0,37.3,0.48,37.9,0.298,Low,386.8,Low,0.74,Low,32.44958904109589,44.11,0
SEC-L28,900.0,37.4,0.54,47.9,0.277,Low,111.2,Low,0.73,Low,32.26164383561644,43.85,0
SEC-L29,900.0,37.1,0.64,67.3,0.261,Low,111.2,Low,0.72,Low,32.11835616438356,43.66,0
SEC-L30,900.0,37.0,0.61,61.2,0.247,Low,111.2,Low,0.71,Low,31.993835616438357,43.49,0
SEC-L31,900.0,36.8,0.34,19.0,0.233,Low,111.2,Low,0.7,Medium,31.86835616438356,43.32,0
SEC-L32,900.0,36.6,0.31,15.8,0.218,Low,132.6,Low,0.69,Medium,31.734657534246576,43.14,0
SEC-L33,900.0,36.6,0.39,25.0,0.214,Low,132.6,Low,0.69,Low,31.698767123287674,43.09,0
SEC-L34,900.0,36.6,0.43,30.4,0.209,Low,132.6,Low,0.68,Low,31.65424657534247,43.03,0
SEC-L35,900.0,36.5,0.43,30.4,0.203,Low,132.6,Low,0.68,Low,31.600821917808222,42.96,0
SEC-L36,900.0,36.6,0.42,29.0,0.296,Low,6475.0,Medium,0.67,Low,32.43164383561644,44.09,0
SEC-L37,900.0,36.6,0.42,29.0,0.297,Low,6475.0,Medium,0.67,Low,32.44041095890411,44.1,0
SEC-L38,900.0,36.6,0.41,27.6,0.299,Low,6475.0,Medium,0.65,Low,32.45890410958904,44.12,0
SEC-L39,900.0,36.2,0.37,22.5,0.254,Low,3324.6,Low,0.62,Low,32.056164383561644,43.58,0
SEC-L40,900.0,35.9,0.4,26.3,0.257,Low,3324.6,Low,0.59,Low,32.083287671232874,43.61,0
SEC-L41,900.0,35.8,0.61,61.2,0.261,Low,3324.6,Low,0.57,Low,32.11835616438356,43.66,0
SEC-L42,900.0,35.7,0.58,55.3,0.267,Low,3324.6,Low,0.54,Low,32.172602739726024,43.73,0
SEC-L43,900.0,35.9,0.59,57.2,0.268,Low,2863.8,Low,0.51,Low,32.1813698630137,43.75,0
SEC-L44,900.0,36.2,0.52,44.4,0.27,Low,2863.8,Low,0.49,Low,32.19917808219178,43.77,0
SEC-L45,900.0,36.9,0.33,17.9,0.268,Low,2863.8,Low,0.46,Medium,32.1813698630137,43.75,0
SEC-L46,900.0,37.1,0.27,12.0,0.485,Moderate,17258.4,High,0.44,High,34.12013698630137,46.38,2
SEC-L47,900.0,37.2,0.28,12.9,0.488,Moderate,17258.4,High,0.42,High,34.14712328767123,46.42,2
SEC-L48,900.0,37.3,0.27,12.0,0.492,Moderate,17258.4,High,0.39,High,34.18301369863014,46.47,2
SEC-L49,900.0,37.4,0.31,15.8,0.497,Moderate,17258.4,High,0.37,High,34.22698630136986,46.53,2
SEC-L50,900.0,37.5,0.36,21.3,0.422,Moderate,11771.1,Medium,0.35,Medium,33.55739726027397,45.62,0
SEC-L51,900.0,37.5,0.41,27.6,0.438,Moderate,11771.1,Medium,0.33,Medium,33.70027397260274,45.81,0
SEC-L52,900.0,37.4,0.35,20.1,0.452,Moderate,11771.1,Medium,0.31,Medium,33.82547945205479,45.98,0
SEC-L53,900.0,37.3,0.3,14.8,0.466,Moderate,11771.1,Medium,0.29,High,33.95054794520548,46.15,2
SEC-L54,900.0,37.2,0.31,15.8,0.508,Moderate,13626.3,High,0.28,Medium,34.325616438356164,46.66,3
SEC-L55,900.0,37.2,0.27,12.0,0.509,Moderate,13626.3,High,0.27,High,34.33520547945205,46.67,3
SEC-L56,900.0,37.3,0.43,30.4,0.519,Moderate,13626.3,High,0.26,Medium,34.424109589041095,46.79,4
SEC-L57,900.0,37.4,0.34,19.0,0.588,Moderate,17354.5,High,0.25,Medium,35.040821917808216,47.63,4
SEC-L58,900.0,37.5,0.27,12.0,0.601,Moderate,17354.5,High,0.25,High,35.157534246575345,47.79,5
SEC-L59,900.0,37.7,0.27,12.0,0.61,Moderate,17354.5,High,0.24,High,35.2372602739726,47.9,5
SEC-L60,900.0,38.1,0.3,14.8,0.614,Moderate,17354.5,High,0.23,High,35.273835616438355,47.95,5
SEC-L61,900.0,38.4,0.31,15.8,0.492,Moderate,9520.0,Medium,0.21,High,34.18301369863014,46.47,2
SEC-L62,900.0,38.4,0.29,13.8,0.473,Moderate,9520.0,Medium,0.2,High,34.01328767123288,46.24,2
SEC-L63,900.0,38.1,0.28,12.9,0.462,Moderate,9520.0,Medium,0.19,High,33.915205479452055,46.1,2
SEC-L64,900.0,37.9,0.31,15.8,0.5,Moderate,12085.0,Medium,0.18,High,34.25493150684932,46.56,2
SEC-L65,900.0,37.8,0.38,23.7,0.499,Moderate,12085.0,Medium,0.17,High,34.245479452054795,46.55,2
SEC-L66,900.0,37.8,0.42,29.0,0.499,Moderate,12085.0,Medium,0.17,Medium,34.245479452054795,46.55,2
SEC-L67,900.0,37.8,0.43,30.4,0.497,Moderate,12085.0,Medium,0.18,Medium,34.22698630136986,46.53,2
SEC-L68,900.0,37.8,0.43,30.4,0.361,Moderate,3194.4,Low,0.18,Medium,33.01260273972603,44.88,0
SEC-L69,900.0,37.9,0.43,30.4,0.36,Moderate,3194.4,Low,0.19,Medium,33.003287671232876,44.86,0
SEC-L70,900.0,35.0,0.2,6.6,0.36,Moderate,3194.4,Low,0.21,Low,33.003287671232876,44.86,0
SEC-M01,900.0,38.5,0.32,16.8,0.257,Low,912.7,Low,1.26,High,32.083287671232874,43.61,0
SEC-M02,900.0,38.3,0.31,15.8,0.263,Low,912.7,Low,1.23,High,32.13712328767124,43.68,0
SEC-M03,900.0,37.7,0.32,16.8,0.274,Low,1158.6,Low,1.21,High,32.2354794520548,43.82,0
SEC-M04,900.0,37.8,0.3,14.8,0.282,Low,1158.6,Low,1.18,High,32.3068493150685,43.92,0
SEC-M05,900.0,37.7,0.27,12.0,0.291,Low,1158.6,Low,1.16,High,32.38643835616438,44.02,0
SEC-M06,900.0,37.7,0.26,11.1,0.3,Low,1158.6,Low,1.13,High,32.46780821917808,44.13,0
SEC-M07,900.0,37.8,0.27,12.0,0.311,Low,1143.2,Low,1.11,High,32.56643835616438,44.27,0
SEC-M08,900.0,37.9,0.31,15.8,0.322,Low,1143.2,Low,1.08,High,32.663835616438355,44.4,0
SEC-M09,900.0,38.0,0.38,23.7,0.335,Moderate,1143.2,Low,1.06,High,32.780410958904106,44.56,0
SEC-M10,900.0,38.0,0.35,20.1,0.348,Moderate,1067.6,Low,1.04,High,32.89671232876712,44.72,0
SEC-M11,900.0,38.2,0.3,14.8,0.363,Moderate,1067.6,Low,1.01,High,33.030410958904106,44.9,0
SEC-M12,900.0,38.4,0.27,12.0,0.38,Moderate,1067.6,Low,0.99,High,33.18191780821918,45.11,0
SEC-M13,900.0,38.7,0.3,14.8,0.398,Moderate,1067.6,Low,0.97,High,33.34301369863014,45.32,0
SEC-M14,900.0,38.7,0.35,20.1,0.414,Moderate,845.1,Low,0.95,High,33.48616438356164,45.52,0
SEC-M15,900.0,38.4,0.34,19.0,0.434,Moderate,845.1,Low,0.93,High,33.665342465753426,45.76,0
SEC-M16,900.0,38.3,0.32,16.8,0.453,Moderate,845.1,Low,0.9,High,33.8345205479452,45.99,0
SEC-M17,900.0,38.4,0.35,20.1,0.463,Moderate,383.4,Low,0.88,High,33.923972602739724,46.11,2
SEC-M18,900.0,38.2,0.43,30.4,0.475,Moderate,538.3,Low,0.86,High,34.0313698630137,46.26,2
SEC-M19,900.0,38.0,0.41,27.6,0.47,Moderate,538.3,Low,0.84,High,33.986712328767126,46.2,2
SEC-M20,900.0,37.9,0.34,19.0,0.454,Moderate,538.3,Low,0.83,High,33.84356164383561,46.0,1
SEC-M21,900.0,37.6,0.32,16.8,0.562,Moderate,9167.4,Medium,0.81,High,34.808630136986295,47.32,4
SEC-M22,900.0,37.4,0.38,23.7,0.538,Moderate,9167.4,Medium,0.79,Medium,34.593835616438355,47.03,4
SEC-M23,900.0,37.3,0.41,27.6,0.515,Moderate,9167.4,Medium,0.77,Medium,34.38849315068493,46.75,3
SEC-M24,900.0,37.2,0.44,31.8,0.563,Moderate,13839.3,High,0.76,Medium,34.81767123287671,47.33,4
SEC-M25,900.0,37.2,0.64,67.3,0.338,Moderate,386.8,Low,0.74,Low,32.8068493150685,44.6,0
SEC-M26,900.0,37.1,0.58,55.3,0.318,Low,386.8,Low,0.73,Low,32.62835616438356,44.35,0
SEC-M27,900.0,36.9,0.47,36.3,0.3,Low,386.8,Low,0.71,Low,32.46780821917808,44.13,0
SEC-M28,900.0,37.1,0.64,67.3,0.302,Low,1708.6,Low,0.7,Low,32.484931506849314,44.16,0
SEC-M29,900.0,36.9,0.71,82.9,0.261,Low,111.2,Low,0.69,Low,32.11835616438356,43.66,0
SEC-M30,900.0,36.8,0.63,65.2,0.246,Low,111.2,Low,0.68,Low,31.984794520547943,43.48,0
SEC-M31,900.0,36.6,0.43,30.4,0.238,Low,550.1,Low,0.67,Low,31.91328767123288,43.38,0
SEC-M32,900.0,36.6,0.5,41.1,0.221,Low,132.6,Low,0.66,Low,31.761643835616436,43.17,0
SEC-M33,900.0,36.6,0.47,36.3,0.217,Low,132.6,Low,0.66,Low,31.725616438356163,43.13,0
SEC-M34,900.0,36.6,0.44,31.8,0.212,Low,132.6,Low,0.65,Low,31.680547945205475,43.07,0
SEC-M35,900.0,36.5,0.48,37.9,0.268,Low,4245.3,Medium,0.65,Low,32.1813698630137,43.75,0
SEC-M36,900.0,36.7,0.37,22.5,0.294,Low,6475.0,Medium,0.64,Low,32.41424657534246,44.06,0
SEC-M37,900.0,36.8,0.37,22.5,0.287,Low,6475.0,Medium,0.64,Medium,32.35164383561644,43.98,0
SEC-M38,900.0,36.8,0.35,20.1,0.286,Low,6475.0,Medium,0.64,Medium,32.34219178082192,43.96,0
SEC-M39,900.0,36.5,0.33,17.9,0.239,Low,3324.6,Low,0.63,Low,31.92219178082192,43.39,0
SEC-M40,900.0,36.3,0.35,20.1,0.239,Low,3324.6,Low,0.61,Low,31.92219178082192,43.39,0
SEC-M41,900.0,36.2,0.42,29.0,0.24,Low,3324.6,Low,0.58,Low,31.931095890410955,43.41,0
SEC-M42,900.0,36.0,0.38,23.7,0.234,Low,2712.1,Low,0.55,Low,31.877260273972603,43.33,0
SEC-M43,900.0,36.1,0.42,29.0,0.242,Low,2863.8,Low,0.53,Low,31.94917808219178,43.43,0
SEC-M44,900.0,36.2,0.34,19.0,0.246,Low,2863.8,Low,0.51,Low,31.984794520547943,43.48,0
SEC-M45,900.0,36.7,0.28,12.9,0.241,Low,2863.8,Low,0.48,Medium,31.939999999999998,43.42,0
SEC-M46,900.0,37.1,0.39,25.0,0.218,Low,1638.6,Low,0.46,Medium,31.734657534246576,43.14,0
SEC-M47,900.0,37.1,0.46,34.8,0.456,Moderate,17258.4,High,0.43,Low,33.861780821917804,46.03,2
SEC-M48,900.0,37.2,0.32,16.8,0.464,Moderate,17258.4,High,0.41,Medium,33.933150684931505,46.13,2
SEC-M49,900.0,37.3,0.32,16.8,0.331,Moderate,7902.2,Medium,0.39,Medium,32.744246575342466,44.51,0
SEC-M50,900.0,37.3,0.4,26.3,0.406,Moderate,11771.1,Medium,0.37,Medium,33.41465753424657,45.42,0
SEC-M51,900.0,37.4,0.48,37.9,0.421,Moderate,11771.1,Medium,0.35,Low,33.54904109589041,45.6,0
SEC-M52,900.0,37.2,0.33,17.9,0.436,Moderate,11771.1,Medium,0.34,Medium,33.68260273972603,45.79,0
SEC-M53,900.0,37.2,0.32,16.8,0.527,Moderate,16847.3,High,0.32,Medium,34.49602739726028,46.89,4
SEC-M54,900.0,37.2,0.32,16.8,0.492,Moderate,13626.3,High,0.31,Medium,34.18301369863014,46.47,2
SEC-M55,900.0,37.2,0.24,9.5,0.504,Moderate,13626.3,High,0.3,High,34.29027397260274,46.61,2
SEC-M56,900.0,37.3,0.36,21.3,0.636,Moderate,21838.3,High,0.29,Medium,35.46972602739726,48.22,6
SEC-M57,900.0,37.3,0.33,17.9,0.646,Moderate,21838.3,High,0.28,Medium,35.55958904109589,48.34,6
SEC-M58,900.0,37.4,0.26,11.1,0.588,Moderate,17354.5,High,0.25,High,35.040821917808216,47.63,4
SEC-M59,900.0,37.5,0.26,11.1,0.595,Moderate,17354.5,High,0.23,High,35.10315068493151,47.72,5
SEC-M60,900.0,37.7,0.29,13.8,0.539,Moderate,13832.4,High,0.21,High,34.60287671232877,47.04,4
SEC-M61,900.0,37.9,0.4,26.3,0.469,Moderate,9520.0,Medium,0.19,High,33.97767123287671,46.19,2
SEC-M62,900.0,37.9,0.43,30.4,0.469,Moderate,9520.0,Medium,0.17,Medium,33.97767123287671,46.19,2
SEC-M63,900.0,37.7,0.46,34.8,0.378,Moderate,3595.0,Low,0.16,Medium,33.163972602739726,45.08,0
SEC-M64,900.0,37.6,0.34,19.0,0.376,Moderate,3595.0,Low,0.15,High,33.14671232876712,45.06,0
SEC-M65,900.0,37.6,0.44,31.8,0.502,Moderate,12085.0,Medium,0.14,Medium,34.272465753424655,46.59,2
SEC-M66,900.0,37.6,0.42,29.0,0.502,Moderate,12085.0,Medium,0.14,Medium,34.272465753424655,46.59,2
SEC-M67,900.0,37.6,0.4,26.3,0.405,Moderate,5865.9,Medium,0.15,Medium,33.405890410958904,45.41,0
SEC-M68,900.0,37.7,0.52,44.4,0.404,Moderate,5865.9,Medium,0.15,Low,33.396986301369864,45.4,0
SEC-M69,900.0,37.7,0.51,42.8,0.364,Moderate,3194.4,Low,0.17,Low,33.03945205479452,44.91,0
SEC-M70,900.0,35.0,0.2,6.6,0.364,Moderate,3194.4,Low,0.18,Low,33.03945205479452,44.91,0
SEC-N01,900.0,38.8,0.32,16.8,0.248,Low,255.2,Low,1.24,High,32.00287671232877,43.5,0
SEC-N02,900.0,38.6,0.33,17.9,0.254,Low,255.2,Low,1.22,High,32.056164383561644,43.58,0
SEC-N03,900.0,37.9,0.4,26.3,0.261,Low,255.2,Low,1.19,High,32.11835616438356,43.66,0
SEC-N04,900.0,37.9,0.36,21.3,0.273,Low,507.9,Low,1.17,High,32.226301369863016,43.81,0
SEC-N05,900.0,37.9,0.31,15.8,0.282,Low,507.9,Low,1.14,High,32.3068493150685,43.92,0
SEC-N06,900.0,37.8,0.23,8.7,0.292,Low,507.9,Low,1.12,High,32.395616438356164,44.04,0
SEC-N07,900.0,38.0,0.26,11.1,0.302,Low,507.9,Low,1.09,High,32.484931506849314,44.16,0
SEC-N08,900.0,38.0,0.28,12.9,0.32,Low,868.0,Low,1.07,High,32.645890410958906,44.38,0
SEC-N09,900.0,38.3,0.3,14.8,0.333,Moderate,868.0,Low,1.04,High,32.762328767123286,44.53,0
SEC-N10,900.0,38.2,0.32,16.8,0.347,Moderate,868.0,Low,1.02,High,32.887945205479454,44.71,0
SEC-N11,900.0,38.4,0.33,17.9,0.352,Moderate,142.3,Low,0.99,High,32.9327397260274,44.77,0
SEC-N12,900.0,38.6,0.34,19.0,0.37,Moderate,142.3,Low,0.97,High,33.09287671232877,44.98,0
SEC-N13,900.0,38.7,0.32,16.8,0.389,Moderate,142.3,Low,0.95,High,33.262191780821915,45.22,0
SEC-N14,900.0,38.7,0.35,20.1,0.41,Moderate,142.3,Low,0.93,High,33.45054794520548,45.47,0
SEC-N15,900.0,38.7,0.4,26.3,0.437,Moderate,383.4,Low,0.9,High,33.69150684931507,45.8,0
SEC-N16,900.0,38.6,0.29,13.8,0.461,Moderate,383.4,Low,0.88,High,33.906164383561645,46.09,2
SEC-N17,900.0,38.6,0.35,20.1,0.486,Moderate,383.4,Low,0.86,High,34.12945205479452,46.39,2
SEC-N18,900.0,38.4,0.43,30.4,0.503,Moderate,383.4,Low,0.84,High,34.28123287671233,46.6,2
SEC-N19,900.0,38.1,0.4,26.3,0.598,Moderate,7190.6,Medium,0.82,High,35.130547945205485,47.75,5
SEC-N20,900.0,38.0,0.41,27.6,0.573,Moderate,7190.6,Medium,0.8,High,34.90712328767123,47.45,4
SEC-N21,900.0,37.7,0.39,25.0,0.544,Moderate,7190.6,Medium,0.78,Medium,34.64780821917808,47.1,4
SEC-N22,900.0,37.4,0.31,15.8,0.617,Moderate,13839.3,High,0.77,High,35.299863013698626,47.98,5
SEC-N23,900.0,37.3,0.31,15.8,0.591,Moderate,13839.3,High,0.75,High,35.06767123287671,47.67,5
SEC-N24,900.0,37.0,0.39,25.0,0.567,Moderate,13839.3,High,0.73,Medium,34.853013698630136,47.38,4
SEC-N25,900.0,36.9,0.56,51.5,0.544,Moderate,13839.3,High,0.72,Low,34.64780821917808,47.1,4
SEC-N26,900.0,36.8,0.43,30.4,0.34,Moderate,1708.6,Low,0.7,Low,32.82520547945205,44.62,0
SEC-N27,900.0,36.8,0.53,46.2,0.32,Low,1708.6,Low,0.69,Low,32.645890410958906,44.38,0
SEC-N28,900.0,37.1,0.56,51.5,0.302,Low,1708.6,Low,0.67,Low,32.484931506849314,44.16,0
SEC-N29,900.0,37.0,0.59,57.2,0.267,Low,550.1,Low,0.66,Low,32.172602739726024,43.73,0
SEC-N30,900.0,36.8,0.61,61.2,0.25,Low,550.1,Low,0.65,Low,32.02041095890411,43.53,0
SEC-N31,900.0,36.7,0.6,59.2,0.235,Low,550.1,Low,0.64,Low,31.886164383561646,43.34,0
SEC-N32,900.0,36.7,0.57,53.4,0.229,Low,550.1,Low,0.63,Low,31.8327397260274,43.27,0
SEC-N33,900.0,36.7,0.42,29.0,0.281,Low,4245.3,Medium,0.63,Low,32.297397260273975,43.9,0
SEC-N34,900.0,36.8,0.44,31.8,0.277,Low,4245.3,Medium,0.62,Low,32.26164383561644,43.85,0
SEC-N35,900.0,36.7,0.46,34.8,0.271,Low,4245.3,Medium,0.62,Low,32.20794520547945,43.78,0
SEC-N36,900.0,36.9,0.37,22.5,0.264,Low,4245.3,Medium,0.61,Medium,32.145616438356164,43.7,0
SEC-N37,900.0,36.9,0.36,21.3,0.267,Low,5016.5,Medium,0.61,Medium,32.172602739726024,43.73,0
SEC-N38,900.0,36.9,0.37,22.5,0.258,Low,5016.5,Medium,0.61,Medium,32.09178082191781,43.62,0
SEC-N39,900.0,36.8,0.34,19.0,0.25,Low,5016.5,Medium,0.61,Medium,32.02041095890411,43.53,0
SEC-N40,900.0,36.7,0.28,12.9,0.212,Low,2712.1,Low,0.61,Medium,31.680547945205475,43.07,0
SEC-N41,900.0,36.6,0.32,16.8,0.21,Low,2712.1,Low,0.6,Medium,31.663424657534243,43.04,0
SEC-N42,900.0,36.4,0.42,29.0,0.209,Low,2712.1,Low,0.57,Low,31.65424657534247,43.03,0
SEC-N43,900.0,36.4,0.51,42.8,0.213,Low,2712.1,Low,0.55,Low,31.689589041095893,43.08,0
SEC-N44,900.0,36.4,0.25,10.3,0.204,Low,1638.6,Low,0.52,Medium,31.610000000000003,42.97,0
SEC-N45,900.0,36.7,0.24,9.5,0.197,Low,1638.6,Low,0.5,Medium,31.546575342465754,42.88,0
SEC-N46,900.0,36.9,0.4,26.3,0.188,Low,1638.6,Low,0.48,Low,31.466301369863015,42.77,0
SEC-N47,900.0,37.0,0.42,29.0,0.285,Low,7902.2,Medium,0.46,Low,32.333287671232874,43.95,0
SEC-N48,900.0,37.2,0.26,11.1,0.297,Low,7902.2,Medium,0.43,High,32.44041095890411,44.1,0
SEC-N49,900.0,37.2,0.31,15.8,0.314,Low,7902.2,Medium,0.41,Medium,32.59164383561644,44.3,0
SEC-N50,900.0,37.2,0.33,17.9,0.33,Moderate,7902.2,Medium,0.4,Medium,32.7354794520548,44.5,0
SEC-N51,900.0,37.2,0.46,34.8,0.481,Moderate,16847.3,High,0.38,Low,34.085068493150686,46.33,2
SEC-N52,900.0,37.1,0.32,16.8,0.497,Moderate,16847.3,High,0.36,Medium,34.22698630136986,46.53,2
SEC-N53,900.0,37.1,0.33,17.9,0.512,Moderate,16847.3,High,0.35,Medium,34.36164383561644,46.71,3
SEC-N54,900.0,37.1,0.33,17.9,0.526,Moderate,16847.3,High,0.33,Medium,34.48739726027397,46.88,4
SEC-N55,900.0,37.1,0.24,9.5,0.618,Moderate,21838.3,High,0.31,High,35.308904109589044,48.0,5
SEC-N56,900.0,37.2,0.26,11.1,0.636,Moderate,21838.3,High,0.29,High,35.46972602739726,48.22,6
SEC-N57,900.0,37.3,0.31,15.8,0.646,Moderate,21838.3,High,0.26,High,35.55958904109589,48.34,6
SEC-N58,900.0,37.4,0.29,13.8,0.535,Moderate,13832.4,High,0.24,High,34.56698630136986,46.99,4
SEC-N59,900.0,37.5,0.3,14.8,0.538,Moderate,13832.4,High,0.21,High,34.593835616438355,47.03,4
SEC-N60,900.0,37.5,0.29,13.8,0.54,Moderate,13832.4,High,0.19,High,34.61232876712329,47.05,4
SEC-N61,900.0,37.5,0.45,33.3,0.541,Moderate,13832.4,High,0.17,Medium,34.6213698630137,47.06,4
SEC-N62,900.0,37.5,0.54,47.9,0.386,Moderate,3595.0,Low,0.15,Low,33.23684931506849,45.18,0
SEC-N63,900.0,37.3,0.52,44.4,0.384,Moderate,3595.0,Low,0.13,Low,33.21753424657535,45.15,0
SEC-N64,900.0,37.3,0.47,36.3,0.381,Moderate,3595.0,Low,0.12,Low,33.19095890410959,45.12,0
SEC-N65,900.0,37.3,0.51,42.8,0.412,Moderate,5865.9,Medium,0.11,Low,33.46849315068493,45.49,0
SEC-N66,900.0,37.3,0.3,14.8,0.411,Moderate,5865.9,Medium,0.11,High,33.45986301369863,45.48,0
SEC-N67,900.0,37.4,0.43,30.4,0.408,Moderate,5865.9,Medium,0.12,Medium,33.43164383561644,45.45,0
SEC-N68,900.0,37.5,0.63,65.2,0.406,Moderate,5865.9,Medium,0.13,Low,33.41465753424657,45.42,0
SEC-N69,900.0,37.6,0.55,49.7,0.408,Moderate,5865.9,Medium,0.14,Low,33.43164383561644,45.45,0
SEC-N70,900.0,35.0,0.2,6.6,0.369,Moderate,3194.4,Low,0.16,Low,33.08383561643836,44.97,0
SEC-O01,900.0,39.0,0.29,13.8,0.248,Low,255.2,Low,1.23,High,32.00287671232877,43.5,0
SEC-O02,900.0,38.8,0.31,15.8,0.254,Low,255.2,Low,1.2,High,32.056164383561644,43.58,0
SEC-O03,900.0,38.1,0.42,29.0,0.261,Low,255.2,Low,1.18,High,32.11835616438356,43.66,0
SEC-O04,900.0,38.1,0.47,36.3,0.273,Low,507.9,Low,1.15,Medium,32.226301369863016,43.81,0
SEC-O05,900.0,38.0,0.31,15.8,0.282,Low,507.9,Low,1.12,High,32.3068493150685,43.92,0
SEC-O06,900.0,38.0,0.25,10.3,0.292,Low,507.9,Low,1.1,High,32.395616438356164,44.04,0
SEC-O07,900.0,38.1,0.29,13.8,0.303,Low,507.9,Low,1.07,High,32.49383561643836,44.17,0
SEC-O08,900.0,38.2,0.29,13.8,0.32,Low,868.0,Low,1.05,High,32.645890410958906,44.38,0
SEC-O09,900.0,38.4,0.32,16.8,0.333,Moderate,868.0,Low,1.02,High,32.762328767123286,44.53,0
SEC-O10,900.0,38.4,0.34,19.0,0.348,Moderate,868.0,Low,1.0,High,32.89671232876712,44.72,0
SEC-O11,900.0,38.6,0.3,14.8,0.353,Moderate,142.3,Low,0.98,High,32.94068493150685,44.78,0
SEC-O12,900.0,38.7,0.33,17.9,0.371,Moderate,142.3,Low,0.95,High,33.10191780821918,45.0,0
SEC-O13,900.0,38.7,0.32,16.8,0.391,Moderate,142.3,Low,0.93,High,33.280410958904106,45.24,0
SEC-O14,900.0,38.8,0.27,12.0,0.413,Moderate,142.3,Low,0.91,High,33.477260273972604,45.51,0
SEC-O15,900.0,38.8,0.33,17.9,0.441,Moderate,383.4,Low,0.88,High,33.727260273972604,45.85,0
SEC-O16,900.0,38.7,0.3,14.8,0.467,Moderate,383.4,Low,0.86,High,33.95904109589041,46.16,2
SEC-O17,900.0,38.7,0.37,22.5,0.497,Moderate,383.4,Low,0.84,High,34.22698630136986,46.53,2
SEC-O18,900.0,38.5,0.47,36.3,0.53,Moderate,383.4,Low,0.82,High,34.52315068493151,46.93,4
SEC-O19,900.0,38.2,0.54,47.9,0.616,Moderate,7190.6,Medium,0.8,Medium,35.290821917808216,47.97,5
SEC-O20,900.0,38.1,0.5,41.1,0.581,Moderate,7190.6,Medium,0.78,Medium,34.978493150684926,47.55,4
SEC-O21,900.0,37.7,0.45,33.3,0.549,Moderate,7190.6,Medium,0.76,Medium,34.692054794520544,47.16,4
SEC-O22,900.0,37.4,0.37,22.5,0.619,Moderate,13839.3,High,0.74,Medium,35.31767123287671,48.01,6
SEC-O23,900.0,37.3,0.32,16.8,0.592,Moderate,13839.3,High,0.72,Medium,35.076986301369864,47.68,5
SEC-O24,900.0,36.9,0.35,20.1,0.567,Moderate,13839.3,High,0.71,Medium,34.853013698630136,47.38,4
SEC-O25,900.0,36.8,0.49,39.5,0.544,Moderate,13839.3,High,0.69,Low,34.64780821917808,47.1,4
SEC-O26,900.0,36.7,0.5,41.1,0.339,Moderate,1708.6,Low,0.67,Low,32.81602739726028,44.61,0
SEC-O27,900.0,37.0,0.59,57.2,0.319,Low,1708.6,Low,0.66,Low,32.63753424657534,44.36,0
SEC-O28,900.0,37.0,0.48,37.9,0.3,Low,1708.6,Low,0.65,Low,32.46780821917808,44.13,0
SEC-O29,900.0,36.9,0.46,34.8,0.264,Low,550.1,Low,0.63,Low,32.145616438356164,43.7,0
SEC-O30,900.0,37.0,0.49,39.5,0.248,Low,550.1,Low,0.62,Low,32.00287671232877,43.5,0
SEC-O31,900.0,37.0,0.55,49.7,0.234,Low,550.1,Low,0.61,Low,31.877260273972603,43.33,0
SEC-O32,900.0,37.0,0.47,36.3,0.23,Low,550.1,Low,0.6,Low,31.84191780821918,43.28,0
SEC-O33,900.0,37.0,0.31,15.8,0.283,Low,4245.3,Medium,0.6,Medium,32.31575342465754,43.93,0
SEC-O34,900.0,37.1,0.35,20.1,0.279,Low,4245.3,Medium,0.59,Medium,32.27958904109589,43.88,0
SEC-O35,900.0,37.0,0.33,17.9,0.273,Low,4245.3,Medium,0.59,Medium,32.226301369863016,43.81,0
SEC-O36,900.0,37.0,0.38,23.7,0.267,Low,4245.3,Medium,0.58,Medium,32.172602739726024,43.73,0
SEC-O37,900.0,37.1,0.51,42.8,0.271,Low,5016.5,Medium,0.58,Low,32.20794520547945,43.78,0
SEC-O38,900.0,37.1,0.49,39.5,0.261,Low,5016.5,Medium,0.58,Low,32.11835616438356,43.66,0
SEC-O39,900.0,37.0,0.43,30.4,0.249,Low,5016.5,Medium,0.58,Low,32.01150684931507,43.51,0
SEC-O40,900.0,36.8,0.26,11.1,0.202,Low,2712.1,Low,0.59,Medium,31.591232876712326,42.94,0
SEC-O41,900.0,36.7,0.25,10.3,0.191,Low,2712.1,Low,0.59,Medium,31.49356164383562,42.81,0
SEC-O42,900.0,36.6,0.37,22.5,0.185,Low,2712.1,Low,0.59,Low,31.43986301369863,42.74,0
SEC-O43,900.0,36.6,0.54,47.9,0.186,Low,2712.1,Low,0.57,Low,31.44835616438356,42.75,0
SEC-O44,900.0,36.7,0.32,16.8,0.176,Low,1638.6,Low,0.54,Medium,31.359452054794517,42.63,0
SEC-O45,900.0,36.5,0.24,9.5,0.173,Low,1638.6,Low,0.52,Medium,31.332465753424657,42.59,0
SEC-O46,900.0,36.6,0.44,31.8,0.162,Low,1638.6,Low,0.5,Low,31.234109589041097,42.46,0
SEC-O47,900.0,36.6,0.42,29.0,0.261,Low,7902.2,Medium,0.48,Low,32.11835616438356,43.66,0
SEC-O48,900.0,36.6,0.4,26.3,0.279,Low,7902.2,Medium,0.46,Low,32.27958904109589,43.88,0
SEC-O49,900.0,36.7,0.49,39.5,0.297,Low,7902.2,Medium,0.44,Low,32.44041095890411,44.1,0
SEC-O50,900.0,36.7,0.4,26.3,0.314,Low,7902.2,Medium,0.42,Low,32.59164383561644,44.3,0
SEC-O51,900.0,36.7,0.32,16.8,0.466,Moderate,16847.3,High,0.4,Medium,33.95054794520548,46.15,2
SEC-O52,900.0,37.0,0.34,19.0,0.483,Moderate,16847.3,High,0.39,Medium,34.10328767123288,46.36,2
SEC-O53,900.0,37.0,0.28,12.9,0.504,Moderate,16847.3,High,0.36,Medium,34.29027397260274,46.61,2
SEC-O54,900.0,37.0,0.29,13.8,0.525,Moderate,16847.3,High,0.33,Medium,34.47794520547945,46.87,4
SEC-O55,900.0,37.2,0.29,13.8,0.62,Moderate,21838.3,High,0.3,High,35.32684931506849,48.02,6
SEC-O56,900.0,37.3,0.33,17.9,0.64,Moderate,21838.3,High,0.27,Medium,35.505616438356164,48.26,6
SEC-O57,900.0,37.4,0.4,26.3,0.658,Moderate,21838.3,High,0.25,Medium,35.66684931506849,48.48,6
SEC-O58,900.0,37.4,0.38,23.7,0.541,Moderate,13832.4,High,0.22,Medium,34.6213698630137,47.06,4
SEC-O59,900.0,37.5,0.47,36.3,0.545,Moderate,13832.4,High,0.19,Medium,34.65630136986301,47.11,4
SEC-O60,900.0,37.4,0.34,19.0,0.547,Moderate,13832.4,High,0.17,Medium,34.6745205479452,47.13,4
SEC-O61,900.0,37.3,0.34,19.0,0.549,Moderate,13832.4,High,0.15,Medium,34.692054794520544,47.16,4
SEC-O62,900.0,37.3,0.28,12.9,0.395,Moderate,3595.0,Low,0.12,High,33.31616438356164,45.29,0
SEC-O63,900.0,37.2,0.31,15.8,0.393,Moderate,3595.0,Low,0.11,Medium,33.29876712328767,45.26,0
SEC-O64,900.0,37.3,0.41,27.6,0.388,Moderate,3595.0,Low,0.09,Medium,33.25383561643836,45.2,0
SEC-O65,900.0,37.3,0.5,41.1,0.416,Moderate,5865.9,Medium,0.08,Low,33.504383561643834,45.54,0
SEC-O66,900.0,37.4,0.41,27.6,0.413,Moderate,5865.9,Medium,0.08,Medium,33.477260273972604,45.51,0
SEC-O67,900.0,37.5,0.43,30.4,0.409,Moderate,5865.9,Medium,0.09,Medium,33.44150684931507,45.46,0
SEC-O68,900.0,37.6,0.66,71.6,0.411,Moderate,5865.9,Medium,0.1,Low,33.45986301369863,45.48,0
SEC-O69,900.0,37.7,0.57,53.4,0.414,Moderate,5865.9,Medium,0.12,Low,33.48616438356164,45.52,0
SEC-O70,900.0,35.0,0.2,6.6,0.416,Moderate,5865.9,Medium,0.14,Low,33.504383561643834,45.54,0
SEC-P01,900.0,38.6,0.26,11.1,0.247,Low,255.2,Low,1.21,High,31.993835616438357,43.49,0
SEC-P02,900.0,38.5,0.26,11.1,0.254,Low,255.2,Low,1.19,High,32.056164383561644,43.58,0
SEC-P03,900.0,38.5,0.24,9.5,0.261,Low,255.2,Low,1.16,High,32.11835616438356,43.66,0
SEC-P04,900.0,38.5,0.22,8.0,0.273,Low,507.9,Low,1.13,High,32.226301369863016,43.81,0
SEC-P05,900.0,38.4,0.21,7.2,0.282,Low,507.9,Low,1.11,High,32.3068493150685,43.92,0
SEC-P06,900.0,38.3,0.22,8.0,0.291,Low,507.9,Low,1.08,High,32.38643835616438,44.02,0
SEC-P07,900.0,38.4,0.31,15.8,0.302,Low,507.9,Low,1.06,High,32.484931506849314,44.16,0
SEC-P08,900.0,38.4,0.34,19.0,0.319,Low,868.0,Low,1.03,High,32.63753424657534,44.36,0
SEC-P09,900.0,38.6,0.35,20.1,0.332,Moderate,868.0,Low,1.01,High,32.753013698630134,44.52,0
SEC-P10,900.0,39.2,0.37,22.5,0.347,Moderate,868.0,Low,0.98,High,32.887945205479454,44.71,0
SEC-P11,900.0,39.3,0.36,21.3,0.352,Moderate,142.3,Low,0.96,High,32.9327397260274,44.77,0
SEC-P12,900.0,39.4,0.33,17.9,0.369,Moderate,142.3,Low,0.93,High,33.08383561643836,44.97,0
SEC-P13,900.0,38.8,0.28,12.9,0.388,Moderate,142.3,Low,0.91,High,33.25383561643836,45.2,0
SEC-P14,900.0,38.7,0.34,19.0,0.41,Moderate,142.3,Low,0.89,High,33.45054794520548,45.47,0
SEC-P15,900.0,38.7,0.51,42.8,0.436,Moderate,383.4,Low,0.86,Medium,33.68260273972603,45.79,0
SEC-P16,900.0,38.6,0.46,34.8,0.461,Moderate,383.4,Low,0.84,High,33.906164383561645,46.09,2
SEC-P17,900.0,38.7,0.43,30.4,0.486,Moderate,383.4,Low,0.82,High,34.12945205479452,46.39,2
SEC-P18,900.0,38.6,0.41,27.6,0.668,High,11224.6,Medium,0.8,High,35.756027397260276,48.6,6
SEC-P19,900.0,38.3,0.48,37.9,0.599,Moderate,7190.6,Medium,0.78,Medium,35.13958904109589,47.77,5
SEC-P20,900.0,38.1,0.39,25.0,0.572,Moderate,7190.6,Medium,0.76,High,34.89780821917808,47.44,4
SEC-P21,900.0,37.6,0.42,29.0,0.543,Moderate,7190.6,Medium,0.74,Medium,34.63849315068493,47.09,4
SEC-P22,900.0,37.4,0.44,31.8,0.615,Moderate,13839.3,High,0.72,Medium,35.282739726027394,47.96,5
SEC-P23,900.0,37.3,0.37,22.5,0.588,Moderate,13839.3,High,0.7,Medium,35.040821917808216,47.63,4
SEC-P24,900.0,37.0,0.38,23.7,0.564,Moderate,13839.3,High,0.68,Medium,34.82616438356164,47.34,4
SEC-P25,900.0,37.2,0.52,44.4,0.541,Moderate,13839.3,High,0.66,Low,34.6213698630137,47.06,4
SEC-P26,900.0,37.1,0.55,49.7,0.336,Moderate,1708.6,Low,0.65,Low,32.789726027397265,44.57,0
SEC-P27,900.0,37.2,0.58,55.3,0.316,Low,1708.6,Low,0.63,Low,32.60986301369863,44.33,0
SEC-P28,900.0,37.2,0.54,47.9,0.297,Low,1708.6,Low,0.62,Low,32.44041095890411,44.1,0
SEC-P29,900.0,37.2,0.47,36.3,0.261,Low,550.1,Low,0.61,Low,32.11835616438356,43.66,0
SEC-P30,900.0,37.3,0.38,23.7,0.244,Low,550.1,Low,0.6,Medium,31.967534246575344,43.45,0
SEC-P31,900.0,37.3,0.49,39.5,0.236,Low,550.1,Low,0.58,Low,31.895342465753426,43.36,0
SEC-P32,900.0,37.3,0.43,30.4,0.232,Low,550.1,Low,0.58,Medium,31.859452054794517,43.31,0
SEC-P33,900.0,37.2,0.33,17.9,0.284,Low,4245.3,Medium,0.57,Medium,32.324246575342464,43.94,0
SEC-P34,900.0,37.2,0.36,21.3,0.279,Low,4245.3,Medium,0.56,Medium,32.27958904109589,43.88,0
SEC-P35,900.0,37.1,0.33,17.9,0.275,Low,4245.3,Medium,0.56,Medium,32.24452054794521,43.83,0
SEC-P36,900.0,37.1,0.39,25.0,0.291,Low,5711.9,Medium,0.55,Medium,32.38643835616438,44.02,0
SEC-P37,900.0,37.1,0.5,41.1,0.272,Low,5016.5,Medium,0.55,Low,32.216986301369865,43.79,0
SEC-P38,900.0,37.1,0.41,27.6,0.264,Low,5016.5,Medium,0.55,Medium,32.145616438356164,43.7,0
SEC-P39,900.0,37.0,0.36,21.3,0.253,Low,5016.5,Medium,0.55,Medium,32.04780821917809,43.56,0
SEC-P40,900.0,36.9,0.28,12.9,0.205,Low,2712.1,Low,0.56,Medium,31.618493150684934,42.98,0
SEC-P41,900.0,36.7,0.3,14.8,0.19,Low,2712.1,Low,0.56,Medium,31.484109589041097,42.8,0
SEC-P42,900.0,36.6,0.39,25.0,0.173,Low,2712.1,Low,0.56,Low,31.332465753424657,42.59,0
SEC-P43,900.0,36.7,0.48,37.9,0.269,Low,10017.9,Medium,0.57,Low,32.19041095890411,43.76,0
SEC-P44,900.0,36.7,0.4,26.3,0.147,Low,1638.6,Low,0.56,Low,31.1,42.28,0
SEC-P45,900.0,36.5,0.35,20.1,0.152,Low,1638.6,Low,0.54,Low,31.14506849315069,42.34,0
SEC-P46,900.0,36.5,0.34,19.0,0.153,Low,1638.6,Low,0.52,Low,31.153698630136983,42.35,0
SEC-P47,900.0,36.5,0.44,31.8,0.184,Low,3322.3,Low,0.5,Low,31.431095890410955,42.73,0
SEC-P48,900.0,36.5,0.58,55.3,0.261,Low,7902.2,Medium,0.48,Low,32.11835616438356,43.66,0
SEC-P49,900.0,36.5,0.52,44.4,0.28,Low,7902.2,Medium,0.46,Low,32.288356164383565,43.89,0
SEC-P50,900.0,36.6,0.46,34.8,0.231,Low,3152.1,Low,0.44,Low,31.85095890410959,43.3,0
SEC-P51,900.0,36.6,0.35,20.1,0.461,Moderate,16847.3,High,0.41,Low,33.906164383561645,46.09,2
SEC-P52,900.0,37.0,0.25,10.3,0.484,Moderate,16847.3,High,0.38,Medium,34.11191780821918,46.37,2
SEC-P53,900.0,37.0,0.27,12.0,0.506,Moderate,16847.3,High,0.35,Medium,34.30821917808219,46.64,3
SEC-P54,900.0,37.0,0.28,12.9,0.497,Moderate,14868.2,High,0.32,Medium,34.22698630136986,46.53,2
SEC-P55,900.0,37.1,0.29,13.8,0.623,Moderate,21838.3,High,0.29,Medium,35.35397260273973,48.06,6
SEC-P56,900.0,37.2,0.39,25.0,0.644,Moderate,21838.3,High,0.26,Medium,35.5413698630137,48.31,6
SEC-P57,900.0,37.2,0.42,29.0,0.5,Moderate,11051.4,Medium,0.24,Medium,34.25493150684932,46.56,2
SEC-P58,900.0,37.2,0.42,29.0,0.505,Moderate,11051.4,Medium,0.21,Medium,34.29945205479452,46.62,2
SEC-P59,900.0,37.4,0.45,33.3,0.551,Moderate,13832.4,High,0.18,Medium,34.71082191780822,47.18,4
SEC-P60,900.0,37.2,0.45,33.3,0.555,Moderate,13832.4,High,0.15,Low,34.74616438356164,47.23,4
SEC-P61,900.0,37.0,0.45,33.3,0.389,Moderate,2571.4,Low,0.13,Low,33.262191780821915,45.22,0
SEC-P62,900.0,37.0,0.5,41.1,0.406,Moderate,3595.0,Low,0.1,Low,33.41465753424657,45.42,0
SEC-P63,900.0,37.0,0.57,53.4,0.405,Moderate,3595.0,Low,0.08,Low,33.405890410958904,45.41,0
SEC-P64,900.0,37.1,0.55,49.7,0.357,Moderate,661.8,Low,0.07,Low,32.976164383561645,44.83,0
SEC-P65,900.0,37.2,0.53,46.2,0.348,Moderate,661.8,Low,0.05,Low,32.89671232876712,44.72,0
SEC-P66,900.0,37.2,0.51,42.8,0.416,Moderate,5865.9,Medium,0.05,Low,33.504383561643834,45.54,0
SEC-P67,900.0,37.3,0.48,37.9,0.413,Moderate,5865.9,Medium,0.06,Low,33.477260273972604,45.51,0
SEC-P68,900.0,37.5,0.59,57.2,0.43,Moderate,6403.8,Medium,0.07,Low,33.6286301369863,45.71,0
SEC-P69,900.0,37.6,0.58,55.3,0.433,Moderate,6403.8,Medium,0.09,Low,33.656164383561645,45.75,0
SEC-P70,900.0,35.0,0.2,6.6,0.434,Moderate,6403.8,Medium,0.12,Low,33.665342465753426,45.76,0
SEC-Q01,900.0,38.6,0.36,21.3,0.245,Low,135.4,Low,1.2,High,31.976438356164387,43.47,0
SEC-Q02,900.0,38.5,0.34,19.0,0.251,Low,135.4,Low,1.17,High,32.029041095890406,43.54,0
SEC-Q03,900.0,38.5,0.27,12.0,0.258,Low,135.4,Low,1.15,High,32.09178082191781,43.62,0
SEC-Q04,900.0,38.5,0.23,8.7,0.266,Low,135.4,Low,1.12,High,32.163698630136984,43.72,0
SEC-Q05,900.0,38.4,0.24,9.5,0.279,Low,392.7,Low,1.09,High,32.27958904109589,43.88,0
SEC-Q06,900.0,38.3,0.25,10.3,0.288,Low,392.7,Low,1.07,High,32.36041095890411,43.99,0
SEC-Q07,900.0,38.3,0.29,13.8,0.298,Low,392.7,Low,1.04,High,32.44958904109589,44.11,0
SEC-Q08,900.0,38.3,0.3,14.8,0.31,Low,392.7,Low,1.02,High,32.55739726027397,44.26,0
SEC-Q09,900.0,38.4,0.31,15.8,0.331,Moderate,929.3,Low,0.99,High,32.744246575342466,44.51,0
SEC-Q10,900.0,39.0,0.33,17.9,0.344,Moderate,929.3,Low,0.97,High,32.86041095890411,44.67,0
SEC-Q11,900.0,39.0,0.4,26.3,0.36,Moderate,929.3,Low,0.94,High,33.003287671232876,44.86,0
SEC-Q12,900.0,39.4,0.33,17.9,0.373,Moderate,700.6,Low,0.92,High,33.11972602739726,45.02,0
SEC-Q13,900.0,39.3,0.32,16.8,0.391,Moderate,700.6,Low,0.89,High,33.280410958904106,45.24,0
SEC-Q14,900.0,39.3,0.52,44.4,0.41,Moderate,700.6,Low,0.87,High,33.45054794520548,45.47,0
SEC-Q15,900.0,39.3,0.63,65.2,0.43,Moderate,700.6,Low,0.84,Low,33.6286301369863,45.71,0
SEC-Q16,900.0,39.4,0.51,42.8,0.609,Moderate,11224.6,Medium,0.82,High,35.228630136986304,47.89,5
SEC-Q17,900.0,38.5,0.37,22.5,0.626,Moderate,11224.6,Medium,0.8,High,35.380547945205485,48.09,6
SEC-Q18,900.0,38.5,0.33,17.9,0.636,Moderate,11224.6,Medium,0.78,High,35.46972602739726,48.22,6
SEC-Q19,900.0,38.2,0.36,21.3,0.63,Moderate,11224.6,Medium,0.76,High,35.416301369863014,48.14,6
SEC-Q20,900.0,38.0,0.3,14.8,0.658,Moderate,14211.6,High,0.73,High,35.66684931506849,48.48,6
SEC-Q21,900.0,38.0,0.33,17.9,0.635,Moderate,14211.6,High,0.71,High,35.46109589041096,48.2,6
SEC-Q22,900.0,37.7,0.43,30.4,0.61,Moderate,14211.6,High,0.69,Medium,35.2372602739726,47.9,5
SEC-Q23,900.0,37.5,0.34,19.0,0.411,Moderate,2631.0,Low,0.68,High,33.45986301369863,45.48,0
SEC-Q24,900.0,37.4,0.49,39.5,0.388,Moderate,2631.0,Low,0.66,Low,33.25383561643836,45.2,0
SEC-Q25,900.0,37.3,0.6,59.2,0.366,Moderate,2631.0,Low,0.64,Low,33.05698630136986,44.94,0
SEC-Q26,900.0,37.2,0.63,65.2,0.345,Moderate,2631.0,Low,0.62,Low,32.86904109589041,44.68,0
SEC-Q27,900.0,37.3,0.49,39.5,0.432,Moderate,9735.9,Medium,0.61,Low,33.646986301369864,45.74,0
SEC-Q28,900.0,37.4,0.41,27.6,0.413,Moderate,9735.9,Medium,0.59,Medium,33.477260273972604,45.51,0
SEC-Q29,900.0,37.4,0.37,22.5,0.395,Moderate,9735.9,Medium,0.58,Medium,33.31616438356164,45.29,0
SEC-Q30,900.0,37.5,0.28,12.9,0.242,Low,495.6,Low,0.57,High,31.94917808219178,43.43,0
SEC-Q31,900.0,37.5,0.3,14.8,0.238,Low,495.6,Low,0.56,High,31.91328767123288,43.38,0
SEC-Q32,900.0,37.5,0.32,16.8,0.234,Low,495.6,Low,0.55,High,31.877260273972603,43.33,0
SEC-Q33,900.0,37.4,0.34,19.0,0.23,Low,495.6,Low,0.54,Medium,31.84191780821918,43.28,0
SEC-Q34,900.0,37.3,0.33,17.9,0.303,Low,5711.9,Medium,0.53,Medium,32.49383561643836,44.17,0
SEC-Q35,900.0,37.2,0.35,20.1,0.297,Low,5711.9,Medium,0.53,Medium,32.44041095890411,44.1,0
SEC-Q36,900.0,37.1,0.39,25.0,0.291,Low,5711.9,Medium,0.52,Medium,32.38643835616438,44.02,0
SEC-Q37,900.0,37.1,0.35,20.1,0.284,Low,5711.9,Medium,0.52,Medium,32.324246575342464,43.94,0
SEC-Q38,900.0,37.1,0.33,17.9,0.433,Moderate,16223.7,High,0.52,Medium,33.656164383561645,45.75,0
SEC-Q39,900.0,37.0,0.33,17.9,0.423,Moderate,16223.7,High,0.52,Medium,33.566849315068495,45.63,0
SEC-Q40,900.0,36.8,0.32,16.8,0.413,Moderate,16223.7,High,0.53,Medium,33.477260273972604,45.51,0
SEC-Q41,900.0,36.7,0.32,16.8,0.304,Low,10017.9,Medium,0.53,Medium,32.50287671232877,44.18,0
SEC-Q42,900.0,36.5,0.4,26.3,0.287,Low,10017.9,Medium,0.54,Low,32.35164383561644,43.98,0
SEC-Q43,900.0,36.6,0.32,16.8,0.274,Low,10017.9,Medium,0.54,Medium,32.2354794520548,43.82,0
SEC-Q44,900.0,36.9,0.23,8.7,0.272,Low,10017.9,Medium,0.55,Medium,32.216986301369865,43.79,0
SEC-Q45,900.0,36.6,0.26,11.1,0.168,Low,3322.3,Low,0.56,Medium,31.28753424657534,42.53,0
SEC-Q46,900.0,36.6,0.25,10.3,0.173,Low,3322.3,Low,0.54,Medium,31.332465753424657,42.59,0
SEC-Q47,900.0,36.5,0.31,15.8,0.178,Low,3322.3,Low,0.52,Low,31.377123287671235,42.65,0
SEC-Q48,900.0,36.5,0.56,51.5,0.183,Low,3152.1,Low,0.49,Low,31.422054794520548,42.71,0
SEC-Q49,900.0,36.5,0.46,34.8,0.208,Low,3152.1,Low,0.46,Low,31.645342465753426,43.02,0
SEC-Q50,900.0,36.5,0.45,33.3,0.233,Low,3152.1,Low,0.43,Low,31.86835616438356,43.32,0
SEC-Q51,900.0,36.6,0.42,29.0,0.256,Low,3152.1,Low,0.4,Low,32.07479452054795,43.6,0
SEC-Q52,900.0,37.0,0.32,16.8,0.456,Moderate,14868.2,High,0.37,Medium,33.861780821917804,46.03,2
SEC-Q53,900.0,37.0,0.38,23.7,0.478,Moderate,14868.2,High,0.34,Medium,34.05780821917808,46.3,2
SEC-Q54,900.0,37.0,0.35,20.1,0.5,Moderate,14868.2,High,0.31,Medium,34.25493150684932,46.56,2
SEC-Q55,900.0,37.1,0.27,12.0,0.521,Moderate,14868.2,High,0.28,High,34.4413698630137,46.82,4
SEC-Q56,900.0,37.1,0.41,27.6,0.485,Moderate,11051.4,Medium,0.26,Medium,34.12013698630137,46.38,2
SEC-Q57,900.0,37.1,0.45,33.3,0.504,Moderate,11051.4,Medium,0.23,Low,34.29027397260274,46.61,2
SEC-Q58,900.0,37.1,0.47,36.3,0.51,Moderate,11051.4,Medium,0.2,Low,34.343835616438355,46.68,3
SEC-Q59,900.0,37.3,0.54,47.9,0.387,Moderate,2571.4,Low,0.17,Low,33.245479452054795,45.19,0
SEC-Q60,900.0,37.1,0.57,53.4,0.393,Moderate,2571.4,Low,0.14,Low,33.29876712328767,45.26,0
SEC-Q61,900.0,37.0,0.55,49.7,0.397,Moderate,2571.4,Low,0.11,Low,33.33438356164383,45.31,0
SEC-Q62,900.0,36.9,0.69,78.3,0.401,Moderate,2571.4,Low,0.09,Low,33.36931506849315,45.36,0
SEC-Q63,900.0,36.9,0.68,76.0,0.375,Moderate,661.8,Low,0.06,Low,33.1372602739726,45.05,0
SEC-Q64,900.0,37.0,0.62,63.2,0.374,Moderate,661.8,Low,0.04,Low,33.12876712328767,45.03,0
SEC-Q65,900.0,37.1,0.51,42.8,0.368,Moderate,661.8,Low,0.03,Low,33.074657534246576,44.96,0
SEC-Q66,900.0,37.1,0.51,42.8,0.448,Moderate,6403.8,Medium,0.02,Low,33.78945205479452,45.93,0
SEC-Q67,900.0,37.2,0.49,39.5,0.447,Moderate,6403.8,Medium,0.03,Low,33.78082191780822,45.92,0
SEC-Q68,900.0,37.4,0.54,47.9,0.445,Moderate,6403.8,Medium,0.05,Low,33.763561643835615,45.9,0
SEC-Q69,900.0,37.5,0.55,49.7,0.445,Moderate,6403.8,Medium,0.07,Low,33.763561643835615,45.9,0
SEC-Q70,900.0,35.0,0.2,6.6,0.444,Moderate,6403.8,Medium,0.1,Low,33.754246575342464,45.88,0
SEC-R01,900.0,38.5,0.42,29.0,0.244,Low,135.4,Low,1.19,High,31.967534246575344,43.45,0
SEC-R02,900.0,38.3,0.47,36.3,0.25,Low,135.4,Low,1.16,Medium,32.02041095890411,43.53,0
SEC-R03,900.0,38.4,0.42,29.0,0.257,Low,135.4,Low,1.13,High,32.083287671232874,43.61,0
SEC-R04,900.0,38.3,0.35,20.1,0.264,Low,135.4,Low,1.11,High,32.145616438356164,43.7,0
SEC-R05,900.0,38.2,0.43,30.4,0.277,Low,392.7,Low,1.08,High,32.26164383561644,43.85,0
SEC-R06,900.0,38.1,0.44,31.8,0.286,Low,392.7,Low,1.05,Medium,32.34219178082192,43.96,0
SEC-R07,900.0,38.1,0.28,12.9,0.296,Low,392.7,Low,1.03,High,32.43164383561644,44.09,0
SEC-R08,900.0,38.1,0.28,12.9,0.307,Low,392.7,Low,1.0,High,32.52945205479452,44.22,0
SEC-R09,900.0,38.1,0.34,19.0,0.327,Low,929.3,Low,0.97,High,32.70821917808219,44.46,0
SEC-R10,900.0,38.6,0.28,12.9,0.34,Moderate,929.3,Low,0.95,High,32.82520547945205,44.62,0
SEC-R11,900.0,39.0,0.4,26.3,0.354,Moderate,929.3,Low,0.92,High,32.950136986301374,44.79,0
SEC-R12,900.0,39.0,0.52,44.4,0.365,Moderate,700.6,Low,0.9,Medium,33.04835616438356,44.92,0
SEC-R13,900.0,39.1,0.5,41.1,0.381,Moderate,700.6,Low,0.87,High,33.19095890410959,45.12,0
SEC-R14,900.0,39.1,0.5,41.1,0.398,Moderate,700.6,Low,0.85,High,33.34301369863014,45.32,0
SEC-R15,900.0,39.2,0.48,37.9,0.415,Moderate,700.6,Low,0.83,High,33.495342465753424,45.53,0
SEC-R16,900.0,39.3,0.39,25.0,0.589,Moderate,11224.6,Medium,0.8,High,35.049863013698626,47.64,5
SEC-R17,900.0,38.5,0.34,19.0,0.601,Moderate,11224.6,Medium,0.78,High,35.157534246575345,47.79,5
SEC-R18,900.0,38.4,0.32,16.8,0.606,Moderate,11224.6,Medium,0.76,High,35.201369863013696,47.85,5
SEC-R19,900.0,38.3,0.32,16.8,0.602,Moderate,11224.6,Medium,0.73,High,35.16575342465753,47.8,5
SEC-R20,900.0,38.1,0.27,12.0,0.634,Moderate,14211.6,High,0.71,High,35.45232876712329,48.19,6
SEC-R21,900.0,38.0,0.29,13.8,0.616,Moderate,14211.6,High,0.69,High,35.290821917808216,47.97,5
SEC-R22,900.0,37.7,0.36,21.3,0.596,Moderate,14211.6,High,0.67,High,35.11219178082192,47.73,5
SEC-R23,900.0,37.5,0.44,31.8,0.4,Moderate,2631.0,Low,0.65,Medium,33.36027397260274,45.35,0
SEC-R24,900.0,37.5,0.53,46.2,0.379,Moderate,2631.0,Low,0.63,Low,33.17328767123288,45.09,0
SEC-R25,900.0,37.4,0.61,61.2,0.358,Moderate,2631.0,Low,0.62,Low,32.98575342465753,44.84,0
SEC-R26,900.0,37.4,0.59,57.2,0.338,Moderate,2631.0,Low,0.6,Low,32.8068493150685,44.6,0
SEC-R27,900.0,37.5,0.39,25.0,0.426,Moderate,9735.9,Medium,0.58,Medium,33.59369863013699,45.66,0
SEC-R28,900.0,37.5,0.35,20.1,0.407,Moderate,9735.9,Medium,0.57,High,33.422876712328765,45.43,0
SEC-R29,900.0,37.5,0.26,11.1,0.39,Moderate,9735.9,Medium,0.55,High,33.27123287671233,45.23,0
SEC-R30,900.0,37.6,0.3,14.8,0.245,Low,495.6,Low,0.54,High,31.976438356164387,43.47,0
SEC-R31,900.0,37.6,0.29,13.8,0.242,Low,495.6,Low,0.53,High,31.94917808219178,43.43,0
SEC-R32,900.0,37.6,0.3,14.8,0.238,Low,495.6,Low,0.52,High,31.91328767123288,43.38,0
SEC-R33,900.0,37.4,0.41,27.6,0.232,Low,495.6,Low,0.51,Medium,31.859452054794517,43.31,0
SEC-R34,900.0,37.3,0.37,22.5,0.305,Low,5711.9,Medium,0.5,Medium,32.512191780821915,44.19,0
SEC-R35,900.0,37.1,0.38,23.7,0.298,Low,5711.9,Medium,0.5,Medium,32.44958904109589,44.11,0
SEC-R36,900.0,37.0,0.37,22.5,0.291,Low,5711.9,Medium,0.49,Medium,32.38643835616438,44.02,0
SEC-R37,900.0,37.0,0.32,16.8,0.284,Low,5711.9,Medium,0.49,Medium,32.324246575342464,43.94,0
SEC-R38,900.0,36.9,0.36,21.3,0.434,Moderate,16223.7,High,0.49,Medium,33.665342465753426,45.76,0
SEC-R39,900.0,36.8,0.33,17.9,0.423,Moderate,16223.7,High,0.49,Medium,33.566849315068495,45.63,0
SEC-R40,900.0,36.7,0.32,16.8,0.411,Moderate,16223.7,High,0.5,Medium,33.45986301369863,45.48,0
SEC-R41,900.0,36.6,0.43,30.4,0.309,Low,10017.9,Medium,0.5,Low,32.54835616438356,44.24,0
SEC-R42,900.0,36.5,0.5,41.1,0.295,Low,10017.9,Medium,0.51,Low,32.4227397260274,44.07,0
SEC-R43,900.0,36.6,0.3,14.8,0.281,Low,10017.9,Medium,0.51,Medium,32.297397260273975,43.9,0
SEC-R44,900.0,36.7,0.2,6.6,0.279,Low,10017.9,Medium,0.52,Medium,32.27958904109589,43.88,0
SEC-R45,900.0,36.5,0.24,9.5,0.175,Low,3322.3,Low,0.53,Medium,31.35041095890411,42.62,0
SEC-R46,900.0,36.5,0.21,7.2,0.172,Low,3322.3,Low,0.55,Medium,31.324246575342467,42.58,0
SEC-R47,900.0,36.4,0.3,14.8,0.179,Low,3322.3,Low,0.52,Low,31.38602739726027,42.66,0
SEC-R48,900.0,36.5,0.56,51.5,0.184,Low,3152.1,Low,0.49,Low,31.431095890410955,42.73,0
SEC-R49,900.0,36.5,0.45,33.3,0.21,Low,3152.1,Low,0.46,Low,31.663424657534243,43.04,0
SEC-R50,900.0,36.5,0.39,25.0,0.234,Low,3152.1,Low,0.43,Low,31.877260273972603,43.33,0
SEC-R51,900.0,36.6,0.45,33.3,0.258,Low,3152.1,Low,0.4,Low,32.09178082191781,43.62,0
SEC-R52,900.0,37.0,0.4,26.3,0.458,Moderate,14868.2,High,0.37,Medium,33.87931506849315,46.05,2
SEC-R53,900.0,37.0,0.35,20.1,0.48,Moderate,14868.2,High,0.34,Medium,34.07616438356164,46.32,2
SEC-R54,900.0,37.1,0.31,15.8,0.502,Moderate,14868.2,High,0.31,Medium,34.272465753424655,46.59,2
SEC-R55,900.0,37.1,0.27,12.0,0.523,Moderate,14868.2,High,0.28,High,34.45986301369863,46.84,4
SEC-R56,900.0,37.1,0.39,25.0,0.487,Moderate,11051.4,Medium,0.25,Medium,34.13835616438356,46.41,2
SEC-R57,900.0,37.1,0.48,37.9,0.507,Moderate,11051.4,Medium,0.22,Low,34.31698630136986,46.65,3
SEC-R58,900.0,37.1,0.49,39.5,0.513,Moderate,11051.4,Medium,0.19,Low,34.37068493150685,46.72,3
SEC-R59,900.0,37.3,0.59,57.2,0.392,Moderate,2571.4,Low,0.16,Low,33.28945205479452,45.25,0
SEC-R60,900.0,37.2,0.57,53.4,0.398,Moderate,2571.4,Low,0.13,Low,33.34301369863014,45.32,0
SEC-R61,900.0,37.0,0.58,55.3,0.404,Moderate,2571.4,Low,0.1,Low,33.396986301369864,45.4,0
SEC-R62,900.0,36.9,0.68,76.0,0.41,Moderate,2571.4,Low,0.07,Low,33.45054794520548,45.47,0
SEC-R63,900.0,36.9,0.59,57.2,0.386,Moderate,661.8,Low,0.05,Low,33.23684931506849,45.18,0
SEC-R64,900.0,37.0,0.58,55.3,0.39,Moderate,661.8,Low,0.02,Low,33.27123287671233,45.23,0
SEC-R65,900.0,37.1,0.5,41.1,0.391,Moderate,661.8,Low,0.0,Low,33.280410958904106,45.24,0
SEC-R66,900.0,37.2,0.45,33.3,0.385,Moderate,661.8,Low,0.0,Low,33.227397260273975,45.17,0
SEC-R67,900.0,37.2,0.49,39.5,0.467,Moderate,6403.8,Medium,0.01,Low,33.95904109589041,46.16,2
SEC-R68,900.0,37.3,0.54,47.9,0.46,Moderate,6403.8,Medium,0.03,Low,33.89712328767123,46.08,2
SEC-R69,900.0,37.4,0.57,53.4,0.456,Moderate,6403.8,Medium,0.06,Low,33.861780821917804,46.03,2
SEC-R70,900.0,35.0,0.2,6.6,0.452,Moderate,6403.8,Medium,0.09,Low,33.82547945205479,45.98,0
SEC-S01,900.0,38.5,0.5,41.1,0.242,Low,135.4,Low,1.17,Medium,31.94917808219178,43.43,0
SEC-S02,900.0,38.3,0.5,41.1,0.248,Low,135.4,Low,1.15,Medium,32.00287671232877,43.5,0
SEC-S03,900.0,38.2,0.44,31.8,0.255,Low,135.4,Low,1.12,High,32.065342465753425,43.59,0
SEC-S04,900.0,38.1,0.42,29.0,0.262,Low,135.4,Low,1.09,High,32.127534246575344,43.67,0
SEC-S05,900.0,37.9,0.52,44.4,0.274,Low,392.7,Low,1.06,Medium,32.2354794520548,43.82,0
SEC-S06,900.0,37.8,0.43,30.4,0.283,Low,392.7,Low,1.04,Medium,32.31575342465754,43.93,0
SEC-S07,900.0,37.8,0.34,19.0,0.292,Low,392.7,Low,1.01,High,32.395616438356164,44.04,0
SEC-S08,900.0,37.8,0.27,12.0,0.302,Low,392.7,Low,0.99,High,32.484931506849314,44.16,0
SEC-S09,900.0,37.8,0.26,11.1,0.322,Low,929.3,Low,0.96,High,32.663835616438355,44.4,0
SEC-S10,900.0,38.6,0.28,12.9,0.333,Moderate,929.3,Low,0.93,High,32.762328767123286,44.53,0
SEC-S11,900.0,38.7,0.3,14.8,0.346,Moderate,929.3,Low,0.91,High,32.87835616438356,44.69,0
SEC-S12,900.0,38.8,0.35,20.1,0.356,Moderate,700.6,Low,0.88,High,32.96767123287671,44.81,0
SEC-S13,900.0,38.8,0.34,19.0,0.37,Moderate,700.6,Low,0.86,High,33.09287671232877,44.98,0
SEC-S14,900.0,38.9,0.33,17.9,0.384,Moderate,700.6,Low,0.83,High,33.21753424657535,45.15,0
SEC-S15,900.0,39.0,0.29,13.8,0.397,Moderate,700.6,Low,0.81,High,33.33438356164383,45.31,0
SEC-S16,900.0,39.2,0.33,17.9,0.568,Moderate,11224.6,Medium,0.78,High,34.86246575342466,47.39,4
SEC-S17,900.0,38.5,0.39,25.0,0.576,Moderate,11224.6,Medium,0.76,High,34.93383561643836,47.49,4
SEC-S18,900.0,38.5,0.39,25.0,0.578,Moderate,11224.6,Medium,0.74,High,34.95164383561644,47.51,4
SEC-S19,900.0,38.4,0.4,26.3,0.575,Moderate,11224.6,Medium,0.71,High,34.92520547945205,47.47,4
SEC-S20,900.0,38.1,0.41,27.6,0.61,Moderate,14211.6,High,0.69,High,35.2372602739726,47.9,5
SEC-S21,900.0,38.0,0.31,15.8,0.596,Moderate,14211.6,High,0.67,High,35.11219178082192,47.73,5
SEC-S22,900.0,37.6,0.34,19.0,0.579,Moderate,14211.6,High,0.65,High,34.96054794520548,47.52,4
SEC-S23,900.0,37.2,0.47,36.3,0.386,Moderate,2631.0,Low,0.63,Low,33.23684931506849,45.18,0
SEC-S24,900.0,37.3,0.52,44.4,0.367,Moderate,2631.0,Low,0.61,Low,33.0658904109589,44.95,0
SEC-S25,900.0,37.4,0.52,44.4,0.349,Moderate,2631.0,Low,0.59,Low,32.90506849315069,44.73,0
SEC-S26,900.0,37.3,0.46,34.8,0.33,Moderate,2631.0,Low,0.57,Medium,32.7354794520548,44.5,0
SEC-S27,900.0,37.4,0.33,17.9,0.419,Moderate,9735.9,Medium,0.56,High,33.530684931506855,45.58,0
SEC-S28,900.0,37.4,0.31,15.8,0.401,Moderate,9735.9,Medium,0.54,High,33.36931506849315,45.36,0
SEC-S29,900.0,37.3,0.25,10.3,0.391,Moderate,9735.9,Medium,0.53,High,33.280410958904106,45.24,0
SEC-S30,900.0,37.4,0.25,10.3,0.249,Low,495.6,Low,0.51,High,32.01150684931507,43.51,0
SEC-S31,900.0,37.4,0.29,13.8,0.245,Low,495.6,Low,0.5,High,31.976438356164387,43.47,0
SEC-S32,900.0,37.3,0.39,25.0,0.241,Low,495.6,Low,0.49,Medium,31.939999999999998,43.42,0
SEC-S33,900.0,37.2,0.5,41.1,0.236,Low,495.6,Low,0.48,Low,31.895342465753426,43.36,0
SEC-S34,900.0,37.0,0.41,27.6,0.308,Low,5711.9,Medium,0.47,Medium,32.538630136986306,44.23,0
SEC-S35,900.0,36.9,0.27,12.0,0.301,Low,5711.9,Medium,0.47,Medium,32.476301369863016,44.15,0
SEC-S36,900.0,36.8,0.22,8.0,0.292,Low,5711.9,Medium,0.46,Medium,32.395616438356164,44.04,0
SEC-S37,900.0,36.8,0.36,21.3,0.349,Moderate,10053.2,Medium,0.46,Medium,32.90506849315069,44.73,0
SEC-S38,900.0,36.5,0.41,27.6,0.433,Moderate,16223.7,High,0.46,Low,33.656164383561645,45.75,0
SEC-S39,900.0,36.5,0.38,23.7,0.424,Moderate,16223.7,High,0.46,Low,33.57547945205479,45.64,0
SEC-S40,900.0,36.4,0.37,22.5,0.409,Moderate,16223.7,High,0.47,Low,33.44150684931507,45.46,0
SEC-S41,900.0,36.3,0.56,51.5,0.301,Low,10017.9,Medium,0.47,Low,32.476301369863016,44.15,0
SEC-S42,900.0,36.3,0.55,49.7,0.299,Low,10017.9,Medium,0.48,Low,32.45890410958904,44.12,0
SEC-S43,900.0,36.5,0.33,17.9,0.289,Low,10017.9,Medium,0.49,Low,32.36917808219178,44.0,0
SEC-S44,900.0,36.6,0.27,12.0,0.372,Moderate,15744.3,High,0.5,Medium,33.110821917808224,45.01,0
SEC-S45,900.0,36.7,0.3,14.8,0.182,Low,3322.3,Low,0.51,Medium,31.412876712328764,42.7,0
SEC-S46,900.0,36.8,0.23,8.7,0.179,Low,3322.3,Low,0.52,Medium,31.38602739726027,42.66,0
SEC-S47,900.0,36.7,0.32,16.8,0.179,Low,3322.3,Low,0.52,Medium,31.38602739726027,42.66,0
SEC-S48,900.0,36.7,0.58,55.3,0.294,Low,10049.8,Medium,0.49,Low,32.41424657534246,44.06,0
SEC-S49,900.0,36.7,0.56,51.5,0.214,Low,3152.1,Low,0.46,Low,31.698767123287674,43.09,0
SEC-S50,900.0,36.7,0.45,33.3,0.237,Low,3152.1,Low,0.43,Low,31.904383561643836,43.37,0
SEC-S51,900.0,36.8,0.32,16.8,0.297,Low,5596.6,Medium,0.4,Medium,32.44041095890411,44.1,0
SEC-S52,900.0,37.4,0.34,19.0,0.459,Moderate,14868.2,High,0.37,Medium,33.88835616438356,46.07,2
SEC-S53,900.0,37.4,0.35,20.1,0.481,Moderate,14868.2,High,0.34,Medium,34.085068493150686,46.33,2
SEC-S54,900.0,37.4,0.28,12.9,0.503,Moderate,14868.2,High,0.31,High,34.28123287671233,46.6,2
SEC-S55,900.0,37.4,0.27,12.0,0.501,Moderate,13318.2,Medium,0.28,High,34.263424657534244,46.58,2
SEC-S56,900.0,37.4,0.34,19.0,0.489,Moderate,11051.4,Medium,0.25,Medium,34.15575342465753,46.43,2
SEC-S57,900.0,37.4,0.38,23.7,0.509,Moderate,11051.4,Medium,0.22,Medium,34.33520547945205,46.67,3
SEC-S58,900.0,37.3,0.46,34.8,0.516,Moderate,11051.4,Medium,0.19,Medium,34.39767123287672,46.76,3
SEC-S59,900.0,37.6,0.58,55.3,0.668,High,20672.7,High,0.16,Low,35.756027397260276,48.6,6
SEC-S60,900.0,37.6,0.59,57.2,0.402,Moderate,2571.4,Low,0.13,Low,33.37849315068493,45.37,0
SEC-S61,900.0,37.5,0.62,63.2,0.41,Moderate,2571.4,Low,0.1,Low,33.45054794520548,45.47,0
SEC-S62,900.0,37.4,0.67,73.8,0.633,Moderate,16889.0,High,0.07,Low,35.443561643835615,48.18,6
SEC-S63,900.0,37.0,0.61,61.2,0.397,Moderate,661.8,Low,0.04,Low,33.33438356164383,45.31,0
SEC-S64,900.0,37.1,0.62,63.2,0.406,Moderate,661.8,Low,0.01,Low,33.41465753424657,45.42,0
SEC-S65,900.0,37.1,0.54,47.9,0.404,Moderate,661.8,Low,0.0,Low,33.396986301369864,45.4,0
SEC-S66,900.0,37.1,0.46,34.8,0.487,Moderate,6305.3,Medium,0.0,Low,34.13835616438356,46.41,2
SEC-S67,900.0,37.1,0.48,37.9,0.489,Moderate,6403.8,Medium,0.0,Low,34.15575342465753,46.43,2
SEC-S68,900.0,37.1,0.42,29.0,0.478,Moderate,6403.8,Medium,0.02,Medium,34.05780821917808,46.3,2
SEC-S69,900.0,37.2,0.41,27.6,0.442,Moderate,4715.4,Medium,0.05,Medium,33.73602739726027,45.86,0
SEC-S70,900.0,37.2,0.41,27.6,0.434,Moderate,4715.4,Medium,0.08,Medium,33.665342465753426,45.76,0
SEC-T01,900.0,38.2,0.58,55.3,0.241,Low,135.4,Low,1.16,Low,31.939999999999998,43.42,0
SEC-T02,900.0,38.0,0.55,49.7,0.245,Low,16.8,Low,1.13,Low,31.976438356164387,43.47,0
SEC-T03,900.0,37.9,0.51,42.8,0.251,Low,16.8,Low,1.11,Medium,32.029041095890406,43.54,0
SEC-T04,900.0,37.9,0.54,47.9,0.258,Low,16.8,Low,1.08,Low,32.09178082191781,43.62,0
SEC-T05,900.0,37.8,0.58,55.3,0.265,Low,16.8,Low,1.05,Low,32.154931506849316,43.71,0
SEC-T06,900.0,37.6,0.48,37.9,0.283,Low,633.0,Low,1.02,Medium,32.31575342465754,43.93,0
SEC-T07,900.0,37.6,0.36,21.3,0.291,Low,633.0,Low,1.0,High,32.38643835616438,44.02,0
SEC-T08,900.0,37.6,0.3,14.8,0.301,Low,633.0,Low,0.97,High,32.476301369863016,44.15,0
SEC-T09,900.0,37.7,0.28,12.9,0.311,Low,633.0,Low,0.94,High,32.56643835616438,44.27,0
SEC-T10,900.0,37.9,0.27,12.0,0.327,Low,955.8,Low,0.92,High,32.70821917808219,44.46,0
SEC-T11,900.0,38.0,0.3,14.8,0.338,Moderate,955.8,Low,0.89,High,32.8068493150685,44.6,0
SEC-T12,900.0,38.0,0.28,12.9,0.35,Moderate,955.8,Low,0.87,High,32.9141095890411,44.74,0
SEC-T13,900.0,38.1,0.27,12.0,0.451,Moderate,6868.7,Medium,0.84,High,33.816575342465754,45.97,0
SEC-T14,900.0,38.2,0.28,12.9,0.462,Moderate,6868.7,Medium,0.82,High,33.915205479452055,46.1,2
SEC-T15,900.0,38.4,0.28,12.9,0.473,Moderate,6868.7,Medium,0.79,High,34.01328767123288,46.24,2
SEC-T16,900.0,38.7,0.4,26.3,0.481,Moderate,6868.7,Medium,0.77,High,34.085068493150686,46.33,2
SEC-T17,900.0,39.1,0.4,26.3,0.494,Moderate,7362.6,Medium,0.74,High,34.20123287671233,46.49,2
SEC-T18,900.0,39.0,0.38,23.7,0.495,Moderate,7362.6,Medium,0.72,High,34.20972602739726,46.5,2
SEC-T19,900.0,38.8,0.5,41.1,0.492,Moderate,7362.6,Medium,0.7,Medium,34.18301369863014,46.47,2
SEC-T20,900.0,38.6,0.52,44.4,0.484,Moderate,7362.6,Medium,0.67,Medium,34.11191780821918,46.37,2
SEC-T21,900.0,37.7,0.36,21.3,0.575,Moderate,14171.7,High,0.65,High,34.92520547945205,47.47,4
SEC-T22,900.0,37.5,0.39,25.0,0.561,Moderate,14171.7,High,0.63,Medium,34.79972602739726,47.3,4
SEC-T23,900.0,37.5,0.42,29.0,0.545,Moderate,14171.7,High,0.61,Medium,34.65630136986301,47.11,4
SEC-T24,900.0,37.5,0.44,31.8,0.408,Moderate,6208.7,Medium,0.59,Medium,33.43164383561644,45.45,0
SEC-T25,900.0,37.6,0.38,23.7,0.391,Moderate,6208.7,Medium,0.57,Medium,33.280410958904106,45.24,0
SEC-T26,900.0,37.6,0.31,15.8,0.374,Moderate,6208.7,Medium,0.55,High,33.12876712328767,45.03,0
SEC-T27,900.0,37.5,0.37,22.5,0.357,Moderate,6208.7,Medium,0.53,Medium,32.976164383561645,44.83,0
SEC-T28,900.0,37.4,0.39,25.0,0.456,Moderate,13571.3,High,0.51,Medium,33.861780821917804,46.03,2
SEC-T29,900.0,37.3,0.27,12.0,0.454,Moderate,13571.3,High,0.5,High,33.84356164383561,46.0,1
SEC-T30,900.0,37.3,0.28,12.9,0.451,Moderate,13571.3,High,0.49,High,33.816575342465754,45.97,0
SEC-T31,900.0,37.4,0.32,16.8,0.417,Moderate,11560.4,Medium,0.47,High,33.51315068493151,45.56,0
SEC-T32,900.0,37.3,0.44,31.8,0.412,Moderate,11560.4,Medium,0.46,Medium,33.46849315068493,45.49,0
SEC-T33,900.0,37.2,0.39,25.0,0.407,Moderate,11560.4,Medium,0.45,Medium,33.422876712328765,45.43,0
SEC-T34,900.0,37.0,0.3,14.8,0.4,Moderate,11560.4,Medium,0.44,Medium,33.36027397260274,45.35,0
SEC-T35,900.0,36.9,0.27,12.0,0.369,Moderate,10053.2,Medium,0.44,Medium,33.08383561643836,44.97,0
SEC-T36,900.0,36.8,0.26,11.1,0.36,Moderate,10053.2,Medium,0.43,Medium,33.003287671232876,44.86,0
SEC-T37,900.0,36.7,0.3,14.8,0.349,Moderate,10053.2,Medium,0.43,Medium,32.90506849315069,44.73,0
SEC-T38,900.0,36.4,0.33,17.9,0.338,Moderate,10053.2,Medium,0.43,Low,32.8068493150685,44.6,0
SEC-T39,900.0,36.4,0.38,23.7,0.267,Low,6004.3,Medium,0.43,Low,32.172602739726024,43.73,0
SEC-T40,900.0,36.2,0.54,47.9,0.256,Low,6004.3,Medium,0.44,Low,32.07479452054795,43.6,0
SEC-T41,900.0,36.2,0.47,36.3,0.241,Low,6004.3,Medium,0.44,Low,31.939999999999998,43.42,0
SEC-T42,900.0,36.3,0.31,15.8,0.386,Moderate,15744.3,High,0.45,Low,33.23684931506849,45.18,0
SEC-T43,900.0,36.4,0.31,15.8,0.383,Moderate,15744.3,High,0.46,Low,33.20876712328767,45.14,0
SEC-T44,900.0,36.5,0.3,14.8,0.38,Moderate,15744.3,High,0.47,Low,33.18191780821918,45.11,0
SEC-T45,900.0,36.7,0.29,13.8,0.377,Moderate,15744.3,High,0.48,Medium,33.156027397260274,45.07,0
SEC-T46,900.0,36.8,0.23,8.7,0.287,Low,10049.8,Medium,0.49,Medium,32.35164383561644,43.98,0
SEC-T47,900.0,36.7,0.26,11.1,0.283,Low,10049.8,Medium,0.51,Medium,32.31575342465754,43.93,0
SEC-T48,900.0,36.7,0.52,44.4,0.289,Low,10049.8,Medium,0.49,Low,32.36917808219178,44.0,0
SEC-T49,900.0,36.7,0.61,61.2,0.246,Low,5596.6,Medium,0.46,Low,31.984794520547943,43.48,0
SEC-T50,900.0,36.7,0.6,59.2,0.271,Low,5596.6,Medium,0.43,Low,32.20794520547945,43.78,0
SEC-T51,900.0,36.8,0.48,37.9,0.295,Low,5596.6,Medium,0.4,Low,32.4227397260274,44.07,0
SEC-T52,900.0,37.4,0.46,34.8,0.318,Low,5596.6,Medium,0.37,Medium,32.62835616438356,44.35,0
SEC-T53,900.0,37.4,0.39,25.0,0.457,Moderate,13318.2,Medium,0.34,Medium,33.870273972602746,46.04,2
SEC-T54,900.0,37.4,0.34,19.0,0.479,Moderate,13318.2,Medium,0.31,Medium,34.06698630136986,46.31,2
SEC-T55,900.0,37.5,0.29,13.8,0.5,Moderate,13318.2,Medium,0.28,High,34.25493150684932,46.56,2
SEC-T56,900.0,37.4,0.28,12.9,0.522,Moderate,13318.2,Medium,0.25,High,34.45095890410959,46.83,4
SEC-T57,900.0,37.4,0.35,20.1,0.654,Moderate,20672.7,High,0.22,Medium,35.63068493150685,48.43,6
SEC-T58,900.0,37.3,0.44,31.8,0.663,High,20672.7,High,0.19,Medium,35.71109589041096,48.54,6
SEC-T59,900.0,37.7,0.53,46.2,0.67,High,20672.7,High,0.16,Low,35.773698630136984,48.63,6
SEC-T60,900.0,37.7,0.47,36.3,0.621,Moderate,16889.0,High,0.13,Medium,35.33575342465754,48.03,6
SEC-T61,900.0,37.7,0.44,31.8,0.629,Moderate,16889.0,High,0.1,Medium,35.407260273972604,48.13,6
SEC-T62,900.0,37.8,0.55,49.7,0.638,Moderate,16889.0,High,0.07,Low,35.48712328767123,48.24,6
SEC-T63,900.0,37.4,0.55,49.7,0.648,Moderate,16889.0,High,0.04,Low,35.5772602739726,48.36,6
SEC-T64,900.0,37.4,0.61,61.2,0.499,Moderate,6305.3,Medium,0.01,Low,34.245479452054795,46.55,2
SEC-T65,900.0,37.4,0.57,53.4,0.503,Moderate,6305.3,Medium,0.0,Low,34.28123287671233,46.6,2
SEC-T66,900.0,37.2,0.56,51.5,0.501,Moderate,6305.3,Medium,0.0,Low,34.263424657534244,46.58,2
SEC-T67,900.0,37.2,0.57,53.4,0.502,Moderate,6305.3,Medium,0.0,Low,34.272465753424655,46.59,2
SEC-T68,900.0,37.1,0.56,51.5,0.462,Moderate,4715.4,Medium,0.03,Low,33.915205479452055,46.1,2
SEC-T69,900.0,37.2,0.52,44.4,0.45,Moderate,4715.4,Medium,0.06,Low,33.80753424657534,45.96,0
SEC-T70,900.0,37.2,0.52,44.4,0.44,Moderate,4715.4,Medium,0.08,Low,33.71821917808219,45.83,0
SEC-U01,900.0,38.0,0.63,65.2,0.237,Low,16.8,Low,1.15,Low,31.904383561643836,43.37,0
SEC-U02,900.0,37.8,0.61,61.2,0.243,Low,16.8,Low,1.12,Low,31.95808219178082,43.44,0
SEC-U03,900.0,37.8,0.58,55.3,0.248,Low,16.8,Low,1.09,Low,32.00287671232877,43.5,0
SEC-U04,900.0,37.7,0.58,55.3,0.255,Low,16.8,Low,1.07,Low,32.065342465753425,43.59,0
SEC-U05,900.0,37.6,0.67,73.8,0.262,Low,16.8,Low,1.04,Low,32.127534246575344,43.67,0
SEC-U06,900.0,37.6,0.65,69.4,0.279,Low,633.0,Low,1.01,Low,32.27958904109589,43.88,0
SEC-U07,900.0,37.5,0.43,30.4,0.287,Low,633.0,Low,0.98,Medium,32.35164383561644,43.98,0
SEC-U08,900.0,37.6,0.27,12.0,0.295,Low,633.0,Low,0.96,High,32.4227397260274,44.07,0
SEC-U09,900.0,37.7,0.29,13.8,0.304,Low,633.0,Low,0.93,High,32.50287671232877,44.18,0
SEC-U10,900.0,37.8,0.26,11.1,0.319,Low,955.8,Low,0.9,High,32.63753424657534,44.36,0
SEC-U11,900.0,37.9,0.38,23.7,0.329,Low,955.8,Low,0.88,High,32.726301369863016,44.49,0
SEC-U12,900.0,38.0,0.32,16.8,0.339,Moderate,955.8,Low,0.85,High,32.81602739726028,44.61,0
SEC-U13,900.0,38.3,0.28,12.9,0.438,Moderate,6868.7,Medium,0.83,High,33.70027397260274,45.81,0
SEC-U14,900.0,38.6,0.28,12.9,0.447,Moderate,6868.7,Medium,0.8,High,33.78082191780822,45.92,0
SEC-U15,900.0,38.9,0.3,14.8,0.455,Moderate,6868.7,Medium,0.77,High,33.85287671232877,46.02,1
SEC-U16,900.0,39.0,0.33,17.9,0.462,Moderate,6868.7,Medium,0.75,High,33.915205479452055,46.1,2
SEC-U17,900.0,39.1,0.27,12.0,0.473,Moderate,7362.6,Medium,0.72,High,34.01328767123288,46.24,2
SEC-U18,900.0,39.1,0.32,16.8,0.473,Moderate,7362.6,Medium,0.7,High,34.01328767123288,46.24,2
SEC-U19,900.0,38.9,0.38,23.7,0.47,Moderate,7362.6,Medium,0.68,High,33.986712328767126,46.2,2
SEC-U20,900.0,38.6,0.36,21.3,0.463,Moderate,7362.6,Medium,0.65,High,33.923972602739724,46.11,2
SEC-U21,900.0,37.7,0.28,12.9,0.556,Moderate,14171.7,High,0.63,High,34.754520547945205,47.24,4
SEC-U22,900.0,37.5,0.29,13.8,0.544,Moderate,14171.7,High,0.61,High,34.64780821917808,47.1,4
SEC-U23,900.0,37.5,0.38,23.7,0.53,Moderate,14171.7,High,0.59,Medium,34.52315068493151,46.93,4
SEC-U24,900.0,37.6,0.36,21.3,0.394,Moderate,6208.7,Medium,0.56,High,33.30712328767123,45.28,0
SEC-U25,900.0,37.8,0.29,13.8,0.379,Moderate,6208.7,Medium,0.54,High,33.17328767123288,45.09,0
SEC-U26,900.0,37.7,0.3,14.8,0.364,Moderate,6208.7,Medium,0.53,High,33.03945205479452,44.91,0
SEC-U27,900.0,37.6,0.37,22.5,0.357,Moderate,6208.7,Medium,0.51,High,32.976164383561645,44.83,0
SEC-U28,900.0,37.4,0.41,27.6,0.46,Moderate,13571.3,High,0.49,Medium,33.89712328767123,46.08,2
SEC-U29,900.0,37.3,0.27,12.0,0.459,Moderate,13571.3,High,0.47,High,33.88835616438356,46.07,2
SEC-U30,900.0,37.3,0.31,15.8,0.456,Moderate,13571.3,High,0.46,High,33.861780821917804,46.03,2
SEC-U31,900.0,37.2,0.3,14.8,0.422,Moderate,11560.4,Medium,0.45,Medium,33.55739726027397,45.62,0
SEC-U32,900.0,37.0,0.3,14.8,0.417,Moderate,11560.4,Medium,0.43,Medium,33.51315068493151,45.56,0
SEC-U33,900.0,36.9,0.3,14.8,0.411,Moderate,11560.4,Medium,0.42,Medium,33.45986301369863,45.48,0
SEC-U34,900.0,36.9,0.28,12.9,0.404,Moderate,11560.4,Medium,0.42,Medium,33.396986301369864,45.4,0
SEC-U35,900.0,36.9,0.29,13.8,0.373,Moderate,10053.2,Medium,0.41,Medium,33.11972602739726,45.02,0
SEC-U36,900.0,36.8,0.32,16.8,0.363,Moderate,10053.2,Medium,0.4,Medium,33.030410958904106,44.9,0
SEC-U37,900.0,36.7,0.27,12.0,0.352,Moderate,10053.2,Medium,0.4,Medium,32.9327397260274,44.77,0
SEC-U38,900.0,36.4,0.33,17.9,0.339,Moderate,10053.2,Medium,0.4,Low,32.81602739726028,44.61,0
SEC-U39,900.0,36.3,0.44,31.8,0.263,Low,6004.3,Medium,0.4,Low,32.13712328767124,43.68,0
SEC-U40,900.0,36.3,0.56,51.5,0.252,Low,6004.3,Medium,0.41,Low,32.038219178082194,43.55,0
SEC-U41,900.0,36.3,0.4,26.3,0.25,Low,6004.3,Medium,0.41,Low,32.02041095890411,43.53,0
SEC-U42,900.0,36.4,0.31,15.8,0.395,Moderate,15744.3,High,0.42,Low,33.31616438356164,45.29,0
SEC-U43,900.0,36.4,0.31,15.8,0.392,Moderate,15744.3,High,0.43,Low,33.28945205479452,45.25,0
SEC-U44,900.0,36.5,0.3,14.8,0.388,Moderate,15744.3,High,0.44,Low,33.25383561643836,45.2,0
SEC-U45,900.0,36.7,0.27,12.0,0.385,Moderate,15744.3,High,0.45,Medium,33.227397260273975,45.17,0
SEC-U46,900.0,36.8,0.23,8.7,0.295,Low,10049.8,Medium,0.47,Medium,32.4227397260274,44.07,0
SEC-U47,900.0,36.7,0.35,20.1,0.29,Low,10049.8,Medium,0.48,Medium,32.377945205479456,44.01,0
SEC-U48,900.0,36.7,0.53,46.2,0.296,Low,10049.8,Medium,0.49,Low,32.43164383561644,44.09,0
SEC-U49,900.0,36.7,0.57,53.4,0.251,Low,5596.6,Medium,0.46,Low,32.029041095890406,43.54,0
SEC-U50,900.0,36.6,0.58,55.3,0.274,Low,5596.6,Medium,0.43,Low,32.2354794520548,43.82,0
SEC-U51,900.0,36.7,0.52,44.4,0.296,Low,5596.6,Medium,0.4,Low,32.43164383561644,44.09,0
SEC-U52,900.0,37.3,0.39,25.0,0.318,Low,5596.6,Medium,0.37,Medium,32.62835616438356,44.35,0
SEC-U53,900.0,37.4,0.35,20.1,0.457,Moderate,13318.2,Medium,0.34,Medium,33.870273972602746,46.04,2
SEC-U54,900.0,37.5,0.39,25.0,0.478,Moderate,13318.2,Medium,0.31,Medium,34.05780821917808,46.3,2
SEC-U55,900.0,37.5,0.37,22.5,0.5,Moderate,13318.2,Medium,0.28,Medium,34.25493150684932,46.56,2
SEC-U56,900.0,37.4,0.26,11.1,0.521,Moderate,13318.2,Medium,0.25,High,34.4413698630137,46.82,4
SEC-U57,900.0,37.4,0.31,15.8,0.653,Moderate,20672.7,High,0.22,High,35.62219178082192,48.42,6
SEC-U58,900.0,37.4,0.36,21.3,0.663,High,20672.7,High,0.19,Medium,35.71109589041096,48.54,6
SEC-U59,900.0,37.8,0.37,22.5,0.671,High,20672.7,High,0.16,High,35.78219178082192,48.64,6
SEC-U60,900.0,38.0,0.31,15.8,0.622,Moderate,16889.0,High,0.14,High,35.34452054794521,48.05,6
SEC-U61,900.0,38.3,0.32,16.8,0.63,Moderate,16889.0,High,0.11,High,35.416301369863014,48.14,6
SEC-U62,900.0,38.4,0.33,17.9,0.639,Moderate,16889.0,High,0.08,High,35.49630136986301,48.25,6
SEC-U63,900.0,38.0,0.37,22.5,0.648,Moderate,16889.0,High,0.05,High,35.5772602739726,48.36,6
SEC-U64,900.0,37.9,0.46,34.8,0.498,Moderate,6305.3,Medium,0.03,Medium,34.236438356164385,46.54,2
SEC-U65,900.0,37.7,0.57,53.4,0.506,Moderate,6305.3,Medium,0.01,Low,34.30821917808219,46.64,3
SEC-U66,900.0,37.5,0.59,57.2,0.508,Moderate,6305.3,Medium,0.01,Low,34.325616438356164,46.66,3
SEC-U67,900.0,37.3,0.64,67.3,0.501,Moderate,6305.3,Medium,0.02,Low,34.263424657534244,46.58,2
SEC-U68,900.0,37.2,0.67,73.8,0.465,Moderate,4715.4,Medium,0.04,Low,33.94191780821918,46.14,2
SEC-U69,900.0,37.2,0.64,67.3,0.453,Moderate,4715.4,Medium,0.07,Low,33.8345205479452,45.99,0
SEC-U70,900.0,37.2,0.64,67.3,0.443,Moderate,4715.4,Medium,0.09,Low,33.74520547945205,45.87,0
SEC-V01,900.0,38.1,0.64,67.3,0.235,Low,16.7,Low,1.14,Low,31.886164383561646,43.34,0
SEC-V02,900.0,38.0,0.54,47.9,0.24,Low,16.8,Low,1.11,Low,31.931095890410955,43.41,0
SEC-V03,900.0,38.0,0.45,33.3,0.246,Low,16.8,Low,1.08,Medium,31.984794520547943,43.48,0
SEC-V04,900.0,37.8,0.51,42.8,0.252,Low,16.8,Low,1.06,Medium,32.038219178082194,43.55,0
SEC-V05,900.0,37.6,0.65,69.4,0.258,Low,16.8,Low,1.03,Low,32.09178082191781,43.62,0
SEC-V06,900.0,37.6,0.64,67.3,0.274,Low,633.0,Low,1.0,Low,32.2354794520548,43.82,0
SEC-V07,900.0,37.6,0.46,34.8,0.281,Low,633.0,Low,0.97,Medium,32.297397260273975,43.9,0
SEC-V08,900.0,37.6,0.32,16.8,0.289,Low,633.0,Low,0.94,High,32.36917808219178,44.0,0
SEC-V09,900.0,37.6,0.28,12.9,0.297,Low,633.0,Low,0.92,High,32.44041095890411,44.1,0
SEC-V10,900.0,37.8,0.28,12.9,0.311,Low,955.8,Low,0.89,High,32.56643835616438,44.27,0
SEC-V11,900.0,37.9,0.3,14.8,0.319,Low,955.8,Low,0.86,High,32.63753424657534,44.36,0
SEC-V12,900.0,38.1,0.3,14.8,0.328,Low,955.8,Low,0.84,High,32.71767123287671,44.47,0
SEC-V13,900.0,38.4,0.29,13.8,0.425,Moderate,6868.7,Medium,0.81,High,33.5845205479452,45.65,0
SEC-V14,900.0,38.9,0.27,12.0,0.432,Moderate,6868.7,Medium,0.78,High,33.646986301369864,45.74,0
SEC-V15,900.0,39.2,0.27,12.0,0.439,Moderate,6868.7,Medium,0.76,High,33.70945205479452,45.82,0
SEC-V16,900.0,39.2,0.24,9.5,0.443,Moderate,6868.7,Medium,0.73,High,33.74520547945205,45.87,0
SEC-V17,900.0,39.2,0.24,9.5,0.453,Moderate,7362.6,Medium,0.71,High,33.8345205479452,45.99,0
SEC-V18,900.0,39.2,0.3,14.8,0.453,Moderate,7362.6,Medium,0.68,High,33.8345205479452,45.99,0
SEC-V19,900.0,39.0,0.42,29.0,0.45,Moderate,7362.6,Medium,0.66,High,33.80753424657534,45.96,0
SEC-V20,900.0,38.6,0.28,12.9,0.444,Moderate,7362.6,Medium,0.63,High,33.754246575342464,45.88,0
SEC-V21,900.0,37.8,0.31,15.8,0.538,Moderate,14171.7,High,0.61,High,34.593835616438355,47.03,4
SEC-V22,900.0,37.5,0.3,14.8,0.527,Moderate,14171.7,High,0.59,High,34.49602739726028,46.89,4
SEC-V23,900.0,37.4,0.41,27.6,0.515,Moderate,14171.7,High,0.56,Medium,34.38849315068493,46.75,3
SEC-V24,900.0,37.6,0.38,23.7,0.387,Moderate,6208.7,Medium,0.54,Medium,33.245479452054795,45.19,0
SEC-V25,900.0,37.9,0.27,12.0,0.383,Moderate,6208.7,Medium,0.52,High,33.20876712328767,45.14,0
SEC-V26,900.0,37.8,0.34,19.0,0.377,Moderate,6208.7,Medium,0.5,High,33.156027397260274,45.07,0
SEC-V27,900.0,37.6,0.29,13.8,0.368,Moderate,6208.7,Medium,0.48,High,33.074657534246576,44.96,0
SEC-V28,900.0,37.4,0.31,15.8,0.469,Moderate,13571.3,High,0.47,High,33.97767123287671,46.19,2
SEC-V29,900.0,37.2,0.23,8.7,0.462,Moderate,13571.3,High,0.45,High,33.915205479452055,46.1,2
SEC-V30,900.0,37.1,0.37,22.5,0.461,Moderate,13571.3,High,0.43,Medium,33.906164383561645,46.09,2
SEC-V31,900.0,37.1,0.41,27.6,0.428,Moderate,11560.4,Medium,0.42,Medium,33.61109589041096,45.69,0
SEC-V32,900.0,37.0,0.29,13.8,0.423,Moderate,11560.4,Medium,0.41,Medium,33.566849315068495,45.63,0
SEC-V33,900.0,37.0,0.28,12.9,0.417,Moderate,11560.4,Medium,0.4,Medium,33.51315068493151,45.56,0
SEC-V34,900.0,36.9,0.27,12.0,0.41,Moderate,11560.4,Medium,0.39,Medium,33.45054794520548,45.47,0
SEC-V35,900.0,36.9,0.22,8.0,0.378,Moderate,10053.2,Medium,0.38,Medium,33.163972602739726,45.08,0
SEC-V36,900.0,36.8,0.31,15.8,0.367,Moderate,10053.2,Medium,0.37,Medium,33.0658904109589,44.95,0
SEC-V37,900.0,36.7,0.27,12.0,0.355,Moderate,10053.2,Medium,0.37,Medium,32.95890410958904,44.8,0
SEC-V38,900.0,36.4,0.33,17.9,0.346,Moderate,10342.7,Medium,0.37,Low,32.87835616438356,44.69,0
SEC-V39,900.0,36.4,0.44,31.8,0.264,Low,6004.3,Medium,0.37,Low,32.145616438356164,43.7,0
SEC-V40,900.0,36.4,0.44,31.8,0.262,Low,6004.3,Medium,0.38,Low,32.127534246575344,43.67,0
SEC-V41,900.0,36.4,0.3,14.8,0.26,Low,6004.3,Medium,0.38,Low,32.10986301369863,43.65,0
SEC-V42,900.0,36.4,0.34,19.0,0.404,Moderate,15744.3,High,0.39,Low,33.396986301369864,45.4,0
SEC-V43,900.0,36.5,0.34,19.0,0.401,Moderate,15744.3,High,0.4,Low,33.36931506849315,45.36,0
SEC-V44,900.0,36.6,0.3,14.8,0.397,Moderate,15744.3,High,0.41,Medium,33.33438356164383,45.31,0
SEC-V45,900.0,36.8,0.32,16.8,0.393,Moderate,15744.3,High,0.43,Medium,33.29876712328767,45.26,0
SEC-V46,900.0,36.8,0.26,11.1,0.302,Low,10049.8,Medium,0.44,Medium,32.484931506849314,44.16,0
SEC-V47,900.0,36.8,0.27,12.0,0.303,Low,10049.8,Medium,0.46,Medium,32.49383561643836,44.17,0
SEC-V48,900.0,36.7,0.36,21.3,0.313,Low,10049.8,Medium,0.48,Low,32.583698630136986,44.29,0
SEC-V49,900.0,36.8,0.41,27.6,0.465,Moderate,19237.4,High,0.46,Low,33.94191780821918,46.14,2
SEC-V50,900.0,36.7,0.41,27.6,0.279,Low,5596.6,Medium,0.44,Low,32.27958904109589,43.88,0
SEC-V51,900.0,36.8,0.39,25.0,0.3,Low,5596.6,Medium,0.41,Low,32.46780821917808,44.13,0
SEC-V52,900.0,37.4,0.31,15.8,0.321,Low,5596.6,Medium,0.38,High,32.654794520547945,44.39,0
SEC-V53,900.0,37.5,0.42,29.0,0.458,Moderate,13318.2,Medium,0.35,Medium,33.87931506849315,46.05,2
SEC-V54,900.0,37.5,0.5,41.1,0.479,Moderate,13318.2,Medium,0.32,Low,34.06698630136986,46.31,2
SEC-V55,900.0,37.5,0.48,37.9,0.499,Moderate,13318.2,Medium,0.29,Medium,34.245479452054795,46.55,2
SEC-V56,900.0,37.4,0.3,14.8,0.599,Moderate,18569.2,High,0.26,High,35.13958904109589,47.77,5
SEC-V57,900.0,37.4,0.28,12.9,0.65,Moderate,20672.7,High,0.23,High,35.59479452054794,48.39,6
SEC-V58,900.0,37.5,0.28,12.9,0.663,High,20672.7,High,0.2,High,35.71109589041096,48.54,6
SEC-V59,900.0,38.0,0.39,25.0,0.67,High,20672.7,High,0.17,High,35.773698630136984,48.63,6
SEC-V60,900.0,38.4,0.33,17.9,0.73,High,24135.8,High,0.15,High,36.310136986301366,49.36,8
SEC-V61,900.0,38.8,0.25,10.3,0.629,Moderate,16889.0,High,0.12,High,35.407260273972604,48.13,6
SEC-V62,900.0,39.0,0.23,8.7,0.637,Moderate,16889.0,High,0.1,High,35.47876712328767,48.23,6
SEC-V63,900.0,38.5,0.32,16.8,0.595,Moderate,13553.3,High,0.07,High,35.10315068493151,47.72,5
SEC-V64,900.0,38.4,0.41,27.6,0.493,Moderate,6305.3,Medium,0.05,High,34.192328767123286,46.48,2
SEC-V65,900.0,38.1,0.57,53.4,0.498,Moderate,6305.3,Medium,0.04,Low,34.236438356164385,46.54,2
SEC-V66,900.0,37.7,0.53,46.2,0.499,Moderate,6305.3,Medium,0.04,Low,34.245479452054795,46.55,2
SEC-V67,900.0,37.4,0.54,47.9,0.422,Moderate,1487.5,Low,0.05,Low,33.55739726027397,45.62,0
SEC-V68,900.0,37.3,0.58,55.3,0.462,Moderate,4715.4,Medium,0.06,Low,33.915205479452055,46.1,2
SEC-V69,900.0,37.3,0.44,31.8,0.452,Moderate,4715.4,Medium,0.08,Medium,33.82547945205479,45.98,0
SEC-V70,900.0,37.3,0.44,31.8,0.443,Moderate,4715.4,Medium,0.11,Medium,33.74520547945205,45.87,0
SEC-W01,900.0,38.2,0.65,69.4,0.233,Low,16.7,Low,1.13,Low,31.86835616438356,43.32,0
SEC-W02,900.0,38.2,0.49,39.5,0.237,Low,16.7,Low,1.1,Medium,31.904383561643836,43.37,0
SEC-W03,900.0,38.2,0.34,19.0,0.243,Low,16.8,Low,1.07,High,31.95808219178082,43.44,0
SEC-W04,900.0,38.1,0.47,36.3,0.248,Low,2.8,Low,1.04,Medium,32.00287671232877,43.5,0
SEC-W05,900.0,37.8,0.62,63.2,0.254,Low,2.8,Low,1.02,Low,32.056164383561644,43.58,0
SEC-W06,900.0,37.7,0.63,65.2,0.26,Low,2.8,Low,0.99,Low,32.10986301369863,43.65,0
SEC-W07,900.0,37.7,0.44,31.8,0.276,Low,654.5,Low,0.96,Medium,32.25287671232877,43.84,0
SEC-W08,900.0,37.6,0.32,16.8,0.283,Low,654.5,Low,0.93,High,32.31575342465754,43.93,0
SEC-W09,900.0,37.6,0.31,15.8,0.29,Low,654.5,Low,0.91,High,32.377945205479456,44.01,0
SEC-W10,900.0,37.9,0.29,13.8,0.298,Low,654.5,Low,0.88,High,32.44958904109589,44.11,0
SEC-W11,900.0,38.0,0.25,10.3,0.546,Moderate,16591.9,High,0.85,High,34.66561643835617,47.12,4
SEC-W12,900.0,38.2,0.29,13.8,0.553,Moderate,16591.9,High,0.82,High,34.72904109589041,47.21,4
SEC-W13,900.0,38.5,0.34,19.0,0.559,Moderate,16591.9,High,0.8,High,34.781643835616435,47.28,4
SEC-W14,900.0,38.9,0.31,15.8,0.505,Moderate,12584.1,Medium,0.77,High,34.29945205479452,46.62,2
SEC-W15,900.0,39.1,0.27,12.0,0.51,Moderate,12584.1,Medium,0.74,High,34.343835616438355,46.68,3
SEC-W16,900.0,39.3,0.25,10.3,0.513,Moderate,12584.1,Medium,0.72,High,34.37068493150685,46.72,3
SEC-W17,900.0,39.4,0.28,12.9,0.514,Moderate,12584.1,Medium,0.69,High,34.37945205479452,46.73,3
SEC-W18,900.0,39.2,0.41,27.6,0.626,Moderate,20063.1,High,0.67,High,35.380547945205485,48.09,6
SEC-W19,900.0,38.8,0.36,21.3,0.623,Moderate,20063.1,High,0.64,High,35.35397260273973,48.06,6
SEC-W20,900.0,38.5,0.24,9.5,0.617,Moderate,20063.1,High,0.62,High,35.299863013698626,47.98,5
SEC-W21,900.0,37.8,0.29,13.8,0.61,Moderate,20063.1,High,0.59,High,35.2372602739726,47.9,5
SEC-W22,900.0,37.6,0.32,16.8,0.542,Moderate,15422.9,High,0.57,High,34.63,47.07,4
SEC-W23,900.0,37.4,0.33,17.9,0.543,Moderate,15422.9,High,0.55,High,34.63849315068493,47.09,4
SEC-W24,900.0,37.6,0.35,20.1,0.541,Moderate,15422.9,High,0.52,High,34.6213698630137,47.06,4
SEC-W25,900.0,37.8,0.26,11.1,0.487,Moderate,12085.0,Medium,0.5,High,34.13835616438356,46.41,2
SEC-W26,900.0,37.7,0.31,15.8,0.479,Moderate,12085.0,Medium,0.48,High,34.06698630136986,46.31,2
SEC-W27,900.0,37.5,0.25,10.3,0.47,Moderate,12085.0,Medium,0.46,High,33.986712328767126,46.2,2
SEC-W28,900.0,37.3,0.21,7.2,0.458,Moderate,12085.0,Medium,0.44,High,33.87931506849315,46.05,2
SEC-W29,900.0,37.1,0.29,13.8,0.394,Moderate,8782.9,Medium,0.42,Medium,33.30712328767123,45.28,0
SEC-W30,900.0,37.0,0.45,33.3,0.392,Moderate,8782.9,Medium,0.41,Low,33.28945205479452,45.25,0
SEC-W31,900.0,37.0,0.4,26.3,0.389,Moderate,8782.9,Medium,0.39,Medium,33.262191780821915,45.22,0
SEC-W32,900.0,37.0,0.4,26.3,0.542,Moderate,19077.0,High,0.38,Medium,34.63,47.07,4
SEC-W33,900.0,37.0,0.28,12.9,0.537,Moderate,19077.0,High,0.37,Medium,34.585068493150686,47.01,4
SEC-W34,900.0,36.9,0.23,8.7,0.53,Moderate,19077.0,High,0.36,Medium,34.52315068493151,46.93,4
SEC-W35,900.0,36.9,0.22,8.0,0.521,Moderate,19077.0,High,0.35,Medium,34.4413698630137,46.82,4
SEC-W36,900.0,36.8,0.23,8.7,0.378,Moderate,10342.7,Medium,0.34,Medium,33.163972602739726,45.08,0
SEC-W37,900.0,36.8,0.25,10.3,0.365,Moderate,10342.7,Medium,0.34,Medium,33.04835616438356,44.92,0
SEC-W38,900.0,36.5,0.42,29.0,0.349,Moderate,10342.7,Medium,0.34,Low,32.90506849315069,44.73,0
SEC-W39,900.0,36.5,0.44,31.8,0.339,Moderate,10342.7,Medium,0.34,Low,32.81602739726028,44.61,0
SEC-W40,900.0,36.5,0.38,23.7,0.387,Moderate,13588.1,High,0.35,Low,33.245479452054795,45.19,0
SEC-W41,900.0,36.5,0.3,14.8,0.384,Moderate,13588.1,High,0.35,Low,33.21753424657535,45.15,0
SEC-W42,900.0,36.5,0.31,15.8,0.381,Moderate,13588.1,High,0.36,Low,33.19095890410959,45.12,0
SEC-W43,900.0,36.4,0.32,16.8,0.42,Moderate,16384.6,High,0.37,Low,33.53931506849315,45.59,0
SEC-W44,900.0,36.5,0.31,15.8,0.415,Moderate,16384.6,High,0.39,Low,33.495342465753424,45.53,0
SEC-W45,900.0,36.7,0.39,25.0,0.411,Moderate,16384.6,High,0.4,Low,33.45986301369863,45.48,0
SEC-W46,900.0,36.7,0.42,29.0,0.406,Moderate,16384.6,High,0.42,Low,33.41465753424657,45.42,0
SEC-W47,900.0,36.8,0.27,12.0,0.453,Moderate,19237.4,High,0.43,Medium,33.8345205479452,45.99,0
SEC-W48,900.0,36.7,0.29,13.8,0.462,Moderate,19237.4,High,0.45,Medium,33.915205479452055,46.1,2
SEC-W49,900.0,36.8,0.3,14.8,0.471,Moderate,19237.4,High,0.47,Medium,33.995616438356166,46.21,2
SEC-W50,900.0,36.9,0.29,13.8,0.439,Moderate,15735.0,High,0.44,Medium,33.70945205479452,45.82,0
SEC-W51,900.0,36.9,0.29,13.8,0.458,Moderate,15735.0,High,0.41,Medium,33.87931506849315,46.05,2
SEC-W52,900.0,37.4,0.3,14.8,0.477,Moderate,15735.0,High,0.38,High,34.048904109589046,46.28,2
SEC-W53,900.0,37.5,0.4,26.3,0.496,Moderate,15735.0,High,0.35,Medium,34.21849315068493,46.51,2
SEC-W54,900.0,37.6,0.47,36.3,0.558,Moderate,18569.2,High,0.33,Medium,34.77219178082191,47.27,4
SEC-W55,900.0,37.5,0.47,36.3,0.578,Moderate,18569.2,High,0.3,Medium,34.95164383561644,47.51,4
SEC-W56,900.0,37.4,0.42,29.0,0.597,Moderate,18569.2,High,0.27,Medium,35.12150684931507,47.74,5
SEC-W57,900.0,37.4,0.29,13.8,0.616,Moderate,18569.2,High,0.24,High,35.290821917808216,47.97,5
SEC-W58,900.0,37.5,0.27,12.0,0.713,High,24135.8,High,0.21,High,36.15767123287671,49.15,8
SEC-W59,900.0,38.1,0.39,25.0,0.721,High,24135.8,High,0.19,High,36.22972602739726,49.25,8
SEC-W60,900.0,38.5,0.4,26.3,0.728,High,24135.8,High,0.16,High,36.29205479452055,49.33,8
SEC-W61,900.0,38.9,0.27,12.0,0.576,Moderate,13553.3,High,0.14,High,34.93383561643836,47.49,4
SEC-W62,900.0,39.1,0.24,9.5,0.583,Moderate,13553.3,High,0.11,High,34.99602739726028,47.57,4
SEC-W63,900.0,38.8,0.3,14.8,0.59,Moderate,13553.3,High,0.1,High,35.05904109589041,47.66,5
SEC-W64,900.0,38.6,0.39,25.0,0.596,Moderate,13553.3,High,0.08,High,35.11219178082192,47.73,5
SEC-W65,900.0,38.5,0.55,49.7,0.417,Moderate,1487.5,Low,0.07,Medium,33.51315068493151,45.56,0
SEC-W66,900.0,38.0,0.52,44.4,0.418,Moderate,1487.5,Low,0.07,Medium,33.52191780821918,45.57,0
SEC-W67,900.0,37.7,0.62,63.2,0.415,Moderate,1487.5,Low,0.07,Low,33.495342465753424,45.53,0
SEC-W68,900.0,37.5,0.52,44.4,0.408,Moderate,1487.5,Low,0.09,Low,33.43164383561644,45.45,0
SEC-W69,900.0,37.5,0.4,26.3,0.449,Moderate,4715.4,Medium,0.1,Medium,33.798630136986304,45.94,0
SEC-W70,900.0,37.5,0.4,26.3,0.441,Moderate,4715.4,Medium,0.13,Medium,33.727260273972604,45.85,0
SEC-X01,900.0,38.5,0.64,67.3,0.23,Low,16.7,Low,1.12,Low,31.84191780821918,43.28,0
SEC-X02,900.0,38.5,0.49,39.5,0.235,Low,16.7,Low,1.09,Medium,31.886164383561646,43.34,0
SEC-X03,900.0,38.5,0.39,25.0,0.239,Low,2.8,Low,1.06,High,31.92219178082192,43.39,0
SEC-X04,900.0,38.4,0.47,36.3,0.244,Low,2.8,Low,1.03,Medium,31.967534246575344,43.45,0
SEC-X05,900.0,38.1,0.55,49.7,0.249,Low,2.8,Low,1.01,Low,32.01150684931507,43.51,0
SEC-X06,900.0,38.0,0.6,59.2,0.255,Low,2.8,Low,0.98,Low,32.065342465753425,43.59,0
SEC-X07,900.0,37.7,0.44,31.8,0.271,Low,654.5,Low,0.95,Medium,32.20794520547945,43.78,0
SEC-X08,900.0,37.7,0.4,26.3,0.277,Low,654.5,Low,0.92,Medium,32.26164383561644,43.85,0
SEC-X09,900.0,37.7,0.4,26.3,0.283,Low,654.5,Low,0.89,Medium,32.31575342465754,43.93,0
SEC-X10,900.0,38.0,0.34,19.0,0.289,Low,654.5,Low,0.87,High,32.36917808219178,44.0,0
SEC-X11,900.0,38.1,0.27,12.0,0.536,Moderate,16591.9,High,0.84,High,34.57616438356164,47.0,4
SEC-X12,900.0,38.3,0.29,13.8,0.542,Moderate,16591.9,High,0.81,High,34.63,47.07,4
SEC-X13,900.0,38.5,0.31,15.8,0.547,Moderate,16591.9,High,0.78,High,34.6745205479452,47.13,4
SEC-X14,900.0,38.9,0.36,21.3,0.492,Moderate,12584.1,Medium,0.76,High,34.18301369863014,46.47,2
SEC-X15,900.0,39.2,0.37,22.5,0.495,Moderate,12584.1,Medium,0.73,High,34.20972602739726,46.5,2
SEC-X16,900.0,39.3,0.29,13.8,0.497,Moderate,12584.1,Medium,0.7,High,34.22698630136986,46.53,2
SEC-X17,900.0,39.3,0.29,13.8,0.498,Moderate,12584.1,Medium,0.68,High,34.236438356164385,46.54,2
SEC-X18,900.0,38.8,0.34,19.0,0.61,Moderate,20063.1,High,0.65,High,35.2372602739726,47.9,5
SEC-X19,900.0,38.5,0.37,22.5,0.611,Moderate,20063.1,High,0.62,High,35.24616438356164,47.91,5
SEC-X20,900.0,38.4,0.39,25.0,0.618,Moderate,20063.1,High,0.6,High,35.308904109589044,48.0,5
SEC-X21,900.0,37.7,0.38,23.7,0.624,Moderate,20063.1,High,0.57,High,35.36315068493151,48.07,6
SEC-X22,900.0,37.5,0.34,19.0,0.558,Moderate,15422.9,High,0.55,High,34.77219178082191,47.27,4
SEC-X23,900.0,37.4,0.31,15.8,0.559,Moderate,15422.9,High,0.53,High,34.781643835616435,47.28,4
SEC-X24,900.0,37.5,0.35,20.1,0.558,Moderate,15422.9,High,0.5,High,34.77219178082191,47.27,4
SEC-X25,900.0,37.6,0.37,22.5,0.503,Moderate,12085.0,Medium,0.48,High,34.28123287671233,46.6,2
SEC-X26,900.0,37.6,0.32,16.8,0.496,Moderate,12085.0,Medium,0.46,High,34.21849315068493,46.51,2
SEC-X27,900.0,37.5,0.27,12.0,0.485,Moderate,12085.0,Medium,0.44,High,34.12013698630137,46.38,2
SEC-X28,900.0,37.3,0.28,12.9,0.471,Moderate,12085.0,Medium,0.42,High,33.995616438356166,46.21,2
SEC-X29,900.0,37.2,0.34,19.0,0.405,Moderate,8782.9,Medium,0.4,Medium,33.405890410958904,45.41,0
SEC-X30,900.0,37.1,0.38,23.7,0.397,Moderate,8782.9,Medium,0.38,Medium,33.33438356164383,45.31,0
SEC-X31,900.0,37.0,0.44,31.8,0.394,Moderate,8782.9,Medium,0.37,Low,33.30712328767123,45.28,0
SEC-X32,900.0,37.0,0.4,26.3,0.545,Moderate,19077.0,High,0.35,Medium,34.65630136986301,47.11,4
SEC-X33,900.0,37.0,0.27,12.0,0.541,Moderate,19077.0,High,0.34,Medium,34.6213698630137,47.06,4
SEC-X34,900.0,37.0,0.27,12.0,0.536,Moderate,19077.0,High,0.33,Medium,34.57616438356164,47.0,4
SEC-X35,900.0,36.9,0.26,11.1,0.528,Moderate,19077.0,High,0.32,Medium,34.50493150684932,46.9,4
SEC-X36,900.0,36.9,0.25,10.3,0.385,Moderate,10342.7,Medium,0.32,Medium,33.227397260273975,45.17,0
SEC-X37,900.0,36.8,0.29,13.8,0.371,Moderate,10342.7,Medium,0.31,Medium,33.10191780821918,45.0,0
SEC-X38,900.0,36.7,0.39,25.0,0.355,Moderate,10342.7,Medium,0.31,Low,32.95890410958904,44.8,0
SEC-X39,900.0,36.7,0.37,22.5,0.35,Moderate,10342.7,Medium,0.31,Low,32.9141095890411,44.74,0
SEC-X40,900.0,36.7,0.34,19.0,0.398,Moderate,13588.1,High,0.32,Medium,33.34301369863014,45.32,0
SEC-X41,900.0,36.6,0.4,26.3,0.395,Moderate,13588.1,High,0.32,Low,33.31616438356164,45.29,0
SEC-X42,900.0,36.5,0.45,33.3,0.391,Moderate,13588.1,High,0.33,Low,33.280410958904106,45.24,0
SEC-X43,900.0,36.3,0.4,26.3,0.429,Moderate,16384.6,High,0.35,Low,33.619726027397256,45.7,0
SEC-X44,900.0,36.4,0.26,11.1,0.425,Moderate,16384.6,High,0.36,Low,33.5845205479452,45.65,0
SEC-X45,900.0,36.6,0.35,20.1,0.419,Moderate,16384.6,High,0.37,Low,33.530684931506855,45.58,0
SEC-X46,900.0,36.7,0.5,41.1,0.416,Moderate,16384.6,High,0.39,Low,33.504383561643834,45.54,0
SEC-X47,900.0,36.8,0.28,12.9,0.467,Moderate,19237.4,High,0.41,Medium,33.95904109589041,46.16,2
SEC-X48,900.0,36.8,0.26,11.1,0.475,Moderate,19237.4,High,0.43,Medium,34.0313698630137,46.26,2
SEC-X49,900.0,36.9,0.32,16.8,0.482,Moderate,19237.4,High,0.45,Medium,34.093972602739726,46.34,2
SEC-X50,900.0,37.0,0.3,14.8,0.438,Moderate,15735.0,High,0.45,Medium,33.70027397260274,45.81,0
SEC-X51,900.0,37.0,0.28,12.9,0.456,Moderate,15735.0,High,0.42,Medium,33.861780821917804,46.03,2
SEC-X52,900.0,37.5,0.32,16.8,0.475,Moderate,15735.0,High,0.39,High,34.0313698630137,46.26,2
SEC-X53,900.0,37.5,0.38,23.7,0.494,Moderate,15735.0,High,0.36,Medium,34.20123287671233,46.49,2
SEC-X54,900.0,37.5,0.43,30.4,0.555,Moderate,18569.2,High,0.34,Medium,34.74616438356164,47.23,4
SEC-X55,900.0,37.5,0.38,23.7,0.574,Moderate,18569.2,High,0.31,Medium,34.91616438356164,47.46,4
SEC-X56,900.0,37.4,0.38,23.7,0.592,Moderate,18569.2,High,0.28,Medium,35.076986301369864,47.68,5
SEC-X57,900.0,37.4,0.37,22.5,0.611,Moderate,18569.2,High,0.25,Medium,35.24616438356164,47.91,5
SEC-X58,900.0,37.5,0.3,14.8,0.711,High,24135.8,High,0.23,High,36.13945205479452,49.13,8
SEC-X59,900.0,38.1,0.3,14.8,0.718,High,24135.8,High,0.2,High,36.202602739726025,49.21,8
SEC-X60,900.0,38.5,0.41,27.6,0.724,High,24135.8,High,0.18,High,36.256027397260276,49.28,8
SEC-X61,900.0,38.9,0.37,22.5,0.572,Moderate,13553.3,High,0.16,High,34.89780821917808,47.44,4
SEC-X62,900.0,39.1,0.42,29.0,0.578,Moderate,13553.3,High,0.14,High,34.95164383561644,47.51,4
SEC-X63,900.0,38.7,0.37,22.5,0.584,Moderate,13553.3,High,0.12,High,35.00520547945206,47.58,4
SEC-X64,900.0,38.7,0.4,26.3,0.588,Moderate,13553.3,High,0.11,High,35.040821917808216,47.63,4
SEC-X65,900.0,38.5,0.5,41.1,0.409,Moderate,1487.5,Low,0.1,Medium,33.44150684931507,45.46,0
SEC-X66,900.0,38.1,0.44,31.8,0.409,Moderate,1487.5,Low,0.1,Medium,33.44150684931507,45.46,0
SEC-X67,900.0,37.8,0.53,46.2,0.407,Moderate,1487.5,Low,0.1,Low,33.422876712328765,45.43,0
SEC-X68,900.0,37.6,0.56,51.5,0.402,Moderate,1487.5,Low,0.11,Low,33.37849315068493,45.37,0
SEC-X69,900.0,37.5,0.54,47.9,0.396,Moderate,1487.5,Low,0.13,Low,33.32534246575342,45.3,0
SEC-X70,900.0,37.5,0.54,47.9,0.437,Moderate,4715.4,Medium,0.15,Low,33.69150684931507,45.8,0
SEC-Y01,900.0,38.8,0.58,55.3,0.228,Low,16.7,Low,1.11,Medium,31.823561643835614,43.26,0
SEC-Y02,900.0,38.9,0.54,47.9,0.232,Low,16.7,Low,1.08,Medium,31.859452054794517,43.31,0
SEC-Y03,900.0,38.8,0.42,29.0,0.236,Low,2.8,Low,1.05,High,31.895342465753426,43.36,0
SEC-Y04,900.0,38.8,0.49,39.5,0.24,Low,2.8,Low,1.02,High,31.931095890410955,43.41,0
SEC-Y05,900.0,38.4,0.5,41.1,0.245,Low,2.8,Low,1.0,Medium,31.976438356164387,43.47,0
SEC-Y06,900.0,38.0,0.6,59.2,0.25,Low,2.8,Low,0.97,Low,32.02041095890411,43.53,0
SEC-Y07,900.0,37.9,0.51,42.8,0.265,Low,654.5,Low,0.94,Medium,32.154931506849316,43.71,0
SEC-Y08,900.0,37.9,0.4,26.3,0.271,Low,654.5,Low,0.91,High,32.20794520547945,43.78,0
SEC-Y09,900.0,37.9,0.36,21.3,0.276,Low,654.5,Low,0.88,High,32.25287671232877,43.84,0
SEC-Y10,900.0,38.1,0.28,12.9,0.281,Low,654.5,Low,0.85,High,32.297397260273975,43.9,0
SEC-Y11,900.0,38.3,0.25,10.3,0.527,Moderate,16591.9,High,0.83,High,34.49602739726028,46.89,4
SEC-Y12,900.0,38.4,0.25,10.3,0.532,Moderate,16591.9,High,0.8,High,34.54013698630137,46.95,4
SEC-Y13,900.0,38.5,0.28,12.9,0.536,Moderate,16591.9,High,0.77,High,34.57616438356164,47.0,4
SEC-Y14,900.0,38.7,0.39,25.0,0.479,Moderate,12584.1,Medium,0.74,High,34.06698630136986,46.31,2
SEC-Y15,900.0,38.8,0.5,41.1,0.482,Moderate,12584.1,Medium,0.72,Medium,34.093972602739726,46.34,2
SEC-Y16,900.0,38.7,0.46,34.8,0.483,Moderate,12584.1,Medium,0.69,High,34.10328767123288,46.36,2
SEC-Y17,900.0,38.4,0.34,19.0,0.491,Moderate,12584.1,Medium,0.66,High,34.173972602739724,46.45,2
SEC-Y18,900.0,38.3,0.31,15.8,0.613,Moderate,20063.1,High,0.64,High,35.2645205479452,47.94,5
SEC-Y19,900.0,38.2,0.35,20.1,0.622,Moderate,20063.1,High,0.61,High,35.34452054794521,48.05,6
SEC-Y20,900.0,38.2,0.32,16.8,0.631,Moderate,20063.1,High,0.58,High,35.425616438356165,48.15,6
SEC-Y21,900.0,37.5,0.31,15.8,0.639,Moderate,20063.1,High,0.56,High,35.49630136986301,48.25,6
SEC-Y22,900.0,37.4,0.32,16.8,0.575,Moderate,15422.9,High,0.53,High,34.92520547945205,47.47,4
SEC-Y23,900.0,37.3,0.33,17.9,0.578,Moderate,15422.9,High,0.51,Medium,34.95164383561644,47.51,4
SEC-Y24,900.0,37.4,0.4,26.3,0.578,Moderate,15422.9,High,0.48,Medium,34.95164383561644,47.51,4
SEC-Y25,900.0,37.4,0.39,25.0,0.523,Moderate,12085.0,Medium,0.46,Medium,34.45986301369863,46.84,4
SEC-Y26,900.0,37.5,0.33,17.9,0.514,Moderate,12085.0,Medium,0.44,High,34.37945205479452,46.73,3
SEC-Y27,900.0,37.4,0.31,15.8,0.501,Moderate,12085.0,Medium,0.42,High,34.263424657534244,46.58,2
SEC-Y28,900.0,37.2,0.29,13.8,0.485,Moderate,12085.0,Medium,0.4,High,34.12013698630137,46.38,2
SEC-Y29,900.0,37.2,0.34,19.0,0.417,Moderate,8782.9,Medium,0.38,Medium,33.51315068493151,45.56,0
SEC-Y30,900.0,37.2,0.32,16.8,0.402,Moderate,8782.9,Medium,0.36,Medium,33.37849315068493,45.37,0
SEC-Y31,900.0,37.2,0.39,25.0,0.399,Moderate,8782.9,Medium,0.34,Medium,33.35205479452055,45.34,0
SEC-Y32,900.0,37.1,0.29,13.8,0.551,Moderate,19077.0,High,0.32,Medium,34.71082191780822,47.18,4
SEC-Y33,900.0,37.1,0.32,16.8,0.545,Moderate,19077.0,High,0.31,Medium,34.65630136986301,47.11,4
SEC-Y34,900.0,37.0,0.42,29.0,0.539,Moderate,19077.0,High,0.3,Low,34.60287671232877,47.04,4
SEC-Y35,900.0,37.0,0.39,25.0,0.532,Moderate,19077.0,High,0.29,Medium,34.54013698630137,46.95,4
SEC-Y36,900.0,36.9,0.34,19.0,0.392,Moderate,10342.7,Medium,0.29,Medium,33.28945205479452,45.25,0
SEC-Y37,900.0,36.9,0.43,30.4,0.378,Moderate,10342.7,Medium,0.28,Low,33.163972602739726,45.08,0
SEC-Y38,900.0,36.7,0.3,14.8,0.363,Moderate,10342.7,Medium,0.28,Medium,33.030410958904106,44.9,0
SEC-Y39,900.0,36.9,0.26,11.1,0.362,Moderate,10342.7,Medium,0.28,Medium,33.021506849315074,44.89,0
SEC-Y40,900.0,36.9,0.29,13.8,0.409,Moderate,13588.1,High,0.29,Medium,33.44150684931507,45.46,0
SEC-Y41,900.0,36.7,0.35,20.1,0.406,Moderate,13588.1,High,0.3,Medium,33.41465753424657,45.42,0
SEC-Y42,900.0,36.5,0.3,14.8,0.402,Moderate,13588.1,High,0.31,Low,33.37849315068493,45.37,0
SEC-Y43,900.0,36.4,0.26,11.1,0.44,Moderate,16384.6,High,0.32,Low,33.71821917808219,45.83,0
SEC-Y44,900.0,36.5,0.2,6.6,0.434,Moderate,16384.6,High,0.33,Medium,33.665342465753426,45.76,0
SEC-Y45,900.0,36.6,0.29,13.8,0.428,Moderate,16384.6,High,0.35,Medium,33.61109589041096,45.69,0
SEC-Y46,900.0,36.7,0.44,31.8,0.422,Moderate,16384.6,High,0.37,Low,33.55739726027397,45.62,0
SEC-Y47,900.0,36.8,0.33,17.9,0.469,Moderate,19237.4,High,0.39,Medium,33.97767123287671,46.19,2
SEC-Y48,900.0,36.9,0.28,12.9,0.474,Moderate,19237.4,High,0.41,Medium,34.02205479452055,46.25,2
SEC-Y49,900.0,37.0,0.29,13.8,0.477,Moderate,19237.4,High,0.43,Medium,34.048904109589046,46.28,2
SEC-Y50,900.0,37.0,0.33,17.9,0.369,Moderate,11737.6,Medium,0.45,Medium,33.08383561643836,44.97,0
SEC-Y51,900.0,37.1,0.32,16.8,0.446,Moderate,15735.0,High,0.43,Medium,33.77205479452055,45.91,0
SEC-Y52,900.0,37.4,0.38,23.7,0.466,Moderate,15735.0,High,0.4,Medium,33.95054794520548,46.15,2
SEC-Y53,900.0,37.4,0.4,26.3,0.485,Moderate,15735.0,High,0.38,Medium,34.12013698630137,46.38,2
SEC-Y54,900.0,37.3,0.42,29.0,0.547,Moderate,18569.2,High,0.35,Medium,34.6745205479452,47.13,4
SEC-Y55,900.0,37.3,0.38,23.7,0.566,Moderate,18569.2,High,0.32,Medium,34.84438356164383,47.37,4
SEC-Y56,900.0,37.2,0.31,15.8,0.584,Moderate,18569.2,High,0.29,Medium,35.00520547945206,47.58,4
SEC-Y57,900.0,37.3,0.29,13.8,0.572,Moderate,16568.2,High,0.27,High,34.89780821917808,47.44,4
SEC-Y58,900.0,37.5,0.29,13.8,0.703,High,24135.8,High,0.25,High,36.06808219178082,49.03,8
SEC-Y59,900.0,38.0,0.32,16.8,0.714,High,24135.8,High,0.22,High,36.16712328767123,49.16,8
SEC-Y60,900.0,38.3,0.34,19.0,0.72,High,24135.8,High,0.2,High,36.22041095890411,49.24,8
SEC-Y61,900.0,38.7,0.4,26.3,0.566,Moderate,13553.3,High,0.18,High,34.84438356164383,47.37,4
SEC-Y62,900.0,38.9,0.46,34.8,0.572,Moderate,13553.3,High,0.16,High,34.89780821917808,47.44,4
SEC-Y63,900.0,38.5,0.43,30.4,0.577,Moderate,13553.3,High,0.15,High,34.9427397260274,47.5,4
SEC-Y64,900.0,38.5,0.42,29.0,0.394,Moderate,1177.7,Low,0.14,High,33.30712328767123,45.28,0
SEC-Y65,900.0,38.4,0.33,17.9,0.4,Moderate,1487.5,Low,0.13,High,33.36027397260274,45.35,0
SEC-Y66,900.0,38.1,0.3,14.8,0.401,Moderate,1487.5,Low,0.13,High,33.36931506849315,45.36,0
SEC-Y67,900.0,37.8,0.36,21.3,0.399,Moderate,1487.5,Low,0.13,High,33.35205479452055,45.34,0
SEC-Y68,900.0,37.6,0.38,23.7,0.384,Moderate,760.8,Low,0.14,Medium,33.21753424657535,45.15,0
SEC-Y69,900.0,37.5,0.43,30.4,0.379,Moderate,760.8,Low,0.15,Medium,33.17328767123288,45.09,0
SEC-Y70,900.0,37.5,0.43,30.4,0.373,Moderate,760.8,Low,0.17,Medium,33.11972602739726,45.02,0
SEC-Z01,900.0,39.0,0.5,41.1,0.225,Low,32.5,Low,1.1,High,31.79698630136986,43.22,0
SEC-Z02,900.0,39.1,0.56,51.5,0.229,Low,32.5,Low,1.07,Medium,31.8327397260274,43.27,0
SEC-Z03,900.0,39.1,0.44,31.8,0.233,Low,32.5,Low,1.05,High,31.86835616438356,43.32,0
SEC-Z04,900.0,39.0,0.49,39.5,0.237,Low,2.8,Low,1.02,High,31.904383561643836,43.37,0
SEC-Z05,900.0,38.4,0.5,41.1,0.242,Low,83.9,Low,0.99,Medium,31.94917808219178,43.43,0
SEC-Z06,900.0,38.3,0.56,51.5,0.247,Low,83.9,Low,0.96,Low,31.993835616438357,43.49,0
SEC-Z07,900.0,38.2,0.5,41.1,0.251,Low,83.9,Low,0.93,Medium,32.029041095890406,43.54,0
SEC-Z08,900.0,38.2,0.35,20.1,0.55,Moderate,19569.7,High,0.9,High,34.701369863013696,47.17,4
SEC-Z09,900.0,38.2,0.31,15.8,0.555,Moderate,19569.7,High,0.87,High,34.74616438356164,47.23,4
SEC-Z10,900.0,38.3,0.27,12.0,0.559,Moderate,19569.7,High,0.84,High,34.781643835616435,47.28,4
SEC-Z11,900.0,38.4,0.24,9.5,0.563,Moderate,19569.7,High,0.82,High,34.81767123287671,47.33,4
SEC-Z12,900.0,38.6,0.24,9.5,0.518,Moderate,16317.5,High,0.79,High,34.41589041095891,46.78,4
SEC-Z13,900.0,38.7,0.33,17.9,0.522,Moderate,16317.5,High,0.76,High,34.45095890410959,46.83,4
SEC-Z14,900.0,38.6,0.41,27.6,0.526,Moderate,16317.5,High,0.73,High,34.48739726027397,46.88,4
SEC-Z15,900.0,38.4,0.44,31.8,0.545,Moderate,16972.9,High,0.7,High,34.65630136986301,47.11,4
SEC-Z16,900.0,38.1,0.41,27.6,0.555,Moderate,16972.9,High,0.68,High,34.74616438356164,47.23,4
SEC-Z17,900.0,38.0,0.41,27.6,0.565,Moderate,16972.9,High,0.65,High,34.835068493150686,47.35,4
SEC-Z18,900.0,38.0,0.32,16.8,0.576,Moderate,16972.9,High,0.62,High,34.93383561643836,47.49,4
SEC-Z19,900.0,38.0,0.29,13.8,0.513,Moderate,12080.9,Medium,0.6,High,34.37068493150685,46.72,3
SEC-Z20,900.0,37.9,0.28,12.9,0.524,Moderate,12080.9,Medium,0.57,High,34.469315068493145,46.86,4
SEC-Z21,900.0,37.3,0.23,8.7,0.534,Moderate,12080.9,Medium,0.54,High,34.5572602739726,46.98,4
SEC-Z22,900.0,37.2,0.3,14.8,0.542,Moderate,12080.9,Medium,0.52,Medium,34.63,47.07,4
SEC-Z23,900.0,37.1,0.3,14.8,0.703,High,22360.0,High,0.49,Medium,36.06808219178082,49.03,8
SEC-Z24,900.0,37.2,0.32,16.8,0.704,High,22360.0,High,0.47,Medium,36.0772602739726,49.04,8
SEC-Z25,900.0,37.2,0.34,19.0,0.7,High,22360.0,High,0.44,Medium,36.04150684931506,48.99,8
SEC-Z26,900.0,37.2,0.4,26.3,0.691,High,22450.9,High,0.42,Medium,35.961643835616435,48.88,8
SEC-Z27,900.0,37.2,0.31,15.8,0.676,High,22450.9,High,0.4,Medium,35.8272602739726,48.7,7
SEC-Z28,900.0,37.2,0.25,10.3,0.658,Moderate,22450.9,High,0.37,High,35.66684931506849,48.48,6
SEC-Z29,900.0,37.3,0.3,14.8,0.637,Moderate,22450.9,High,0.35,High,35.47876712328767,48.23,6
SEC-Z30,900.0,37.3,0.28,12.9,0.495,Moderate,14457.1,High,0.33,High,34.20972602739726,46.5,2
SEC-Z31,900.0,37.2,0.38,23.7,0.492,Moderate,14457.1,High,0.32,Medium,34.18301369863014,46.47,2
SEC-Z32,900.0,37.2,0.31,15.8,0.488,Moderate,14457.1,High,0.3,Medium,34.14712328767123,46.42,2
SEC-Z33,900.0,37.1,0.36,21.3,0.56,Moderate,19610.8,High,0.28,Medium,34.790821917808216,47.29,4
SEC-Z34,900.0,37.0,0.39,25.0,0.552,Moderate,19610.8,High,0.27,Medium,34.719863013698635,47.2,4
SEC-Z35,900.0,37.0,0.31,15.8,0.543,Moderate,19610.8,High,0.26,Medium,34.63849315068493,47.09,4
SEC-Z36,900.0,36.9,0.43,30.4,0.533,Moderate,19610.8,High,0.26,Low,34.54821917808219,46.96,4
SEC-Z37,900.0,37.3,0.55,49.7,0.465,Moderate,15688.1,High,0.25,Low,33.94191780821918,46.14,2
SEC-Z38,900.0,36.6,0.26,11.1,0.457,Moderate,15688.1,High,0.25,Medium,33.870273972602746,46.04,2
SEC-Z39,900.0,36.7,0.26,11.1,0.456,Moderate,15688.1,High,0.25,Medium,33.861780821917804,46.03,2
SEC-Z40,900.0,36.7,0.31,15.8,0.453,Moderate,15688.1,High,0.26,Medium,33.8345205479452,45.99,0
SEC-Z41,900.0,36.7,0.27,12.0,0.657,Moderate,29429.6,High,0.27,Medium,35.657260273972604,48.47,6
SEC-Z42,900.0,36.9,0.21,7.2,0.652,Moderate,29429.6,High,0.28,High,35.613013698630134,48.41,6
SEC-Z43,900.0,36.8,0.23,8.7,0.647,Moderate,29429.6,High,0.29,Medium,35.56835616438356,48.35,6
SEC-Z44,900.0,36.7,0.2,6.6,0.528,Moderate,21987.1,High,0.31,Medium,34.50493150684932,46.9,4
SEC-Z45,900.0,36.7,0.29,13.8,0.522,Moderate,21987.1,High,0.33,Medium,34.45095890410959,46.83,4
SEC-Z46,900.0,36.8,0.37,22.5,0.515,Moderate,21987.1,High,0.34,Medium,34.38849315068493,46.75,3
SEC-Z47,900.0,36.9,0.4,26.3,0.509,Moderate,21987.1,High,0.36,Low,34.33520547945205,46.67,3
SEC-Z48,900.0,37.0,0.4,26.3,0.355,Moderate,11737.6,Medium,0.39,Medium,32.95890410958904,44.8,0
SEC-Z49,900.0,37.0,0.42,29.0,0.362,Moderate,11737.6,Medium,0.41,Low,33.021506849315074,44.89,0
SEC-Z50,900.0,37.0,0.49,39.5,0.367,Moderate,11737.6,Medium,0.43,Low,33.0658904109589,44.95,0
SEC-Z51,900.0,37.0,0.36,21.3,0.493,Moderate,19424.4,High,0.44,Medium,34.192328767123286,46.48,2
SEC-Z52,900.0,36.9,0.36,21.3,0.514,Moderate,19424.4,High,0.41,Medium,34.37945205479452,46.73,3
SEC-Z53,900.0,36.8,0.4,26.3,0.534,Moderate,19424.4,High,0.39,Low,34.5572602739726,46.98,4
SEC-Z54,900.0,36.7,0.48,37.9,0.553,Moderate,19424.4,High,0.36,Low,34.72904109589041,47.21,4
SEC-Z55,900.0,36.7,0.46,34.8,0.528,Moderate,16568.2,High,0.34,Low,34.50493150684932,46.9,4
SEC-Z56,900.0,37.0,0.29,13.8,0.546,Moderate,16568.2,High,0.31,Medium,34.66561643835617,47.12,4
SEC-Z57,900.0,37.2,0.29,13.8,0.563,Moderate,16568.2,High,0.29,High,34.81767123287671,47.33,4
SEC-Z58,900.0,37.3,0.26,11.1,0.58,Moderate,16568.2,High,0.26,High,34.96931506849315,47.54,4
SEC-Z59,900.0,37.4,0.34,19.0,0.52,Moderate,11581.2,Medium,0.24,Medium,34.43246575342466,46.81,4
SEC-Z60,900.0,37.6,0.43,30.4,0.526,Moderate,11581.2,Medium,0.22,Medium,34.48739726027397,46.88,4
SEC-Z61,900.0,37.9,0.47,36.3,0.531,Moderate,11581.2,Medium,0.2,Medium,34.531643835616435,46.94,4
SEC-Z62,900.0,38.1,0.37,22.5,0.379,Moderate,1177.7,Low,0.19,High,33.17328767123288,45.09,0
SEC-Z63,900.0,38.0,0.31,15.8,0.383,Moderate,1177.7,Low,0.17,High,33.20876712328767,45.14,0
SEC-Z64,900.0,38.0,0.36,21.3,0.386,Moderate,1177.7,Low,0.16,High,33.23684931506849,45.18,0
SEC-Z65,900.0,37.9,0.23,8.7,0.387,Moderate,1177.7,Low,0.16,High,33.245479452054795,45.19,0
SEC-Z66,900.0,37.8,0.26,11.1,0.382,Moderate,760.8,Low,0.16,High,33.19986301369863,45.13,0
SEC-Z67,900.0,37.6,0.35,20.1,0.38,Moderate,760.8,Low,0.16,High,33.18191780821918,45.11,0
SEC-Z68,900.0,37.5,0.36,21.3,0.377,Moderate,760.8,Low,0.17,Medium,33.156027397260274,45.07,0
SEC-Z69,900.0,37.4,0.38,23.7,0.373,Moderate,760.8,Low,0.18,Medium,33.11972602739726,45.02,0
SEC-Z70,900.0,37.4,0.38,23.7,0.368,Moderate,760.8,Low,0.19,Medium,33.074657534246576,44.96,0
SEC-A101,900.0,39.1,0.37,22.5,0.223,Low,32.5,Low,1.1,High,31.779315068493148,43.2,0
SEC-A102,900.0,39.2,0.51,42.8,0.226,Low,32.5,Low,1.07,High,31.805890410958902,43.24,0
SEC-A103,900.0,39.2,0.4,26.3,0.23,Low,32.5,Low,1.04,High,31.84191780821918,43.28,0
SEC-A104,900.0,39.0,0.49,39.5,0.234,Low,83.9,Low,1.01,High,31.877260273972603,43.33,0
SEC-A105,900.0,38.8,0.4,26.3,0.238,Low,83.9,Low,0.98,High,31.91328767123288,43.38,0
SEC-A106,900.0,38.6,0.48,37.9,0.242,Low,83.9,Low,0.95,High,31.94917808219178,43.43,0
SEC-A107,900.0,38.5,0.46,34.8,0.246,Low,83.9,Low,0.92,High,31.984794520547943,43.48,0
SEC-A108,900.0,38.5,0.36,21.3,0.544,Moderate,19569.7,High,0.89,High,34.64780821917808,47.1,4
SEC-A109,900.0,38.4,0.32,16.8,0.548,Moderate,19569.7,High,0.86,High,34.68287671232876,47.15,4
SEC-A110,900.0,38.4,0.3,14.8,0.552,Moderate,19569.7,High,0.84,High,34.719863013698635,47.2,4
SEC-A111,900.0,38.6,0.28,12.9,0.555,Moderate,19569.7,High,0.81,High,34.74616438356164,47.23,4
SEC-A112,900.0,38.8,0.33,17.9,0.513,Moderate,16317.5,High,0.78,High,34.37068493150685,46.72,3
SEC-A113,900.0,38.9,0.42,29.0,0.521,Moderate,16317.5,High,0.75,High,34.4413698630137,46.82,4
SEC-A114,900.0,38.7,0.44,31.8,0.53,Moderate,16317.5,High,0.72,High,34.52315068493151,46.93,4
SEC-A115,900.0,38.4,0.38,23.7,0.55,Moderate,16972.9,High,0.69,High,34.701369863013696,47.17,4
SEC-A116,900.0,38.1,0.4,26.3,0.561,Moderate,16972.9,High,0.67,High,34.79972602739726,47.3,4
SEC-A117,900.0,38.0,0.41,27.6,0.573,Moderate,16972.9,High,0.64,High,34.90712328767123,47.45,4
SEC-A118,900.0,38.0,0.35,20.1,0.585,Moderate,16972.9,High,0.61,High,35.01424657534247,47.6,4
SEC-A119,900.0,38.0,0.32,16.8,0.524,Moderate,12080.9,Medium,0.58,High,34.469315068493145,46.86,4
SEC-A120,900.0,37.9,0.31,15.8,0.537,Moderate,12080.9,Medium,0.56,High,34.585068493150686,47.01,4
SEC-A121,900.0,37.0,0.3,14.8,0.55,Moderate,12080.9,Medium,0.53,Medium,34.701369863013696,47.17,4
SEC-A122,900.0,37.0,0.32,16.8,0.561,Moderate,12080.9,Medium,0.5,Medium,34.79972602739726,47.3,4
SEC-A123,900.0,36.9,0.32,16.8,0.725,High,22360.0,High,0.48,Medium,36.264794520547945,49.3,8
SEC-A124,900.0,37.0,0.3,14.8,0.728,High,22360.0,High,0.45,Medium,36.29205479452055,49.33,8
SEC-A125,900.0,37.0,0.31,15.8,0.724,High,22360.0,High,0.42,Medium,36.256027397260276,49.28,8
SEC-A126,900.0,37.0,0.37,22.5,0.714,High,22450.9,High,0.4,Medium,36.16712328767123,49.16,8
SEC-A127,900.0,37.0,0.28,12.9,0.696,High,22450.9,High,0.38,Medium,36.006027397260276,48.94,8
SEC-A128,900.0,37.3,0.26,11.1,0.675,High,22450.9,High,0.35,High,35.81876712328767,48.69,7
SEC-A129,900.0,37.4,0.29,13.8,0.651,Moderate,22450.9,High,0.33,High,35.60383561643835,48.4,6
SEC-A130,900.0,37.4,0.33,17.9,0.505,Moderate,14457.1,High,0.31,High,34.29945205479452,46.62,2
SEC-A131,900.0,37.4,0.35,20.1,0.501,Moderate,14457.1,High,0.29,Medium,34.263424657534244,46.58,2
SEC-A132,900.0,37.3,0.27,12.0,0.498,Moderate,14457.1,High,0.27,High,34.236438356164385,46.54,2
SEC-A133,900.0,37.1,0.28,12.9,0.57,Moderate,19610.8,High,0.26,Medium,34.87986301369863,47.41,4
SEC-A134,900.0,37.0,0.25,10.3,0.563,Moderate,19610.8,High,0.24,Medium,34.81767123287671,47.33,4
SEC-A135,900.0,37.4,0.29,13.8,0.553,Moderate,19610.8,High,0.23,High,34.72904109589041,47.21,4
SEC-A136,900.0,37.2,0.56,51.5,0.541,Moderate,19610.8,High,0.23,Low,34.6213698630137,47.06,4
SEC-A137,900.0,37.1,0.55,49.7,0.47,Moderate,15688.1,High,0.22,Low,33.986712328767126,46.2,2
SEC-A138,900.0,36.5,0.3,14.8,0.47,Moderate,15688.1,High,0.22,Low,33.986712328767126,46.2,2
SEC-A139,900.0,36.6,0.23,8.7,0.469,Moderate,15688.1,High,0.22,Medium,33.97767123287671,46.19,2
SEC-A140,900.0,36.7,0.24,9.5,0.466,Moderate,15688.1,High,0.23,Medium,33.95054794520548,46.15,2
SEC-A141,900.0,36.8,0.31,15.8,0.669,High,29429.6,High,0.24,Medium,35.764931506849315,48.62,6
SEC-A142,900.0,37.2,0.33,17.9,0.664,High,29429.6,High,0.25,Medium,35.71972602739726,48.56,6
SEC-A143,900.0,37.1,0.29,13.8,0.658,Moderate,29429.6,High,0.27,Medium,35.66684931506849,48.48,6
SEC-A144,900.0,37.0,0.22,8.0,0.538,Moderate,21987.1,High,0.28,High,34.593835616438355,47.03,4
SEC-A145,900.0,36.9,0.26,11.1,0.531,Moderate,21987.1,High,0.3,Medium,34.531643835616435,46.94,4
SEC-A146,900.0,37.0,0.28,12.9,0.523,Moderate,21987.1,High,0.32,Medium,34.45986301369863,46.84,4
SEC-A147,900.0,37.0,0.34,19.0,0.515,Moderate,21987.1,High,0.34,Medium,34.38849315068493,46.75,3
SEC-A148,900.0,37.1,0.43,30.4,0.353,Moderate,11737.6,Medium,0.37,Medium,32.94068493150685,44.78,0
SEC-A149,900.0,37.0,0.42,29.0,0.362,Moderate,11737.6,Medium,0.39,Low,33.021506849315074,44.89,0
SEC-A150,900.0,37.0,0.47,36.3,0.37,Moderate,11737.6,Medium,0.41,Low,33.09287671232877,44.98,0
SEC-A151,900.0,36.9,0.33,17.9,0.492,Moderate,19424.4,High,0.44,Medium,34.18301369863014,46.47,2
SEC-A152,900.0,36.8,0.3,14.8,0.508,Moderate,19424.4,High,0.43,Medium,34.325616438356164,46.66,3
SEC-A153,900.0,36.7,0.35,20.1,0.528,Moderate,19424.4,High,0.4,Medium,34.50493150684932,46.9,4
SEC-A154,900.0,36.7,0.36,21.3,0.547,Moderate,19424.4,High,0.38,Low,34.6745205479452,47.13,4
SEC-A155,900.0,36.6,0.42,29.0,0.521,Moderate,16568.2,High,0.35,Low,34.4413698630137,46.82,4
SEC-A156,900.0,37.0,0.4,26.3,0.539,Moderate,16568.2,High,0.33,Medium,34.60287671232877,47.04,4
SEC-A157,900.0,37.1,0.38,23.7,0.555,Moderate,16568.2,High,0.31,Medium,34.74616438356164,47.23,4
SEC-A158,900.0,37.2,0.31,15.8,0.571,Moderate,16568.2,High,0.28,Medium,34.88904109589041,47.43,4
SEC-A159,900.0,37.2,0.35,20.1,0.511,Moderate,11581.2,Medium,0.26,Medium,34.352602739726024,46.7,3
SEC-A160,900.0,37.3,0.48,37.9,0.52,Moderate,11581.2,Medium,0.25,Low,34.43246575342466,46.81,4
SEC-A161,900.0,37.5,0.55,49.7,0.525,Moderate,11581.2,Medium,0.23,Low,34.47794520547945,46.87,4
SEC-A162,900.0,37.6,0.53,46.2,0.372,Moderate,1177.7,Low,0.21,Low,33.110821917808224,45.01,0
SEC-A163,900.0,37.6,0.48,37.9,0.375,Moderate,1177.7,Low,0.2,Medium,33.1372602739726,45.05,0
SEC-A164,900.0,37.7,0.47,36.3,0.378,Moderate,1177.7,Low,0.19,Medium,33.163972602739726,45.08,0
SEC-A165,900.0,37.6,0.36,21.3,0.379,Moderate,1177.7,Low,0.19,High,33.17328767123288,45.09,0
SEC-A166,900.0,37.6,0.42,29.0,0.374,Moderate,760.8,Low,0.19,Medium,33.12876712328767,45.03,0
SEC-A167,900.0,37.5,0.52,44.4,0.372,Moderate,760.8,Low,0.19,Low,33.110821917808224,45.01,0
SEC-A168,900.0,37.4,0.5,41.1,0.37,Moderate,760.8,Low,0.2,Low,33.09287671232877,44.98,0
SEC-A169,900.0,37.3,0.49,39.5,0.366,Moderate,760.8,Low,0.21,Low,33.05698630136986,44.94,0
SEC-A170,900.0,37.0,0.58,55.3,0.362,Moderate,760.8,Low,0.22,Low,33.021506849315074,44.89,0
SEC-B101,900.0,39.0,0.38,23.7,0.22,Low,32.5,Low,1.09,High,31.752876712328767,43.16,0
SEC-B102,900.0,39.1,0.51,42.8,0.223,Low,32.5,Low,1.06,High,31.779315068493148,43.2,0
SEC-B103,900.0,39.2,0.52,44.4,0.226,Low,32.5,Low,1.03,High,31.805890410958902,43.24,0
SEC-B104,900.0,38.9,0.44,31.8,0.23,Low,83.9,Low,1.0,High,31.84191780821918,43.28,0
SEC-B105,900.0,38.8,0.35,20.1,0.234,Low,83.9,Low,0.97,High,31.877260273972603,43.33,0
SEC-B106,900.0,38.6,0.44,31.8,0.237,Low,83.9,Low,0.94,High,31.904383561643836,43.37,0
SEC-B107,900.0,38.7,0.47,36.3,0.241,Low,83.9,Low,0.91,High,31.939999999999998,43.42,0
SEC-B108,900.0,38.7,0.45,33.3,0.538,Moderate,19569.7,High,0.88,High,34.593835616438355,47.03,4
SEC-B109,900.0,38.7,0.32,16.8,0.542,Moderate,19569.7,High,0.86,High,34.63,47.07,4
SEC-B110,900.0,38.7,0.31,15.8,0.549,Moderate,19569.7,High,0.83,High,34.692054794520544,47.16,4
SEC-B111,900.0,38.9,0.39,25.0,0.556,Moderate,19569.7,High,0.8,High,34.754520547945205,47.24,4
SEC-B112,900.0,39.1,0.39,25.0,0.515,Moderate,16317.5,High,0.77,High,34.38849315068493,46.75,3
SEC-B113,900.0,39.1,0.35,20.1,0.524,Moderate,16317.5,High,0.74,High,34.469315068493145,46.86,4
SEC-B114,900.0,38.9,0.38,23.7,0.534,Moderate,16317.5,High,0.71,High,34.5572602739726,46.98,4
SEC-B115,900.0,38.6,0.38,23.7,0.554,Moderate,16972.9,High,0.68,High,34.73753424657534,47.22,4
SEC-B116,900.0,38.2,0.34,19.0,0.566,Moderate,16972.9,High,0.65,High,34.84438356164383,47.37,4
SEC-B117,900.0,38.0,0.29,13.8,0.579,Moderate,16972.9,High,0.63,High,34.96054794520548,47.52,4
SEC-B118,900.0,38.0,0.35,20.1,0.593,Moderate,16972.9,High,0.6,High,35.086164383561645,47.69,5
SEC-B119,900.0,38.0,0.34,19.0,0.533,Moderate,12080.9,Medium,0.57,High,34.54821917808219,46.96,4
SEC-B120,900.0,38.0,0.42,29.0,0.549,Moderate,12080.9,Medium,0.54,High,34.692054794520544,47.16,4
SEC-B121,900.0,37.1,0.42,29.0,0.565,Moderate,12080.9,Medium,0.52,Medium,34.835068493150686,47.35,4
SEC-B122,900.0,37.0,0.32,16.8,0.58,Moderate,12080.9,Medium,0.49,Medium,34.96931506849315,47.54,4
SEC-B123,900.0,36.9,0.31,15.8,0.748,High,22360.0,High,0.46,Medium,36.47041095890411,49.58,8
SEC-B124,900.0,37.0,0.28,12.9,0.755,High,22360.0,High,0.43,Medium,36.533150684931506,49.66,9
SEC-B125,900.0,37.0,0.27,12.0,0.752,High,22360.0,High,0.41,Medium,36.50657534246575,49.62,9
SEC-B126,900.0,37.0,0.41,27.6,0.739,High,22450.9,High,0.38,Medium,36.39013698630137,49.47,8
SEC-B127,900.0,37.1,0.31,15.8,0.717,High,22450.9,High,0.36,Medium,36.193561643835615,49.2,8
SEC-B128,900.0,37.4,0.32,16.8,0.691,High,22450.9,High,0.33,High,35.961643835616435,48.88,8
SEC-B129,900.0,37.4,0.33,17.9,0.664,High,22450.9,High,0.31,High,35.71972602739726,48.56,6
SEC-B130,900.0,37.4,0.33,17.9,0.516,Moderate,14457.1,High,0.29,High,34.39767123287672,46.76,3
SEC-B131,900.0,37.3,0.3,14.8,0.512,Moderate,14457.1,High,0.27,High,34.36164383561644,46.71,3
SEC-B132,900.0,37.2,0.31,15.8,0.51,Moderate,14457.1,High,0.25,Medium,34.343835616438355,46.68,3
SEC-B133,900.0,37.1,0.32,16.8,0.584,Moderate,19610.8,High,0.23,Medium,35.00520547945206,47.58,4
SEC-B134,900.0,36.9,0.25,10.3,0.578,Moderate,19610.8,High,0.22,Medium,34.95164383561644,47.51,4
SEC-B135,900.0,37.3,0.25,10.3,0.57,Moderate,19610.8,High,0.21,High,34.87986301369863,47.41,4
SEC-B136,900.0,37.1,0.53,46.2,0.559,Moderate,19610.8,High,0.2,Low,34.781643835616435,47.28,4
SEC-B137,900.0,37.0,0.62,63.2,0.487,Moderate,15688.1,High,0.19,Low,34.13835616438356,46.41,2
SEC-B138,900.0,36.3,0.44,31.8,0.485,Moderate,15688.1,High,0.19,Low,34.12013698630137,46.38,2
SEC-B139,900.0,36.5,0.35,20.1,0.483,Moderate,15688.1,High,0.19,Low,34.10328767123288,46.36,2
SEC-B140,900.0,36.7,0.33,17.9,0.48,Moderate,15688.1,High,0.2,Medium,34.07616438356164,46.32,2
SEC-B141,900.0,37.2,0.36,21.3,0.682,High,29429.6,High,0.21,Medium,35.88109589041096,48.77,7
SEC-B142,900.0,37.5,0.39,25.0,0.676,High,29429.6,High,0.22,Medium,35.8272602739726,48.7,7
SEC-B143,900.0,37.5,0.3,14.8,0.669,High,29429.6,High,0.24,High,35.764931506849315,48.62,6
SEC-B144,900.0,37.3,0.18,5.3,0.548,Moderate,21987.1,High,0.26,High,34.68287671232876,47.15,4
SEC-B145,900.0,37.1,0.2,6.6,0.54,Moderate,21987.1,High,0.28,High,34.61232876712329,47.05,4
SEC-B146,900.0,37.1,0.42,29.0,0.531,Moderate,21987.1,High,0.3,Medium,34.531643835616435,46.94,4
SEC-B147,900.0,37.2,0.41,27.6,0.523,Moderate,21987.1,High,0.32,Medium,34.45986301369863,46.84,4
SEC-B148,900.0,37.2,0.27,12.0,0.367,Moderate,11737.6,Medium,0.35,High,33.0658904109589,44.95,0
SEC-B149,900.0,37.1,0.3,14.8,0.371,Moderate,11737.6,Medium,0.37,Medium,33.10191780821918,45.0,0
SEC-B150,900.0,37.0,0.37,22.5,0.377,Moderate,11737.6,Medium,0.4,Medium,33.156027397260274,45.07,0
SEC-B151,900.0,37.0,0.33,17.9,0.498,Moderate,19424.4,High,0.42,Medium,34.236438356164385,46.54,2
SEC-B152,900.0,36.8,0.33,17.9,0.504,Moderate,19424.4,High,0.44,Medium,34.29027397260274,46.61,2
SEC-B153,900.0,36.7,0.35,20.1,0.523,Moderate,19424.4,High,0.42,Medium,34.45986301369863,46.84,4
SEC-B154,900.0,36.6,0.34,19.0,0.541,Moderate,19424.4,High,0.4,Low,34.6213698630137,47.06,4
SEC-B155,900.0,36.6,0.41,27.6,0.516,Moderate,16568.2,High,0.37,Low,34.39767123287672,46.76,3
SEC-B156,900.0,36.9,0.45,33.3,0.532,Moderate,16568.2,High,0.35,Low,34.54013698630137,46.95,4
SEC-B157,900.0,37.0,0.35,20.1,0.548,Moderate,16568.2,High,0.33,Medium,34.68287671232876,47.15,4
SEC-B158,900.0,37.0,0.31,15.8,0.571,Moderate,17144.9,High,0.31,Medium,34.88904109589041,47.43,4
SEC-B159,900.0,37.0,0.36,21.3,0.501,Moderate,11581.2,Medium,0.29,Medium,34.263424657534244,46.58,2
SEC-B160,900.0,37.0,0.43,30.4,0.514,Moderate,11581.2,Medium,0.27,Low,34.37945205479452,46.73,3
SEC-B161,900.0,37.1,0.57,53.4,0.519,Moderate,11581.2,Medium,0.25,Low,34.424109589041095,46.79,4
SEC-B162,900.0,37.1,0.6,59.2,0.365,Moderate,1177.7,Low,0.24,Low,33.04835616438356,44.92,0
SEC-B163,900.0,37.1,0.58,55.3,0.368,Moderate,1177.7,Low,0.23,Low,33.074657534246576,44.96,0
SEC-B164,900.0,37.2,0.59,57.2,0.37,Moderate,1177.7,Low,0.22,Low,33.09287671232877,44.98,0
SEC-B165,900.0,37.3,0.6,59.2,0.372,Moderate,1177.7,Low,0.22,Low,33.110821917808224,45.01,0
SEC-B166,900.0,37.4,0.62,63.2,0.366,Moderate,760.8,Low,0.22,Low,33.05698630136986,44.94,0
SEC-B167,900.0,37.4,0.54,47.9,0.365,Moderate,760.8,Low,0.22,Low,33.04835616438356,44.92,0
SEC-B168,900.0,37.3,0.48,37.9,0.362,Moderate,760.8,Low,0.23,Low,33.021506849315074,44.89,0
SEC-B169,900.0,37.2,0.49,39.5,0.473,Moderate,8312.8,Medium,0.24,Low,34.01328767123288,46.24,2
SEC-B170,900.0,37.0,0.55,49.7,0.469,Moderate,8312.8,Medium,0.25,Low,33.97767123287671,46.19,2
SEC-C101,900.0,39.0,0.5,41.1,0.219,Low,32.5,Low,1.08,High,31.74356164383562,43.15,0
SEC-C102,900.0,39.1,0.52,44.4,0.221,Low,26.5,Low,1.05,High,31.761643835616436,43.17,0
SEC-C103,900.0,39.2,0.52,44.4,0.223,Low,26.5,Low,1.02,High,31.779315068493148,43.2,0
SEC-C104,900.0,39.0,0.48,37.9,0.226,Low,26.5,Low,1.0,High,31.805890410958902,43.24,0
SEC-C105,900.0,38.8,0.36,21.3,0.23,Low,83.9,Low,0.97,High,31.84191780821918,43.28,0
SEC-C106,900.0,38.6,0.49,39.5,0.304,Low,4821.4,Medium,0.94,Medium,32.50287671232877,44.18,0
SEC-C107,900.0,38.7,0.52,44.4,0.309,Low,4821.4,Medium,0.91,Medium,32.54835616438356,44.24,0
SEC-C108,900.0,38.7,0.4,26.3,0.314,Low,4821.4,Medium,0.88,High,32.59164383561644,44.3,0
SEC-C109,900.0,38.8,0.31,15.8,0.543,Moderate,19569.7,High,0.85,High,34.63849315068493,47.09,4
SEC-C110,900.0,38.8,0.31,15.8,0.402,Moderate,9757.4,Medium,0.82,High,33.37849315068493,45.37,0
SEC-C111,900.0,39.0,0.39,25.0,0.409,Moderate,9757.4,Medium,0.79,High,33.44150684931507,45.46,0
SEC-C112,900.0,39.2,0.39,25.0,0.418,Moderate,9757.4,Medium,0.76,High,33.52191780821918,45.57,0
SEC-C113,900.0,39.2,0.41,27.6,0.49,Moderate,13900.1,High,0.73,High,34.164931506849314,46.44,2
SEC-C114,900.0,39.0,0.43,30.4,0.5,Moderate,13900.1,High,0.7,High,34.25493150684932,46.56,2
SEC-C115,900.0,38.7,0.4,26.3,0.511,Moderate,13900.1,High,0.67,High,34.352602739726024,46.7,3
SEC-C116,900.0,38.3,0.38,23.7,0.57,Moderate,16972.9,High,0.65,High,34.87986301369863,47.41,4
SEC-C117,900.0,38.0,0.35,20.1,0.531,Moderate,13489.0,Medium,0.62,High,34.531643835616435,46.94,4
SEC-C118,900.0,38.1,0.33,17.9,0.546,Moderate,13489.0,Medium,0.59,High,34.66561643835617,47.12,4
SEC-C119,900.0,38.2,0.31,15.8,0.562,Moderate,13489.0,Medium,0.56,High,34.808630136986295,47.32,4
SEC-C120,900.0,38.1,0.37,22.5,0.609,Moderate,15449.5,High,0.53,High,35.228630136986304,47.89,5
SEC-C121,900.0,37.2,0.39,25.0,0.628,Moderate,15449.5,High,0.5,Medium,35.39808219178082,48.12,6
SEC-C122,900.0,37.1,0.27,12.0,0.648,Moderate,15449.5,High,0.48,High,35.5772602739726,48.36,6
SEC-C123,900.0,37.0,0.28,12.9,0.666,High,15449.5,High,0.45,Medium,35.7386301369863,48.58,6
SEC-C124,900.0,37.0,0.31,15.8,0.695,High,16429.8,High,0.42,Medium,35.99726027397261,48.93,8
SEC-C125,900.0,37.0,0.32,16.8,0.693,High,16429.8,High,0.39,Medium,35.97931506849315,48.91,8
SEC-C126,900.0,37.1,0.38,23.7,0.674,High,16429.8,High,0.37,Medium,35.80945205479452,48.68,7
SEC-C127,900.0,37.2,0.37,22.5,0.726,High,21772.3,High,0.34,Medium,36.274109589041096,49.31,8
SEC-C128,900.0,37.5,0.31,15.8,0.696,High,21772.3,High,0.32,High,36.006027397260276,48.94,8
SEC-C129,900.0,37.4,0.3,14.8,0.666,High,21772.3,High,0.29,High,35.7386301369863,48.58,6
SEC-C130,900.0,37.4,0.31,15.8,0.636,Moderate,21772.3,High,0.27,High,35.46972602739726,48.22,6
SEC-C131,900.0,37.3,0.36,21.3,0.572,Moderate,17654.4,High,0.25,Medium,34.89780821917808,47.44,4
SEC-C132,900.0,37.1,0.35,20.1,0.571,Moderate,17654.4,High,0.23,Medium,34.88904109589041,47.43,4
SEC-C133,900.0,37.0,0.28,12.9,0.569,Moderate,17654.4,High,0.21,Medium,34.8713698630137,47.4,4
SEC-C134,900.0,36.9,0.26,11.1,0.445,Moderate,9673.4,Medium,0.19,Medium,33.763561643835615,45.9,0
SEC-C135,900.0,37.2,0.23,8.7,0.44,Moderate,9673.4,Medium,0.18,High,33.71821917808219,45.83,0
SEC-C136,900.0,37.0,0.35,20.1,0.432,Moderate,9673.4,Medium,0.17,Medium,33.646986301369864,45.74,0
SEC-C137,900.0,36.9,0.62,63.2,0.421,Moderate,9673.4,Medium,0.16,Low,33.54904109589041,45.6,0
SEC-C138,900.0,36.2,0.63,65.2,0.479,Moderate,14259.1,High,0.16,Low,34.06698630136986,46.31,2
SEC-C139,900.0,36.5,0.48,37.9,0.477,Moderate,14259.1,High,0.16,Low,34.048904109589046,46.28,2
SEC-C140,900.0,36.8,0.44,31.8,0.473,Moderate,14259.1,High,0.17,Low,34.01328767123288,46.24,2
SEC-C141,900.0,37.3,0.33,17.9,0.467,Moderate,14259.1,High,0.18,Medium,33.95904109589041,46.16,2
SEC-C142,900.0,37.8,0.3,14.8,0.65,Moderate,26901.1,High,0.2,High,35.59479452054794,48.39,6
SEC-C143,900.0,37.6,0.28,12.9,0.641,Moderate,26901.1,High,0.22,High,35.514794520547945,48.28,6
SEC-C144,900.0,37.4,0.19,5.9,0.632,Moderate,26901.1,High,0.24,High,35.434520547945205,48.17,6
SEC-C145,900.0,37.2,0.32,16.8,0.39,Moderate,11475.3,Medium,0.26,Medium,33.27123287671233,45.23,0
SEC-C146,900.0,37.3,0.47,36.3,0.38,Moderate,11475.3,Medium,0.28,Low,33.18191780821918,45.11,0
SEC-C147,900.0,37.3,0.33,17.9,0.382,Moderate,11475.3,Medium,0.31,Medium,33.19986301369863,45.13,0
SEC-C148,900.0,37.3,0.27,12.0,0.384,Moderate,11475.3,Medium,0.33,High,33.21753424657535,45.15,0
SEC-C149,900.0,37.2,0.28,12.9,0.465,Moderate,16970.6,High,0.36,High,33.94191780821918,46.14,2
SEC-C150,900.0,37.1,0.28,12.9,0.467,Moderate,16970.6,High,0.38,Medium,33.95904109589041,46.16,2
SEC-C151,900.0,37.0,0.35,20.1,0.47,Moderate,16970.6,High,0.41,Medium,33.986712328767126,46.2,2
SEC-C152,900.0,36.8,0.34,19.0,0.398,Moderate,12042.7,Medium,0.44,Medium,33.34301369863014,45.32,0
SEC-C153,900.0,36.7,0.34,19.0,0.409,Moderate,12042.7,Medium,0.44,Medium,33.44150684931507,45.46,0
SEC-C154,900.0,36.6,0.31,15.8,0.426,Moderate,12042.7,Medium,0.41,Medium,33.59369863013699,45.66,0
SEC-C155,900.0,36.6,0.42,29.0,0.442,Moderate,12042.7,Medium,0.39,Low,33.73602739726027,45.86,0
SEC-C156,900.0,36.9,0.41,27.6,0.535,Moderate,17144.9,High,0.37,Low,34.56698630136986,46.99,4
SEC-C157,900.0,36.9,0.35,20.1,0.549,Moderate,17144.9,High,0.35,Medium,34.692054794520544,47.16,4
SEC-C158,900.0,36.8,0.31,15.8,0.563,Moderate,17144.9,High,0.33,Medium,34.81767123287671,47.33,4
SEC-C159,900.0,36.8,0.3,14.8,0.576,Moderate,17144.9,High,0.31,Medium,34.93383561643836,47.49,4
SEC-C160,900.0,36.8,0.34,19.0,0.426,Moderate,6349.9,Medium,0.3,Medium,33.59369863013699,45.66,0
SEC-C161,900.0,36.8,0.54,47.9,0.433,Moderate,6349.9,Medium,0.28,Low,33.656164383561645,45.75,0
SEC-C162,900.0,36.9,0.6,59.2,0.436,Moderate,6349.9,Medium,0.27,Low,33.68260273972603,45.79,0
SEC-C163,900.0,36.8,0.62,63.2,0.362,Moderate,1233.3,Low,0.26,Low,33.021506849315074,44.89,0
SEC-C164,900.0,36.9,0.62,63.2,0.364,Moderate,1233.3,Low,0.25,Low,33.03945205479452,44.91,0
SEC-C165,900.0,37.0,0.64,67.3,0.365,Moderate,1233.3,Low,0.25,Low,33.04835616438356,44.92,0
SEC-C166,900.0,37.1,0.6,59.2,0.365,Moderate,1233.3,Low,0.25,Low,33.04835616438356,44.92,0
SEC-C167,900.0,37.3,0.5,41.1,0.471,Moderate,8312.8,Medium,0.25,Low,33.995616438356166,46.21,2
SEC-C168,900.0,37.3,0.43,30.4,0.469,Moderate,8312.8,Medium,0.26,Medium,33.97767123287671,46.19,2
SEC-C169,900.0,37.2,0.35,20.1,0.466,Moderate,8312.8,Medium,0.26,Medium,33.95054794520548,46.15,2
SEC-C170,900.0,37.0,0.38,23.7,0.463,Moderate,8312.8,Medium,0.28,Medium,33.923972602739724,46.11,2
SEC-D101,900.0,38.6,0.45,33.3,0.219,Low,26.5,Low,1.08,High,31.74356164383562,43.15,0
SEC-D102,900.0,39.1,0.52,44.4,0.221,Low,26.5,Low,1.05,High,31.761643835616436,43.17,0
SEC-D103,900.0,39.1,0.58,55.3,0.223,Low,26.5,Low,1.02,Medium,31.779315068493148,43.2,0
SEC-D104,900.0,38.9,0.54,47.9,0.225,Low,26.5,Low,0.99,Medium,31.79698630136986,43.22,0
SEC-D105,900.0,38.7,0.45,33.3,0.3,Low,4821.4,Medium,0.96,High,32.46780821917808,44.13,0
SEC-D106,900.0,38.5,0.51,42.8,0.304,Low,4821.4,Medium,0.93,Medium,32.50287671232877,44.18,0
SEC-D107,900.0,38.7,0.47,36.3,0.309,Low,4821.4,Medium,0.9,High,32.54835616438356,44.24,0
SEC-D108,900.0,38.7,0.4,26.3,0.315,Low,4821.4,Medium,0.87,High,32.60082191780822,44.32,0
SEC-D109,900.0,38.8,0.36,21.3,0.395,Moderate,9757.4,Medium,0.84,High,33.31616438356164,45.29,0
SEC-D110,900.0,38.9,0.35,20.1,0.402,Moderate,9757.4,Medium,0.81,High,33.37849315068493,45.37,0
SEC-D111,900.0,39.0,0.37,22.5,0.41,Moderate,9757.4,Medium,0.78,High,33.45054794520548,45.47,0
SEC-D112,900.0,39.1,0.44,31.8,0.419,Moderate,9757.4,Medium,0.75,High,33.530684931506855,45.58,0
SEC-D113,900.0,38.8,0.43,30.4,0.491,Moderate,13900.1,High,0.72,High,34.173972602739724,46.45,2
SEC-D114,900.0,38.3,0.37,22.5,0.501,Moderate,13900.1,High,0.7,High,34.263424657534244,46.58,2
SEC-D115,900.0,38.1,0.42,29.0,0.512,Moderate,13900.1,High,0.67,High,34.36164383561644,46.71,3
SEC-D116,900.0,37.8,0.45,33.3,0.519,Moderate,13489.0,Medium,0.64,Medium,34.424109589041095,46.79,4
SEC-D117,900.0,37.7,0.49,39.5,0.533,Moderate,13489.0,Medium,0.61,Medium,34.54821917808219,46.96,4
SEC-D118,900.0,37.8,0.32,16.8,0.548,Moderate,13489.0,Medium,0.58,High,34.68287671232876,47.15,4
SEC-D119,900.0,37.9,0.3,14.8,0.565,Moderate,13489.0,Medium,0.55,High,34.835068493150686,47.35,4
SEC-D120,900.0,37.7,0.35,20.1,0.614,Moderate,15449.5,High,0.52,High,35.273835616438355,47.95,5
SEC-D121,900.0,37.8,0.38,23.7,0.635,Moderate,15449.5,High,0.49,High,35.46109589041096,48.2,6
SEC-D122,900.0,37.7,0.27,12.0,0.657,Moderate,15449.5,High,0.47,High,35.657260273972604,48.47,6
SEC-D123,900.0,37.6,0.27,12.0,0.682,High,15449.5,High,0.44,High,35.88109589041096,48.77,7
SEC-D124,900.0,37.0,0.34,19.0,0.721,High,16429.8,High,0.41,Medium,36.22972602739726,49.25,8
SEC-D125,900.0,37.0,0.34,19.0,0.724,High,16429.8,High,0.38,Medium,36.256027397260276,49.28,8
SEC-D126,900.0,37.2,0.37,22.5,0.693,High,16429.8,High,0.35,Medium,35.97931506849315,48.91,8
SEC-D127,900.0,37.2,0.32,16.8,0.738,High,21772.3,High,0.33,Medium,36.38178082191781,49.45,8
SEC-D128,900.0,37.1,0.29,13.8,0.703,High,21772.3,High,0.3,Medium,36.06808219178082,49.03,8
SEC-D129,900.0,37.0,0.25,10.3,0.671,High,21772.3,High,0.27,Medium,35.78219178082192,48.64,6
SEC-D130,900.0,36.8,0.33,17.9,0.641,Moderate,21772.3,High,0.25,Medium,35.514794520547945,48.28,6
SEC-D131,900.0,36.7,0.32,16.8,0.581,Moderate,17654.4,High,0.23,Medium,34.978493150684926,47.55,4
SEC-D132,900.0,36.6,0.32,16.8,0.582,Moderate,17654.4,High,0.2,Medium,34.98739726027397,47.56,4
SEC-D133,900.0,36.5,0.26,11.1,0.582,Moderate,17654.4,High,0.18,Medium,34.98739726027397,47.56,4
SEC-D134,900.0,36.5,0.29,13.8,0.461,Moderate,9673.4,Medium,0.17,Medium,33.906164383561645,46.09,2
SEC-D135,900.0,36.9,0.37,22.5,0.458,Moderate,9673.4,Medium,0.15,Medium,33.87931506849315,46.05,2
SEC-D136,900.0,36.8,0.38,23.7,0.453,Moderate,9673.4,Medium,0.14,Low,33.8345205479452,45.99,0
SEC-D137,900.0,36.7,0.55,49.7,0.445,Moderate,9673.4,Medium,0.13,Low,33.763561643835615,45.9,0
SEC-D138,900.0,36.6,0.67,73.8,0.506,Moderate,14259.1,High,0.13,Low,34.30821917808219,46.64,3
SEC-D139,900.0,36.9,0.5,41.1,0.493,Moderate,14259.1,High,0.14,Low,34.192328767123286,46.48,2
SEC-D140,900.0,37.2,0.4,26.3,0.487,Moderate,14259.1,High,0.14,Medium,34.13835616438356,46.41,2
SEC-D141,900.0,38.0,0.23,8.7,0.48,Moderate,14259.1,High,0.16,High,34.07616438356164,46.32,2
SEC-D142,900.0,38.2,0.24,9.5,0.662,High,26901.1,High,0.18,High,35.70219178082192,48.53,6
SEC-D143,900.0,37.8,0.25,10.3,0.652,Moderate,26901.1,High,0.19,High,35.613013698630134,48.41,6
SEC-D144,900.0,37.4,0.33,17.9,0.642,Moderate,26901.1,High,0.22,High,35.523698630136984,48.29,6
SEC-D145,900.0,37.1,0.5,41.1,0.401,Moderate,11475.3,Medium,0.24,Low,33.36931506849315,45.36,0
SEC-D146,900.0,37.2,0.38,23.7,0.4,Moderate,11475.3,Medium,0.26,Medium,33.36027397260274,45.35,0
SEC-D147,900.0,37.3,0.25,10.3,0.399,Moderate,11475.3,Medium,0.29,High,33.35205479452055,45.34,0
SEC-D148,900.0,37.3,0.34,19.0,0.399,Moderate,11475.3,Medium,0.32,Medium,33.35205479452055,45.34,0
SEC-D149,900.0,37.3,0.29,13.8,0.483,Moderate,16970.6,High,0.34,High,34.10328767123288,46.36,2
SEC-D150,900.0,37.1,0.32,16.8,0.48,Moderate,16970.6,High,0.37,Medium,34.07616438356164,46.32,2
SEC-D151,900.0,37.0,0.32,16.8,0.48,Moderate,16970.6,High,0.4,Medium,34.07616438356164,46.32,2
SEC-D152,900.0,36.9,0.38,23.7,0.407,Moderate,12042.7,Medium,0.42,Medium,33.422876712328765,45.43,0
SEC-D153,900.0,36.8,0.51,42.8,0.408,Moderate,12042.7,Medium,0.45,Low,33.43164383561644,45.45,0
SEC-D154,900.0,36.8,0.5,41.1,0.422,Moderate,12042.7,Medium,0.43,Low,33.55739726027397,45.62,0
SEC-D155,900.0,36.7,0.37,22.5,0.438,Moderate,12042.7,Medium,0.41,Low,33.70027397260274,45.81,0
SEC-D156,900.0,36.8,0.34,19.0,0.529,Moderate,17144.9,High,0.39,Medium,34.51397260273973,46.92,4
SEC-D157,900.0,36.7,0.36,21.3,0.543,Moderate,17144.9,High,0.37,Low,34.63849315068493,47.09,4
SEC-D158,900.0,36.5,0.41,27.6,0.556,Moderate,17144.9,High,0.35,Low,34.754520547945205,47.24,4
SEC-D159,900.0,36.6,0.42,29.0,0.568,Moderate,17144.9,High,0.34,Low,34.86246575342466,47.39,4
SEC-D160,900.0,36.6,0.39,25.0,0.416,Moderate,6349.9,Medium,0.32,Low,33.504383561643834,45.54,0
SEC-D161,900.0,36.7,0.58,55.3,0.426,Moderate,6349.9,Medium,0.31,Low,33.59369863013699,45.66,0
SEC-D162,900.0,36.8,0.63,65.2,0.43,Moderate,6349.9,Medium,0.3,Low,33.6286301369863,45.71,0
SEC-D163,900.0,36.7,0.63,65.2,0.355,Moderate,1233.3,Low,0.29,Low,32.95890410958904,44.8,0
SEC-D164,900.0,36.8,0.64,67.3,0.356,Moderate,1233.3,Low,0.28,Low,32.96767123287671,44.81,0
SEC-D165,900.0,36.9,0.6,59.2,0.357,Moderate,1233.3,Low,0.28,Low,32.976164383561645,44.83,0
SEC-D166,900.0,37.0,0.54,47.9,0.358,Moderate,1233.3,Low,0.28,Low,32.98575342465753,44.84,0
SEC-D167,900.0,37.1,0.47,36.3,0.464,Moderate,8312.8,Medium,0.28,Low,33.933150684931505,46.13,2
SEC-D168,900.0,37.2,0.44,31.8,0.462,Moderate,8312.8,Medium,0.29,Medium,33.915205479452055,46.1,2
SEC-D169,900.0,37.2,0.45,33.3,0.46,Moderate,8312.8,Medium,0.29,Low,33.89712328767123,46.08,2
SEC-D170,900.0,36.9,0.52,44.4,0.457,Moderate,8312.8,Medium,0.3,Low,33.870273972602746,46.04,2
SEC-E101,900.0,38.6,0.45,33.3,0.219,Low,26.5,Low,1.08,High,31.74356164383562,43.15,0
SEC-E102,900.0,38.7,0.39,25.0,0.221,Low,26.5,Low,1.05,High,31.761643835616436,43.17,0
SEC-E103,900.0,38.8,0.36,21.3,0.224,Low,26.5,Low,1.02,High,31.788356164383565,43.21,0
SEC-E104,900.0,39.1,0.38,23.7,0.226,Low,26.5,Low,0.99,High,31.805890410958902,43.24,0
SEC-E105,900.0,38.9,0.38,23.7,0.301,Low,4821.4,Medium,0.96,High,32.476301369863016,44.15,0
SEC-E106,900.0,38.8,0.44,31.8,0.304,Low,4821.4,Medium,0.93,High,32.50287671232877,44.18,0
SEC-E107,900.0,38.2,0.44,31.8,0.309,Low,4821.4,Medium,0.9,High,32.54835616438356,44.24,0
SEC-E108,900.0,38.3,0.38,23.7,0.315,Low,4821.4,Medium,0.87,High,32.60082191780822,44.32,0
SEC-E109,900.0,38.4,0.35,20.1,0.395,Moderate,9757.4,Medium,0.84,High,33.31616438356164,45.29,0
SEC-E110,900.0,38.4,0.33,17.9,0.402,Moderate,9757.4,Medium,0.81,High,33.37849315068493,45.37,0
SEC-E111,900.0,38.5,0.32,16.8,0.41,Moderate,9757.4,Medium,0.78,High,33.45054794520548,45.47,0
SEC-E112,900.0,38.3,0.34,19.0,0.419,Moderate,9757.4,Medium,0.75,High,33.530684931506855,45.58,0
SEC-E113,900.0,38.1,0.33,17.9,0.49,Moderate,13900.1,High,0.72,High,34.164931506849314,46.44,2
SEC-E114,900.0,38.0,0.36,21.3,0.501,Moderate,13900.1,High,0.69,High,34.263424657534244,46.58,2
SEC-E115,900.0,37.9,0.36,21.3,0.512,Moderate,13900.1,High,0.66,High,34.36164383561644,46.71,3
SEC-E116,900.0,37.7,0.39,25.0,0.519,Moderate,13489.0,Medium,0.63,Medium,34.424109589041095,46.79,4
SEC-E117,900.0,37.7,0.44,31.8,0.533,Moderate,13489.0,Medium,0.6,Medium,34.54821917808219,46.96,4
SEC-E118,900.0,37.8,0.33,17.9,0.548,Moderate,13489.0,Medium,0.57,High,34.68287671232876,47.15,4
SEC-E119,900.0,37.9,0.34,19.0,0.565,Moderate,13489.0,Medium,0.54,High,34.835068493150686,47.35,4
SEC-E120,900.0,37.8,0.33,17.9,0.614,Moderate,15449.5,High,0.51,High,35.273835616438355,47.95,5
SEC-E121,900.0,37.9,0.37,22.5,0.635,Moderate,15449.5,High,0.48,High,35.46109589041096,48.2,6
SEC-E122,900.0,37.7,0.28,12.9,0.658,Moderate,15449.5,High,0.46,High,35.66684931506849,48.48,6
SEC-E123,900.0,37.6,0.38,23.7,0.683,High,15449.5,High,0.43,Medium,35.88972602739726,48.79,7
SEC-E124,900.0,37.1,0.38,23.7,0.723,High,16429.8,High,0.4,Medium,36.24726027397261,49.27,8
SEC-E125,900.0,37.1,0.37,22.5,0.728,High,16429.8,High,0.37,Medium,36.29205479452055,49.33,8
SEC-E126,900.0,37.3,0.37,22.5,0.693,High,16429.8,High,0.34,Medium,35.97931506849315,48.91,8
SEC-E127,900.0,37.3,0.34,19.0,0.737,High,21772.3,High,0.31,Medium,36.3727397260274,49.44,8
SEC-E128,900.0,37.2,0.25,10.3,0.702,High,21772.3,High,0.29,High,36.059178082191785,49.02,8
SEC-E129,900.0,37.1,0.28,12.9,0.669,High,21772.3,High,0.26,Medium,35.764931506849315,48.62,6
SEC-E130,900.0,36.9,0.28,12.9,0.646,Moderate,21772.3,High,0.23,Medium,35.55958904109589,48.34,6
SEC-E131,900.0,36.8,0.25,10.3,0.586,Moderate,17654.4,High,0.21,Medium,35.02315068493151,47.61,4
SEC-E132,900.0,36.7,0.36,21.3,0.587,Moderate,17654.4,High,0.18,Low,35.03232876712329,47.62,4
SEC-E133,900.0,36.6,0.28,12.9,0.588,Moderate,17654.4,High,0.16,Medium,35.040821917808216,47.63,4
SEC-E134,900.0,36.5,0.34,19.0,0.466,Moderate,9673.4,Medium,0.14,Low,33.95054794520548,46.15,2
SEC-E135,900.0,37.0,0.39,25.0,0.464,Moderate,9673.4,Medium,0.12,Medium,33.933150684931505,46.13,2
SEC-E136,900.0,36.9,0.43,30.4,0.459,Moderate,9673.4,Medium,0.11,Low,33.88835616438356,46.07,2
SEC-E137,900.0,36.9,0.51,42.8,0.451,Moderate,9673.4,Medium,0.1,Low,33.816575342465754,45.97,0
SEC-E138,900.0,36.8,0.47,36.3,0.512,Moderate,14259.1,High,0.1,Low,34.36164383561644,46.71,3
SEC-E139,900.0,37.2,0.39,25.0,0.509,Moderate,14259.1,High,0.11,Medium,34.33520547945205,46.67,3
SEC-E140,900.0,37.8,0.26,11.1,0.503,Moderate,14259.1,High,0.12,High,34.28123287671233,46.6,2
SEC-E141,900.0,38.1,0.22,8.0,0.494,Moderate,14259.1,High,0.13,High,34.20123287671233,46.49,2
SEC-E142,900.0,38.3,0.25,10.3,0.674,High,26901.1,High,0.15,High,35.80945205479452,48.68,7
SEC-E143,900.0,37.9,0.26,11.1,0.663,High,26901.1,High,0.17,High,35.71109589041096,48.54,6
SEC-E144,900.0,37.4,0.42,29.0,0.651,Moderate,26901.1,High,0.2,Medium,35.60383561643835,48.4,6
SEC-E145,900.0,37.0,0.49,39.5,0.414,Moderate,11475.3,Medium,0.22,Low,33.48616438356164,45.52,0
SEC-E146,900.0,37.0,0.43,30.4,0.419,Moderate,11475.3,Medium,0.25,Low,33.530684931506855,45.58,0
SEC-E147,900.0,37.2,0.34,19.0,0.417,Moderate,11475.3,Medium,0.27,Medium,33.51315068493151,45.56,0
SEC-E148,900.0,37.3,0.37,22.5,0.414,Moderate,11475.3,Medium,0.3,Medium,33.48616438356164,45.52,0
SEC-E149,900.0,37.3,0.38,23.7,0.496,Moderate,16970.6,High,0.33,Medium,34.21849315068493,46.51,2
SEC-E150,900.0,37.2,0.35,20.1,0.495,Moderate,16970.6,High,0.36,Medium,34.20972602739726,46.5,2
SEC-E151,900.0,37.0,0.36,21.3,0.492,Moderate,16970.6,High,0.39,Medium,34.18301369863014,46.47,2
SEC-E152,900.0,37.0,0.33,17.9,0.416,Moderate,12042.7,Medium,0.41,Medium,33.504383561643834,45.54,0
SEC-E153,900.0,36.9,0.51,42.8,0.416,Moderate,12042.7,Medium,0.44,Low,33.504383561643834,45.54,0
SEC-E154,900.0,36.9,0.54,47.9,0.42,Moderate,12042.7,Medium,0.45,Low,33.53931506849315,45.59,0
SEC-E155,900.0,36.8,0.38,23.7,0.434,Moderate,12042.7,Medium,0.43,Low,33.665342465753426,45.76,0
SEC-E156,900.0,36.8,0.36,21.3,0.524,Moderate,17144.9,High,0.41,Medium,34.469315068493145,46.86,4
SEC-E157,900.0,36.6,0.36,21.3,0.537,Moderate,17144.9,High,0.4,Low,34.585068493150686,47.01,4
SEC-E158,900.0,36.3,0.45,33.3,0.549,Moderate,17144.9,High,0.38,Low,34.692054794520544,47.16,4
SEC-E159,900.0,36.4,0.49,39.5,0.56,Moderate,17144.9,High,0.36,Low,34.790821917808216,47.29,4
SEC-E160,900.0,36.5,0.47,36.3,0.407,Moderate,6349.9,Medium,0.35,Low,33.422876712328765,45.43,0
SEC-E161,900.0,36.6,0.58,55.3,0.416,Moderate,6349.9,Medium,0.34,Low,33.504383561643834,45.54,0
SEC-E162,900.0,36.7,0.56,51.5,0.423,Moderate,6349.9,Medium,0.33,Low,33.566849315068495,45.63,0
SEC-E163,900.0,36.7,0.5,41.1,0.348,Moderate,1233.3,Low,0.32,Low,32.89671232876712,44.72,0
SEC-E164,900.0,36.7,0.64,67.3,0.349,Moderate,1233.3,Low,0.31,Low,32.90506849315069,44.73,0
SEC-E165,900.0,36.8,0.53,46.2,0.35,Moderate,1233.3,Low,0.31,Low,32.9141095890411,44.74,0
SEC-E166,900.0,36.9,0.51,42.8,0.35,Moderate,1233.3,Low,0.31,Low,32.9141095890411,44.74,0
SEC-E167,900.0,37.0,0.48,37.9,0.457,Moderate,8312.8,Medium,0.31,Low,33.870273972602746,46.04,2
SEC-E168,900.0,37.1,0.47,36.3,0.455,Moderate,8312.8,Medium,0.31,Low,33.85287671232877,46.02,1
SEC-E169,900.0,37.1,0.45,33.3,0.453,Moderate,8312.8,Medium,0.32,Low,33.8345205479452,45.99,0
SEC-E170,900.0,36.9,0.42,29.0,0.492,Moderate,11037.0,Medium,0.33,Low,34.18301369863014,46.47,2
SEC-F101,900.0,38.1,0.42,29.0,0.22,Low,26.5,Low,1.07,High,31.752876712328767,43.16,0
SEC-F102,900.0,38.1,0.4,26.3,0.222,Low,26.5,Low,1.04,High,31.770684931506853,43.19,0
SEC-F103,900.0,38.2,0.4,26.3,0.224,Low,26.5,Low,1.01,High,31.788356164383565,43.21,0
SEC-F104,900.0,38.6,0.45,33.3,0.233,Low,487.5,Low,0.98,High,31.86835616438356,43.32,0
SEC-F105,900.0,38.8,0.43,30.4,0.236,Low,487.5,Low,0.95,High,31.895342465753426,43.36,0
SEC-F106,900.0,38.7,0.41,27.6,0.304,Low,4821.4,Medium,0.92,High,32.50287671232877,44.18,0
SEC-F107,900.0,38.2,0.48,37.9,0.489,Moderate,16775.5,High,0.89,Medium,34.15575342465753,46.43,2
SEC-F108,900.0,38.2,0.35,20.1,0.495,Moderate,16775.5,High,0.86,High,34.20972602739726,46.5,2
SEC-F109,900.0,38.2,0.4,26.3,0.501,Moderate,16775.5,High,0.83,High,34.263424657534244,46.58,2
SEC-F110,900.0,38.2,0.34,19.0,0.402,Moderate,9757.4,Medium,0.8,High,33.37849315068493,45.37,0
SEC-F111,900.0,38.2,0.3,14.8,0.453,Moderate,12664.5,Medium,0.77,High,33.8345205479452,45.99,0
SEC-F112,900.0,38.0,0.33,17.9,0.462,Moderate,12664.5,Medium,0.74,High,33.915205479452055,46.1,2
SEC-F113,900.0,37.9,0.35,20.1,0.471,Moderate,12664.5,Medium,0.71,High,33.995616438356166,46.21,2
SEC-F114,900.0,37.7,0.32,16.8,0.377,Moderate,5794.7,Medium,0.68,High,33.156027397260274,45.07,0
SEC-F115,900.0,37.7,0.31,15.8,0.389,Moderate,5794.7,Medium,0.66,High,33.262191780821915,45.22,0
SEC-F116,900.0,37.7,0.41,27.6,0.401,Moderate,5794.7,Medium,0.63,Medium,33.36931506849315,45.36,0
SEC-F117,900.0,37.9,0.41,27.6,0.531,Moderate,13489.0,Medium,0.6,High,34.531643835616435,46.94,4
SEC-F118,900.0,37.9,0.38,23.7,0.396,Moderate,3559.1,Low,0.57,High,33.32534246575342,45.3,0
SEC-F119,900.0,37.9,0.37,22.5,0.412,Moderate,3559.1,Low,0.54,High,33.46849315068493,45.49,0
SEC-F120,900.0,37.9,0.36,21.3,0.43,Moderate,3559.1,Low,0.51,High,33.6286301369863,45.71,0
SEC-F121,900.0,37.9,0.39,25.0,0.575,Moderate,11914.7,Medium,0.48,High,34.92520547945205,47.47,4
SEC-F122,900.0,37.8,0.32,16.8,0.595,Moderate,11914.7,Medium,0.45,High,35.10315068493151,47.72,5
SEC-F123,900.0,37.7,0.39,25.0,0.615,Moderate,11914.7,Medium,0.42,Medium,35.282739726027394,47.96,5
SEC-F124,900.0,37.1,0.4,26.3,0.697,High,16429.8,High,0.39,Medium,36.0154794520548,48.96,8
SEC-F125,900.0,37.1,0.35,20.1,0.739,High,19279.1,High,0.36,Medium,36.39013698630137,49.47,8
SEC-F126,900.0,37.2,0.26,11.1,0.718,High,19279.1,High,0.33,High,36.202602739726025,49.21,8
SEC-F127,900.0,37.3,0.25,10.3,0.689,High,19279.1,High,0.3,High,35.94287671232877,48.86,8
SEC-F128,900.0,37.2,0.28,12.9,0.821,High,30119.8,High,0.28,High,37.123561643835615,50.46,15
SEC-F129,900.0,37.1,0.24,9.5,0.789,High,30119.8,High,0.25,High,36.837671232876716,50.07,12
SEC-F130,900.0,37.0,0.26,11.1,0.777,High,30119.8,High,0.22,Medium,36.72972602739726,49.93,10
SEC-F131,900.0,36.8,0.24,9.5,0.78,High,30119.8,High,0.19,Medium,36.757260273972605,49.96,10
SEC-F132,900.0,36.7,0.29,13.8,0.69,High,23977.7,High,0.17,Medium,35.95219178082192,48.87,8
SEC-F133,900.0,36.7,0.36,21.3,0.691,High,23977.7,High,0.14,Low,35.961643835616435,48.88,8
SEC-F134,900.0,36.6,0.4,26.3,0.691,High,23977.7,High,0.12,Low,35.961643835616435,48.88,8
SEC-F135,900.0,37.1,0.27,12.0,0.509,Moderate,12130.1,Medium,0.1,High,34.33520547945205,46.67,3
SEC-F136,900.0,37.0,0.36,21.3,0.503,Moderate,12130.1,Medium,0.08,Medium,34.28123287671233,46.6,2
SEC-F137,900.0,37.1,0.36,21.3,0.497,Moderate,12130.1,Medium,0.07,Medium,34.22698630136986,46.53,2
SEC-F138,900.0,37.0,0.3,14.8,0.498,Moderate,12130.1,Medium,0.07,Medium,34.236438356164385,46.54,2
SEC-F139,900.0,37.3,0.34,19.0,0.671,High,23846.8,High,0.08,Medium,35.78219178082192,48.64,6
SEC-F140,900.0,37.8,0.29,13.8,0.663,High,23846.8,High,0.09,High,35.71109589041096,48.54,6
SEC-F141,900.0,38.0,0.28,12.9,0.652,Moderate,23846.8,High,0.11,High,35.613013698630134,48.41,6
SEC-F142,900.0,38.2,0.37,22.5,0.639,Moderate,23846.8,High,0.13,High,35.49630136986301,48.25,6
SEC-F143,900.0,37.8,0.3,14.8,0.554,Moderate,18993.6,High,0.16,High,34.73753424657534,47.22,4
SEC-F144,900.0,37.3,0.45,33.3,0.546,Moderate,18993.6,High,0.18,Medium,34.66561643835617,47.12,4
SEC-F145,900.0,36.8,0.51,42.8,0.539,Moderate,18993.6,High,0.21,Low,34.60287671232877,47.04,4
SEC-F146,900.0,36.8,0.41,27.6,0.629,Moderate,24938.8,High,0.24,Low,35.407260273972604,48.13,6
SEC-F147,900.0,37.0,0.38,23.7,0.631,Moderate,24938.8,High,0.26,Medium,35.425616438356165,48.15,6
SEC-F148,900.0,37.1,0.38,23.7,0.633,Moderate,24938.8,High,0.29,Medium,35.443561643835615,48.18,6
SEC-F149,900.0,37.2,0.34,19.0,0.629,Moderate,24938.8,High,0.32,Medium,35.407260273972604,48.13,6
SEC-F150,900.0,37.1,0.29,13.8,0.586,Moderate,22236.0,High,0.35,Medium,35.02315068493151,47.61,4
SEC-F151,900.0,37.0,0.35,20.1,0.583,Moderate,22236.0,High,0.38,Medium,34.99602739726028,47.57,4
SEC-F152,900.0,37.0,0.28,12.9,0.58,Moderate,22236.0,High,0.41,Medium,34.96931506849315,47.54,4
SEC-F153,900.0,37.0,0.34,19.0,0.582,Moderate,22514.0,High,0.44,Medium,34.98739726027397,47.56,4
SEC-F154,900.0,36.9,0.4,26.3,0.58,Moderate,22514.0,High,0.46,Low,34.96931506849315,47.54,4
SEC-F155,900.0,36.7,0.37,22.5,0.589,Moderate,22514.0,High,0.46,Low,35.049863013698626,47.64,5
SEC-F156,900.0,36.7,0.33,17.9,0.601,Moderate,22514.0,High,0.44,Medium,35.157534246575345,47.79,5
SEC-F157,900.0,36.4,0.35,20.1,0.456,Moderate,12153.9,Medium,0.42,Low,33.861780821917804,46.03,2
SEC-F158,900.0,36.3,0.44,31.8,0.467,Moderate,12153.9,Medium,0.4,Low,33.95904109589041,46.16,2
SEC-F159,900.0,36.3,0.51,42.8,0.478,Moderate,12153.9,Medium,0.39,Low,34.05780821917808,46.3,2
SEC-F160,900.0,36.3,0.53,46.2,0.487,Moderate,12153.9,Medium,0.38,Low,34.13835616438356,46.41,2
SEC-F161,900.0,36.5,0.61,61.2,0.38,Moderate,4506.4,Medium,0.36,Low,33.18191780821918,45.11,0
SEC-F162,900.0,36.7,0.49,39.5,0.387,Moderate,4506.4,Medium,0.35,Low,33.245479452054795,45.19,0
SEC-F163,900.0,36.7,0.49,39.5,0.391,Moderate,4506.4,Medium,0.35,Low,33.280410958904106,45.24,0
SEC-F164,900.0,36.7,0.63,65.2,0.391,Moderate,4465.3,Medium,0.34,Low,33.280410958904106,45.24,0
SEC-F165,900.0,36.8,0.47,36.3,0.392,Moderate,4465.3,Medium,0.34,Low,33.28945205479452,45.25,0
SEC-F166,900.0,36.8,0.49,39.5,0.392,Moderate,4465.3,Medium,0.34,Low,33.28945205479452,45.25,0
SEC-F167,900.0,36.9,0.5,41.1,0.392,Moderate,4465.3,Medium,0.34,Low,33.28945205479452,45.25,0
SEC-F168,900.0,36.9,0.47,36.3,0.489,Moderate,11037.0,Medium,0.34,Low,34.15575342465753,46.43,2
SEC-F169,900.0,37.0,0.44,31.8,0.488,Moderate,11037.0,Medium,0.35,Low,34.14712328767123,46.42,2
SEC-F170,900.0,36.8,0.36,21.3,0.485,Moderate,11037.0,Medium,0.36,Medium,34.12013698630137,46.38,2
SEC-G101,900.0,37.7,0.4,26.3,0.227,Low,487.5,Low,1.07,Medium,31.814520547945207,43.25,0
SEC-G102,900.0,37.8,0.53,46.2,0.229,Low,487.5,Low,1.04,Low,31.8327397260274,43.27,0
SEC-G103,900.0,37.9,0.54,47.9,0.231,Low,487.5,Low,1.01,Low,31.85095890410959,43.3,0
SEC-G104,900.0,38.4,0.35,20.1,0.233,Low,487.5,Low,0.98,High,31.86835616438356,43.32,0
SEC-G105,900.0,38.4,0.34,19.0,0.236,Low,487.5,Low,0.95,High,31.895342465753426,43.36,0
SEC-G106,900.0,38.4,0.44,31.8,0.484,Moderate,16775.5,High,0.92,High,34.11191780821918,46.37,2
SEC-G107,900.0,37.8,0.44,31.8,0.488,Moderate,16775.5,High,0.89,Medium,34.14712328767123,46.42,2
SEC-G108,900.0,38.1,0.33,17.9,0.494,Moderate,16775.5,High,0.86,High,34.20123287671233,46.49,2
SEC-G109,900.0,38.1,0.39,25.0,0.5,Moderate,16775.5,High,0.83,High,34.25493150684932,46.56,2
SEC-G110,900.0,38.0,0.35,20.1,0.445,Moderate,12664.5,Medium,0.8,High,33.763561643835615,45.9,0
SEC-G111,900.0,37.8,0.36,21.3,0.452,Moderate,12664.5,Medium,0.77,High,33.82547945205479,45.98,0
SEC-G112,900.0,37.7,0.33,17.9,0.46,Moderate,12664.5,Medium,0.74,High,33.89712328767123,46.08,2
SEC-G113,900.0,37.7,0.32,16.8,0.469,Moderate,12664.5,Medium,0.71,High,33.97767123287671,46.19,2
SEC-G114,900.0,37.7,0.27,12.0,0.375,Moderate,5794.7,Medium,0.68,High,33.1372602739726,45.05,0
SEC-G115,900.0,37.5,0.29,13.8,0.386,Moderate,5794.7,Medium,0.65,High,33.23684931506849,45.18,0
SEC-G116,900.0,37.6,0.4,26.3,0.398,Moderate,5794.7,Medium,0.62,Medium,33.34301369863014,45.32,0
SEC-G117,900.0,37.9,0.43,30.4,0.377,Moderate,3559.1,Low,0.59,Medium,33.156027397260274,45.07,0
SEC-G118,900.0,38.0,0.44,31.8,0.391,Moderate,3559.1,Low,0.56,Medium,33.280410958904106,45.24,0
SEC-G119,900.0,37.8,0.4,26.3,0.406,Moderate,3559.1,Low,0.53,Medium,33.41465753424657,45.42,0
SEC-G120,900.0,37.8,0.39,25.0,0.421,Moderate,3559.1,Low,0.5,High,33.54904109589041,45.6,0
SEC-G121,900.0,37.9,0.4,26.3,0.564,Moderate,11914.7,Medium,0.47,High,34.82616438356164,47.34,4
SEC-G122,900.0,37.6,0.4,26.3,0.58,Moderate,11914.7,Medium,0.44,Medium,34.96931506849315,47.54,4
SEC-G123,900.0,37.5,0.35,20.1,0.593,Moderate,11914.7,Medium,0.41,High,35.086164383561645,47.69,5
SEC-G124,900.0,36.9,0.32,16.8,0.601,Moderate,11914.7,Medium,0.38,Medium,35.157534246575345,47.79,5
SEC-G125,900.0,36.9,0.3,14.8,0.709,High,19279.1,High,0.35,Medium,36.12150684931507,49.1,8
SEC-G126,900.0,37.0,0.28,12.9,0.694,High,19279.1,High,0.32,Medium,35.98821917808219,48.92,8
SEC-G127,900.0,37.1,0.28,12.9,0.671,High,19279.1,High,0.3,Medium,35.78219178082192,48.64,6
SEC-G128,900.0,37.1,0.29,13.8,0.808,High,30119.8,High,0.27,Medium,37.00684931506849,50.3,14
SEC-G129,900.0,37.0,0.23,8.7,0.78,High,30119.8,High,0.24,High,36.757260273972605,49.96,10
SEC-G130,900.0,36.9,0.26,11.1,0.783,High,30119.8,High,0.21,Medium,36.783013698630135,50.0,11
SEC-G131,900.0,36.8,0.23,8.7,0.787,High,30119.8,High,0.18,Medium,36.81931506849315,50.05,12
SEC-G132,900.0,36.7,0.2,6.6,0.698,High,23977.7,High,0.15,Medium,36.023835616438355,48.97,8
SEC-G133,900.0,36.6,0.27,12.0,0.701,High,23977.7,High,0.13,Medium,36.05054794520548,49.01,8
SEC-G134,900.0,36.6,0.34,19.0,0.702,High,23977.7,High,0.1,Low,36.059178082191785,49.02,8
SEC-G135,900.0,37.1,0.25,10.3,0.524,Moderate,12130.1,Medium,0.08,High,34.469315068493145,46.86,4
SEC-G136,900.0,37.1,0.32,16.8,0.52,Moderate,12130.1,Medium,0.06,Medium,34.43246575342466,46.81,4
SEC-G137,900.0,37.2,0.33,17.9,0.516,Moderate,12130.1,Medium,0.04,Medium,34.39767123287672,46.76,3
SEC-G138,900.0,37.2,0.3,14.8,0.517,Moderate,12130.1,Medium,0.04,Medium,34.40712328767123,46.77,3
SEC-G139,900.0,37.4,0.28,12.9,0.689,High,23846.8,High,0.05,High,35.94287671232877,48.86,8
SEC-G140,900.0,37.7,0.29,13.8,0.678,High,23846.8,High,0.07,High,35.845205479452055,48.73,7
SEC-G141,900.0,37.8,0.3,14.8,0.664,High,23846.8,High,0.09,High,35.71972602739726,48.56,6
SEC-G142,900.0,37.9,0.38,23.7,0.651,Moderate,23846.8,High,0.11,High,35.60383561643835,48.4,6
SEC-G143,900.0,37.6,0.31,15.8,0.579,Moderate,18993.6,High,0.14,High,34.96054794520548,47.52,4
SEC-G144,900.0,37.2,0.4,26.3,0.568,Moderate,18993.6,High,0.17,Medium,34.86246575342466,47.39,4
SEC-G145,900.0,36.6,0.6,59.2,0.558,Moderate,18993.6,High,0.2,Low,34.77219178082191,47.27,4
SEC-G146,900.0,36.6,0.43,30.4,0.643,Moderate,24938.8,High,0.22,Low,35.53246575342465,48.3,6
SEC-G147,900.0,36.8,0.31,15.8,0.641,Moderate,24938.8,High,0.25,Medium,35.514794520547945,48.28,6
SEC-G148,900.0,37.0,0.3,14.8,0.64,Moderate,24938.8,High,0.28,Medium,35.505616438356164,48.26,6
SEC-G149,900.0,37.1,0.3,14.8,0.639,Moderate,24938.8,High,0.31,Medium,35.49630136986301,48.25,6
SEC-G150,900.0,37.1,0.26,11.1,0.597,Moderate,22236.0,High,0.34,High,35.12150684931507,47.74,5
SEC-G151,900.0,37.0,0.25,10.3,0.596,Moderate,22236.0,High,0.37,Medium,35.11219178082192,47.73,5
SEC-G152,900.0,37.0,0.27,12.0,0.592,Moderate,22236.0,High,0.4,Medium,35.076986301369864,47.68,5
SEC-G153,900.0,36.9,0.26,11.1,0.592,Moderate,22514.0,High,0.43,Medium,35.076986301369864,47.68,5
SEC-G154,900.0,36.7,0.33,17.9,0.587,Moderate,22514.0,High,0.46,Medium,35.03232876712329,47.62,4
SEC-G155,900.0,36.6,0.39,25.0,0.587,Moderate,22514.0,High,0.48,Low,35.03232876712329,47.62,4
SEC-G156,900.0,36.6,0.38,23.7,0.598,Moderate,22514.0,High,0.46,Low,35.130547945205485,47.75,5
SEC-G157,900.0,36.4,0.37,22.5,0.452,Moderate,12153.9,Medium,0.44,Low,33.82547945205479,45.98,0
SEC-G158,900.0,36.3,0.43,30.4,0.462,Moderate,12153.9,Medium,0.43,Low,33.915205479452055,46.1,2
SEC-G159,900.0,36.2,0.53,46.2,0.471,Moderate,12153.9,Medium,0.42,Low,33.995616438356166,46.21,2
SEC-G160,900.0,36.2,0.54,47.9,0.48,Moderate,12153.9,Medium,0.4,Low,34.07616438356164,46.32,2
SEC-G161,900.0,36.4,0.62,63.2,0.372,Moderate,4506.4,Medium,0.39,Low,33.110821917808224,45.01,0
SEC-G162,900.0,36.7,0.59,57.2,0.379,Moderate,4506.4,Medium,0.38,Low,33.17328767123288,45.09,0
SEC-G163,900.0,36.6,0.54,47.9,0.384,Moderate,4506.4,Medium,0.38,Low,33.21753424657535,45.15,0
SEC-G164,900.0,36.6,0.6,59.2,0.384,Moderate,4465.3,Medium,0.37,Low,33.21753424657535,45.15,0
SEC-G165,900.0,36.8,0.53,46.2,0.385,Moderate,4465.3,Medium,0.37,Low,33.227397260273975,45.17,0
SEC-G166,900.0,36.8,0.56,51.5,0.385,Moderate,4465.3,Medium,0.37,Low,33.227397260273975,45.17,0
SEC-G167,900.0,36.9,0.58,55.3,0.385,Moderate,4465.3,Medium,0.37,Low,33.227397260273975,45.17,0
SEC-G168,900.0,36.9,0.54,47.9,0.483,Moderate,11037.0,Medium,0.37,Low,34.10328767123288,46.36,2
SEC-G169,900.0,36.9,0.42,29.0,0.481,Moderate,11037.0,Medium,0.38,Low,34.085068493150686,46.33,2
SEC-G170,900.0,36.7,0.29,13.8,0.479,Moderate,11037.0,Medium,0.39,Medium,34.06698630136986,46.31,2
SEC-H101,900.0,37.5,0.43,30.4,0.228,Low,579.5,Low,1.07,Medium,31.823561643835614,43.26,0
SEC-H102,900.0,37.7,0.6,59.2,0.229,Low,487.5,Low,1.04,Low,31.8327397260274,43.27,0
SEC-H103,900.0,37.9,0.53,46.2,0.231,Low,487.5,Low,1.01,Low,31.85095890410959,43.3,0
SEC-H104,900.0,38.5,0.3,14.8,0.234,Low,487.5,Low,0.98,High,31.877260273972603,43.33,0
SEC-H105,900.0,38.6,0.32,16.8,0.236,Low,487.5,Low,0.95,High,31.895342465753426,43.36,0
SEC-H106,900.0,38.4,0.46,34.8,0.485,Moderate,16775.5,High,0.92,High,34.12013698630137,46.38,2
SEC-H107,900.0,37.7,0.45,33.3,0.487,Moderate,16775.5,High,0.89,Medium,34.13835616438356,46.41,2
SEC-H108,900.0,37.7,0.35,20.1,0.493,Moderate,16775.5,High,0.86,High,34.192328767123286,46.48,2
SEC-H109,900.0,37.9,0.35,20.1,0.499,Moderate,16775.5,High,0.83,High,34.245479452054795,46.55,2
SEC-H110,900.0,37.9,0.36,21.3,0.443,Moderate,12664.5,Medium,0.8,High,33.74520547945205,45.87,0
SEC-H111,900.0,37.6,0.31,15.8,0.45,Moderate,12664.5,Medium,0.77,High,33.80753424657534,45.96,0
SEC-H112,900.0,37.6,0.32,16.8,0.458,Moderate,12664.5,Medium,0.74,High,33.87931506849315,46.05,2
SEC-H113,900.0,37.6,0.27,12.0,0.466,Moderate,12664.5,Medium,0.71,High,33.95054794520548,46.15,2
SEC-H114,900.0,37.7,0.2,6.6,0.372,Moderate,5794.7,Medium,0.68,High,33.110821917808224,45.01,0
SEC-H115,900.0,37.7,0.26,11.1,0.382,Moderate,5794.7,Medium,0.65,High,33.19986301369863,45.13,0
SEC-H116,900.0,37.8,0.37,22.5,0.393,Moderate,5794.7,Medium,0.62,High,33.29876712328767,45.26,0
SEC-H117,900.0,37.6,0.43,30.4,0.371,Moderate,3559.1,Low,0.59,Medium,33.10191780821918,45.0,0
SEC-H118,900.0,37.6,0.47,36.3,0.384,Moderate,3559.1,Low,0.56,Medium,33.21753424657535,45.15,0
SEC-H119,900.0,37.5,0.48,37.9,0.397,Moderate,3559.1,Low,0.53,Medium,33.33438356164383,45.31,0
SEC-H120,900.0,37.4,0.44,31.8,0.41,Moderate,3559.1,Low,0.5,Medium,33.45054794520548,45.47,0
SEC-H121,900.0,37.5,0.37,22.5,0.55,Moderate,11914.7,Medium,0.47,Medium,34.701369863013696,47.17,4
SEC-H122,900.0,37.2,0.31,15.8,0.562,Moderate,11914.7,Medium,0.44,Medium,34.808630136986295,47.32,4
SEC-H123,900.0,37.1,0.35,20.1,0.571,Moderate,11914.7,Medium,0.41,Medium,34.88904109589041,47.43,4
SEC-H124,900.0,37.0,0.34,19.0,0.574,Moderate,11914.7,Medium,0.38,Medium,34.91616438356164,47.46,4
SEC-H125,900.0,37.0,0.39,25.0,0.682,High,19279.1,High,0.35,Medium,35.88109589041096,48.77,7
SEC-H126,900.0,37.0,0.39,25.0,0.67,High,19279.1,High,0.32,Medium,35.773698630136984,48.63,6
SEC-H127,900.0,37.2,0.36,21.3,0.652,Moderate,19279.1,High,0.29,Medium,35.613013698630134,48.41,6
SEC-H128,900.0,36.8,0.32,16.8,0.793,High,30119.8,High,0.26,Medium,36.8727397260274,50.12,12
SEC-H129,900.0,36.7,0.27,12.0,0.782,High,30119.8,High,0.23,Medium,36.773835616438355,49.99,11
SEC-H130,900.0,36.7,0.27,12.0,0.787,High,30119.8,High,0.2,Medium,36.81931506849315,50.05,12
SEC-H131,900.0,36.7,0.24,9.5,0.792,High,30119.8,High,0.17,Medium,36.86356164383562,50.11,12
SEC-H132,900.0,36.6,0.19,5.9,0.705,High,23977.7,High,0.14,Medium,36.08657534246576,49.05,8
SEC-H133,900.0,36.5,0.23,8.7,0.709,High,23977.7,High,0.11,Medium,36.12150684931507,49.1,8
SEC-H134,900.0,36.4,0.25,10.3,0.713,High,23977.7,High,0.09,Medium,36.15767123287671,49.15,8
SEC-H135,900.0,36.6,0.23,8.7,0.537,Moderate,12130.1,Medium,0.06,Medium,34.585068493150686,47.01,4
SEC-H136,900.0,36.6,0.28,12.9,0.54,Moderate,12130.1,Medium,0.03,Medium,34.61232876712329,47.05,4
SEC-H137,900.0,36.8,0.42,29.0,0.54,Moderate,12130.1,Medium,0.02,Low,34.61232876712329,47.05,4
SEC-H138,900.0,37.4,0.33,17.9,0.538,Moderate,12130.1,Medium,0.01,High,34.593835616438355,47.03,4
SEC-H139,900.0,37.5,0.25,10.3,0.706,High,23846.8,High,0.03,High,36.09561643835617,49.07,8
SEC-H140,900.0,37.8,0.24,9.5,0.691,High,23846.8,High,0.05,High,35.961643835616435,48.88,8
SEC-H141,900.0,37.8,0.24,9.5,0.674,High,23846.8,High,0.07,High,35.80945205479452,48.68,7
SEC-H142,900.0,37.4,0.29,13.8,0.658,Moderate,23846.8,High,0.1,High,35.66684931506849,48.48,6
SEC-H143,900.0,37.0,0.31,15.8,0.586,Moderate,18993.6,High,0.13,Medium,35.02315068493151,47.61,4
SEC-H144,900.0,36.7,0.32,16.8,0.585,Moderate,18993.6,High,0.16,Medium,35.01424657534247,47.6,4
SEC-H145,900.0,36.8,0.47,36.3,0.576,Moderate,18993.6,High,0.19,Low,34.93383561643836,47.49,4
SEC-H146,900.0,36.7,0.54,47.9,0.658,Moderate,24938.8,High,0.22,Low,35.66684931506849,48.48,6
SEC-H147,900.0,36.9,0.37,22.5,0.652,Moderate,24938.8,High,0.25,Medium,35.613013698630134,48.41,6
SEC-H148,900.0,37.0,0.28,12.9,0.655,Moderate,24938.8,High,0.28,Medium,35.63904109589041,48.45,6
SEC-H149,900.0,37.0,0.28,12.9,0.66,High,24938.8,High,0.31,Medium,35.68452054794521,48.51,6
SEC-H150,900.0,37.1,0.28,12.9,0.62,Moderate,22236.0,High,0.34,Medium,35.32684931506849,48.02,6
SEC-H151,900.0,37.1,0.26,11.1,0.618,Moderate,22236.0,High,0.37,High,35.308904109589044,48.0,5
SEC-H152,900.0,36.8,0.3,14.8,0.612,Moderate,22236.0,High,0.4,Medium,35.25547945205479,47.92,5
SEC-H153,900.0,36.7,0.28,12.9,0.61,Moderate,22514.0,High,0.43,Medium,35.2372602739726,47.9,5
SEC-H154,900.0,36.6,0.27,12.0,0.602,Moderate,22514.0,High,0.46,Medium,35.16575342465753,47.8,5
SEC-H155,900.0,36.6,0.32,16.8,0.595,Moderate,22514.0,High,0.49,Medium,35.10315068493151,47.72,5
SEC-H156,900.0,36.6,0.32,16.8,0.595,Moderate,22514.0,High,0.49,Medium,35.10315068493151,47.72,5
SEC-H157,900.0,36.5,0.31,15.8,0.448,Moderate,12153.9,Medium,0.47,Low,33.78945205479452,45.93,0
SEC-H158,900.0,36.4,0.32,16.8,0.457,Moderate,12153.9,Medium,0.46,Low,33.870273972602746,46.04,2
SEC-H159,900.0,35.9,0.37,22.5,0.465,Moderate,12153.9,Medium,0.44,Low,33.94191780821918,46.14,2
SEC-H160,900.0,35.8,0.47,36.3,0.473,Moderate,12153.9,Medium,0.43,Low,34.01328767123288,46.24,2
SEC-H161,900.0,36.0,0.64,67.3,0.364,Moderate,4506.4,Medium,0.42,Low,33.03945205479452,44.91,0
SEC-H162,900.0,36.1,0.65,69.4,0.371,Moderate,4506.4,Medium,0.41,Low,33.10191780821918,45.0,0
SEC-H163,900.0,36.5,0.6,59.2,0.376,Moderate,4506.4,Medium,0.41,Low,33.14671232876712,45.06,0
SEC-H164,900.0,36.6,0.57,53.4,0.378,Moderate,4465.3,Medium,0.4,Low,33.163972602739726,45.08,0
SEC-H165,900.0,36.7,0.57,53.4,0.379,Moderate,4465.3,Medium,0.4,Low,33.17328767123288,45.09,0
SEC-H166,900.0,36.8,0.48,37.9,0.379,Moderate,4465.3,Medium,0.4,Low,33.17328767123288,45.09,0
SEC-H167,900.0,36.9,0.55,49.7,0.378,Moderate,4465.3,Medium,0.4,Low,33.163972602739726,45.08,0
SEC-H168,900.0,36.9,0.58,55.3,0.477,Moderate,11037.0,Medium,0.4,Low,34.048904109589046,46.28,2
SEC-H169,900.0,36.9,0.5,41.1,0.475,Moderate,11037.0,Medium,0.41,Low,34.0313698630137,46.26,2
SEC-I101,900.0,37.4,0.41,27.6,0.229,Low,579.5,Low,1.07,Medium,31.8327397260274,43.27,0
SEC-I102,900.0,37.6,0.48,37.9,0.231,Low,579.5,Low,1.04,Medium,31.85095890410959,43.3,0
SEC-I103,900.0,38.0,0.45,33.3,0.233,Low,579.5,Low,1.01,Medium,31.86835616438356,43.32,0
SEC-I104,900.0,38.5,0.32,16.8,0.234,Low,487.5,Low,0.98,High,31.877260273972603,43.33,0
SEC-I105,900.0,38.6,0.4,26.3,0.488,Moderate,17170.3,High,0.95,High,34.14712328767123,46.42,2
SEC-I106,900.0,38.4,0.38,23.7,0.491,Moderate,17170.3,High,0.92,High,34.173972602739724,46.45,2
SEC-I107,900.0,37.9,0.48,37.9,0.487,Moderate,16775.5,High,0.89,Medium,34.13835616438356,46.41,2
SEC-I108,900.0,37.7,0.42,29.0,0.535,Moderate,19652.5,High,0.86,Medium,34.56698630136986,46.99,4
SEC-I109,900.0,37.6,0.34,19.0,0.54,Moderate,19652.5,High,0.83,High,34.61232876712329,47.05,4
SEC-I110,900.0,37.6,0.3,14.8,0.546,Moderate,19652.5,High,0.8,High,34.66561643835617,47.12,4
SEC-I111,900.0,37.5,0.33,17.9,0.448,Moderate,12664.5,Medium,0.77,High,33.78945205479452,45.93,0
SEC-I112,900.0,37.5,0.37,22.5,0.519,Moderate,16913.8,High,0.74,Medium,34.424109589041095,46.79,4
SEC-I113,900.0,37.5,0.29,13.8,0.527,Moderate,16913.8,High,0.71,High,34.49602739726028,46.89,4
SEC-I114,900.0,37.5,0.28,12.9,0.368,Moderate,5794.7,Medium,0.68,High,33.074657534246576,44.96,0
SEC-I115,900.0,37.6,0.31,15.8,0.439,Moderate,9859.8,Medium,0.65,High,33.70945205479452,45.82,0
SEC-I116,900.0,37.7,0.37,22.5,0.449,Moderate,9859.8,Medium,0.62,High,33.798630136986304,45.94,0
SEC-I117,900.0,37.5,0.44,31.8,0.459,Moderate,9859.8,Medium,0.59,Medium,33.88835616438356,46.07,2
SEC-I118,900.0,37.5,0.49,39.5,0.375,Moderate,3559.1,Low,0.56,Low,33.1372602739726,45.05,0
SEC-I119,900.0,37.5,0.56,51.5,0.339,Moderate,398.4,Low,0.53,Low,32.81602739726028,44.61,0
SEC-I120,900.0,37.2,0.53,46.2,0.35,Moderate,398.4,Low,0.5,Low,32.9141095890411,44.74,0
SEC-I121,900.0,37.3,0.43,30.4,0.361,Moderate,398.4,Low,0.47,Medium,33.01260273972603,44.88,0
SEC-I122,900.0,37.1,0.24,9.5,0.521,Moderate,10442.3,Medium,0.44,High,34.4413698630137,46.82,4
SEC-I123,900.0,36.9,0.23,8.7,0.527,Moderate,10442.3,Medium,0.41,Medium,34.49602739726028,46.89,4
SEC-I124,900.0,36.9,0.34,19.0,0.528,Moderate,10442.3,Medium,0.38,Medium,34.50493150684932,46.9,4
SEC-I125,900.0,36.8,0.43,30.4,0.657,Moderate,19279.1,High,0.35,Low,35.657260273972604,48.47,6
SEC-I126,900.0,36.8,0.44,31.8,0.631,Moderate,18229.9,High,0.32,Low,35.425616438356165,48.15,6
SEC-I127,900.0,36.9,0.47,36.3,0.616,Moderate,18229.9,High,0.29,Low,35.290821917808216,47.97,5
SEC-I128,900.0,36.5,0.34,19.0,0.6,Moderate,18229.9,High,0.26,Low,35.148493150684935,47.78,5
SEC-I129,900.0,36.6,0.29,13.8,0.785,High,30119.8,High,0.23,Medium,36.8013698630137,50.03,12
SEC-I130,900.0,36.5,0.29,13.8,0.685,High,23140.4,High,0.2,Medium,35.90821917808219,48.81,7
SEC-I131,900.0,36.5,0.31,15.8,0.691,High,23140.4,High,0.17,Low,35.961643835616435,48.88,8
SEC-I132,900.0,36.4,0.26,11.1,0.697,High,23140.4,High,0.14,Low,36.0154794520548,48.96,8
SEC-I133,900.0,36.4,0.25,10.3,0.701,High,23003.2,High,0.11,Medium,36.05054794520548,49.01,8
SEC-I134,900.0,36.3,0.27,12.0,0.708,High,23003.2,High,0.08,Low,36.113150684931504,49.09,8
SEC-I135,900.0,36.5,0.27,12.0,0.716,High,23003.2,High,0.05,Medium,36.18493150684932,49.19,8
SEC-I136,900.0,36.5,0.31,15.8,0.557,Moderate,12130.1,Medium,0.02,Low,34.76301369863013,47.26,4
SEC-I137,900.0,36.7,0.41,27.6,0.634,Moderate,17418.2,High,0.0,Low,35.45232876712329,48.19,6
SEC-I138,900.0,37.4,0.26,11.1,0.626,Moderate,17418.2,High,0.0,High,35.380547945205485,48.09,6
SEC-I139,900.0,37.6,0.19,5.9,0.622,Moderate,17418.2,High,0.01,High,35.34452054794521,48.05,6
SEC-I140,900.0,37.6,0.26,11.1,0.59,Moderate,16652.7,High,0.04,High,35.05904109589041,47.66,5
SEC-I141,900.0,37.6,0.26,11.1,0.571,Moderate,16652.7,High,0.06,High,34.88904109589041,47.43,4
SEC-I142,900.0,37.1,0.24,9.5,0.553,Moderate,16652.7,High,0.09,High,34.72904109589041,47.21,4
SEC-I143,900.0,37.0,0.3,14.8,0.553,Moderate,16652.7,High,0.12,Medium,34.72904109589041,47.21,4
SEC-I144,900.0,36.8,0.35,20.1,0.514,Moderate,14099.3,High,0.15,Medium,34.37945205479452,46.73,3
SEC-I145,900.0,36.8,0.42,29.0,0.512,Moderate,14099.3,High,0.18,Low,34.36164383561644,46.71,3
SEC-I146,900.0,36.7,0.42,29.0,0.507,Moderate,14099.3,High,0.21,Low,34.31698630136986,46.65,3
SEC-I147,900.0,36.9,0.44,31.8,0.574,Moderate,17928.3,High,0.24,Low,34.91616438356164,47.46,4
SEC-I148,900.0,36.9,0.31,15.8,0.58,Moderate,17928.3,High,0.27,Medium,34.96931506849315,47.54,4
SEC-I149,900.0,37.0,0.3,14.8,0.58,Moderate,17928.3,High,0.3,Medium,34.96931506849315,47.54,4
SEC-I150,900.0,37.0,0.24,9.5,0.578,Moderate,17928.3,High,0.33,High,34.95164383561644,47.51,4
SEC-I151,900.0,37.0,0.28,12.9,0.66,High,23718.9,High,0.36,Medium,35.68452054794521,48.51,6
SEC-I152,900.0,36.8,0.28,12.9,0.653,Moderate,23718.9,High,0.39,Medium,35.62219178082192,48.42,6
SEC-I153,900.0,36.8,0.26,11.1,0.645,Moderate,23718.9,High,0.42,Medium,35.55054794520548,48.32,6
SEC-I154,900.0,36.7,0.28,12.9,0.557,Moderate,18532.2,High,0.45,Medium,34.76301369863013,47.26,4
SEC-I155,900.0,36.6,0.31,15.8,0.548,Moderate,18532.2,High,0.48,Medium,34.68287671232876,47.15,4
SEC-I156,900.0,36.6,0.29,13.8,0.54,Moderate,18532.2,High,0.51,Medium,34.61232876712329,47.05,4
SEC-I157,900.0,36.4,0.25,10.3,0.54,Moderate,18532.2,High,0.5,Medium,34.61232876712329,47.05,4
SEC-I158,900.0,36.4,0.28,12.9,0.492,Moderate,14820.2,High,0.48,Low,34.18301369863014,46.47,2
SEC-I159,900.0,35.9,0.31,15.8,0.5,Moderate,14820.2,High,0.47,Low,34.25493150684932,46.56,2
SEC-I160,900.0,35.9,0.44,31.8,0.507,Moderate,14820.2,High,0.46,Low,34.31698630136986,46.65,3
SEC-I161,900.0,35.9,0.62,63.2,0.513,Moderate,14820.2,High,0.45,Low,34.37068493150685,46.72,3
SEC-I162,900.0,36.0,0.54,47.9,0.392,Moderate,6388.1,Medium,0.44,Low,33.28945205479452,45.25,0
SEC-I163,900.0,36.3,0.55,49.7,0.397,Moderate,6388.1,Medium,0.44,Low,33.33438356164383,45.31,0
SEC-I164,900.0,36.3,0.52,44.4,0.401,Moderate,6388.1,Medium,0.43,Low,33.36931506849315,45.36,0
SEC-I165,900.0,36.6,0.58,55.3,0.517,Moderate,14074.4,High,0.43,Low,34.40712328767123,46.77,3
SEC-I166,900.0,36.8,0.37,22.5,0.518,Moderate,14074.4,High,0.43,Medium,34.41589041095891,46.78,4
SEC-I167,900.0,37.0,0.5,41.1,0.517,Moderate,14074.4,High,0.43,Low,34.40712328767123,46.77,3
SEC-I168,900.0,37.1,0.48,37.9,0.516,Moderate,14074.4,High,0.43,Low,34.39767123287672,46.76,3
SEC-I169,900.0,37.1,0.47,36.3,0.469,Moderate,11037.0,Medium,0.44,Low,33.97767123287671,46.19,2
SEC-J101,900.0,37.3,0.41,27.6,0.229,Low,579.5,Low,1.07,Medium,31.8327397260274,43.27,0
SEC-J102,900.0,37.6,0.35,20.1,0.231,Low,579.5,Low,1.04,High,31.85095890410959,43.3,0
SEC-J103,900.0,38.0,0.35,20.1,0.233,Low,579.5,Low,1.01,High,31.86835616438356,43.32,0
SEC-J104,900.0,38.5,0.32,16.8,0.486,Moderate,17170.3,High,0.98,High,34.12945205479452,46.39,2
SEC-J105,900.0,38.7,0.3,14.8,0.488,Moderate,17170.3,High,0.95,High,34.14712328767123,46.42,2
SEC-J106,900.0,38.5,0.28,12.9,0.491,Moderate,17170.3,High,0.92,High,34.173972602739724,46.45,2
SEC-J107,900.0,38.1,0.35,20.1,0.531,Moderate,19652.5,High,0.89,High,34.531643835616435,46.94,4
SEC-J108,900.0,37.8,0.4,26.3,0.534,Moderate,19652.5,High,0.86,Medium,34.5572602739726,46.98,4
SEC-J109,900.0,37.7,0.31,15.8,0.538,Moderate,19652.5,High,0.83,High,34.593835616438355,47.03,4
SEC-J110,900.0,37.6,0.25,10.3,0.544,Moderate,19652.5,High,0.8,High,34.64780821917808,47.1,4
SEC-J111,900.0,37.5,0.27,12.0,0.509,Moderate,16913.8,High,0.77,High,34.33520547945205,46.67,3
SEC-J112,900.0,37.3,0.28,12.9,0.516,Moderate,16913.8,High,0.74,High,34.39767123287672,46.76,3
SEC-J113,900.0,37.4,0.28,12.9,0.523,Moderate,16913.8,High,0.71,High,34.45986301369863,46.84,4
SEC-J114,900.0,37.5,0.29,13.8,0.531,Moderate,16913.8,High,0.68,High,34.531643835616435,46.94,4
SEC-J115,900.0,37.5,0.37,22.5,0.433,Moderate,9859.8,Medium,0.65,Medium,33.656164383561645,45.75,0
SEC-J116,900.0,37.5,0.4,26.3,0.442,Moderate,9859.8,Medium,0.62,Medium,33.73602739726027,45.86,0
SEC-J117,900.0,37.3,0.42,29.0,0.452,Moderate,9859.8,Medium,0.59,Medium,33.82547945205479,45.98,0
SEC-J118,900.0,37.3,0.49,39.5,0.318,Low,398.4,Low,0.56,Low,32.62835616438356,44.35,0
SEC-J119,900.0,37.3,0.56,51.5,0.328,Low,398.4,Low,0.53,Low,32.71767123287671,44.47,0
SEC-J120,900.0,37.3,0.49,39.5,0.337,Moderate,398.4,Low,0.5,Low,32.79712328767123,44.58,0
SEC-J121,900.0,37.1,0.44,31.8,0.345,Moderate,398.4,Low,0.47,Low,32.86904109589041,44.68,0
SEC-J122,900.0,37.0,0.31,15.8,0.503,Moderate,10442.3,Medium,0.44,Medium,34.28123287671233,46.6,2
SEC-J123,900.0,36.8,0.21,7.2,0.506,Moderate,10442.3,Medium,0.41,Medium,34.30821917808219,46.64,3
SEC-J124,900.0,36.7,0.39,25.0,0.506,Moderate,10442.3,Medium,0.38,Low,34.30821917808219,46.64,3
SEC-J125,900.0,36.6,0.49,39.5,0.502,Moderate,10442.3,Medium,0.35,Low,34.272465753424655,46.59,2
SEC-J126,900.0,36.7,0.49,39.5,0.611,Moderate,18229.9,High,0.32,Low,35.24616438356164,47.91,5
SEC-J127,900.0,36.8,0.39,25.0,0.598,Moderate,18229.9,High,0.29,Low,35.130547945205485,47.75,5
SEC-J128,900.0,36.4,0.32,16.8,0.602,Moderate,18229.9,High,0.26,Low,35.16575342465753,47.8,5
SEC-J129,900.0,36.4,0.34,19.0,0.682,High,23140.4,High,0.23,Low,35.88109589041096,48.77,7
SEC-J130,900.0,36.4,0.35,20.1,0.688,High,23140.4,High,0.2,Low,35.93397260273972,48.85,8
SEC-J131,900.0,36.3,0.35,20.1,0.695,High,23140.4,High,0.17,Low,35.99726027397261,48.93,8
SEC-J132,900.0,36.2,0.34,19.0,0.701,High,23140.4,High,0.14,Low,36.05054794520548,49.01,8
SEC-J133,900.0,36.2,0.26,11.1,0.705,High,23003.2,High,0.11,Low,36.08657534246576,49.05,8
SEC-J134,900.0,36.2,0.24,9.5,0.711,High,23003.2,High,0.08,Low,36.13945205479452,49.13,8
SEC-J135,900.0,36.4,0.32,16.8,0.716,High,23003.2,High,0.05,Low,36.18493150684932,49.19,8
SEC-J136,900.0,36.5,0.4,26.3,0.637,Moderate,17418.2,High,0.02,Low,35.47876712328767,48.23,6
SEC-J137,900.0,36.7,0.41,27.6,0.634,Moderate,17418.2,High,0.0,Low,35.45232876712329,48.19,6
SEC-J138,900.0,37.4,0.29,13.8,0.626,Moderate,17418.2,High,0.0,High,35.380547945205485,48.09,6
SEC-J139,900.0,37.6,0.3,14.8,0.624,Moderate,17418.2,High,0.01,High,35.36315068493151,48.07,6
SEC-J140,900.0,37.7,0.36,21.3,0.593,Moderate,16652.7,High,0.03,High,35.086164383561645,47.69,5
SEC-J141,900.0,37.7,0.35,20.1,0.583,Moderate,16652.7,High,0.06,High,34.99602739726028,47.57,4
SEC-J142,900.0,37.2,0.33,17.9,0.566,Moderate,16652.7,High,0.09,Medium,34.84438356164383,47.37,4
SEC-J143,900.0,37.0,0.27,12.0,0.557,Moderate,16652.7,High,0.12,Medium,34.76301369863013,47.26,4
SEC-J144,900.0,36.9,0.38,23.7,0.516,Moderate,14099.3,High,0.15,Medium,34.39767123287672,46.76,3
SEC-J145,900.0,36.9,0.45,33.3,0.514,Moderate,14099.3,High,0.18,Low,34.37945205479452,46.73,3
SEC-J146,900.0,36.8,0.29,13.8,0.535,Moderate,14099.3,High,0.21,Medium,34.56698630136986,46.99,4
SEC-J147,900.0,36.9,0.35,20.1,0.609,Moderate,17928.3,High,0.24,Medium,35.228630136986304,47.89,5
SEC-J148,900.0,36.9,0.33,17.9,0.612,Moderate,17928.3,High,0.27,Medium,35.25547945205479,47.92,5
SEC-J149,900.0,36.9,0.3,14.8,0.609,Moderate,17928.3,High,0.3,Medium,35.228630136986304,47.89,5
SEC-J150,900.0,36.9,0.23,8.7,0.602,Moderate,17928.3,High,0.33,Medium,35.16575342465753,47.8,5
SEC-J151,900.0,37.0,0.27,12.0,0.68,High,23718.9,High,0.36,Medium,35.86232876712329,48.75,7
SEC-J152,900.0,36.9,0.29,13.8,0.669,High,23718.9,High,0.39,Medium,35.764931506849315,48.62,6
SEC-J153,900.0,36.8,0.23,8.7,0.659,Moderate,23718.9,High,0.42,Medium,35.67520547945205,48.49,6
SEC-J154,900.0,36.7,0.29,13.8,0.57,Moderate,18532.2,High,0.45,Medium,34.87986301369863,47.41,4
SEC-J155,900.0,36.6,0.29,13.8,0.559,Moderate,18532.2,High,0.48,Medium,34.781643835616435,47.28,4
SEC-J156,900.0,36.6,0.27,12.0,0.549,Moderate,18532.2,High,0.51,Medium,34.692054794520544,47.16,4
SEC-J157,900.0,36.5,0.25,10.3,0.54,Moderate,18532.2,High,0.52,Medium,34.61232876712329,47.05,4
SEC-J158,900.0,36.4,0.28,12.9,0.488,Moderate,14820.2,High,0.51,Low,34.14712328767123,46.42,2
SEC-J159,900.0,36.1,0.36,21.3,0.495,Moderate,14820.2,High,0.5,Low,34.20972602739726,46.5,2
SEC-J160,900.0,36.0,0.47,36.3,0.501,Moderate,14820.2,High,0.49,Low,34.263424657534244,46.58,2
SEC-J161,900.0,35.9,0.56,51.5,0.507,Moderate,14820.2,High,0.48,Low,34.31698630136986,46.65,3
SEC-J162,900.0,35.8,0.45,33.3,0.385,Moderate,6388.1,Medium,0.47,Low,33.227397260273975,45.17,0
SEC-J163,900.0,36.1,0.59,57.2,0.39,Moderate,6388.1,Medium,0.47,Low,33.27123287671233,45.23,0
SEC-J164,900.0,36.1,0.59,57.2,0.393,Moderate,6388.1,Medium,0.46,Low,33.29876712328767,45.26,0
SEC-J165,900.0,36.4,0.52,44.4,0.511,Moderate,14074.4,High,0.46,Low,34.352602739726024,46.7,3
SEC-J166,900.0,36.8,0.43,30.4,0.511,Moderate,14074.4,High,0.46,Low,34.352602739726024,46.7,3
SEC-J167,900.0,37.1,0.53,46.2,0.511,Moderate,14074.4,High,0.46,Low,34.352602739726024,46.7,3
SEC-J168,900.0,37.3,0.44,31.8,0.51,Moderate,14074.4,High,0.46,Medium,34.343835616438355,46.68,3
SEC-J169,900.0,37.4,0.49,39.5,0.509,Moderate,14074.4,High,0.47,Low,34.33520547945205,46.67,3
SEC-K101,900.0,37.4,0.35,20.1,0.229,Low,579.5,Low,1.07,Medium,31.8327397260274,43.27,0
SEC-K102,900.0,37.7,0.29,13.8,0.231,Low,579.5,Low,1.04,High,31.85095890410959,43.3,0
SEC-K103,900.0,37.9,0.32,16.8,0.233,Low,579.5,Low,1.01,High,31.86835616438356,43.32,0
SEC-K104,900.0,38.5,0.29,13.8,0.486,Moderate,17170.3,High,0.98,High,34.12945205479452,46.39,2
SEC-K105,900.0,38.6,0.24,9.5,0.488,Moderate,17170.3,High,0.95,High,34.14712328767123,46.42,2
SEC-K106,900.0,38.5,0.29,13.8,0.491,Moderate,17170.3,High,0.92,High,34.173972602739724,46.45,2
SEC-K107,900.0,38.3,0.39,25.0,0.493,Moderate,17170.3,High,0.89,High,34.192328767123286,46.48,2
SEC-K108,900.0,37.9,0.31,15.8,0.534,Moderate,19652.5,High,0.86,High,34.5572602739726,46.98,4
SEC-K109,900.0,37.7,0.28,12.9,0.537,Moderate,19652.5,High,0.83,High,34.585068493150686,47.01,4
SEC-K110,900.0,37.5,0.31,15.8,0.541,Moderate,19652.5,High,0.8,High,34.6213698630137,47.06,4
SEC-K111,900.0,37.4,0.32,16.8,0.506,Moderate,16913.8,High,0.77,High,34.30821917808219,46.64,3
SEC-K112,900.0,37.1,0.33,17.9,0.512,Moderate,16913.8,High,0.74,Medium,34.36164383561644,46.71,3
SEC-K113,900.0,37.3,0.28,12.9,0.519,Moderate,16913.8,High,0.71,High,34.424109589041095,46.79,4
SEC-K114,900.0,37.4,0.25,10.3,0.526,Moderate,16913.8,High,0.68,High,34.48739726027397,46.88,4
SEC-K115,900.0,37.4,0.35,20.1,0.427,Moderate,9859.8,Medium,0.65,Medium,33.60232876712328,45.68,0
SEC-K116,900.0,37.3,0.38,23.7,0.435,Moderate,9859.8,Medium,0.62,Medium,33.67369863013698,45.77,0
SEC-K117,900.0,37.3,0.42,29.0,0.443,Moderate,9859.8,Medium,0.59,Medium,33.74520547945205,45.87,0
SEC-K118,900.0,37.1,0.46,34.8,0.309,Low,398.4,Low,0.56,Low,32.54835616438356,44.24,0
SEC-K119,900.0,37.0,0.46,34.8,0.317,Low,398.4,Low,0.53,Low,32.61917808219178,44.34,0
SEC-K120,900.0,37.0,0.43,30.4,0.324,Low,398.4,Low,0.5,Low,32.68246575342466,44.43,0
SEC-K121,900.0,37.2,0.44,31.8,0.33,Moderate,398.4,Low,0.47,Medium,32.7354794520548,44.5,0
SEC-K122,900.0,37.2,0.35,20.1,0.486,Moderate,10442.3,Medium,0.44,Medium,34.12945205479452,46.39,2
SEC-K123,900.0,37.0,0.28,12.9,0.488,Moderate,10442.3,Medium,0.41,Medium,34.14712328767123,46.42,2
SEC-K124,900.0,36.7,0.44,31.8,0.487,Moderate,10442.3,Medium,0.38,Low,34.13835616438356,46.41,2
SEC-K125,900.0,36.6,0.49,39.5,0.483,Moderate,10442.3,Medium,0.35,Low,34.10328767123288,46.36,2
SEC-K126,900.0,36.6,0.48,37.9,0.593,Moderate,18229.9,High,0.32,Low,35.086164383561645,47.69,5
SEC-K127,900.0,36.8,0.38,23.7,0.596,Moderate,18229.9,High,0.29,Low,35.11219178082192,47.73,5
SEC-K128,900.0,36.4,0.34,19.0,0.602,Moderate,18229.9,High,0.26,Low,35.16575342465753,47.8,5
SEC-K129,900.0,36.3,0.33,17.9,0.682,High,23140.4,High,0.23,Low,35.88109589041096,48.77,7
SEC-K130,900.0,36.3,0.31,15.8,0.688,High,23140.4,High,0.2,Low,35.93397260273972,48.85,8
SEC-K131,900.0,36.2,0.36,21.3,0.694,High,23140.4,High,0.17,Low,35.98821917808219,48.92,8
SEC-K132,900.0,36.1,0.46,34.8,0.7,High,23140.4,High,0.14,Low,36.04150684931506,48.99,8
SEC-K133,900.0,36.1,0.35,20.1,0.703,High,23003.2,High,0.11,Low,36.06808219178082,49.03,8
SEC-K134,900.0,36.2,0.34,19.0,0.708,High,23003.2,High,0.09,Low,36.113150684931504,49.09,8
SEC-K135,900.0,36.4,0.41,27.6,0.712,High,23003.2,High,0.06,Low,36.14835616438356,49.14,8
SEC-K136,900.0,36.6,0.37,22.5,0.631,Moderate,17418.2,High,0.03,Low,35.425616438356165,48.15,6
SEC-K137,900.0,36.8,0.36,21.3,0.633,Moderate,17418.2,High,0.01,Medium,35.443561643835615,48.18,6
SEC-K138,900.0,37.5,0.32,16.8,0.633,Moderate,17418.2,High,0.01,High,35.443561643835615,48.18,6
SEC-K139,900.0,37.7,0.35,20.1,0.626,Moderate,17418.2,High,0.02,High,35.380547945205485,48.09,6
SEC-K140,900.0,37.7,0.4,26.3,0.602,Moderate,16652.7,High,0.05,Medium,35.16575342465753,47.8,5
SEC-K141,900.0,37.7,0.37,22.5,0.59,Moderate,16652.7,High,0.07,High,35.05904109589041,47.66,5
SEC-K142,900.0,37.2,0.28,12.9,0.578,Moderate,16652.7,High,0.1,High,34.95164383561644,47.51,4
SEC-K143,900.0,37.0,0.25,10.3,0.566,Moderate,16652.7,High,0.13,Medium,34.84438356164383,47.37,4
SEC-K144,900.0,36.9,0.34,19.0,0.521,Moderate,14099.3,High,0.16,Medium,34.4413698630137,46.82,4
SEC-K145,900.0,37.0,0.39,25.0,0.537,Moderate,14099.3,High,0.19,Medium,34.585068493150686,47.01,4
SEC-K146,900.0,36.6,0.31,15.8,0.564,Moderate,14099.3,High,0.22,Medium,34.82616438356164,47.34,4
SEC-K147,900.0,36.6,0.32,16.8,0.639,Moderate,17928.3,High,0.25,Medium,35.49630136986301,48.25,6
SEC-K148,900.0,36.5,0.33,17.9,0.644,Moderate,17928.3,High,0.28,Low,35.5413698630137,48.31,6
SEC-K149,900.0,36.6,0.27,12.0,0.638,Moderate,17928.3,High,0.31,Medium,35.48712328767123,48.24,6
SEC-K150,900.0,36.5,0.24,9.5,0.625,Moderate,17928.3,High,0.34,Medium,35.37178082191781,48.08,6
SEC-K151,900.0,36.5,0.28,12.9,0.698,High,23718.9,High,0.37,Medium,36.023835616438355,48.97,8
SEC-K152,900.0,37.2,0.26,11.1,0.684,High,23718.9,High,0.4,High,35.89890410958904,48.8,7
SEC-K153,900.0,37.1,0.31,15.8,0.671,High,23718.9,High,0.43,Medium,35.78219178082192,48.64,6
SEC-K154,900.0,37.0,0.28,12.9,0.58,Moderate,18532.2,High,0.46,Medium,34.96931506849315,47.54,4
SEC-K155,900.0,36.9,0.28,12.9,0.569,Moderate,18532.2,High,0.49,Medium,34.8713698630137,47.4,4
SEC-K156,900.0,36.9,0.31,15.8,0.558,Moderate,18532.2,High,0.52,Medium,34.77219178082191,47.27,4
SEC-K157,900.0,36.8,0.33,17.9,0.547,Moderate,18532.2,High,0.55,Medium,34.6745205479452,47.13,4
SEC-K158,900.0,36.7,0.32,16.8,0.484,Moderate,14820.2,High,0.54,Medium,34.11191780821918,46.37,2
SEC-K159,900.0,36.0,0.39,25.0,0.49,Moderate,14820.2,High,0.53,Low,34.164931506849314,46.44,2
SEC-K160,900.0,35.9,0.47,36.3,0.496,Moderate,14820.2,High,0.52,Low,34.21849315068493,46.51,2
SEC-K161,900.0,35.8,0.57,53.4,0.501,Moderate,14820.2,High,0.51,Low,34.263424657534244,46.58,2
SEC-K162,900.0,35.7,0.45,33.3,0.379,Moderate,6388.1,Medium,0.5,Low,33.17328767123288,45.09,0
SEC-K163,900.0,35.9,0.56,51.5,0.383,Moderate,6388.1,Medium,0.49,Low,33.20876712328767,45.14,0
SEC-K164,900.0,35.9,0.66,71.6,0.386,Moderate,6388.1,Medium,0.49,Low,33.23684931506849,45.18,0
SEC-K165,900.0,36.2,0.46,34.8,0.505,Moderate,14074.4,High,0.49,Low,34.29945205479452,46.62,2
SEC-K166,900.0,36.6,0.44,31.8,0.506,Moderate,14074.4,High,0.49,Low,34.30821917808219,46.64,3
SEC-K167,900.0,37.0,0.46,34.8,0.505,Moderate,14074.4,High,0.49,Low,34.29945205479452,46.62,2
SEC-K168,900.0,37.3,0.39,25.0,0.505,Moderate,14074.4,High,0.49,Medium,34.29945205479452,46.62,2
SEC-K169,900.0,37.6,0.41,27.6,0.458,Moderate,11060.7,Medium,0.5,Medium,33.87931506849315,46.05,2
SEC-L101,900.0,37.5,0.33,17.9,0.228,Low,579.5,Low,1.07,High,31.823561643835614,43.26,0
SEC-L102,900.0,37.8,0.25,10.3,0.309,Low,5798.7,Medium,1.04,High,32.54835616438356,44.24,0
SEC-L103,900.0,38.0,0.24,9.5,0.312,Low,5798.7,Medium,1.01,High,32.574657534246576,44.28,0
SEC-L104,900.0,38.5,0.26,11.1,0.486,Moderate,17170.3,High,0.98,High,34.12945205479452,46.39,2
SEC-L105,900.0,38.5,0.25,10.3,0.488,Moderate,17170.3,High,0.95,High,34.14712328767123,46.42,2
SEC-L106,900.0,38.4,0.34,19.0,0.285,Low,3549.3,Low,0.92,High,32.333287671232874,43.95,0
SEC-L107,900.0,38.0,0.34,19.0,0.288,Low,3549.3,Low,0.89,High,32.36041095890411,43.99,0
SEC-L108,900.0,37.7,0.25,10.3,0.534,Moderate,19652.5,High,0.86,High,34.5572602739726,46.98,4
SEC-L109,900.0,37.6,0.3,14.8,0.306,Low,4353.5,Medium,0.83,High,32.52082191780822,44.21,0
SEC-L110,900.0,37.4,0.51,42.8,0.309,Low,4353.5,Medium,0.8,Low,32.54835616438356,44.24,0
SEC-L111,900.0,37.2,0.56,51.5,0.313,Low,4353.5,Medium,0.77,Low,32.583698630136986,44.29,0
SEC-L112,900.0,37.0,0.58,55.3,0.508,Moderate,16913.8,High,0.74,Low,34.325616438356164,46.66,3
SEC-L113,900.0,36.9,0.38,23.7,0.283,Low,1550.6,Low,0.71,Medium,32.31575342465754,43.93,0
SEC-L114,900.0,37.1,0.28,12.9,0.289,Low,1550.6,Low,0.68,Medium,32.36917808219178,44.0,0
SEC-L115,900.0,37.2,0.4,26.3,0.421,Moderate,9859.8,Medium,0.65,Medium,33.54904109589041,45.6,0
SEC-L116,900.0,37.1,0.42,29.0,0.428,Moderate,9859.8,Medium,0.62,Medium,33.61109589041096,45.69,0
SEC-L117,900.0,37.0,0.35,20.1,0.326,Low,2629.8,Low,0.59,Medium,32.699041095890415,44.45,0
SEC-L118,900.0,37.0,0.37,22.5,0.333,Moderate,2629.8,Low,0.56,Medium,32.762328767123286,44.53,0
SEC-L119,900.0,36.9,0.43,30.4,0.305,Low,398.4,Low,0.53,Low,32.512191780821915,44.19,0
SEC-L120,900.0,36.9,0.41,27.6,0.422,Moderate,7722.7,Medium,0.5,Low,33.55739726027397,45.62,0
SEC-L121,900.0,36.8,0.48,37.9,0.426,Moderate,7722.7,Medium,0.47,Low,33.59369863013699,45.66,0
SEC-L122,900.0,36.8,0.37,22.5,0.429,Moderate,7722.7,Medium,0.44,Medium,33.619726027397256,45.7,0
SEC-L123,900.0,36.6,0.3,14.8,0.471,Moderate,10442.3,Medium,0.41,Medium,33.995616438356166,46.21,2
SEC-L124,900.0,36.2,0.41,27.6,0.417,Moderate,6967.7,Medium,0.38,Low,33.51315068493151,45.56,0
SEC-L125,900.0,36.1,0.46,34.8,0.414,Moderate,6967.7,Medium,0.35,Low,33.48616438356164,45.52,0
SEC-L126,900.0,36.1,0.4,26.3,0.59,Moderate,18229.9,High,0.32,Low,35.05904109589041,47.66,5
SEC-L127,900.0,36.2,0.34,19.0,0.613,Moderate,19418.0,High,0.3,Low,35.2645205479452,47.94,5
SEC-L128,900.0,36.2,0.32,16.8,0.619,Moderate,19418.0,High,0.27,Low,35.31767123287671,48.01,6
SEC-L129,900.0,36.2,0.3,14.8,0.624,Moderate,19418.0,High,0.24,Low,35.36315068493151,48.07,6
SEC-L130,900.0,36.2,0.29,13.8,0.686,High,23140.4,High,0.21,Low,35.91698630136986,48.82,8
SEC-L131,900.0,36.1,0.34,19.0,0.464,Moderate,8037.7,Medium,0.18,Low,33.933150684931505,46.13,2
SEC-L132,900.0,36.0,0.42,29.0,0.469,Moderate,8037.7,Medium,0.15,Low,33.97767123287671,46.19,2
SEC-L133,900.0,36.0,0.5,41.1,0.474,Moderate,8037.7,Medium,0.12,Low,34.02205479452055,46.25,2
SEC-L134,900.0,36.0,0.51,42.8,0.421,Moderate,4271.9,Medium,0.1,Low,33.54904109589041,45.6,0
SEC-L135,900.0,36.5,0.48,37.9,0.425,Moderate,4271.9,Medium,0.08,Low,33.5845205479452,45.65,0
SEC-L136,900.0,36.7,0.37,22.5,0.428,Moderate,4271.9,Medium,0.06,Low,33.61109589041096,45.69,0
SEC-L137,900.0,37.0,0.26,11.1,0.629,Moderate,17418.2,High,0.04,Medium,35.407260273972604,48.13,6
SEC-L138,900.0,37.2,0.32,16.8,0.686,High,21219.3,High,0.04,Medium,35.91698630136986,48.82,8
SEC-L139,900.0,37.4,0.32,16.8,0.681,High,21219.3,High,0.05,High,35.87219178082192,48.76,7
SEC-L140,900.0,37.3,0.31,15.8,0.674,High,21219.3,High,0.07,High,35.80945205479452,48.68,7
SEC-L141,900.0,37.3,0.29,13.8,0.644,Moderate,19959.4,High,0.09,High,35.5413698630137,48.31,6
SEC-L142,900.0,37.0,0.22,8.0,0.635,Moderate,19959.4,High,0.11,High,35.46109589041096,48.2,6
SEC-L143,900.0,37.0,0.23,8.7,0.623,Moderate,19959.4,High,0.14,High,35.35397260273973,48.06,6
SEC-L144,900.0,37.0,0.32,16.8,0.619,Moderate,19959.4,High,0.17,Medium,35.31767123287671,48.01,6
SEC-L145,900.0,36.7,0.32,16.8,0.708,High,23670.2,High,0.2,Medium,36.113150684931504,49.09,8
SEC-L146,900.0,36.8,0.29,13.8,0.739,High,23670.2,High,0.22,Medium,36.39013698630137,49.47,8
SEC-L147,900.0,36.7,0.31,15.8,0.761,High,23670.2,High,0.25,Medium,36.587397260273974,49.73,9
SEC-L148,900.0,36.6,0.34,19.0,0.702,High,19724.3,High,0.28,Low,36.059178082191785,49.02,8
SEC-L149,900.0,36.5,0.31,15.8,0.689,High,19724.3,High,0.31,Low,35.94287671232877,48.86,8
SEC-L150,900.0,36.5,0.25,10.3,0.672,High,19724.3,High,0.34,Medium,35.79150684931507,48.65,7
SEC-L151,900.0,36.5,0.25,10.3,0.654,Moderate,19724.3,High,0.37,Medium,35.63068493150685,48.43,6
SEC-L152,900.0,37.1,0.26,11.1,0.618,Moderate,18519.4,High,0.4,High,35.308904109589044,48.0,5
SEC-L153,900.0,36.9,0.23,8.7,0.602,Moderate,18519.4,High,0.43,Medium,35.16575342465753,47.8,5
SEC-L154,900.0,36.9,0.28,12.9,0.588,Moderate,18519.4,High,0.46,Medium,35.040821917808216,47.63,4
SEC-L155,900.0,36.9,0.5,41.1,0.507,Moderate,13963.8,High,0.49,Low,34.31698630136986,46.65,3
SEC-L156,900.0,36.8,0.5,41.1,0.496,Moderate,13963.8,High,0.52,Low,34.21849315068493,46.51,2
SEC-L157,900.0,36.8,0.5,41.1,0.485,Moderate,13963.8,High,0.55,Low,34.12013698630137,46.38,2
SEC-L158,900.0,36.7,0.49,39.5,0.475,Moderate,13963.8,High,0.56,Low,34.0313698630137,46.26,2
SEC-L159,900.0,35.9,0.44,31.8,0.344,Moderate,5425.3,Medium,0.55,Low,32.86041095890411,44.67,0
SEC-L160,900.0,36.0,0.47,36.3,0.35,Moderate,5425.3,Medium,0.54,Low,32.9141095890411,44.74,0
SEC-L161,900.0,35.8,0.64,67.3,0.354,Moderate,5425.3,Medium,0.54,Low,32.950136986301374,44.79,0
SEC-L162,900.0,35.8,0.58,55.3,0.358,Moderate,5425.3,Medium,0.53,Low,32.98575342465753,44.84,0
SEC-L163,900.0,35.9,0.61,61.2,0.33,Moderate,3303.2,Low,0.52,Low,32.7354794520548,44.5,0
SEC-L164,900.0,36.0,0.68,76.0,0.333,Moderate,3303.2,Low,0.52,Low,32.762328767123286,44.53,0
SEC-L165,900.0,36.3,0.59,57.2,0.336,Moderate,3303.2,Low,0.52,Low,32.789726027397265,44.57,0
SEC-L166,900.0,36.7,0.51,42.8,0.455,Moderate,11060.7,Medium,0.52,Low,33.85287671232877,46.02,1
SEC-L167,900.0,37.2,0.38,23.7,0.454,Moderate,11060.7,Medium,0.52,Medium,33.84356164383561,46.0,1
SEC-L168,900.0,37.6,0.28,12.9,0.454,Moderate,11060.7,Medium,0.52,High,33.84356164383561,46.0,1
SEC-L169,900.0,38.0,0.35,20.1,0.453,Moderate,11060.7,Medium,0.53,High,33.8345205479452,45.99,0
SEC-M101,900.0,37.6,0.33,17.9,0.307,Low,5798.7,Medium,1.07,High,32.52945205479452,44.22,0
SEC-M102,900.0,37.9,0.24,9.5,0.309,Low,5798.7,Medium,1.04,High,32.54835616438356,44.24,0
SEC-M103,900.0,38.1,0.2,6.6,0.311,Low,5798.7,Medium,1.01,High,32.56643835616438,44.27,0
SEC-M104,900.0,38.0,0.17,4.8,0.314,Low,5798.7,Medium,0.98,High,32.59164383561644,44.3,0
SEC-M105,900.0,38.0,0.21,7.2,0.282,Low,3549.3,Low,0.95,High,32.3068493150685,43.92,0
SEC-M106,900.0,37.7,0.29,13.8,0.285,Low,3549.3,Low,0.92,High,32.333287671232874,43.95,0
SEC-M107,900.0,37.5,0.29,13.8,0.288,Low,3549.3,Low,0.89,High,32.36041095890411,43.99,0
SEC-M108,900.0,37.3,0.29,13.8,0.29,Low,3549.3,Low,0.86,High,32.377945205479456,44.01,0
SEC-M109,900.0,37.2,0.35,20.1,0.306,Low,4353.5,Medium,0.83,Medium,32.52082191780822,44.21,0
SEC-M110,900.0,37.1,0.52,44.4,0.309,Low,4353.5,Medium,0.8,Low,32.54835616438356,44.24,0
SEC-M111,900.0,37.0,0.57,53.4,0.312,Low,4353.5,Medium,0.77,Low,32.574657534246576,44.28,0
SEC-M112,900.0,37.0,0.59,57.2,0.273,Low,1550.6,Low,0.74,Low,32.226301369863016,43.81,0
SEC-M113,900.0,37.0,0.49,39.5,0.278,Low,1550.6,Low,0.71,Low,32.27095890410959,43.87,0
SEC-M114,900.0,36.9,0.34,19.0,0.284,Low,1550.6,Low,0.68,Medium,32.324246575342464,43.94,0
SEC-M115,900.0,36.8,0.45,33.3,0.289,Low,1550.6,Low,0.65,Low,32.36917808219178,44.0,0
SEC-M116,900.0,36.8,0.53,46.2,0.312,Low,2629.8,Low,0.63,Low,32.574657534246576,44.28,0
SEC-M117,900.0,36.7,0.42,29.0,0.318,Low,2629.8,Low,0.6,Low,32.62835616438356,44.35,0
SEC-M118,900.0,36.6,0.41,27.6,0.323,Low,2629.8,Low,0.57,Low,32.67328767123288,44.41,0
SEC-M119,900.0,36.7,0.47,36.3,0.405,Moderate,7722.7,Medium,0.54,Low,33.405890410958904,45.41,0
SEC-M120,900.0,36.7,0.49,39.5,0.41,Moderate,7722.7,Medium,0.51,Low,33.45054794520548,45.47,0
SEC-M121,900.0,36.6,0.53,46.2,0.413,Moderate,7722.7,Medium,0.48,Low,33.477260273972604,45.51,0
SEC-M122,900.0,36.6,0.43,30.4,0.415,Moderate,7722.7,Medium,0.45,Low,33.495342465753424,45.53,0
SEC-M123,900.0,36.5,0.33,17.9,0.403,Moderate,6967.7,Medium,0.42,Low,33.38767123287671,45.39,0
SEC-M124,900.0,36.0,0.27,12.0,0.408,Moderate,6967.7,Medium,0.39,Low,33.43164383561644,45.45,0
SEC-M125,900.0,36.0,0.36,21.3,0.413,Moderate,6967.7,Medium,0.36,Low,33.477260273972604,45.51,0
SEC-M126,900.0,36.0,0.35,20.1,0.418,Moderate,6967.7,Medium,0.33,Low,33.52191780821918,45.57,0
SEC-M127,900.0,36.1,0.42,29.0,0.611,Moderate,19418.0,High,0.3,Low,35.24616438356164,47.91,5
SEC-M128,900.0,36.0,0.38,23.7,0.617,Moderate,19418.0,High,0.27,Low,35.299863013698626,47.98,5
SEC-M129,900.0,36.1,0.34,19.0,0.622,Moderate,19418.0,High,0.25,Low,35.34452054794521,48.05,6
SEC-M130,900.0,36.2,0.29,13.8,0.456,Moderate,8037.7,Medium,0.22,Low,33.861780821917804,46.03,2
SEC-M131,900.0,36.1,0.4,26.3,0.461,Moderate,8037.7,Medium,0.19,Low,33.906164383561645,46.09,2
SEC-M132,900.0,36.0,0.46,34.8,0.466,Moderate,8037.7,Medium,0.17,Low,33.95054794520548,46.15,2
SEC-M133,900.0,35.9,0.56,51.5,0.47,Moderate,8037.7,Medium,0.14,Low,33.986712328767126,46.2,2
SEC-M134,900.0,36.0,0.65,69.4,0.417,Moderate,4271.9,Medium,0.12,Low,33.51315068493151,45.56,0
SEC-M135,900.0,36.6,0.54,47.9,0.421,Moderate,4271.9,Medium,0.1,Low,33.54904109589041,45.6,0
SEC-M136,900.0,36.8,0.36,21.3,0.423,Moderate,4271.9,Medium,0.08,Medium,33.566849315068495,45.63,0
SEC-M137,900.0,37.0,0.3,14.8,0.681,High,21219.3,High,0.07,Medium,35.87219178082192,48.76,7
SEC-M138,900.0,37.2,0.3,14.8,0.681,High,21219.3,High,0.07,Medium,35.87219178082192,48.76,7
SEC-M139,900.0,37.4,0.29,13.8,0.678,High,21219.3,High,0.08,High,35.845205479452055,48.73,7
SEC-M140,900.0,37.4,0.25,10.3,0.673,High,21219.3,High,0.09,High,35.800000000000004,48.66,7
SEC-M141,900.0,37.3,0.25,10.3,0.645,Moderate,19959.4,High,0.11,High,35.55054794520548,48.32,6
SEC-M142,900.0,37.0,0.23,8.7,0.637,Moderate,19959.4,High,0.13,High,35.47876712328767,48.23,6
SEC-M143,900.0,37.0,0.3,14.8,0.627,Moderate,19959.4,High,0.15,Medium,35.38904109589041,48.11,6
SEC-M144,900.0,37.0,0.29,13.8,0.637,Moderate,19959.4,High,0.18,Medium,35.47876712328767,48.23,6
SEC-M145,900.0,36.8,0.3,14.8,0.727,High,23670.2,High,0.21,Medium,36.28328767123288,49.32,8
SEC-M146,900.0,36.8,0.26,11.1,0.765,High,23670.2,High,0.23,Medium,36.622465753424656,49.78,10
SEC-M147,900.0,36.7,0.3,14.8,0.8,High,23670.2,High,0.26,Medium,36.935753424657534,50.21,12
SEC-M148,900.0,36.7,0.38,23.7,0.729,High,19724.3,High,0.29,Low,36.30054794520548,49.35,8
SEC-M149,900.0,36.5,0.31,15.8,0.705,High,19724.3,High,0.32,Low,36.08657534246576,49.05,8
SEC-M150,900.0,36.5,0.28,12.9,0.683,High,19724.3,High,0.35,Medium,35.88972602739726,48.79,7
SEC-M151,900.0,36.5,0.25,10.3,0.664,High,19724.3,High,0.38,Medium,35.71972602739726,48.56,6
SEC-M152,900.0,37.1,0.3,14.8,0.627,Moderate,18519.4,High,0.41,Medium,35.38904109589041,48.11,6
SEC-M153,900.0,36.9,0.34,19.0,0.609,Moderate,18519.4,High,0.44,Medium,35.228630136986304,47.89,5
SEC-M154,900.0,36.9,0.35,20.1,0.594,Moderate,18519.4,High,0.46,Medium,35.09479452054794,47.71,5
SEC-M155,900.0,36.9,0.44,31.8,0.512,Moderate,13963.8,High,0.49,Low,34.36164383561644,46.71,3
SEC-M156,900.0,36.8,0.47,36.3,0.5,Moderate,13963.8,High,0.52,Low,34.25493150684932,46.56,2
SEC-M157,900.0,36.8,0.48,37.9,0.489,Moderate,13963.8,High,0.55,Low,34.15575342465753,46.43,2
SEC-M158,900.0,36.7,0.43,30.4,0.479,Moderate,13963.8,High,0.58,Low,34.06698630136986,46.31,2
SEC-M159,900.0,36.0,0.4,26.3,0.34,Moderate,5425.3,Medium,0.58,Low,32.82520547945205,44.62,0
SEC-M160,900.0,36.0,0.55,49.7,0.345,Moderate,5425.3,Medium,0.57,Low,32.86904109589041,44.68,0
SEC-M161,900.0,36.0,0.58,55.3,0.349,Moderate,5425.3,Medium,0.57,Low,32.90506849315069,44.73,0
SEC-M162,900.0,35.9,0.48,37.9,0.353,Moderate,5425.3,Medium,0.56,Low,32.94068493150685,44.78,0
SEC-M163,900.0,36.0,0.58,55.3,0.324,Low,3303.2,Low,0.55,Low,32.68246575342466,44.43,0
SEC-M164,900.0,36.1,0.62,63.2,0.327,Low,3303.2,Low,0.55,Low,32.70821917808219,44.46,0
SEC-M165,900.0,36.4,0.64,67.3,0.33,Moderate,3303.2,Low,0.55,Low,32.7354794520548,44.5,0
SEC-M166,900.0,36.8,0.59,57.2,0.449,Moderate,11060.7,Medium,0.55,Low,33.798630136986304,45.94,0
SEC-M167,900.0,37.3,0.34,19.0,0.449,Moderate,11060.7,Medium,0.55,Medium,33.798630136986304,45.94,0
SEC-M168,900.0,37.9,0.35,20.1,0.449,Moderate,11060.7,Medium,0.55,High,33.798630136986304,45.94,0
SEC-M169,900.0,38.5,0.39,25.0,0.448,Moderate,11060.7,Medium,0.56,High,33.78945205479452,45.93,0
SEC-N101,900.0,37.5,0.37,22.5,0.307,Low,5798.7,Medium,1.08,Medium,32.52945205479452,44.22,0
SEC-N102,900.0,37.7,0.29,13.8,0.309,Low,5798.7,Medium,1.05,High,32.54835616438356,44.24,0
SEC-N103,900.0,37.8,0.18,5.3,0.311,Low,5798.7,Medium,1.02,High,32.56643835616438,44.27,0
SEC-N104,900.0,37.6,0.19,5.9,0.314,Low,5798.7,Medium,0.99,High,32.59164383561644,44.3,0
SEC-N105,900.0,37.6,0.23,8.7,0.282,Low,3549.3,Low,0.96,High,32.3068493150685,43.92,0
SEC-N106,900.0,37.0,0.24,9.5,0.285,Low,3549.3,Low,0.93,High,32.333287671232874,43.95,0
SEC-N107,900.0,37.1,0.29,13.8,0.287,Low,3549.3,Low,0.9,Medium,32.35164383561644,43.98,0
SEC-N108,900.0,37.0,0.34,19.0,0.29,Low,3549.3,Low,0.87,Medium,32.377945205479456,44.01,0
SEC-N109,900.0,36.9,0.42,29.0,0.305,Low,4353.5,Medium,0.84,Low,32.512191780821915,44.19,0
SEC-N110,900.0,36.9,0.42,29.0,0.308,Low,4353.5,Medium,0.81,Low,32.538630136986306,44.23,0
SEC-N111,900.0,36.9,0.42,29.0,0.312,Low,4353.5,Medium,0.78,Low,32.574657534246576,44.28,0
SEC-N112,900.0,37.1,0.34,19.0,0.273,Low,1550.6,Low,0.75,Medium,32.226301369863016,43.81,0
SEC-N113,900.0,37.1,0.3,14.8,0.276,Low,1550.6,Low,0.72,Medium,32.25287671232877,43.84,0
SEC-N114,900.0,36.9,0.38,23.7,0.28,Low,1550.6,Low,0.69,Medium,32.288356164383565,43.89,0
SEC-N115,900.0,36.7,0.53,46.2,0.284,Low,1550.6,Low,0.66,Low,32.324246575342464,43.94,0
SEC-N116,900.0,36.6,0.54,47.9,0.305,Low,2629.8,Low,0.63,Low,32.512191780821915,44.19,0
SEC-N117,900.0,36.5,0.49,39.5,0.309,Low,2629.8,Low,0.6,Low,32.54835616438356,44.24,0
SEC-N118,900.0,36.5,0.55,49.7,0.314,Low,2629.8,Low,0.57,Low,32.59164383561644,44.3,0
SEC-N119,900.0,36.5,0.47,36.3,0.395,Moderate,7722.7,Medium,0.54,Low,33.31616438356164,45.29,0
SEC-N120,900.0,36.5,0.41,27.6,0.398,Moderate,7722.7,Medium,0.51,Low,33.34301369863014,45.32,0
SEC-N121,900.0,36.4,0.47,36.3,0.403,Moderate,7722.7,Medium,0.48,Low,33.38767123287671,45.39,0
SEC-N122,900.0,36.4,0.35,20.1,0.408,Moderate,7722.7,Medium,0.46,Low,33.43164383561644,45.45,0
SEC-N123,900.0,36.3,0.23,8.7,0.401,Moderate,6967.7,Medium,0.43,Low,33.36931506849315,45.36,0
SEC-N124,900.0,35.9,0.32,16.8,0.406,Moderate,6967.7,Medium,0.4,Low,33.41465753424657,45.42,0
SEC-N125,900.0,35.8,0.52,44.4,0.411,Moderate,6967.7,Medium,0.37,Low,33.45986301369863,45.48,0
SEC-N126,900.0,35.8,0.52,44.4,0.416,Moderate,6967.7,Medium,0.34,Low,33.504383561643834,45.54,0
SEC-N127,900.0,35.8,0.52,44.4,0.609,Moderate,19418.0,High,0.31,Low,35.228630136986304,47.89,5
SEC-N128,900.0,35.8,0.31,15.8,0.614,Moderate,19418.0,High,0.29,Low,35.273835616438355,47.95,5
SEC-N129,900.0,36.0,0.29,13.8,0.619,Moderate,19418.0,High,0.26,Low,35.31767123287671,48.01,6
SEC-N130,900.0,36.2,0.36,21.3,0.453,Moderate,8037.7,Medium,0.23,Low,33.8345205479452,45.99,0
SEC-N131,900.0,36.0,0.45,33.3,0.457,Moderate,8037.7,Medium,0.21,Low,33.870273972602746,46.04,2
SEC-N132,900.0,35.9,0.41,27.6,0.462,Moderate,8037.7,Medium,0.18,Low,33.915205479452055,46.1,2
SEC-N133,900.0,35.9,0.59,57.2,0.466,Moderate,8037.7,Medium,0.16,Low,33.95054794520548,46.15,2
SEC-N134,900.0,36.0,0.65,69.4,0.413,Moderate,4271.9,Medium,0.14,Low,33.477260273972604,45.51,0
SEC-N135,900.0,36.6,0.54,47.9,0.416,Moderate,4271.9,Medium,0.12,Low,33.504383561643834,45.54,0
SEC-N136,900.0,36.7,0.36,21.3,0.418,Moderate,4271.9,Medium,0.11,Low,33.52191780821918,45.57,0
SEC-N137,900.0,36.9,0.32,16.8,0.676,High,21219.3,High,0.1,Medium,35.8272602739726,48.7,7
SEC-N138,900.0,37.1,0.27,12.0,0.676,High,21219.3,High,0.1,High,35.8272602739726,48.7,7
SEC-N139,900.0,37.3,0.26,11.1,0.673,High,21219.3,High,0.1,High,35.800000000000004,48.66,7
SEC-N140,900.0,37.2,0.23,8.7,0.67,High,21219.3,High,0.12,High,35.773698630136984,48.63,6
SEC-N141,900.0,37.1,0.24,9.5,0.644,Moderate,19959.4,High,0.13,High,35.5413698630137,48.31,6
SEC-N142,900.0,37.1,0.25,10.3,0.637,Moderate,19959.4,High,0.15,High,35.47876712328767,48.23,6
SEC-N143,900.0,37.1,0.29,13.8,0.629,Moderate,19959.4,High,0.17,Medium,35.407260273972604,48.13,6
SEC-N144,900.0,37.1,0.29,13.8,0.646,Moderate,19959.4,High,0.2,Medium,35.55958904109589,48.34,6
SEC-N145,900.0,36.9,0.3,14.8,0.735,High,23670.2,High,0.22,Medium,36.35465753424657,49.42,8
SEC-N146,900.0,36.8,0.32,16.8,0.77,High,23670.2,High,0.25,Medium,36.66698630136986,49.84,10
SEC-N147,900.0,36.7,0.32,16.8,0.798,High,23670.2,High,0.27,Medium,36.91712328767123,50.18,12
SEC-N148,900.0,36.7,0.35,20.1,0.73,High,19724.3,High,0.3,Medium,36.310136986301366,49.36,8
SEC-N149,900.0,36.5,0.34,19.0,0.708,High,19724.3,High,0.33,Low,36.113150684931504,49.09,8
SEC-N150,900.0,36.5,0.25,10.3,0.686,High,19724.3,High,0.36,Medium,35.91698630136986,48.82,8
SEC-N151,900.0,36.4,0.23,8.7,0.666,High,19724.3,High,0.39,Medium,35.7386301369863,48.58,6
SEC-N152,900.0,37.1,0.38,23.7,0.63,Moderate,18519.4,High,0.41,Medium,35.416301369863014,48.14,6
SEC-N153,900.0,37.0,0.43,30.4,0.614,Moderate,18519.4,High,0.44,Low,35.273835616438355,47.95,5
SEC-N154,900.0,36.9,0.32,16.8,0.598,Moderate,18519.4,High,0.47,Medium,35.130547945205485,47.75,5
SEC-N155,900.0,36.9,0.39,25.0,0.515,Moderate,13963.8,High,0.5,Medium,34.38849315068493,46.75,3
SEC-N156,900.0,36.9,0.39,25.0,0.503,Moderate,13963.8,High,0.53,Medium,34.28123287671233,46.6,2
SEC-N157,900.0,36.9,0.35,20.1,0.492,Moderate,13963.8,High,0.56,Medium,34.18301369863014,46.47,2
SEC-N158,900.0,36.8,0.32,16.8,0.482,Moderate,13963.8,High,0.59,Medium,34.093972602739726,46.34,2
SEC-N159,900.0,36.2,0.37,22.5,0.344,Moderate,5425.3,Medium,0.61,Low,32.86041095890411,44.67,0
SEC-N160,900.0,36.2,0.54,47.9,0.341,Moderate,5425.3,Medium,0.6,Low,32.83424657534247,44.63,0
SEC-N161,900.0,36.1,0.56,51.5,0.345,Moderate,5425.3,Medium,0.59,Low,32.86904109589041,44.68,0
SEC-N162,900.0,36.0,0.54,47.9,0.348,Moderate,5425.3,Medium,0.59,Low,32.89671232876712,44.72,0
SEC-N163,900.0,36.3,0.51,42.8,0.319,Low,3303.2,Low,0.58,Low,32.63753424657534,44.36,0
SEC-N164,900.0,36.3,0.51,42.8,0.322,Low,3303.2,Low,0.58,Low,32.663835616438355,44.4,0
SEC-N165,900.0,36.7,0.52,44.4,0.324,Low,3303.2,Low,0.58,Low,32.68246575342466,44.43,0
SEC-N166,900.0,37.1,0.55,49.7,0.443,Moderate,11060.7,Medium,0.58,Low,33.74520547945205,45.87,0
SEC-N167,900.0,37.5,0.38,23.7,0.444,Moderate,11060.7,Medium,0.58,Medium,33.754246575342464,45.88,0
SEC-N168,900.0,38.0,0.45,33.3,0.444,Moderate,11060.7,Medium,0.58,Medium,33.754246575342464,45.88,0
SEC-N169,900.0,38.6,0.34,19.0,0.443,Moderate,11060.7,Medium,0.59,High,33.74520547945205,45.87,0
SEC-O101,900.0,37.3,0.31,15.8,0.307,Low,5798.7,Medium,1.08,High,32.52945205479452,44.22,0
SEC-O102,900.0,37.4,0.32,16.8,0.309,Low,5798.7,Medium,1.05,High,32.54835616438356,44.24,0
SEC-O103,900.0,37.4,0.22,8.0,0.311,Low,5798.7,Medium,1.02,High,32.56643835616438,44.27,0
SEC-O104,900.0,37.2,0.19,5.9,0.249,Low,1559.8,Low,0.99,High,32.01150684931507,43.51,0
SEC-O105,900.0,36.9,0.28,12.9,0.282,Low,3549.3,Low,0.96,Medium,32.3068493150685,43.92,0
SEC-O106,900.0,36.7,0.24,9.5,0.284,Low,3549.3,Low,0.93,Medium,32.324246575342464,43.94,0
SEC-O107,900.0,36.8,0.25,10.3,0.281,Low,3132.4,Low,0.9,Medium,32.297397260273975,43.9,0
SEC-O108,900.0,36.8,0.3,14.8,0.283,Low,3132.4,Low,0.87,Medium,32.31575342465754,43.93,0
SEC-O109,900.0,36.7,0.38,23.7,0.305,Low,4353.5,Medium,0.84,Low,32.512191780821915,44.19,0
SEC-O110,900.0,36.8,0.4,26.3,0.308,Low,4353.5,Medium,0.81,Low,32.538630136986306,44.23,0
SEC-O111,900.0,36.8,0.41,27.6,0.365,Moderate,7913.2,Medium,0.78,Low,33.04835616438356,44.92,0
SEC-O112,900.0,37.0,0.26,11.1,0.368,Moderate,7913.2,Medium,0.75,Medium,33.074657534246576,44.96,0
SEC-O113,900.0,37.0,0.23,8.7,0.275,Low,1550.6,Low,0.72,High,32.24452054794521,43.83,0
SEC-O114,900.0,36.9,0.43,30.4,0.275,Low,1269.8,Low,0.7,Low,32.24452054794521,43.83,0
SEC-O115,900.0,36.7,0.53,46.2,0.279,Low,1269.8,Low,0.67,Low,32.27958904109589,43.88,0
SEC-O116,900.0,36.5,0.52,44.4,0.303,Low,2629.8,Low,0.64,Low,32.49383561643836,44.17,0
SEC-O117,900.0,36.5,0.52,44.4,0.307,Low,2629.8,Low,0.61,Low,32.52945205479452,44.22,0
SEC-O118,900.0,36.4,0.62,63.2,0.346,Moderate,4911.7,Medium,0.58,Low,32.87835616438356,44.69,0
SEC-O119,900.0,36.4,0.63,65.2,0.35,Moderate,4911.7,Medium,0.55,Low,32.9141095890411,44.74,0
SEC-O120,900.0,36.3,0.47,36.3,0.397,Moderate,7722.7,Medium,0.52,Low,33.33438356164383,45.31,0
SEC-O121,900.0,36.2,0.38,23.7,0.402,Moderate,7751.1,Medium,0.49,Low,33.37849315068493,45.37,0
SEC-O122,900.0,36.3,0.28,12.9,0.406,Moderate,7751.1,Medium,0.46,Low,33.41465753424657,45.42,0
SEC-O123,900.0,36.2,0.23,8.7,0.411,Moderate,7751.1,Medium,0.44,Low,33.45986301369863,45.48,0
SEC-O124,900.0,35.8,0.4,26.3,0.404,Moderate,6967.7,Medium,0.41,Low,33.396986301369864,45.4,0
SEC-O125,900.0,35.7,0.61,61.2,0.313,Low,643.3,Low,0.38,Low,32.583698630136986,44.29,0
SEC-O126,900.0,35.6,0.62,63.2,0.318,Low,643.3,Low,0.35,Low,32.62835616438356,44.35,0
SEC-O127,900.0,35.6,0.42,29.0,0.607,Moderate,19418.0,High,0.33,Low,35.21082191780822,47.86,5
SEC-O128,900.0,35.6,0.27,12.0,0.659,Moderate,22530.7,High,0.3,Low,35.67520547945205,48.49,6
SEC-O129,900.0,35.9,0.41,27.6,0.663,High,22530.7,High,0.27,Low,35.71109589041096,48.54,6
SEC-O130,900.0,36.0,0.52,44.4,0.668,High,22530.7,High,0.25,Low,35.756027397260276,48.6,6
SEC-O131,900.0,36.0,0.46,34.8,0.454,Moderate,8037.7,Medium,0.23,Low,33.84356164383561,46.0,1
SEC-O132,900.0,35.9,0.31,15.8,0.756,High,27819.9,High,0.2,Low,36.542191780821916,49.67,9
SEC-O133,900.0,35.9,0.4,26.3,0.76,High,27819.9,High,0.18,Low,36.57808219178082,49.72,9
SEC-O134,900.0,36.0,0.39,25.0,0.763,High,27819.9,High,0.16,Low,36.604383561643836,49.76,10
SEC-O135,900.0,36.5,0.36,21.3,0.599,Moderate,16697.3,High,0.15,Low,35.13958904109589,47.77,5
SEC-O136,900.0,36.6,0.32,16.8,0.601,Moderate,16697.3,High,0.14,Medium,35.157534246575345,47.79,5
SEC-O137,900.0,36.8,0.29,13.8,0.602,Moderate,16697.3,High,0.13,Medium,35.16575342465753,47.8,5
SEC-O138,900.0,37.0,0.25,10.3,0.67,High,21219.3,High,0.13,Medium,35.773698630136984,48.63,6
SEC-O139,900.0,37.1,0.24,9.5,0.626,Moderate,18418.7,High,0.13,High,35.380547945205485,48.09,6
SEC-O140,900.0,37.1,0.29,13.8,0.623,Moderate,18418.7,High,0.14,Medium,35.35397260273973,48.06,6
SEC-O141,900.0,37.1,0.31,15.8,0.618,Moderate,18418.7,High,0.16,Medium,35.308904109589044,48.0,5
SEC-O142,900.0,37.1,0.3,14.8,0.671,High,22324.6,High,0.17,Medium,35.78219178082192,48.64,6
SEC-O143,900.0,37.0,0.33,17.9,0.665,High,22324.6,High,0.19,Medium,35.728493150684926,48.57,6
SEC-O144,900.0,36.9,0.34,19.0,0.69,High,22324.6,High,0.21,Medium,35.95219178082192,48.87,8
SEC-O145,900.0,36.8,0.29,13.8,0.722,High,22324.6,High,0.24,Medium,36.23849315068493,49.26,8
SEC-O146,900.0,36.8,0.34,19.0,0.778,High,23665.6,High,0.26,Medium,36.73849315068493,49.94,10
SEC-O147,900.0,36.7,0.34,19.0,0.818,High,23665.6,High,0.29,Medium,37.0958904109589,50.43,14
SEC-O148,900.0,36.5,0.33,17.9,0.804,High,23665.6,High,0.31,Low,36.970821917808216,50.26,12
SEC-O149,900.0,36.5,0.36,21.3,0.718,High,19724.3,High,0.34,Low,36.202602739726025,49.21,8
SEC-O150,900.0,36.5,0.26,11.1,0.691,High,19540.8,High,0.37,Medium,35.961643835616435,48.88,8
SEC-O151,900.0,36.4,0.27,12.0,0.67,High,19540.8,High,0.4,Low,35.773698630136984,48.63,6
SEC-O152,900.0,37.1,0.32,16.8,0.65,Moderate,19540.8,High,0.42,Medium,35.59479452054794,48.39,6
SEC-O153,900.0,37.0,0.36,21.3,0.573,Moderate,15559.0,High,0.45,Medium,34.90712328767123,47.45,4
SEC-O154,900.0,37.0,0.37,22.5,0.558,Moderate,15559.0,High,0.48,Medium,34.77219178082191,47.27,4
SEC-O155,900.0,37.0,0.44,31.8,0.543,Moderate,15559.0,High,0.51,Low,34.63849315068493,47.09,4
SEC-O156,900.0,37.0,0.44,31.8,0.506,Moderate,13963.8,High,0.54,Low,34.30821917808219,46.64,3
SEC-O157,900.0,37.0,0.39,25.0,0.462,Moderate,11815.1,Medium,0.57,Medium,33.915205479452055,46.1,2
SEC-O158,900.0,37.0,0.26,11.1,0.452,Moderate,11815.1,Medium,0.6,Medium,33.82547945205479,45.98,0
SEC-O159,900.0,36.2,0.32,16.8,0.443,Moderate,11815.1,Medium,0.62,Low,33.74520547945205,45.87,0
SEC-O160,900.0,36.3,0.44,31.8,0.274,Low,1180.0,Low,0.63,Low,32.2354794520548,43.82,0
SEC-O161,900.0,36.3,0.56,51.5,0.276,Low,1180.0,Low,0.62,Low,32.25287671232877,43.84,0
SEC-O162,900.0,36.4,0.48,37.9,0.279,Low,1180.0,Low,0.62,Low,32.27958904109589,43.88,0
SEC-O163,900.0,36.6,0.43,30.4,0.282,Low,1180.0,Low,0.61,Low,32.3068493150685,43.92,0
SEC-O164,900.0,36.7,0.42,29.0,0.285,Low,1188.7,Low,0.61,Low,32.333287671232874,43.95,0
SEC-O165,900.0,36.9,0.4,26.3,0.287,Low,1188.7,Low,0.61,Low,32.35164383561644,43.98,0
SEC-O166,900.0,37.3,0.41,27.6,0.288,Low,1188.7,Low,0.61,Medium,32.36041095890411,43.99,0
SEC-O167,900.0,37.8,0.33,17.9,0.346,Moderate,4908.8,Medium,0.61,High,32.87835616438356,44.69,0
SEC-O168,900.0,38.3,0.29,13.8,0.346,Moderate,4908.8,Medium,0.61,High,32.87835616438356,44.69,0
SEC-O169,900.0,38.8,0.32,16.8,0.345,Moderate,4908.8,Medium,0.62,High,32.86904109589041,44.68,0
SEC-P101,900.0,37.1,0.39,25.0,0.242,Low,1559.8,Low,1.08,Medium,31.94917808219178,43.43,0
SEC-P102,900.0,37.1,0.35,20.1,0.244,Low,1559.8,Low,1.05,Medium,31.967534246575344,43.45,0
SEC-P103,900.0,37.1,0.22,8.0,0.247,Low,1559.8,Low,1.02,High,31.993835616438357,43.49,0
SEC-P104,900.0,36.8,0.29,13.8,0.249,Low,1559.8,Low,1.0,Medium,32.01150684931507,43.51,0
SEC-P105,900.0,36.7,0.36,21.3,0.251,Low,1559.8,Low,0.97,Low,32.029041095890406,43.54,0
SEC-P106,900.0,36.7,0.29,13.8,0.278,Low,3132.4,Low,0.94,Medium,32.27095890410959,43.87,0
SEC-P107,900.0,36.8,0.27,12.0,0.28,Low,3132.4,Low,0.91,Medium,32.288356164383565,43.89,0
SEC-P108,900.0,36.7,0.43,30.4,0.283,Low,3132.4,Low,0.88,Low,32.31575342465754,43.93,0
SEC-P109,900.0,36.7,0.48,37.9,0.286,Low,3132.4,Low,0.85,Low,32.34219178082192,43.96,0
SEC-P110,900.0,36.8,0.51,42.8,0.361,Moderate,7913.2,Medium,0.82,Low,33.01260273972603,44.88,0
SEC-P111,900.0,36.7,0.54,47.9,0.364,Moderate,7913.2,Medium,0.79,Low,33.03945205479452,44.91,0
SEC-P112,900.0,36.8,0.45,33.3,0.367,Moderate,7913.2,Medium,0.76,Low,33.0658904109589,44.95,0
SEC-P113,900.0,37.0,0.28,12.9,0.27,Low,1269.8,Low,0.73,Medium,32.19917808219178,43.77,0
SEC-P114,900.0,36.9,0.4,26.3,0.274,Low,1269.8,Low,0.7,Low,32.2354794520548,43.82,0
SEC-P115,900.0,36.6,0.55,49.7,0.278,Low,1269.8,Low,0.67,Low,32.27095890410959,43.87,0
SEC-P116,900.0,36.5,0.58,55.3,0.281,Low,1269.8,Low,0.64,Low,32.297397260273975,43.9,0
SEC-P117,900.0,36.4,0.54,47.9,0.34,Moderate,4911.7,Medium,0.62,Low,32.82520547945205,44.62,0
SEC-P118,900.0,36.4,0.56,51.5,0.344,Moderate,4911.7,Medium,0.59,Low,32.86041095890411,44.67,0
SEC-P119,900.0,36.3,0.52,44.4,0.348,Moderate,4911.7,Medium,0.56,Low,32.89671232876712,44.72,0
SEC-P120,900.0,36.3,0.35,20.1,0.396,Moderate,7751.1,Medium,0.53,Low,33.32534246575342,45.3,0
SEC-P121,900.0,36.1,0.34,19.0,0.4,Moderate,7751.1,Medium,0.5,Low,33.36027397260274,45.35,0
SEC-P122,900.0,36.1,0.29,13.8,0.404,Moderate,7751.1,Medium,0.48,Low,33.396986301369864,45.4,0
SEC-P123,900.0,36.0,0.27,12.0,0.409,Moderate,7751.1,Medium,0.45,Low,33.44150684931507,45.46,0
SEC-P124,900.0,35.9,0.37,22.5,0.306,Low,643.3,Low,0.42,Low,32.52082191780822,44.21,0
SEC-P125,900.0,35.6,0.63,65.2,0.311,Low,643.3,Low,0.39,Low,32.56643835616438,44.27,0
SEC-P126,900.0,35.4,0.66,71.6,0.316,Low,643.3,Low,0.37,Low,32.60986301369863,44.33,0
SEC-P127,900.0,35.5,0.61,61.2,0.32,Low,643.3,Low,0.34,Low,32.645890410958906,44.38,0
SEC-P128,900.0,35.6,0.45,33.3,0.655,Moderate,22530.7,High,0.32,Low,35.63904109589041,48.45,6
SEC-P129,900.0,35.8,0.42,29.0,0.66,High,22530.7,High,0.29,Low,35.68452054794521,48.51,6
SEC-P130,900.0,36.0,0.44,31.8,0.664,High,22530.7,High,0.27,Low,35.71972602739726,48.56,6
SEC-P131,900.0,36.0,0.34,19.0,0.748,High,27819.9,High,0.24,Low,36.47041095890411,49.58,8
SEC-P132,900.0,35.9,0.28,12.9,0.752,High,27819.9,High,0.22,Low,36.50657534246575,49.62,9
SEC-P133,900.0,36.0,0.31,15.8,0.755,High,27819.9,High,0.21,Low,36.533150684931506,49.66,9
SEC-P134,900.0,36.1,0.27,12.0,0.759,High,27819.9,High,0.19,Low,36.56917808219178,49.71,9
SEC-P135,900.0,36.5,0.27,12.0,0.593,Moderate,16697.3,High,0.18,Medium,35.086164383561645,47.69,5
SEC-P136,900.0,36.6,0.27,12.0,0.595,Moderate,16697.3,High,0.17,Medium,35.10315068493151,47.72,5
SEC-P137,900.0,36.7,0.25,10.3,0.597,Moderate,16697.3,High,0.16,Medium,35.12150684931507,47.74,5
SEC-P138,900.0,36.8,0.25,10.3,0.622,Moderate,18418.7,High,0.16,Medium,35.34452054794521,48.05,6
SEC-P139,900.0,36.9,0.32,16.8,0.621,Moderate,18418.7,High,0.16,Medium,35.33575342465754,48.03,6
SEC-P140,900.0,37.0,0.42,29.0,0.618,Moderate,18418.7,High,0.17,Low,35.308904109589044,48.0,5
SEC-P141,900.0,37.0,0.38,23.7,0.614,Moderate,18418.7,High,0.18,Medium,35.273835616438355,47.95,5
SEC-P142,900.0,37.0,0.36,21.3,0.668,High,22324.6,High,0.2,Medium,35.756027397260276,48.6,6
SEC-P143,900.0,37.0,0.31,15.8,0.667,High,22324.6,High,0.22,Medium,35.74726027397261,48.59,6
SEC-P144,900.0,37.0,0.28,12.9,0.694,High,22324.6,High,0.24,Medium,35.98821917808219,48.92,8
SEC-P145,900.0,36.8,0.28,12.9,0.723,High,22324.6,High,0.26,Medium,36.24726027397261,49.27,8
SEC-P146,900.0,36.8,0.3,14.8,0.773,High,23665.6,High,0.28,Medium,36.69397260273973,49.88,10
SEC-P147,900.0,36.6,0.32,16.8,0.795,High,23665.6,High,0.3,Medium,36.890273972602735,50.15,12
SEC-P148,900.0,36.4,0.3,14.8,0.792,High,23665.6,High,0.33,Low,36.86356164383562,50.11,12
SEC-P149,900.0,36.4,0.34,19.0,0.711,High,19540.8,High,0.36,Low,36.13945205479452,49.13,8
SEC-P150,900.0,36.5,0.36,21.3,0.69,High,19540.8,High,0.38,Low,35.95219178082192,48.87,8
SEC-P151,900.0,36.5,0.38,23.7,0.669,High,19540.8,High,0.41,Low,35.764931506849315,48.62,6
SEC-P152,900.0,37.3,0.33,17.9,0.651,Moderate,19540.8,High,0.44,Medium,35.60383561643835,48.4,6
SEC-P153,900.0,37.1,0.34,19.0,0.574,Moderate,15559.0,High,0.46,Medium,34.91616438356164,47.46,4
SEC-P154,900.0,37.1,0.46,34.8,0.558,Moderate,15559.0,High,0.49,Low,34.77219178082191,47.27,4
SEC-P155,900.0,37.1,0.41,27.6,0.545,Moderate,15559.0,High,0.52,Medium,34.65630136986301,47.11,4
SEC-P156,900.0,37.1,0.38,23.7,0.476,Moderate,11815.1,Medium,0.55,Medium,34.04027397260274,46.27,2
SEC-P157,900.0,37.1,0.38,23.7,0.464,Moderate,11815.1,Medium,0.58,Medium,33.933150684931505,46.13,2
SEC-P158,900.0,37.1,0.32,16.8,0.453,Moderate,11815.1,Medium,0.6,Medium,33.8345205479452,45.99,0
SEC-P159,900.0,36.4,0.27,12.0,0.444,Moderate,11815.1,Medium,0.63,Low,33.754246575342464,45.88,0
SEC-P160,900.0,36.5,0.41,27.6,0.275,Low,1180.0,Low,0.66,Low,32.24452054794521,43.83,0
SEC-P161,900.0,36.6,0.53,46.2,0.272,Low,1180.0,Low,0.65,Low,32.216986301369865,43.79,0
SEC-P162,900.0,36.7,0.39,25.0,0.275,Low,1180.0,Low,0.65,Low,32.24452054794521,43.83,0
SEC-P163,900.0,37.0,0.37,22.5,0.278,Low,1180.0,Low,0.64,Medium,32.27095890410959,43.87,0
SEC-P164,900.0,37.1,0.42,29.0,0.28,Low,1188.7,Low,0.64,Medium,32.288356164383565,43.89,0
SEC-P165,900.0,37.1,0.37,22.5,0.282,Low,1188.7,Low,0.64,Medium,32.3068493150685,43.92,0
SEC-P166,900.0,37.4,0.29,13.8,0.283,Low,1188.7,Low,0.64,High,32.31575342465754,43.93,0
SEC-P167,900.0,37.8,0.28,12.9,0.341,Moderate,4908.8,Medium,0.64,High,32.83424657534247,44.63,0
SEC-P168,900.0,38.3,0.25,10.3,0.341,Moderate,4908.8,Medium,0.64,High,32.83424657534247,44.63,0
SEC-P169,900.0,38.7,0.36,21.3,0.341,Moderate,4908.8,Medium,0.65,High,32.83424657534247,44.63,0
SEC-Q101,900.0,37.0,0.4,26.3,0.242,Low,1559.8,Low,1.09,Medium,31.94917808219178,43.43,0
SEC-Q102,900.0,37.0,0.36,21.3,0.244,Low,1559.8,Low,1.06,Medium,31.967534246575344,43.45,0
SEC-Q103,900.0,37.0,0.38,23.7,0.246,Low,1559.8,Low,1.03,Medium,31.984794520547943,43.48,0
SEC-Q104,900.0,36.9,0.47,36.3,0.248,Low,1559.8,Low,1.0,Low,32.00287671232877,43.5,0
SEC-Q105,900.0,36.8,0.47,36.3,0.251,Low,1559.8,Low,0.97,Low,32.029041095890406,43.54,0
SEC-Q106,900.0,36.7,0.43,30.4,0.277,Low,3132.4,Low,0.94,Low,32.26164383561644,43.85,0
SEC-Q107,900.0,36.8,0.39,25.0,0.28,Low,3132.4,Low,0.91,Low,32.288356164383565,43.89,0
SEC-Q108,900.0,36.7,0.45,33.3,0.282,Low,3132.4,Low,0.88,Low,32.3068493150685,43.92,0
SEC-Q109,900.0,36.7,0.41,27.6,0.285,Low,3132.4,Low,0.86,Low,32.333287671232874,43.95,0
SEC-Q110,900.0,36.7,0.55,49.7,0.36,Moderate,7913.2,Medium,0.83,Low,33.003287671232876,44.86,0
SEC-Q111,900.0,36.6,0.54,47.9,0.363,Moderate,7913.2,Medium,0.8,Low,33.030410958904106,44.9,0
SEC-Q112,900.0,36.7,0.44,31.8,0.366,Moderate,7913.2,Medium,0.77,Low,33.05698630136986,44.94,0
SEC-Q113,900.0,37.0,0.41,27.6,0.269,Low,1269.8,Low,0.74,Medium,32.19041095890411,43.76,0
SEC-Q114,900.0,36.9,0.43,30.4,0.273,Low,1269.8,Low,0.71,Low,32.226301369863016,43.81,0
SEC-Q115,900.0,36.6,0.54,47.9,0.276,Low,1269.8,Low,0.68,Low,32.25287671232877,43.84,0
SEC-Q116,900.0,36.4,0.6,59.2,0.28,Low,1269.8,Low,0.65,Low,32.288356164383565,43.89,0
SEC-Q117,900.0,36.4,0.53,46.2,0.339,Moderate,4911.7,Medium,0.63,Low,32.81602739726028,44.61,0
SEC-Q118,900.0,36.4,0.5,41.1,0.343,Moderate,4911.7,Medium,0.6,Low,32.8513698630137,44.66,0
SEC-Q119,900.0,36.3,0.49,39.5,0.347,Moderate,4911.7,Medium,0.57,Low,32.887945205479454,44.71,0
SEC-Q120,900.0,36.3,0.47,36.3,0.394,Moderate,7751.1,Medium,0.54,Low,33.30712328767123,45.28,0
SEC-Q121,900.0,36.1,0.44,31.8,0.398,Moderate,7751.1,Medium,0.51,Low,33.34301369863014,45.32,0
SEC-Q122,900.0,36.1,0.35,20.1,0.402,Moderate,7751.1,Medium,0.49,Low,33.37849315068493,45.37,0
SEC-Q123,900.0,36.0,0.44,31.8,0.407,Moderate,7751.1,Medium,0.46,Low,33.422876712328765,45.43,0
SEC-Q124,900.0,35.8,0.58,55.3,0.304,Low,643.3,Low,0.43,Low,32.50287671232877,44.18,0
SEC-Q125,900.0,35.5,0.69,78.3,0.308,Low,643.3,Low,0.41,Low,32.538630136986306,44.23,0
SEC-Q126,900.0,35.4,0.71,82.9,0.313,Low,643.3,Low,0.38,Low,32.583698630136986,44.29,0
SEC-Q127,900.0,35.5,0.68,76.0,0.317,Low,643.3,Low,0.36,Low,32.61917808219178,44.34,0
SEC-Q128,900.0,35.5,0.42,29.0,0.652,Moderate,22530.7,High,0.33,Low,35.613013698630134,48.41,6
SEC-Q129,900.0,35.8,0.37,22.5,0.656,Moderate,22530.7,High,0.31,Low,35.6486301369863,48.46,6
SEC-Q130,900.0,36.0,0.31,15.8,0.66,High,22530.7,High,0.29,Low,35.68452054794521,48.51,6
SEC-Q131,900.0,36.0,0.26,11.1,0.744,High,27819.9,High,0.27,Low,36.43479452054794,49.53,8
SEC-Q132,900.0,36.0,0.27,12.0,0.747,High,27819.9,High,0.25,Low,36.46109589041096,49.56,8
SEC-Q133,900.0,36.1,0.31,15.8,0.751,High,27819.9,High,0.23,Low,36.49767123287671,49.61,8
SEC-Q134,900.0,36.2,0.26,11.1,0.754,High,27819.9,High,0.22,Low,36.523698630136984,49.65,9
SEC-Q135,900.0,36.6,0.24,9.5,0.588,Moderate,16697.3,High,0.2,Medium,35.040821917808216,47.63,4
SEC-Q136,900.0,36.7,0.27,12.0,0.59,Moderate,16697.3,High,0.2,Medium,35.05904109589041,47.66,5
SEC-Q137,900.0,36.8,0.31,15.8,0.591,Moderate,16697.3,High,0.19,Medium,35.06767123287671,47.67,5
SEC-Q138,900.0,36.8,0.31,15.8,0.617,Moderate,18418.7,High,0.19,Medium,35.299863013698626,47.98,5
SEC-Q139,900.0,36.9,0.36,21.3,0.615,Moderate,18418.7,High,0.19,Medium,35.282739726027394,47.96,5
SEC-Q140,900.0,36.9,0.4,26.3,0.613,Moderate,18418.7,High,0.2,Low,35.2645205479452,47.94,5
SEC-Q141,900.0,37.0,0.35,20.1,0.61,Moderate,18418.7,High,0.21,Medium,35.2372602739726,47.9,5
SEC-Q142,900.0,37.0,0.34,19.0,0.665,High,22324.6,High,0.22,Medium,35.728493150684926,48.57,6
SEC-Q143,900.0,37.1,0.33,17.9,0.667,High,22324.6,High,0.24,Medium,35.74726027397261,48.59,6
SEC-Q144,900.0,37.0,0.32,16.8,0.691,High,22324.6,High,0.26,Medium,35.961643835616435,48.88,8
SEC-Q145,900.0,36.8,0.32,16.8,0.715,High,22324.6,High,0.28,Medium,36.17589041095891,49.18,8
SEC-Q146,900.0,36.7,0.31,15.8,0.756,High,23665.6,High,0.3,Medium,36.542191780821916,49.67,9
SEC-Q147,900.0,36.5,0.32,16.8,0.77,High,23665.6,High,0.32,Low,36.66698630136986,49.84,10
SEC-Q148,900.0,36.4,0.27,12.0,0.77,High,23665.6,High,0.35,Low,36.66698630136986,49.84,10
SEC-Q149,900.0,36.5,0.29,13.8,0.697,High,19540.8,High,0.37,Medium,36.0154794520548,48.96,8
SEC-Q150,900.0,36.4,0.37,22.5,0.681,High,19540.8,High,0.4,Low,35.87219178082192,48.76,7
SEC-Q151,900.0,36.6,0.41,27.6,0.664,High,19540.8,High,0.42,Low,35.71972602739726,48.56,6
SEC-Q152,900.0,37.4,0.4,26.3,0.647,Moderate,19540.8,High,0.45,Medium,35.56835616438356,48.35,6
SEC-Q153,900.0,37.3,0.34,19.0,0.571,Moderate,15559.0,High,0.48,Medium,34.88904109589041,47.43,4
SEC-Q154,900.0,37.3,0.32,16.8,0.557,Moderate,15559.0,High,0.5,Medium,34.76301369863013,47.26,4
SEC-Q155,900.0,37.2,0.32,16.8,0.543,Moderate,15559.0,High,0.53,Medium,34.63849315068493,47.09,4
SEC-Q156,900.0,37.2,0.33,17.9,0.531,Moderate,15559.0,High,0.56,Medium,34.531643835616435,46.94,4
SEC-Q157,900.0,37.2,0.34,19.0,0.464,Moderate,11815.1,Medium,0.59,Medium,33.933150684931505,46.13,2
SEC-Q158,900.0,37.3,0.25,10.3,0.453,Moderate,11815.1,Medium,0.61,High,33.8345205479452,45.99,0
SEC-Q159,900.0,36.6,0.27,12.0,0.444,Moderate,11815.1,Medium,0.64,Medium,33.754246575342464,45.88,0
SEC-Q160,900.0,36.7,0.41,27.6,0.275,Low,1180.0,Low,0.67,Low,32.24452054794521,43.83,0
SEC-Q161,900.0,36.8,0.5,41.1,0.268,Low,1180.0,Low,0.68,Low,32.1813698630137,43.75,0
SEC-Q162,900.0,36.9,0.37,22.5,0.271,Low,1180.0,Low,0.68,Medium,32.20794520547945,43.78,0
SEC-Q163,900.0,37.1,0.32,16.8,0.273,Low,1180.0,Low,0.67,Medium,32.226301369863016,43.81,0
SEC-Q164,900.0,37.1,0.29,13.8,0.275,Low,1188.7,Low,0.67,Medium,32.24452054794521,43.83,0
SEC-Q165,900.0,37.2,0.23,8.7,0.277,Low,1188.7,Low,0.67,High,32.26164383561644,43.85,0
SEC-Q166,900.0,37.2,0.2,6.6,0.279,Low,1188.7,Low,0.67,High,32.27958904109589,43.88,0
SEC-Q167,900.0,37.6,0.3,14.8,0.336,Moderate,4908.8,Medium,0.67,High,32.789726027397265,44.57,0
SEC-Q168,900.0,38.1,0.48,37.9,0.336,Moderate,4908.8,Medium,0.67,Medium,32.789726027397265,44.57,0
SEC-Q169,900.0,38.5,0.54,47.9,0.336,Moderate,4908.8,Medium,0.68,Medium,32.789726027397265,44.57,0
SEC-R101,900.0,37.1,0.56,51.5,0.242,Low,1559.8,Low,1.1,Low,31.94917808219178,43.43,0
SEC-R102,900.0,37.2,0.43,30.4,0.244,Low,1559.8,Low,1.07,Medium,31.967534246575344,43.45,0
SEC-R103,900.0,37.3,0.4,26.3,0.246,Low,1559.8,Low,1.04,Medium,31.984794520547943,43.48,0
SEC-R104,900.0,37.1,0.38,23.7,0.248,Low,1559.8,Low,1.01,Medium,32.00287671232877,43.5,0
SEC-R105,900.0,37.0,0.33,17.9,0.395,Moderate,11171.3,Medium,0.98,Medium,33.31616438356164,45.29,0
SEC-R106,900.0,36.9,0.46,34.8,0.276,Low,3132.4,Low,0.95,Low,32.25287671232877,43.84,0
SEC-R107,900.0,36.9,0.57,53.4,0.279,Low,3132.4,Low,0.92,Low,32.27958904109589,43.88,0
SEC-R108,900.0,36.8,0.51,42.8,0.477,Moderate,16083.5,High,0.89,Low,34.048904109589046,46.28,2
SEC-R109,900.0,36.7,0.42,29.0,0.48,Moderate,16083.5,High,0.86,Low,34.07616438356164,46.32,2
SEC-R110,900.0,36.7,0.53,46.2,0.359,Moderate,7913.2,Medium,0.83,Low,32.99479452054794,44.85,0
SEC-R111,900.0,36.6,0.44,31.8,0.362,Moderate,7913.2,Medium,0.81,Low,33.021506849315074,44.89,0
SEC-R112,900.0,36.6,0.37,22.5,0.488,Moderate,16041.9,High,0.78,Low,34.14712328767123,46.42,2
SEC-R113,900.0,36.9,0.33,17.9,0.491,Moderate,16041.9,High,0.75,Medium,34.173972602739724,46.45,2
SEC-R114,900.0,36.8,0.48,37.9,0.272,Low,1269.8,Low,0.72,Low,32.216986301369865,43.79,0
SEC-R115,900.0,36.6,0.54,47.9,0.453,Moderate,13091.8,Medium,0.69,Low,33.8345205479452,45.99,0
SEC-R116,900.0,36.4,0.59,57.2,0.457,Moderate,13091.8,Medium,0.66,Low,33.870273972602746,46.04,2
SEC-R117,900.0,36.3,0.59,57.2,0.337,Moderate,4911.7,Medium,0.64,Low,32.79712328767123,44.58,0
SEC-R118,900.0,36.3,0.56,51.5,0.341,Moderate,4911.7,Medium,0.61,Low,32.83424657534247,44.63,0
SEC-R119,900.0,36.3,0.58,55.3,0.287,Low,1067.1,Low,0.58,Low,32.35164383561644,43.98,0
SEC-R120,900.0,36.3,0.62,63.2,0.291,Low,1067.1,Low,0.55,Low,32.38643835616438,44.02,0
SEC-R121,900.0,36.1,0.61,61.2,0.396,Moderate,7751.1,Medium,0.53,Low,33.32534246575342,45.3,0
SEC-R122,900.0,36.1,0.52,44.4,0.313,Low,2009.1,Low,0.5,Low,32.583698630136986,44.29,0
SEC-R123,900.0,36.1,0.61,61.2,0.318,Low,2009.1,Low,0.47,Low,32.62835616438356,44.35,0
SEC-R124,900.0,36.0,0.61,61.2,0.322,Low,2009.1,Low,0.45,Low,32.663835616438355,44.4,0
SEC-R125,900.0,35.6,0.59,57.2,0.306,Low,643.3,Low,0.42,Low,32.52082191780822,44.21,0
SEC-R126,900.0,35.5,0.61,61.2,0.411,Moderate,7351.0,Medium,0.4,Low,33.45986301369863,45.48,0
SEC-R127,900.0,35.6,0.64,67.3,0.415,Moderate,7351.0,Medium,0.38,Low,33.495342465753424,45.53,0
SEC-R128,900.0,35.6,0.47,36.3,0.648,Moderate,22530.7,High,0.35,Low,35.5772602739726,48.36,6
SEC-R129,900.0,35.9,0.32,16.8,0.717,High,26817.1,High,0.33,Low,36.193561643835615,49.2,8
SEC-R130,900.0,36.1,0.28,12.9,0.721,High,26817.1,High,0.31,Low,36.22972602739726,49.25,8
SEC-R131,900.0,36.1,0.27,12.0,0.724,High,26817.1,High,0.29,Low,36.256027397260276,49.28,8
SEC-R132,900.0,36.1,0.26,11.1,0.743,High,27819.9,High,0.27,Low,36.42630136986301,49.52,8
SEC-R133,900.0,36.2,0.28,12.9,0.717,High,25874.5,High,0.26,Low,36.193561643835615,49.2,8
SEC-R134,900.0,36.3,0.27,12.0,0.719,High,25874.5,High,0.24,Low,36.211643835616435,49.22,8
SEC-R135,900.0,36.7,0.25,10.3,0.721,High,25874.5,High,0.23,Medium,36.22972602739726,49.25,8
SEC-R136,900.0,36.8,0.29,13.8,0.584,Moderate,16697.3,High,0.22,Medium,35.00520547945206,47.58,4
SEC-R137,900.0,36.8,0.27,12.0,0.638,Moderate,20166.7,High,0.22,Medium,35.48712328767123,48.24,6
SEC-R138,900.0,36.8,0.32,16.8,0.637,Moderate,20166.7,High,0.22,Medium,35.47876712328767,48.23,6
SEC-R139,900.0,36.9,0.33,17.9,0.61,Moderate,18418.7,High,0.22,Medium,35.2372602739726,47.9,5
SEC-R140,900.0,37.0,0.33,17.9,0.555,Moderate,14902.4,High,0.23,Medium,34.74616438356164,47.23,4
SEC-R141,900.0,37.0,0.33,17.9,0.553,Moderate,14902.4,High,0.24,Medium,34.72904109589041,47.21,4
SEC-R142,900.0,37.0,0.34,19.0,0.549,Moderate,14902.4,High,0.25,Medium,34.692054794520544,47.16,4
SEC-R143,900.0,37.1,0.36,21.3,0.663,High,22324.6,High,0.26,Medium,35.71109589041096,48.54,6
SEC-R144,900.0,37.1,0.35,20.1,0.594,Moderate,16397.9,High,0.28,Medium,35.09479452054794,47.71,5
SEC-R145,900.0,36.8,0.37,22.5,0.612,Moderate,16397.9,High,0.3,Medium,35.25547945205479,47.92,5
SEC-R146,900.0,36.6,0.39,25.0,0.738,High,23665.6,High,0.32,Low,36.38178082191781,49.45,8
SEC-R147,900.0,36.5,0.31,15.8,0.634,Moderate,16224.2,High,0.34,Low,35.45232876712329,48.19,6
SEC-R148,900.0,36.5,0.26,11.1,0.635,Moderate,16224.2,High,0.36,Medium,35.46109589041096,48.2,6
SEC-R149,900.0,36.5,0.34,19.0,0.629,Moderate,16224.2,High,0.39,Low,35.407260273972604,48.13,6
SEC-R150,900.0,36.5,0.48,37.9,0.668,High,19540.8,High,0.41,Low,35.756027397260276,48.6,6
SEC-R151,900.0,36.7,0.37,22.5,0.604,Moderate,16192.4,High,0.44,Low,35.18383561643836,47.83,5
SEC-R152,900.0,37.5,0.37,22.5,0.589,Moderate,16192.4,High,0.46,Medium,35.049863013698626,47.64,5
SEC-R153,900.0,37.5,0.39,25.0,0.575,Moderate,16192.4,High,0.49,Medium,34.92520547945205,47.47,4
SEC-R154,900.0,37.4,0.35,20.1,0.517,Moderate,13233.1,Medium,0.52,Medium,34.40712328767123,46.77,3
SEC-R155,900.0,37.4,0.37,22.5,0.505,Moderate,13233.1,Medium,0.54,Medium,34.29945205479452,46.62,2
SEC-R156,900.0,37.4,0.44,31.8,0.494,Moderate,13233.1,Medium,0.57,Medium,34.20123287671233,46.49,2
SEC-R157,900.0,37.4,0.41,27.6,0.462,Moderate,11815.1,Medium,0.6,Medium,33.915205479452055,46.1,2
SEC-R158,900.0,37.4,0.28,12.9,0.377,Moderate,6832.8,Medium,0.62,High,33.156027397260274,45.07,0
SEC-R159,900.0,36.7,0.35,20.1,0.368,Moderate,6832.8,Medium,0.65,Medium,33.074657534246576,44.96,0
SEC-R160,900.0,36.8,0.42,29.0,0.36,Moderate,6832.8,Medium,0.68,Low,33.003287671232876,44.86,0
SEC-R161,900.0,36.9,0.41,27.6,0.264,Low,972.7,Low,0.71,Low,32.145616438356164,43.7,0
SEC-R162,900.0,36.9,0.32,16.8,0.264,Low,972.7,Low,0.71,Medium,32.145616438356164,43.7,0
SEC-R163,900.0,37.1,0.25,10.3,0.266,Low,972.7,Low,0.7,High,32.163698630136984,43.72,0
SEC-R164,900.0,37.0,0.19,5.9,0.268,Low,972.7,Low,0.7,High,32.1813698630137,43.75,0
SEC-R165,900.0,37.0,0.21,7.2,0.258,Low,185.9,Low,0.7,High,32.09178082191781,43.62,0
SEC-R166,900.0,37.1,0.36,21.3,0.259,Low,185.9,Low,0.7,Medium,32.10068493150685,43.64,0
SEC-R167,900.0,37.5,0.54,47.9,0.26,Low,185.9,Low,0.7,Low,32.10986301369863,43.65,0
SEC-R168,900.0,38.1,0.63,65.2,0.332,Moderate,4908.8,Medium,0.7,Low,32.753013698630134,44.52,0
SEC-R169,900.0,38.5,0.56,51.5,0.332,Moderate,4908.8,Medium,0.7,Medium,32.753013698630134,44.52,0
SEC-S101,900.0,37.2,0.54,47.9,0.241,Low,1559.8,Low,1.1,Low,31.939999999999998,43.42,0
SEC-S102,900.0,37.2,0.36,21.3,0.388,Moderate,11171.3,Medium,1.07,Medium,33.25383561643836,45.2,0
SEC-S103,900.0,37.1,0.45,33.3,0.39,Moderate,11171.3,Medium,1.04,Low,33.27123287671233,45.23,0
SEC-S104,900.0,37.5,0.39,25.0,0.392,Moderate,11171.3,Medium,1.02,Medium,33.28945205479452,45.25,0
SEC-S105,900.0,37.4,0.34,19.0,0.395,Moderate,11171.3,Medium,0.99,Medium,33.31616438356164,45.29,0
SEC-S106,900.0,37.3,0.44,31.8,0.397,Moderate,11171.3,Medium,0.96,Medium,33.33438356164383,45.31,0
SEC-S107,900.0,37.1,0.52,44.4,0.474,Moderate,16083.5,High,0.93,Low,34.02205479452055,46.25,2
SEC-S108,900.0,37.0,0.5,41.1,0.476,Moderate,16083.5,High,0.9,Low,34.04027397260274,46.27,2
SEC-S109,900.0,37.0,0.4,26.3,0.479,Moderate,16083.5,High,0.87,Medium,34.06698630136986,46.31,2
SEC-S110,900.0,36.9,0.48,37.9,0.482,Moderate,16083.5,High,0.84,Low,34.093972602739726,46.34,2
SEC-S111,900.0,36.6,0.45,33.3,0.484,Moderate,16041.9,High,0.82,Low,34.11191780821918,46.37,2
SEC-S112,900.0,36.6,0.39,25.0,0.487,Moderate,16041.9,High,0.79,Low,34.13835616438356,46.41,2
SEC-S113,900.0,36.7,0.21,7.2,0.49,Moderate,16041.9,High,0.76,Medium,34.164931506849314,46.44,2
SEC-S114,900.0,36.7,0.3,14.8,0.449,Moderate,13091.8,Medium,0.73,Medium,33.798630136986304,45.94,0
SEC-S115,900.0,36.5,0.55,49.7,0.452,Moderate,13091.8,Medium,0.7,Low,33.82547945205479,45.98,0
SEC-S116,900.0,36.3,0.64,67.3,0.456,Moderate,13091.8,Medium,0.68,Low,33.861780821917804,46.03,2
SEC-S117,900.0,36.2,0.67,73.8,0.459,Moderate,13091.8,Medium,0.65,Low,33.88835616438356,46.07,2
SEC-S118,900.0,36.6,0.67,73.8,0.281,Low,1067.1,Low,0.62,Low,32.297397260273975,43.9,0
SEC-S119,900.0,36.6,0.66,71.6,0.285,Low,1067.1,Low,0.59,Low,32.333287671232874,43.95,0
SEC-S120,900.0,36.6,0.64,67.3,0.289,Low,1067.1,Low,0.57,Low,32.36917808219178,44.0,0
SEC-S121,900.0,36.4,0.57,53.4,0.307,Low,2009.1,Low,0.54,Low,32.52945205479452,44.22,0
SEC-S122,900.0,36.4,0.56,51.5,0.311,Low,2009.1,Low,0.52,Low,32.56643835616438,44.27,0
SEC-S123,900.0,36.5,0.55,49.7,0.315,Low,2009.1,Low,0.49,Low,32.60082191780822,44.32,0
SEC-S124,900.0,36.5,0.37,22.5,0.319,Low,2009.1,Low,0.47,Low,32.63753424657534,44.36,0
SEC-S125,900.0,36.0,0.34,19.0,0.404,Moderate,7351.0,Medium,0.44,Low,33.396986301369864,45.4,0
SEC-S126,900.0,35.9,0.48,37.9,0.408,Moderate,7351.0,Medium,0.42,Low,33.43164383561644,45.45,0
SEC-S127,900.0,35.9,0.55,49.7,0.412,Moderate,7351.0,Medium,0.39,Low,33.46849315068493,45.49,0
SEC-S128,900.0,36.1,0.56,51.5,0.416,Moderate,7351.0,Medium,0.37,Low,33.504383561643834,45.54,0
SEC-S129,900.0,36.3,0.27,12.0,0.713,High,26817.1,High,0.35,Low,36.15767123287671,49.15,8
SEC-S130,900.0,36.5,0.26,11.1,0.717,High,26817.1,High,0.33,Medium,36.193561643835615,49.2,8
SEC-S131,900.0,36.6,0.25,10.3,0.72,High,26817.1,High,0.31,Medium,36.22041095890411,49.24,8
SEC-S132,900.0,36.6,0.23,8.7,0.709,High,25874.5,High,0.3,Medium,36.12150684931507,49.1,8
SEC-S133,900.0,36.6,0.28,12.9,0.711,High,25874.5,High,0.28,Medium,36.13945205479452,49.13,8
SEC-S134,900.0,36.7,0.27,12.0,0.714,High,25874.5,High,0.27,Medium,36.16712328767123,49.16,8
SEC-S135,900.0,36.4,0.25,10.3,0.716,High,25874.5,High,0.26,Medium,36.18493150684932,49.19,8
SEC-S136,900.0,36.4,0.28,12.9,0.631,Moderate,20166.7,High,0.25,Low,35.425616438356165,48.15,6
SEC-S137,900.0,36.5,0.3,14.8,0.632,Moderate,20166.7,High,0.25,Low,35.434520547945205,48.17,6
SEC-S138,900.0,36.8,0.29,13.8,0.632,Moderate,20166.7,High,0.25,Medium,35.434520547945205,48.17,6
SEC-S139,900.0,36.8,0.3,14.8,0.551,Moderate,14902.4,High,0.25,Medium,34.71082191780822,47.18,4
SEC-S140,900.0,36.8,0.31,15.8,0.55,Moderate,14902.4,High,0.26,Medium,34.701369863013696,47.17,4
SEC-S141,900.0,36.9,0.33,17.9,0.548,Moderate,14902.4,High,0.27,Medium,34.68287671232876,47.15,4
SEC-S142,900.0,37.0,0.33,17.9,0.544,Moderate,14902.4,High,0.28,Medium,34.64780821917808,47.1,4
SEC-S143,900.0,37.1,0.33,17.9,0.567,Moderate,16397.9,High,0.29,Medium,34.853013698630136,47.38,4
SEC-S144,900.0,37.1,0.34,19.0,0.584,Moderate,16397.9,High,0.31,Medium,35.00520547945206,47.58,4
SEC-S145,900.0,37.2,0.36,21.3,0.598,Moderate,16397.9,High,0.32,Medium,35.130547945205485,47.75,5
SEC-S146,900.0,37.0,0.34,19.0,0.61,Moderate,16397.9,High,0.34,Medium,35.2372602739726,47.9,5
SEC-S147,900.0,36.7,0.34,19.0,0.614,Moderate,16224.2,High,0.36,Medium,35.273835616438355,47.95,5
SEC-S148,900.0,36.6,0.41,27.6,0.615,Moderate,16224.2,High,0.38,Low,35.282739726027394,47.96,5
SEC-S149,900.0,36.8,0.56,51.5,0.611,Moderate,16224.2,High,0.41,Low,35.24616438356164,47.91,5
SEC-S150,900.0,37.0,0.59,57.2,0.603,Moderate,16192.4,High,0.43,Low,35.17506849315069,47.81,5
SEC-S151,900.0,37.1,0.44,31.8,0.592,Moderate,16192.4,High,0.45,Low,35.076986301369864,47.68,5
SEC-S152,900.0,37.4,0.46,34.8,0.58,Moderate,16192.4,High,0.48,Medium,34.96931506849315,47.54,4
SEC-S153,900.0,37.5,0.38,23.7,0.568,Moderate,16192.4,High,0.5,Medium,34.86246575342466,47.39,4
SEC-S154,900.0,37.5,0.36,21.3,0.512,Moderate,13233.1,Medium,0.53,Medium,34.36164383561644,46.71,3
SEC-S155,900.0,37.5,0.42,29.0,0.501,Moderate,13233.1,Medium,0.56,Medium,34.263424657534244,46.58,2
SEC-S156,900.0,36.6,0.48,37.9,0.49,Moderate,13233.1,Medium,0.58,Low,34.164931506849314,46.44,2
SEC-S157,900.0,36.6,0.46,34.8,0.48,Moderate,13233.1,Medium,0.61,Low,34.07616438356164,46.32,2
SEC-S158,900.0,36.5,0.44,31.8,0.375,Moderate,6832.8,Medium,0.64,Low,33.1372602739726,45.05,0
SEC-S159,900.0,37.0,0.48,37.9,0.367,Moderate,6832.8,Medium,0.66,Low,33.0658904109589,44.95,0
SEC-S160,900.0,36.9,0.4,26.3,0.359,Moderate,6832.8,Medium,0.69,Low,32.99479452054794,44.85,0
SEC-S161,900.0,36.9,0.35,20.1,0.263,Low,972.7,Low,0.72,Medium,32.13712328767124,43.68,0
SEC-S162,900.0,36.9,0.32,16.8,0.26,Low,972.7,Low,0.74,Medium,32.10986301369863,43.65,0
SEC-S163,900.0,36.9,0.26,11.1,0.262,Low,972.7,Low,0.73,Medium,32.127534246575344,43.67,0
SEC-S164,900.0,36.7,0.32,16.8,0.264,Low,972.7,Low,0.73,Medium,32.145616438356164,43.7,0
SEC-S165,900.0,36.7,0.48,37.9,0.254,Low,185.9,Low,0.73,Low,32.056164383561644,43.58,0
SEC-S166,900.0,36.9,0.64,67.3,0.255,Low,185.9,Low,0.73,Low,32.065342465753425,43.59,0
SEC-S167,900.0,37.3,0.67,73.8,0.256,Low,185.9,Low,0.73,Low,32.07479452054795,43.6,0
SEC-S168,900.0,37.9,0.62,63.2,0.256,Low,185.9,Low,0.73,Low,32.07479452054795,43.6,0
SEC-S169,900.0,38.6,0.46,34.8,0.257,Low,185.9,Low,0.73,High,32.083287671232874,43.61,0
SEC-T101,900.0,37.3,0.43,30.4,0.386,Moderate,11171.3,Medium,1.11,Medium,33.23684931506849,45.18,0
SEC-T102,900.0,37.3,0.34,19.0,0.388,Moderate,11171.3,Medium,1.08,Medium,33.25383561643836,45.2,0
SEC-T103,900.0,37.3,0.42,29.0,0.39,Moderate,11171.3,Medium,1.05,Medium,33.27123287671233,45.23,0
SEC-T104,900.0,37.6,0.38,23.7,0.392,Moderate,11171.3,Medium,1.02,Medium,33.28945205479452,45.25,0
SEC-T105,900.0,37.6,0.27,12.0,0.394,Moderate,11171.3,Medium,1.0,High,33.30712328767123,45.28,0
SEC-T106,900.0,37.5,0.27,12.0,0.396,Moderate,11171.3,Medium,0.97,High,33.32534246575342,45.3,0
SEC-T107,900.0,37.3,0.32,16.8,0.473,Moderate,16083.5,High,0.94,Medium,34.01328767123288,46.24,2
SEC-T108,900.0,37.3,0.32,16.8,0.475,Moderate,16083.5,High,0.91,Medium,34.0313698630137,46.26,2
SEC-T109,900.0,37.2,0.31,15.8,0.478,Moderate,16083.5,High,0.88,Medium,34.05780821917808,46.3,2
SEC-T110,900.0,37.1,0.34,19.0,0.481,Moderate,16083.5,High,0.85,Medium,34.085068493150686,46.33,2
SEC-T111,900.0,36.8,0.39,25.0,0.483,Moderate,16041.9,High,0.83,Low,34.10328767123288,46.36,2
SEC-T112,900.0,36.8,0.36,21.3,0.486,Moderate,16041.9,High,0.8,Medium,34.12945205479452,46.39,2
SEC-T113,900.0,36.8,0.26,11.1,0.489,Moderate,16041.9,High,0.77,Medium,34.15575342465753,46.43,2
SEC-T114,900.0,36.8,0.29,13.8,0.447,Moderate,13091.8,Medium,0.74,Medium,33.78082191780822,45.92,0
SEC-T115,900.0,36.7,0.38,23.7,0.451,Moderate,13091.8,Medium,0.72,Low,33.816575342465754,45.97,0
SEC-T116,900.0,36.4,0.56,51.5,0.454,Moderate,13091.8,Medium,0.69,Low,33.84356164383561,46.0,1
SEC-T117,900.0,36.3,0.67,73.8,0.457,Moderate,13091.8,Medium,0.66,Low,33.870273972602746,46.04,2
SEC-T118,900.0,36.7,0.67,73.8,0.279,Low,1067.1,Low,0.64,Low,32.27958904109589,43.88,0
SEC-T119,900.0,36.7,0.67,73.8,0.283,Low,1067.1,Low,0.61,Low,32.31575342465754,43.93,0
SEC-T120,900.0,36.7,0.58,55.3,0.287,Low,1067.1,Low,0.58,Low,32.35164383561644,43.98,0
SEC-T121,900.0,36.5,0.48,37.9,0.305,Low,2009.1,Low,0.56,Low,32.512191780821915,44.19,0
SEC-T122,900.0,36.5,0.48,37.9,0.309,Low,2009.1,Low,0.53,Low,32.54835616438356,44.24,0
SEC-T123,900.0,36.7,0.48,37.9,0.312,Low,2009.1,Low,0.51,Low,32.574657534246576,44.28,0
SEC-T124,900.0,36.7,0.41,27.6,0.316,Low,2009.1,Low,0.48,Low,32.60986301369863,44.33,0
SEC-T125,900.0,36.3,0.31,15.8,0.401,Moderate,7351.0,Medium,0.46,Low,33.36931506849315,45.36,0
SEC-T126,900.0,36.2,0.44,31.8,0.404,Moderate,7351.0,Medium,0.44,Low,33.396986301369864,45.4,0
SEC-T127,900.0,36.2,0.51,42.8,0.408,Moderate,7351.0,Medium,0.41,Low,33.43164383561644,45.45,0
SEC-T128,900.0,36.2,0.57,53.4,0.412,Moderate,7351.0,Medium,0.39,Low,33.46849315068493,45.49,0
SEC-T129,900.0,36.4,0.34,19.0,0.709,High,26817.1,High,0.37,Low,36.12150684931507,49.1,8
SEC-T130,900.0,36.6,0.31,15.8,0.712,High,26817.1,High,0.36,Medium,36.14835616438356,49.14,8
SEC-T131,900.0,36.7,0.26,11.1,0.715,High,26817.1,High,0.34,Medium,36.17589041095891,49.18,8
SEC-T132,900.0,36.7,0.24,9.5,0.704,High,25874.5,High,0.32,Medium,36.0772602739726,49.04,8
SEC-T133,900.0,36.7,0.25,10.3,0.706,High,25874.5,High,0.31,Medium,36.09561643835617,49.07,8
SEC-T134,900.0,36.7,0.28,12.9,0.708,High,25874.5,High,0.3,Medium,36.113150684931504,49.09,8
SEC-T135,900.0,36.4,0.29,13.8,0.71,High,25874.5,High,0.29,Low,36.13082191780822,49.11,8
SEC-T136,900.0,36.4,0.3,14.8,0.625,Moderate,20166.7,High,0.28,Low,35.37178082191781,48.08,6
SEC-T137,900.0,36.5,0.32,16.8,0.626,Moderate,20166.7,High,0.28,Low,35.380547945205485,48.09,6
SEC-T138,900.0,36.8,0.37,22.5,0.626,Moderate,20166.7,High,0.28,Medium,35.380547945205485,48.09,6
SEC-T139,900.0,36.8,0.28,12.9,0.546,Moderate,14902.4,High,0.28,Medium,34.66561643835617,47.12,4
SEC-T140,900.0,36.9,0.28,12.9,0.544,Moderate,14902.4,High,0.29,Medium,34.64780821917808,47.1,4
SEC-T141,900.0,36.9,0.33,17.9,0.543,Moderate,14902.4,High,0.29,Medium,34.63849315068493,47.09,4
SEC-T142,900.0,36.9,0.31,15.8,0.54,Moderate,14902.4,High,0.3,Medium,34.61232876712329,47.05,4
SEC-T143,900.0,37.1,0.35,20.1,0.559,Moderate,16397.9,High,0.32,Medium,34.781643835616435,47.28,4
SEC-T144,900.0,37.2,0.35,20.1,0.572,Moderate,16397.9,High,0.33,Medium,34.89780821917808,47.44,4
SEC-T145,900.0,37.2,0.31,15.8,0.584,Moderate,16397.9,High,0.35,Medium,35.00520547945206,47.58,4
SEC-T146,900.0,37.0,0.32,16.8,0.593,Moderate,16397.9,High,0.37,Medium,35.086164383561645,47.69,5
SEC-T147,900.0,36.8,0.34,19.0,0.596,Moderate,16224.2,High,0.38,Medium,35.11219178082192,47.73,5
SEC-T148,900.0,36.6,0.48,37.9,0.597,Moderate,16224.2,High,0.41,Low,35.12150684931507,47.74,5
SEC-T149,900.0,36.7,0.53,46.2,0.594,Moderate,16224.2,High,0.43,Low,35.09479452054794,47.71,5
SEC-T150,900.0,37.1,0.44,31.8,0.588,Moderate,16192.4,High,0.45,Low,35.040821917808216,47.63,4
SEC-T151,900.0,37.4,0.43,30.4,0.58,Moderate,16192.4,High,0.47,Medium,34.96931506849315,47.54,4
SEC-T152,900.0,37.8,0.44,31.8,0.57,Moderate,16192.4,High,0.5,Medium,34.87986301369863,47.41,4
SEC-T153,900.0,37.7,0.37,22.5,0.56,Moderate,16192.4,High,0.52,High,34.790821917808216,47.29,4
SEC-T154,900.0,37.8,0.3,14.8,0.505,Moderate,13233.1,Medium,0.55,High,34.29945205479452,46.62,2
SEC-T155,900.0,37.7,0.35,20.1,0.495,Moderate,13233.1,Medium,0.57,High,34.20972602739726,46.5,2
SEC-T156,900.0,36.8,0.46,34.8,0.486,Moderate,13233.1,Medium,0.6,Low,34.12945205479452,46.39,2
SEC-T157,900.0,36.8,0.45,33.3,0.477,Moderate,13233.1,Medium,0.62,Low,34.048904109589046,46.28,2
SEC-T158,900.0,36.6,0.48,37.9,0.372,Moderate,6832.8,Medium,0.65,Low,33.110821917808224,45.01,0
SEC-T159,900.0,36.9,0.45,33.3,0.364,Moderate,6832.8,Medium,0.68,Low,33.03945205479452,44.91,0
SEC-T160,900.0,36.8,0.41,27.6,0.357,Moderate,6832.8,Medium,0.7,Low,32.976164383561645,44.83,0
SEC-T161,900.0,36.6,0.34,19.0,0.262,Low,972.7,Low,0.73,Low,32.127534246575344,43.67,0
SEC-T162,900.0,36.4,0.36,21.3,0.258,Low,972.7,Low,0.76,Low,32.09178082191781,43.62,0
SEC-T163,900.0,36.3,0.45,33.3,0.258,Low,972.7,Low,0.76,Low,32.09178082191781,43.62,0
SEC-T164,900.0,36.3,0.6,59.2,0.26,Low,972.7,Low,0.76,Low,32.10986301369863,43.65,0
SEC-T165,900.0,36.4,0.66,71.6,0.25,Low,185.9,Low,0.76,Low,32.02041095890411,43.53,0
SEC-T166,900.0,36.8,0.67,73.8,0.251,Low,185.9,Low,0.76,Low,32.029041095890406,43.54,0
SEC-T167,900.0,37.4,0.66,71.6,0.252,Low,185.9,Low,0.76,Low,32.038219178082194,43.55,0
SEC-T168,900.0,35.0,0.2,6.6,0.252,Low,185.9,Low,0.76,Low,32.038219178082194,43.55,0
SEC-T169,900.0,35.0,0.2,6.6,0.252,Low,185.9,Low,0.76,Low,32.038219178082194,43.55,0
SEC-U101,900.0,35.0,0.0,0.0,0.385,Moderate,11171.3,Medium,1.12,Low,33.227397260273975,45.17,0
SEC-U102,900.0,35.0,0.0,0.0,0.387,Moderate,11171.3,Medium,1.09,Low,33.245479452054795,45.19,0
SEC-U103,900.0,35.0,0.0,0.0,0.389,Moderate,11171.3,Medium,1.06,Low,33.262191780821915,45.22,0
SEC-U104,900.0,35.0,0.0,0.0,0.391,Moderate,11171.3,Medium,1.03,Low,33.280410958904106,45.24,0
SEC-U105,900.0,35.0,0.0,0.0,0.393,Moderate,11171.3,Medium,1.01,Low,33.29876712328767,45.26,0
SEC-U106,900.0,35.0,0.0,0.0,0.395,Moderate,11171.3,Medium,0.98,Low,33.31616438356164,45.29,0
