system:index,date,datetime_UTC,latitude,longitude,radius_km,solar_radiation_J_m2,solar_radiation_kWh_m2,time_UTC,.geo
20260301T00,2026-03-01,2026-03-01 00:00,20.249102,85.800575,5,0.0,0.0,00:00,"{""type"":""MultiPoint"",""coordinates"":[]}"
20260301T01,2026-03-01,2026-03-01 01:00,20.249102,85.800575,5,19288.90882352941,0.00535803022875817,01:00,"{""type"":""MultiPoint"",""coordinates"":[]}"
20260301T02,2026-03-01,2026-03-01 02:00,20.249102,85.800575,5,475604.66176470584,0.1321124060457516,02:00,"{""type"":""MultiPoint"",""coordinates"":[]}"
20260301T03,2026-03-01,2026-03-01 03:00,20.249102,85.800575,5,1285734.1352941175,0.35714837091503265,03:00,"{""type"":""MultiPoint"",""coordinates"":[]}"
20260301T04,2026-03-01,2026-03-01 04:00,20.249102,85.800575,5,2073459.4352941173,0.5759609542483659,04:00,"{""type"":""MultiPoint"",""coordinates"":[]}"
20260301T05,2026-03-01,2026-03-01 05:00,20.249102,85.800575,5,2703850.4117647056,0.7510695588235293,05:00,"{""type"":""MultiPoint"",""coordinates"":[]}"
20260301T06,2026-03-01,2026-03-01 06:00,20.249102,85.800575,5,3104188.6588235293,0.8622746274509804,06:00,"{""type"":""MultiPoint"",""coordinates"":[]}"
20260301T07,2026-03-01,2026-03-01 07:00,20.249102,85.800575,5,3214551.294117647,0.8929309150326797,07:00,"{""type"":""MultiPoint"",""coordinates"":[]}"
20260301T08,2026-03-01,2026-03-01 08:00,20.249102,85.800575,5,3097497.176470588,0.8604158823529411,08:00,"{""type"":""MultiPoint"",""coordinates"":[]}"
20260301T09,2026-03-01,2026-03-01 09:00,20.249102,85.800575,5,2756996.9176470586,0.7658324771241829,09:00,"{""type"":""MultiPoint"",""coordinates"":[]}"
20260301T10,2026-03-01,2026-03-01 10:00,20.249102,85.800575,5,1892076.6352941173,0.5255768431372548,10:00,"{""type"":""MultiPoint"",""coordinates"":[]}"
20260301T11,2026-03-01,2026-03-01 11:00,20.249102,85.800575,5,856903.5294117646,0.2380287581699346,11:00,"{""type"":""MultiPoint"",""coordinates"":[]}"
20260301T12,2026-03-01,2026-03-01 12:00,20.249102,85.800575,5,401801.9764705882,0.11161166013071894,12:00,"{""type"":""MultiPoint"",""coordinates"":[]}"
20260301T13,2026-03-01,2026-03-01 13:00,20.249102,85.800575,5,11956.282352941176,0.00332118954248366,13:00,"{""type"":""MultiPoint"",""coordinates"":[]}"
20260301T14,2026-03-01,2026-03-01 14:00,20.249102,85.800575,5,0.0,0.0,14:00,"{""type"":""MultiPoint"",""coordinates"":[]}"
20260301T15,2026-03-01,2026-03-01 15:00,20.249102,85.800575,5,0.0,0.0,15:00,"{""type"":""MultiPoint"",""coordinates"":[]}"
20260301T16,2026-03-01,2026-03-01 16:00,20.249102,85.800575,5,0.0,0.0,16:00,"{""type"":""MultiPoint"",""coordinates"":[]}"
20260301T17,2026-03-01,2026-03-01 17:00,20.249102,85.800575,5,0.0,0.0,17:00,"{""type"":""MultiPoint"",""coordinates"":[]}"
20260301T18,2026-03-01,2026-03-01 18:00,20.249102,85.800575,5,0.0,0.0,18:00,"{""type"":""MultiPoint"",""coordinates"":[]}"
20260301T19,2026-03-01,2026-03-01 19:00,20.249102,85.800575,5,0.0,0.0,19:00,"{""type"":""MultiPoint"",""coordinates"":[]}"
20260301T20,2026-03-01,2026-03-01 20:00,20.249102,85.800575,5,0.0,0.0,20:00,"{""type"":""MultiPoint"",""coordinates"":[]}"
20260301T21,2026-03-01,2026-03-01 21:00,20.249102,85.800575,5,0.0,0.0,21:00,"{""type"":""MultiPoint"",""coordinates"":[]}"
20260301T22,2026-03-01,2026-03-01 22:00,20.249102,85.800575,5,0.0,0.0,22:00,"{""type"":""MultiPoint"",""coordinates"":[]}"
20260301T23,2026-03-01,2026-03-01 23:00,20.249102,85.800575,5,0.0,0.0,23:00,"{""type"":""MultiPoint"",""coordinates"":[]}"
20260302T00,2026-03-02,2026-03-02 00:00,20.249102,85.800575,5,0.0,0.0,00:00,"{""type"":""MultiPoint"",""coordinates"":[]}"
20260302T01,2026-03-02,2026-03-02 01:00,20.249102,85.800575,5,16938.729411764703,0.004705202614379084,01:00,"{""type"":""MultiPoint"",""coordinates"":[]}"
20260302T02,2026-03-02,2026-03-02 02:00,20.249102,85.800575,5,298756.3764705882,0.08298788235294118,02:00,"{""type"":""MultiPoint"",""coordinates"":[]}"
20260302T03,2026-03-02,2026-03-02 03:00,20.249102,85.800575,5,1119772.8117647057,0.3110480032679738,03:00,"{""type"":""MultiPoint"",""coordinates"":[]}"
20260302T04,2026-03-02,2026-03-02 04:00,20.249102,85.800575,5,1691947.0705882348,0.4699852973856208,04:00,"{""type"":""MultiPoint"",""coordinates"":[]}"
20260302T05,2026-03-02,2026-03-02 05:00,20.249102,85.800575,5,2486334.564705882,0.6906484901960784,05:00,"{""type"":""MultiPoint"",""coordinates"":[]}"
20260302T06,2026-03-02,2026-03-02 06:00,20.249102,85.800575,5,3052236.4705882347,0.8478434640522874,06:00,"{""type"":""MultiPoint"",""coordinates"":[]}"
20260302T07,2026-03-02,2026-03-02 07:00,20.249102,85.800575,5,3179957.6941176467,0.8833215816993463,07:00,"{""type"":""MultiPoint"",""coordinates"":[]}"
20260302T08,2026-03-02,2026-03-02 08:00,20.249102,85.800575,5,3049951.2705882355,0.8472086862745098,08:00,"{""type"":""MultiPoint"",""coordinates"":[]}"
20260302T09,2026-03-02,2026-03-02 09:00,20.249102,85.800575,5,2617900.7529411763,0.7271946535947712,09:00,"{""type"":""MultiPoint"",""coordinates"":[]}"
20260302T10,2026-03-02,2026-03-02 10:00,20.249102,85.800575,5,2001002.9176470586,0.5558341437908496,10:00,"{""type"":""MultiPoint"",""coordinates"":[]}"
20260302T11,2026-03-02,2026-03-02 11:00,20.249102,85.800575,5,1262625.9529411765,0.350729431372549,11:00,"{""type"":""MultiPoint"",""coordinates"":[]}"
20260302T12,2026-03-02,2026-03-02 12:00,20.249102,85.800575,5,466379.31764705875,0.12954981045751632,12:00,"{""type"":""MultiPoint"",""coordinates"":[]}"
20260302T13,2026-03-02,2026-03-02 13:00,20.249102,85.800575,5,17269.882352941175,0.00479718954248366,13:00,"{""type"":""MultiPoint"",""coordinates"":[]}"
20260302T14,2026-03-02,2026-03-02 14:00,20.249102,85.800575,5,0.0,0.0,14:00,"{""type"":""MultiPoint"",""coordinates"":[]}"
20260302T15,2026-03-02,2026-03-02 15:00,20.249102,85.800575,5,0.0,0.0,15:00,"{""type"":""MultiPoint"",""coordinates"":[]}"
20260302T16,2026-03-02,2026-03-02 16:00,20.249102,85.800575,5,0.0,0.0,16:00,"{""type"":""MultiPoint"",""coordinates"":[]}"
20260302T17,2026-03-02,2026-03-02 17:00,20.249102,85.800575,5,0.0,0.0,17:00,"{""type"":""MultiPoint"",""coordinates"":[]}"
20260302T18,2026-03-02,2026-03-02 18:00,20.249102,85.800575,5,0.0,0.0,18:00,"{""type"":""MultiPoint"",""coordinates"":[]}"
20260302T19,2026-03-02,2026-03-02 19:00,20.249102,85.800575,5,0.0,0.0,19:00,"{""type"":""MultiPoint"",""coordinates"":[]}"
20260302T20,2026-03-02,2026-03-02 20:00,20.249102,85.800575,5,0.0,0.0,20:00,"{""type"":""MultiPoint"",""coordinates"":[]}"
20260302T21,2026-03-02,2026-03-02 21:00,20.249102,85.800575,5,0.0,0.0,21:00,"{""type"":""MultiPoint"",""coordinates"":[]}"
20260302T22,2026-03-02,2026-03-02 22:00,20.249102,85.800575,5,0.0,0.0,22:00,"{""type"":""MultiPoint"",""coordinates"":[]}"
20260302T23,2026-03-02,2026-03-02 23:00,20.249102,85.800575,5,0.0,0.0,23:00,"{""type"":""MultiPoint"",""coordinates"":[]}"
20260303T00,2026-03-03,2026-03-03 00:00,20.249102,85.800575,5,0.0,0.0,00:00,"{""type"":""MultiPoint"",""coordinates"":[]}"
20260303T01,2026-03-03,2026-03-03 01:00,20.249102,85.800575,5,23175.438235294117,0.006437621732026144,01:00,"{""type"":""MultiPoint"",""coordinates"":[]}"
20260303T02,2026-03-03,2026-03-03 02:00,20.249102,85.800575,5,501933.20294117637,0.13942588970588232,02:00,"{""type"":""MultiPoint"",""coordinates"":[]}"
20260303T03,2026-03-03,2026-03-03 03:00,20.249102,85.800575,5,1324966.6058823527,0.36804627941176465,03:00,"{""type"":""MultiPoint"",""coordinates"":[]}"
20260303T04,2026-03-03,2026-03-03 04:00,20.249102,85.800575,5,2135628.4117647056,0.5932301143790849,04:00,"{""type"":""MultiPoint"",""coordinates"":[]}"
20260303T05,2026-03-03,2026-03-03 05:00,20.249102,85.800575,5,2779131.588235294,0.7719809967320261,05:00,"{""type"":""MultiPoint"",""coordinates"":[]}"
20260303T06,2026-03-03,2026-03-03 06:00,20.249102,85.800575,5,3194607.2470588232,0.8873909019607842,06:00,"{""type"":""MultiPoint"",""coordinates"":[]}"
20260303T07,2026-03-03,2026-03-03 07:00,20.249102,85.800575,5,3348093.4823529413,0.9300259673202614,07:00,"{""type"":""MultiPoint"",""coordinates"":[]}"
20260303T08,2026-03-03,2026-03-03 08:00,20.249102,85.800575,5,3202761.7411764706,0.8896560392156863,08:00,"{""type"":""MultiPoint"",""coordinates"":[]}"
20260303T09,2026-03-03,2026-03-03 09:00,20.249102,85.800575,5,2784121.4117647056,0.7733670588235293,09:00,"{""type"":""MultiPoint"",""coordinates"":[]}"
20260303T10,2026-03-03,2026-03-03 10:00,20.249102,85.800575,5,2133259.9294117643,0.5925722026143789,10:00,"{""type"":""MultiPoint"",""coordinates"":[]}"
20260303T11,2026-03-03,2026-03-03 11:00,20.249102,85.800575,5,1321514.5647058822,0.3670873790849673,11:00,"{""type"":""MultiPoint"",""coordinates"":[]}"
20260303T12,2026-03-03,2026-03-03 12:00,20.249102,85.800575,5,490008.16470588226,0.1361133790849673,12:00,"{""type"":""MultiPoint"",""coordinates"":[]}"
20260303T13,2026-03-03,2026-03-03 13:00,20.249102,85.800575,5,19069.88235294117,0.005297189542483659,13:00,"{""type"":""MultiPoint"",""coordinates"":[]}"
20260303T14,2026-03-03,2026-03-03 14:00,20.249102,85.800575,5,0.0,0.0,14:00,"{""type"":""MultiPoint"",""coordinates"":[]}"
20260303T15,2026-03-03,2026-03-03 15:00,20.249102,85.800575,5,0.0,0.0,15:00,"{""type"":""MultiPoint"",""coordinates"":[]}"
20260303T16,2026-03-03,2026-03-03 16:00,20.249102,85.800575,5,0.0,0.0,16:00,"{""type"":""MultiPoint"",""coordinates"":[]}"
20260303T17,2026-03-03,2026-03-03 17:00,20.249102,85.800575,5,0.0,0.0,17:00,"{""type"":""MultiPoint"",""coordinates"":[]}"
20260303T18,2026-03-03,2026-03-03 18:00,20.249102,85.800575,5,0.0,0.0,18:00,"{""type"":""MultiPoint"",""coordinates"":[]}"
20260303T19,2026-03-03,2026-03-03 19:00,20.249102,85.800575,5,0.0,0.0,19:00,"{""type"":""MultiPoint"",""coordinates"":[]}"
20260303T20,2026-03-03,2026-03-03 20:00,20.249102,85.800575,5,0.0,0.0,20:00,"{""type"":""MultiPoint"",""coordinates"":[]}"
20260303T21,2026-03-03,2026-03-03 21:00,20.249102,85.800575,5,0.0,0.0,21:00,"{""type"":""MultiPoint"",""coordinates"":[]}"
20260303T22,2026-03-03,2026-03-03 22:00,20.249102,85.800575,5,0.0,0.0,22:00,"{""type"":""MultiPoint"",""coordinates"":[]}"
20260303T23,2026-03-03,2026-03-03 23:00,20.249102,85.800575,5,0.0,0.0,23:00,"{""type"":""MultiPoint"",""coordinates"":[]}"
20260304T00,2026-03-04,2026-03-04 00:00,20.249102,85.800575,5,0.0,0.0,00:00,"{""type"":""MultiPoint"",""coordinates"":[]}"
20260304T01,2026-03-04,2026-03-04 01:00,20.249102,85.800575,5,25681.13235294117,0.007133647875816992,01:00,"{""type"":""MultiPoint"",""coordinates"":[]}"
20260304T02,2026-03-04,2026-03-04 02:00,20.249102,85.800575,5,503555.68529411766,0.13987657924836602,02:00,"{""type"":""MultiPoint"",""coordinates"":[]}"
20260304T03,2026-03-04,2026-03-04 03:00,20.249102,85.800575,5,1309908.8411764705,0.363863566993464,03:00,"{""type"":""MultiPoint"",""coordinates"":[]}"
20260304T04,2026-03-04,2026-03-04 04:00,20.249102,85.800575,5,2138862.0941176466,0.5941283594771241,04:00,"{""type"":""MultiPoint"",""coordinates"":[]}"
20260304T05,2026-03-04,2026-03-04 05:00,20.249102,85.800575,5,2795904.717647059,0.7766401993464053,05:00,"{""type"":""MultiPoint"",""coordinates"":[]}"
20260304T06,2026-03-04,2026-03-04 06:00,20.249102,85.800575,5,3201515.176470588,0.88930977124183,06:00,"{""type"":""MultiPoint"",""coordinates"":[]}"
20260304T07,2026-03-04,2026-03-04 07:00,20.249102,85.800575,5,3350528.9176470586,0.930702477124183,07:00,"{""type"":""MultiPoint"",""coordinates"":[]}"
20260304T08,2026-03-04,2026-03-04 08:00,20.249102,85.800575,5,3204250.0235294113,0.890069450980392,08:00,"{""type"":""MultiPoint"",""coordinates"":[]}"
20260304T09,2026-03-04,2026-03-04 09:00,20.249102,85.800575,5,2784630.258823529,0.7735084052287581,09:00,"{""type"":""MultiPoint"",""coordinates"":[]}"
20260304T10,2026-03-04,2026-03-04 10:00,20.249102,85.800575,5,2134011.1058823527,0.592780862745098,10:00,"{""type"":""MultiPoint"",""coordinates"":[]}"
20260304T11,2026-03-04,2026-03-04 11:00,20.249102,85.800575,5,1323317.1294117647,0.367588091503268,11:00,"{""type"":""MultiPoint"",""coordinates"":[]}"
20260304T12,2026-03-04,2026-03-04 12:00,20.249102,85.800575,5,492382.28235294117,0.13677285620915033,12:00,"{""type"":""MultiPoint"",""coordinates"":[]}"
20260304T13,2026-03-04,2026-03-04 13:00,20.249102,85.800575,5,19829.01176470588,0.005508058823529411,13:00,"{""type"":""MultiPoint"",""coordinates"":[]}"
20260304T14,2026-03-04,2026-03-04 14:00,20.249102,85.800575,5,0.0,0.0,14:00,"{""type"":""MultiPoint"",""coordinates"":[]}"
20260304T15,2026-03-04,2026-03-04 15:00,20.249102,85.800575,5,0.0,0.0,15:00,"{""type"":""MultiPoint"",""coordinates"":[]}"
20260304T16,2026-03-04,2026-03-04 16:00,20.249102,85.800575,5,0.4999847412109375,1.3888465033637152E-7,16:00,"{""type"":""MultiPoint"",""coordinates"":[]}"
20260304T17,2026-03-04,2026-03-04 17:00,20.249102,85.800575,5,-0.4882659912109375,-1.356294420030382E-7,17:00,"{""type"":""MultiPoint"",""coordinates"":[]}"
20260304T18,2026-03-04,2026-03-04 18:00,20.249102,85.800575,5,0.0,0.0,18:00,"{""type"":""MultiPoint"",""coordinates"":[]}"
20260304T19,2026-03-04,2026-03-04 19:00,20.249102,85.800575,5,0.0,0.0,19:00,"{""type"":""MultiPoint"",""coordinates"":[]}"
20260304T20,2026-03-04,2026-03-04 20:00,20.249102,85.800575,5,0.0,0.0,20:00,"{""type"":""MultiPoint"",""coordinates"":[]}"
20260304T21,2026-03-04,2026-03-04 21:00,20.249102,85.800575,5,0.0,0.0,21:00,"{""type"":""MultiPoint"",""coordinates"":[]}"
20260304T22,2026-03-04,2026-03-04 22:00,20.249102,85.800575,5,0.0,0.0,22:00,"{""type"":""MultiPoint"",""coordinates"":[]}"
20260304T23,2026-03-04,2026-03-04 23:00,20.249102,85.800575,5,0.0,0.0,23:00,"{""type"":""MultiPoint"",""coordinates"":[]}"
20260305T00,2026-03-05,2026-03-05 00:00,20.249102,85.800575,5,0.0,0.0,00:00,"{""type"":""MultiPoint"",""coordinates"":[]}"
20260305T01,2026-03-05,2026-03-05 01:00,20.249102,85.800575,5,27369.41176470588,0.007602614379084967,01:00,"{""type"":""MultiPoint"",""coordinates"":[]}"
20260305T02,2026-03-05,2026-03-05 02:00,20.249102,85.800575,5,512312.42352941167,0.1423090065359477,02:00,"{""type"":""MultiPoint"",""coordinates"":[]}"
20260305T03,2026-03-05,2026-03-05 03:00,20.249102,85.800575,5,1318038.0352941174,0.3661216764705882,03:00,"{""type"":""MultiPoint"",""coordinates"":[]}"
20260305T04,2026-03-05,2026-03-05 04:00,20.249102,85.800575,5,2152376.9411764704,0.5978824836601306,04:00,"{""type"":""MultiPoint"",""coordinates"":[]}"
20260305T05,2026-03-05,2026-03-05 05:00,20.249102,85.800575,5,2801431.2588235294,0.7781753496732026,05:00,"{""type"":""MultiPoint"",""coordinates"":[]}"
20260305T06,2026-03-05,2026-03-05 06:00,20.249102,85.800575,5,3229345.4588235286,0.8970404052287579,06:00,"{""type"":""MultiPoint"",""coordinates"":[]}"
20260305T07,2026-03-05,2026-03-05 07:00,20.249102,85.800575,5,3368774.894117647,0.9357708039215685,07:00,"{""type"":""MultiPoint"",""coordinates"":[]}"
20260305T08,2026-03-05,2026-03-05 08:00,20.249102,85.800575,5,3218421.8117647055,0.8940060588235293,08:00,"{""type"":""MultiPoint"",""coordinates"":[]}"
20260305T09,2026-03-05,2026-03-05 09:00,20.249102,85.800575,5,2790986.6588235293,0.7752740718954247,09:00,"{""type"":""MultiPoint"",""coordinates"":[]}"
20260305T10,2026-03-05,2026-03-05 10:00,20.249102,85.800575,5,2137618.682352941,0.5937829673202614,10:00,"{""type"":""MultiPoint"",""coordinates"":[]}"
20260305T11,2026-03-05,2026-03-05 11:00,20.249102,85.800575,5,1328474.0235294118,0.36902056209150325,11:00,"{""type"":""MultiPoint"",""coordinates"":[]}"
20260305T12,2026-03-05,2026-03-05 12:00,20.249102,85.800575,5,494889.2705882353,0.13746924183006537,12:00,"{""type"":""MultiPoint"",""coordinates"":[]}"
20260305T13,2026-03-05,2026-03-05 13:00,20.249102,85.800575,5,20461.55294117647,0.005683764705882353,13:00,"{""type"":""MultiPoint"",""coordinates"":[]}"
20260305T14,2026-03-05,2026-03-05 14:00,20.249102,85.800575,5,0.0,0.0,14:00,"{""type"":""MultiPoint"",""coordinates"":[]}"
20260305T15,2026-03-05,2026-03-05 15:00,20.249102,85.800575,5,0.0,0.0,15:00,"{""type"":""MultiPoint"",""coordinates"":[]}"
20260305T16,2026-03-05,2026-03-05 16:00,20.249102,85.800575,5,0.5,1.3888888888888888E-7,16:00,"{""type"":""MultiPoint"",""coordinates"":[]}"
20260305T17,2026-03-05,2026-03-05 17:00,20.249102,85.800575,5,0.3984375,1.1067708333333333E-7,17:00,"{""type"":""MultiPoint"",""coordinates"":[]}"
20260305T18,2026-03-05,2026-03-05 18:00,20.249102,85.800575,5,-0.46875,-1.3020833333333334E-7,18:00,"{""type"":""MultiPoint"",""coordinates"":[]}"
20260305T19,2026-03-05,2026-03-05 19:00,20.249102,85.800575,5,0.0,0.0,19:00,"{""type"":""MultiPoint"",""coordinates"":[]}"
20260305T20,2026-03-05,2026-03-05 20:00,20.249102,85.800575,5,0.0,0.0,20:00,"{""type"":""MultiPoint"",""coordinates"":[]}"
20260305T21,2026-03-05,2026-03-05 21:00,20.249102,85.800575,5,0.0,0.0,21:00,"{""type"":""MultiPoint"",""coordinates"":[]}"
20260305T22,2026-03-05,2026-03-05 22:00,20.249102,85.800575,5,0.0,0.0,22:00,"{""type"":""MultiPoint"",""coordinates"":[]}"
20260305T23,2026-03-05,2026-03-05 23:00,20.249102,85.800575,5,0.0,0.0,23:00,"{""type"":""MultiPoint"",""coordinates"":[]}"
20260306T00,2026-03-06,2026-03-06 00:00,20.249102,85.800575,5,0.0,0.0,00:00,"{""type"":""MultiPoint"",""coordinates"":[]}"
20260306T01,2026-03-06,2026-03-06 01:00,20.249102,85.800575,5,24691.25,0.006858680555555555,01:00,"{""type"":""MultiPoint"",""coordinates"":[]}"
20260306T02,2026-03-06,2026-03-06 02:00,20.249102,85.800575,5,341727.34411764704,0.09492426225490196,02:00,"{""type"":""MultiPoint"",""coordinates"":[]}"
20260306T03,2026-03-06,2026-03-06 03:00,20.249102,85.800575,5,1003403.488235294,0.27872319117647054,03:00,"{""type"":""MultiPoint"",""coordinates"":[]}"
20260306T04,2026-03-06,2026-03-06 04:00,20.249102,85.800575,5,1845477.3999999997,0.512632611111111,04:00,"{""type"":""MultiPoint"",""coordinates"":[]}"
20260306T05,2026-03-06,2026-03-06 05:00,20.249102,85.800575,5,2534729.1294117644,0.7040914248366013,05:00,"{""type"":""MultiPoint"",""coordinates"":[]}"
20260306T06,2026-03-06,2026-03-06 06:00,20.249102,85.800575,5,3055591.670588235,0.8487754640522874,06:00,"{""type"":""MultiPoint"",""coordinates"":[]}"
20260306T07,2026-03-06,2026-03-06 07:00,20.249102,85.800575,5,3189571.2470588237,0.8859920130718955,07:00,"{""type"":""MultiPoint"",""coordinates"":[]}"
20260306T08,2026-03-06,2026-03-06 08:00,20.249102,85.800575,5,3088302.964705882,0.8578619346405228,08:00,"{""type"":""MultiPoint"",""coordinates"":[]}"
20260306T09,2026-03-06,2026-03-06 09:00,20.249102,85.800575,5,2615347.1999999997,0.7264853333333332,09:00,"{""type"":""MultiPoint"",""coordinates"":[]}"
20260306T10,2026-03-06,2026-03-06 10:00,20.249102,85.800575,5,1924911.364705882,0.5346976013071895,10:00,"{""type"":""MultiPoint"",""coordinates"":[]}"
20260306T11,2026-03-06,2026-03-06 11:00,20.249102,85.800575,5,1197945.6470588234,0.33276267973856205,11:00,"{""type"":""MultiPoint"",""coordinates"":[]}"
20260306T12,2026-03-06,2026-03-06 12:00,20.249102,85.800575,5,392404.82352941175,0.10900133986928104,12:00,"{""type"":""MultiPoint"",""coordinates"":[]}"
20260306T13,2026-03-06,2026-03-06 13:00,20.249102,85.800575,5,17386.447058823527,0.004829568627450979,13:00,"{""type"":""MultiPoint"",""coordinates"":[]}"
20260306T14,2026-03-06,2026-03-06 14:00,20.249102,85.800575,5,0.0,0.0,14:00,"{""type"":""MultiPoint"",""coordinates"":[]}"
20260306T15,2026-03-06,2026-03-06 15:00,20.249102,85.800575,5,0.0,0.0,15:00,"{""type"":""MultiPoint"",""coordinates"":[]}"
20260306T16,2026-03-06,2026-03-06 16:00,20.249102,85.800575,5,0.22265625,6.184895833333333E-8,16:00,"{""type"":""MultiPoint"",""coordinates"":[]}"
20260306T17,2026-03-06,2026-03-06 17:00,20.249102,85.800575,5,-0.8829503676470587,-2.452639910130719E-7,17:00,"{""type"":""MultiPoint"",""coordinates"":[]}"
20260306T18,2026-03-06,2026-03-06 18:00,20.249102,85.800575,5,0.6602941176470587,1.8341503267973853E-7,18:00,"{""type"":""MultiPoint"",""coordinates"":[]}"
20260306T19,2026-03-06,2026-03-06 19:00,20.249102,85.800575,5,0.0,0.0,19:00,"{""type"":""MultiPoint"",""coordinates"":[]}"
20260306T20,2026-03-06,2026-03-06 20:00,20.249102,85.800575,5,0.0,0.0,20:00,"{""type"":""MultiPoint"",""coordinates"":[]}"
20260306T21,2026-03-06,2026-03-06 21:00,20.249102,85.800575,5,0.0,0.0,21:00,"{""type"":""MultiPoint"",""coordinates"":[]}"
20260306T22,2026-03-06,2026-03-06 22:00,20.249102,85.800575,5,0.0,0.0,22:00,"{""type"":""MultiPoint"",""coordinates"":[]}"
20260306T23,2026-03-06,2026-03-06 23:00,20.249102,85.800575,5,0.0,0.0,23:00,"{""type"":""MultiPoint"",""coordinates"":[]}"
20260307T00,2026-03-07,2026-03-07 00:00,20.249102,85.800575,5,0.0,0.0,00:00,"{""type"":""MultiPoint"",""coordinates"":[]}"
20260307T01,2026-03-07,2026-03-07 01:00,20.249102,85.800575,5,18533.84411764706,0.005148290032679739,01:00,"{""type"":""MultiPoint"",""coordinates"":[]}"
20260307T02,2026-03-07,2026-03-07 02:00,20.249102,85.800575,5,275554.1264705882,0.07654281290849672,02:00,"{""type"":""MultiPoint"",""coordinates"":[]}"
20260307T03,2026-03-07,2026-03-07 03:00,20.249102,85.800575,5,894674.0176470586,0.24852056045751628,03:00,"{""type"":""MultiPoint"",""coordinates"":[]}"
20260307T04,2026-03-07,2026-03-07 04:00,20.249102,85.800575,5,1519999.8235294116,0.42222217320261435,04:00,"{""type"":""MultiPoint"",""coordinates"":[]}"
20260307T05,2026-03-07,2026-03-07 05:00,20.249102,85.800575,5,2290875.5999999996,0.6363543333333332,05:00,"{""type"":""MultiPoint"",""coordinates"":[]}"
20260307T06,2026-03-07,2026-03-07 06:00,20.249102,85.800575,5,2731417.576470588,0.7587271045751633,06:00,"{""type"":""MultiPoint"",""coordinates"":[]}"
20260307T07,2026-03-07,2026-03-07 07:00,20.249102,85.800575,5,2635629.1294117644,0.732119202614379,07:00,"{""type"":""MultiPoint"",""coordinates"":[]}"
20260307T08,2026-03-07,2026-03-07 08:00,20.249102,85.800575,5,2140801.435294118,0.5946670653594771,08:00,"{""type"":""MultiPoint"",""coordinates"":[]}"
20260307T09,2026-03-07,2026-03-07 09:00,20.249102,85.800575,5,1531938.0470588233,0.4255383464052287,09:00,"{""type"":""MultiPoint"",""coordinates"":[]}"
20260307T10,2026-03-07,2026-03-07 10:00,20.249102,85.800575,5,991035.082352941,0.275287522875817,10:00,"{""type"":""MultiPoint"",""coordinates"":[]}"
20260307T11,2026-03-07,2026-03-07 11:00,20.249102,85.800575,5,791731.3176470587,0.2199253660130719,11:00,"{""type"":""MultiPoint"",""coordinates"":[]}"
20260307T12,2026-03-07,2026-03-07 12:00,20.249102,85.800575,5,299408.61176470586,0.0831690588235294,12:00,"{""type"":""MultiPoint"",""coordinates"":[]}"
20260307T13,2026-03-07,2026-03-07 13:00,20.249102,85.800575,5,13320.61176470588,0.003700169934640522,13:00,"{""type"":""MultiPoint"",""coordinates"":[]}"
20260307T14,2026-03-07,2026-03-07 14:00,20.249102,85.800575,5,0.0,0.0,14:00,"{""type"":""MultiPoint"",""coordinates"":[]}"
20260307T15,2026-03-07,2026-03-07 15:00,20.249102,85.800575,5,0.0,0.0,15:00,"{""type"":""MultiPoint"",""coordinates"":[]}"
20260307T16,2026-03-07,2026-03-07 16:00,20.249102,85.800575,5,0.49609375,1.3780381944444445E-7,16:00,"{""type"":""MultiPoint"",""coordinates"":[]}"
20260307T17,2026-03-07,2026-03-07 17:00,20.249102,85.800575,5,-0.49609375,-1.3780381944444445E-7,17:00,"{""type"":""MultiPoint"",""coordinates"":[]}"
20260307T18,2026-03-07,2026-03-07 18:00,20.249102,85.800575,5,0.1875,5.208333333333333E-8,18:00,"{""type"":""MultiPoint"",""coordinates"":[]}"
20260307T19,2026-03-07,2026-03-07 19:00,20.249102,85.800575,5,0.0625,1.736111111111111E-8,19:00,"{""type"":""MultiPoint"",""coordinates"":[]}"
20260307T20,2026-03-07,2026-03-07 20:00,20.249102,85.800575,5,0.0,0.0,20:00,"{""type"":""MultiPoint"",""coordinates"":[]}"
20260307T21,2026-03-07,2026-03-07 21:00,20.249102,85.800575,5,0.0,0.0,21:00,"{""type"":""MultiPoint"",""coordinates"":[]}"
20260307T22,2026-03-07,2026-03-07 22:00,20.249102,85.800575,5,0.0,0.0,22:00,"{""type"":""MultiPoint"",""coordinates"":[]}"
20260307T23,2026-03-07,2026-03-07 23:00,20.249102,85.800575,5,0.0,0.0,23:00,"{""type"":""MultiPoint"",""coordinates"":[]}"
20260308T00,2026-03-08,2026-03-08 00:00,20.249102,85.800575,5,0.0,0.0,00:00,"{""type"":""MultiPoint"",""coordinates"":[]}"
20260308T01,2026-03-08,2026-03-08 01:00,20.249102,85.800575,5,28533.920588235294,0.007926089052287581,01:00,"{""type"":""MultiPoint"",""coordinates"":[]}"
20260308T02,2026-03-08,2026-03-08 02:00,20.249102,85.800575,5,419013.2676470587,0.1163925743464052,02:00,"{""type"":""MultiPoint"",""coordinates"":[]}"
20260308T03,2026-03-08,2026-03-08 03:00,20.249102,85.800575,5,1077606.9764705882,0.29933527124183007,03:00,"{""type"":""MultiPoint"",""coordinates"":[]}"
20260308T04,2026-03-08,2026-03-08 04:00,20.249102,85.800575,5,1771074.5058823526,0.4919651405228757,04:00,"{""type"":""MultiPoint"",""coordinates"":[]}"
20260308T05,2026-03-08,2026-03-08 05:00,20.249102,85.800575,5,2397870.1058823527,0.6660750294117647,05:00,"{""type"":""MultiPoint"",""coordinates"":[]}"
20260308T06,2026-03-08,2026-03-08 06:00,20.249102,85.800575,5,2901975.5529411766,0.806104320261438,06:00,"{""type"":""MultiPoint"",""coordinates"":[]}"
20260308T07,2026-03-08,2026-03-08 07:00,20.249102,85.800575,5,3038609.74117647,0.8440582614379084,07:00,"{""type"":""MultiPoint"",""coordinates"":[]}"
20260308T08,2026-03-08,2026-03-08 08:00,20.249102,85.800575,5,2544450.635294117,0.7067918431372547,08:00,"{""type"":""MultiPoint"",""coordinates"":[]}"
20260308T09,2026-03-08,2026-03-08 09:00,20.249102,85.800575,5,2191429.717647059,0.608730477124183,09:00,"{""type"":""MultiPoint"",""coordinates"":[]}"
20260308T10,2026-03-08,2026-03-08 10:00,20.249102,85.800575,5,1704906.2823529409,0.4735850784313725,10:00,"{""type"":""MultiPoint"",""coordinates"":[]}"
20260308T11,2026-03-08,2026-03-08 11:00,20.249102,85.800575,5,1186236.6352941175,0.32951017647058817,11:00,"{""type"":""MultiPoint"",""coordinates"":[]}"
20260308T12,2026-03-08,2026-03-08 12:00,20.249102,85.800575,5,408764.5176470588,0.11354569934640522,12:00,"{""type"":""MultiPoint"",""coordinates"":[]}"
20260308T13,2026-03-08,2026-03-08 13:00,20.249102,85.800575,5,18275.529411764703,0.005076535947712417,13:00,"{""type"":""MultiPoint"",""coordinates"":[]}"
20260308T14,2026-03-08,2026-03-08 14:00,20.249102,85.800575,5,0.0,0.0,14:00,"{""type"":""MultiPoint"",""coordinates"":[]}"
20260308T15,2026-03-08,2026-03-08 15:00,20.249102,85.800575,5,0.0,0.0,15:00,"{""type"":""MultiPoint"",""coordinates"":[]}"
20260308T16,2026-03-08,2026-03-08 16:00,20.249102,85.800575,5,-1.050643382352941,-2.9184538398692805E-7,16:00,"{""type"":""MultiPoint"",""coordinates"":[]}"
20260308T17,2026-03-08,2026-03-08 17:00,20.249102,85.800575,5,1.0859375,3.0164930555555554E-7,17:00,"{""type"":""MultiPoint"",""coordinates"":[]}"
20260308T18,2026-03-08,2026-03-08 18:00,20.249102,85.800575,5,0.5,1.3888888888888888E-7,18:00,"{""type"":""MultiPoint"",""coordinates"":[]}"
20260308T19,2026-03-08,2026-03-08 19:00,20.249102,85.800575,5,0.0,0.0,19:00,"{""type"":""MultiPoint"",""coordinates"":[]}"
20260308T20,2026-03-08,2026-03-08 20:00,20.249102,85.800575,5,0.0,0.0,20:00,"{""type"":""MultiPoint"",""coordinates"":[]}"
20260308T21,2026-03-08,2026-03-08 21:00,20.249102,85.800575,5,0.0,0.0,21:00,"{""type"":""MultiPoint"",""coordinates"":[]}"
20260308T22,2026-03-08,2026-03-08 22:00,20.249102,85.800575,5,0.0,0.0,22:00,"{""type"":""MultiPoint"",""coordinates"":[]}"
20260308T23,2026-03-08,2026-03-08 23:00,20.249102,85.800575,5,0.0,0.0,23:00,"{""type"":""MultiPoint"",""coordinates"":[]}"
20260309T00,2026-03-09,2026-03-09 00:00,20.249102,85.800575,5,0.0,0.0,00:00,"{""type"":""MultiPoint"",""coordinates"":[]}"
20260309T01,2026-03-09,2026-03-09 01:00,20.249102,85.800575,5,22516.523529411763,0.006254589869281045,01:00,"{""type"":""MultiPoint"",""coordinates"":[]}"
20260309T02,2026-03-09,2026-03-09 02:00,20.249102,85.800575,5,423785.9470588235,0.11771831862745097,02:00,"{""type"":""MultiPoint"",""coordinates"":[]}"
20260309T03,2026-03-09,2026-03-09 03:00,20.249102,85.800575,5,883168.494117647,0.24532458169934637,03:00,"{""type"":""MultiPoint"",""coordinates"":[]}"
20260309T04,2026-03-09,2026-03-09 04:00,20.249102,85.800575,5,1520981.1764705882,0.42249477124183005,04:00,"{""type"":""MultiPoint"",""coordinates"":[]}"
20260309T05,2026-03-09,2026-03-09 05:00,20.249102,85.800575,5,1998833.2470588235,0.5552314575163398,05:00,"{""type"":""MultiPoint"",""coordinates"":[]}"
20260309T06,2026-03-09,2026-03-09 06:00,20.249102,85.800575,5,2490906.8941176464,0.6919185816993462,06:00,"{""type"":""MultiPoint"",""coordinates"":[]}"
20260309T07,2026-03-09,2026-03-09 07:00,20.249102,85.800575,5,2665444.8235294116,0.740401339869281,07:00,"{""type"":""MultiPoint"",""coordinates"":[]}"
20260309T08,2026-03-09,2026-03-09 08:00,20.249102,85.800575,5,2433054.1882352936,0.6758483856209149,08:00,"{""type"":""MultiPoint"",""coordinates"":[]}"
20260309T09,2026-03-09,2026-03-09 09:00,20.249102,85.800575,5,2359736.188235294,0.6554822745098039,09:00,"{""type"":""MultiPoint"",""coordinates"":[]}"
20260309T10,2026-03-09,2026-03-09 10:00,20.249102,85.800575,5,1759464.3058823526,0.4887400849673202,10:00,"{""type"":""MultiPoint"",""coordinates"":[]}"
20260309T11,2026-03-09,2026-03-09 11:00,20.249102,85.800575,5,1154210.4235294117,0.3206140065359477,11:00,"{""type"":""MultiPoint"",""coordinates"":[]}"
20260309T12,2026-03-09,2026-03-09 12:00,20.249102,85.800575,5,392515.3882352941,0.10903205228758168,12:00,"{""type"":""MultiPoint"",""coordinates"":[]}"
20260309T13,2026-03-09,2026-03-09 13:00,20.249102,85.800575,5,18959.882352941175,0.005266633986928104,13:00,"{""type"":""MultiPoint"",""coordinates"":[]}"
20260309T14,2026-03-09,2026-03-09 14:00,20.249102,85.800575,5,0.0,0.0,14:00,"{""type"":""MultiPoint"",""coordinates"":[]}"
20260309T15,2026-03-09,2026-03-09 15:00,20.249102,85.800575,5,0.0,0.0,15:00,"{""type"":""MultiPoint"",""coordinates"":[]}"
20260309T16,2026-03-09,2026-03-09 16:00,20.249102,85.800575,5,-0.00390625,-1.0850694444444444E-9,16:00,"{""type"":""MultiPoint"",""coordinates"":[]}"
20260309T17,2026-03-09,2026-03-09 17:00,20.249102,85.800575,5,0.00390625,1.0850694444444444E-9,17:00,"{""type"":""MultiPoint"",""coordinates"":[]}"
20260309T18,2026-03-09,2026-03-09 18:00,20.249102,85.800575,5,0.34779411764705875,9.660947712418298E-8,18:00,"{""type"":""MultiPoint"",""coordinates"":[]}"
20260309T19,2026-03-09,2026-03-09 19:00,20.249102,85.800575,5,-1.4102941176470587,-3.9174836601307184E-7,19:00,"{""type"":""MultiPoint"",""coordinates"":[]}"
20260309T20,2026-03-09,2026-03-09 20:00,20.249102,85.800575,5,0.0,0.0,20:00,"{""type"":""MultiPoint"",""coordinates"":[]}"
20260309T21,2026-03-09,2026-03-09 21:00,20.249102,85.800575,5,0.0,0.0,21:00,"{""type"":""MultiPoint"",""coordinates"":[]}"
20260309T22,2026-03-09,2026-03-09 22:00,20.249102,85.800575,5,0.0,0.0,22:00,"{""type"":""MultiPoint"",""coordinates"":[]}"
20260309T23,2026-03-09,2026-03-09 23:00,20.249102,85.800575,5,0.0,0.0,23:00,"{""type"":""MultiPoint"",""coordinates"":[]}"
20260310T00,2026-03-10,2026-03-10 00:00,20.249102,85.800575,5,0.0,0.0,00:00,"{""type"":""MultiPoint"",""coordinates"":[]}"
20260310T01,2026-03-10,2026-03-10 01:00,20.249102,85.800575,5,27616.741176470583,0.007671316993464051,01:00,"{""type"":""MultiPoint"",""coordinates"":[]}"
20260310T02,2026-03-10,2026-03-10 02:00,20.249102,85.800575,5,394092.90588235285,0.1094702516339869,02:00,"{""type"":""MultiPoint"",""coordinates"":[]}"
20260310T03,2026-03-10,2026-03-10 03:00,20.249102,85.800575,5,1048769.7294117645,0.2913249248366013,03:00,"{""type"":""MultiPoint"",""coordinates"":[]}"
20260310T04,2026-03-10,2026-03-10 04:00,20.249102,85.800575,5,1561252.9058823527,0.433681362745098,04:00,"{""type"":""MultiPoint"",""coordinates"":[]}"
20260310T05,2026-03-10,2026-03-10 05:00,20.249102,85.800575,5,2121733.74117647,0.5893704836601306,05:00,"{""type"":""MultiPoint"",""coordinates"":[]}"
20260310T06,2026-03-10,2026-03-10 06:00,20.249102,85.800575,5,2763799.9294117647,0.7677222026143791,06:00,"{""type"":""MultiPoint"",""coordinates"":[]}"
20260310T07,2026-03-10,2026-03-10 07:00,20.249102,85.800575,5,3116270.4235294117,0.8656306732026143,07:00,"{""type"":""MultiPoint"",""coordinates"":[]}"
20260310T08,2026-03-10,2026-03-10 08:00,20.249102,85.800575,5,3094841.6235294114,0.8596782287581698,08:00,"{""type"":""MultiPoint"",""coordinates"":[]}"
20260310T09,2026-03-10,2026-03-10 09:00,20.249102,85.800575,5,2550475.9294117647,0.7084655359477124,09:00,"{""type"":""MultiPoint"",""coordinates"":[]}"
20260310T10,2026-03-10,2026-03-10 10:00,20.249102,85.800575,5,1931693.0588235294,0.5365814052287582,10:00,"{""type"":""MultiPoint"",""coordinates"":[]}"
20260310T11,2026-03-10,2026-03-10 11:00,20.249102,85.800575,5,1196307.6470588234,0.33230767973856207,11:00,"{""type"":""MultiPoint"",""coordinates"":[]}"
20260310T12,2026-03-10,2026-03-10 12:00,20.249102,85.800575,5,415289.48235294106,0.11535818954248363,12:00,"{""type"":""MultiPoint"",""coordinates"":[]}"
20260310T13,2026-03-10,2026-03-10 13:00,20.249102,85.800575,5,22759.22352941176,0.006322006535947711,13:00,"{""type"":""MultiPoint"",""coordinates"":[]}"
20260310T14,2026-03-10,2026-03-10 14:00,20.249102,85.800575,5,0.0,0.0,14:00,"{""type"":""MultiPoint"",""coordinates"":[]}"
20260310T15,2026-03-10,2026-03-10 15:00,20.249102,85.800575,5,0.0,0.0,15:00,"{""type"":""MultiPoint"",""coordinates"":[]}"
20260310T16,2026-03-10,2026-03-10 16:00,20.249102,85.800575,5,-0.5,-1.3888888888888888E-7,16:00,"{""type"":""MultiPoint"",""coordinates"":[]}"
20260310T17,2026-03-10,2026-03-10 17:00,20.249102,85.800575,5,1.0625,2.951388888888889E-7,17:00,"{""type"":""MultiPoint"",""coordinates"":[]}"
20260310T18,2026-03-10,2026-03-10 18:00,20.249102,85.800575,5,-1.125,-3.125E-7,18:00,"{""type"":""MultiPoint"",""coordinates"":[]}"
20260310T19,2026-03-10,2026-03-10 19:00,20.249102,85.800575,5,0.0,0.0,19:00,"{""type"":""MultiPoint"",""coordinates"":[]}"
20260310T20,2026-03-10,2026-03-10 20:00,20.249102,85.800575,5,0.0,0.0,20:00,"{""type"":""MultiPoint"",""coordinates"":[]}"
20260310T21,2026-03-10,2026-03-10 21:00,20.249102,85.800575,5,0.0,0.0,21:00,"{""type"":""MultiPoint"",""coordinates"":[]}"
20260310T22,2026-03-10,2026-03-10 22:00,20.249102,85.800575,5,0.0,0.0,22:00,"{""type"":""MultiPoint"",""coordinates"":[]}"
20260310T23,2026-03-10,2026-03-10 23:00,20.249102,85.800575,5,0.0,0.0,23:00,"{""type"":""MultiPoint"",""coordinates"":[]}"
20260311T00,2026-03-11,2026-03-11 00:00,20.249102,85.800575,5,0.0,0.0,00:00,"{""type"":""MultiPoint"",""coordinates"":[]}"
20260311T01,2026-03-11,2026-03-11 01:00,20.249102,85.800575,5,38932.03529411764,0.010814454248366011,01:00,"{""type"":""MultiPoint"",""coordinates"":[]}"
20260311T02,2026-03-11,2026-03-11 02:00,20.249102,85.800575,5,490884.29411764705,0.13635674836601308,02:00,"{""type"":""MultiPoint"",""coordinates"":[]}"
20260311T03,2026-03-11,2026-03-11 03:00,20.249102,85.800575,5,1208181.164705882,0.33560587908496725,03:00,"{""type"":""MultiPoint"",""coordinates"":[]}"
20260311T04,2026-03-11,2026-03-11 04:00,20.249102,85.800575,5,1925855.2470588235,0.5349597908496732,04:00,"{""type"":""MultiPoint"",""coordinates"":[]}"
20260311T05,2026-03-11,2026-03-11 05:00,20.249102,85.800575,5,2601912.8823529407,0.7227535784313724,05:00,"{""type"":""MultiPoint"",""coordinates"":[]}"
20260311T06,2026-03-11,2026-03-11 06:00,20.249102,85.800575,5,2916872.7294117645,0.8102424248366012,06:00,"{""type"":""MultiPoint"",""coordinates"":[]}"
20260311T07,2026-03-11,2026-03-11 07:00,20.249102,85.800575,5,3304546.8470588233,0.917929679738562,07:00,"{""type"":""MultiPoint"",""coordinates"":[]}"
20260311T08,2026-03-11,2026-03-11 08:00,20.249102,85.800575,5,3137900.1647058823,0.8716389346405229,08:00,"{""type"":""MultiPoint"",""coordinates"":[]}"
20260311T09,2026-03-11,2026-03-11 09:00,20.249102,85.800575,5,2505490.705882353,0.6959696405228758,09:00,"{""type"":""MultiPoint"",""coordinates"":[]}"
20260311T10,2026-03-11,2026-03-11 10:00,20.249102,85.800575,5,1930017.0117647056,0.5361158366013071,10:00,"{""type"":""MultiPoint"",""coordinates"":[]}"
20260311T11,2026-03-11,2026-03-11 11:00,20.249102,85.800575,5,999000.4470588235,0.2775001241830065,11:00,"{""type"":""MultiPoint"",""coordinates"":[]}"
20260311T12,2026-03-11,2026-03-11 12:00,20.249102,85.800575,5,390834.1647058823,0.10856504575163398,12:00,"{""type"":""MultiPoint"",""coordinates"":[]}"
20260311T13,2026-03-11,2026-03-11 13:00,20.249102,85.800575,5,19230.188235294114,0.005341718954248365,13:00,"{""type"":""MultiPoint"",""coordinates"":[]}"
20260311T14,2026-03-11,2026-03-11 14:00,20.249102,85.800575,5,0.0,0.0,14:00,"{""type"":""MultiPoint"",""coordinates"":[]}"
20260311T15,2026-03-11,2026-03-11 15:00,20.249102,85.800575,5,0.0,0.0,15:00,"{""type"":""MultiPoint"",""coordinates"":[]}"
20260311T16,2026-03-11,2026-03-11 16:00,20.249102,85.800575,5,0.5,1.3888888888888888E-7,16:00,"{""type"":""MultiPoint"",""coordinates"":[]}"
20260311T17,2026-03-11,2026-03-11 17:00,20.249102,85.800575,5,-0.6875,-1.9097222222222223E-7,17:00,"{""type"":""MultiPoint"",""coordinates"":[]}"
20260311T18,2026-03-11,2026-03-11 18:00,20.249102,85.800575,5,0.1602941176470588,4.452614379084967E-8,18:00,"{""type"":""MultiPoint"",""coordinates"":[]}"
20260311T19,2026-03-11,2026-03-11 19:00,20.249102,85.800575,5,-0.5352941176470587,-1.4869281045751632E-7,19:00,"{""type"":""MultiPoint"",""coordinates"":[]}"
20260311T20,2026-03-11,2026-03-11 20:00,20.249102,85.800575,5,0.0625,1.736111111111111E-8,20:00,"{""type"":""MultiPoint"",""coordinates"":[]}"
20260311T21,2026-03-11,2026-03-11 21:00,20.249102,85.800575,5,1.0,2.7777777777777776E-7,21:00,"{""type"":""MultiPoint"",""coordinates"":[]}"
20260311T22,2026-03-11,2026-03-11 22:00,20.249102,85.800575,5,0.0,0.0,22:00,"{""type"":""MultiPoint"",""coordinates"":[]}"
20260311T23,2026-03-11,2026-03-11 23:00,20.249102,85.800575,5,0.0,0.0,23:00,"{""type"":""MultiPoint"",""coordinates"":[]}"
20260312T00,2026-03-12,2026-03-12 00:00,20.249102,85.800575,5,0.0,0.0,00:00,"{""type"":""MultiPoint"",""coordinates"":[]}"
20260312T01,2026-03-12,2026-03-12 01:00,20.249102,85.800575,5,43471.95,0.012075541666666667,01:00,"{""type"":""MultiPoint"",""coordinates"":[]}"
20260312T02,2026-03-12,2026-03-12 02:00,20.249102,85.800575,5,565472.8264705882,0.15707578513071896,02:00,"{""type"":""MultiPoint"",""coordinates"":[]}"
20260312T03,2026-03-12,2026-03-12 03:00,20.249102,85.800575,5,1376626.8235294116,0.382396339869281,03:00,"{""type"":""MultiPoint"",""coordinates"":[]}"
20260312T04,2026-03-12,2026-03-12 04:00,20.249102,85.800575,5,2148275.0705882353,0.5967430751633986,04:00,"{""type"":""MultiPoint"",""coordinates"":[]}"
20260312T05,2026-03-12,2026-03-12 05:00,20.249102,85.800575,5,2799531.6,0.7776476666666667,05:00,"{""type"":""MultiPoint"",""coordinates"":[]}"
20260312T06,2026-03-12,2026-03-12 06:00,20.249102,85.800575,5,3205983.658823529,0.8905510163398691,06:00,"{""type"":""MultiPoint"",""coordinates"":[]}"
20260312T07,2026-03-12,2026-03-12 07:00,20.249102,85.800575,5,3350975.0352941174,0.9308263986928104,07:00,"{""type"":""MultiPoint"",""coordinates"":[]}"
20260312T08,2026-03-12,2026-03-12 08:00,20.249102,85.800575,5,3111018.658823529,0.8641718496732025,08:00,"{""type"":""MultiPoint"",""coordinates"":[]}"
20260312T09,2026-03-12,2026-03-12 09:00,20.249102,85.800575,5,2762673.2941176468,0.767409248366013,09:00,"{""type"":""MultiPoint"",""coordinates"":[]}"
20260312T10,2026-03-12,2026-03-12 10:00,20.249102,85.800575,5,1927683.5294117643,0.5354676470588234,10:00,"{""type"":""MultiPoint"",""coordinates"":[]}"
20260312T11,2026-03-12,2026-03-12 11:00,20.249102,85.800575,5,1322979.7176470587,0.36749436601307184,11:00,"{""type"":""MultiPoint"",""coordinates"":[]}"
20260312T12,2026-03-12,2026-03-12 12:00,20.249102,85.800575,5,476711.15294117643,0.13241976470588235,12:00,"{""type"":""MultiPoint"",""coordinates"":[]}"
20260312T13,2026-03-12,2026-03-12 13:00,20.249102,85.800575,5,24920.44705882353,0.006922346405228759,13:00,"{""type"":""MultiPoint"",""coordinates"":[]}"
20260312T14,2026-03-12,2026-03-12 14:00,20.249102,85.800575,5,0.0,0.0,14:00,"{""type"":""MultiPoint"",""coordinates"":[]}"
20260312T15,2026-03-12,2026-03-12 15:00,20.249102,85.800575,5,1.0,2.7777777777777776E-7,15:00,"{""type"":""MultiPoint"",""coordinates"":[]}"
20260312T16,2026-03-12,2026-03-12 16:00,20.249102,85.800575,5,-0.5,-1.3888888888888888E-7,16:00,"{""type"":""MultiPoint"",""coordinates"":[]}"
20260312T17,2026-03-12,2026-03-12 17:00,20.249102,85.800575,5,0.3125,8.680555555555556E-8,17:00,"{""type"":""MultiPoint"",""coordinates"":[]}"
20260312T18,2026-03-12,2026-03-12 18:00,20.249102,85.800575,5,-0.875,-2.4305555555555555E-7,18:00,"{""type"":""MultiPoint"",""coordinates"":[]}"
20260312T19,2026-03-12,2026-03-12 19:00,20.249102,85.800575,5,0.5,1.3888888888888888E-7,19:00,"{""type"":""MultiPoint"",""coordinates"":[]}"
20260312T20,2026-03-12,2026-03-12 20:00,20.249102,85.800575,5,1.0,2.7777777777777776E-7,20:00,"{""type"":""MultiPoint"",""coordinates"":[]}"
20260312T21,2026-03-12,2026-03-12 21:00,20.249102,85.800575,5,0.0625,1.736111111111111E-8,21:00,"{""type"":""MultiPoint"",""coordinates"":[]}"
20260312T22,2026-03-12,2026-03-12 22:00,20.249102,85.800575,5,-0.5,-1.3888888888888888E-7,22:00,"{""type"":""MultiPoint"",""coordinates"":[]}"
20260312T23,2026-03-12,2026-03-12 23:00,20.249102,85.800575,5,0.0,0.0,23:00,"{""type"":""MultiPoint"",""coordinates"":[]}"
20260313T00,2026-03-13,2026-03-13 00:00,20.249102,85.800575,5,0.0,0.0,00:00,"{""type"":""MultiPoint"",""coordinates"":[]}"
20260313T01,2026-03-13,2026-03-13 01:00,20.249102,85.800575,5,48931.626470588235,0.013592118464052288,01:00,"{""type"":""MultiPoint"",""coordinates"":[]}"
20260313T02,2026-03-13,2026-03-13 02:00,20.249102,85.800575,5,597974.75,0.16610409722222222,02:00,"{""type"":""MultiPoint"",""coordinates"":[]}"
20260313T03,2026-03-13,2026-03-13 03:00,20.249102,85.800575,5,1412974.1647058823,0.3924928235294117,03:00,"{""type"":""MultiPoint"",""coordinates"":[]}"
20260313T04,2026-03-13,2026-03-13 04:00,20.249102,85.800575,5,2203712.470588235,0.6121423529411765,04:00,"{""type"":""MultiPoint"",""coordinates"":[]}"
20260313T05,2026-03-13,2026-03-13 05:00,20.249102,85.800575,5,2832856.6117647057,0.7869046143790849,05:00,"{""type"":""MultiPoint"",""coordinates"":[]}"
20260313T06,2026-03-13,2026-03-13 06:00,20.249102,85.800575,5,3242739.9764705882,0.9007611045751635,06:00,"{""type"":""MultiPoint"",""coordinates"":[]}"
20260313T07,2026-03-13,2026-03-13 07:00,20.249102,85.800575,5,3367453.4588235286,0.9354037385620912,07:00,"{""type"":""MultiPoint"",""coordinates"":[]}"
20260313T08,2026-03-13,2026-03-13 08:00,20.249102,85.800575,5,3222363.9764705882,0.8951011045751635,08:00,"{""type"":""MultiPoint"",""coordinates"":[]}"
20260313T09,2026-03-13,2026-03-13 09:00,20.249102,85.800575,5,2744084.3529411764,0.7622456535947713,09:00,"{""type"":""MultiPoint"",""coordinates"":[]}"
20260313T10,2026-03-13,2026-03-13 10:00,20.249102,85.800575,5,2112354.752941176,0.5867652091503266,10:00,"{""type"":""MultiPoint"",""coordinates"":[]}"
20260313T11,2026-03-13,2026-03-13 11:00,20.249102,85.800575,5,1262248.7529411763,0.3506246535947712,11:00,"{""type"":""MultiPoint"",""coordinates"":[]}"
20260313T12,2026-03-13,2026-03-13 12:00,20.249102,85.800575,5,496600.3764705882,0.13794454901960784,12:00,"{""type"":""MultiPoint"",""coordinates"":[]}"
20260313T13,2026-03-13,2026-03-13 13:00,20.249102,85.800575,5,24743.976470588233,0.00687332679738562,13:00,"{""type"":""MultiPoint"",""coordinates"":[]}"
20260313T14,2026-03-13,2026-03-13 14:00,20.249102,85.800575,5,0.0,0.0,14:00,"{""type"":""MultiPoint"",""coordinates"":[]}"
20260313T15,2026-03-13,2026-03-13 15:00,20.249102,85.800575,5,-0.5041819852941175,-1.4005055147058819E-7,15:00,"{""type"":""MultiPoint"",""coordinates"":[]}"
20260313T16,2026-03-13,2026-03-13 16:00,20.249102,85.800575,5,0.4688878676470588,1.3024662990196078E-7,16:00,"{""type"":""MultiPoint"",""coordinates"":[]}"
20260313T17,2026-03-13,2026-03-13 17:00,20.249102,85.800575,5,-0.22279411764705875,-6.188725490196077E-8,17:00,"{""type"":""MultiPoint"",""coordinates"":[]}"
20260313T18,2026-03-13,2026-03-13 18:00,20.249102,85.800575,5,0.1875,5.208333333333333E-8,18:00,"{""type"":""MultiPoint"",""coordinates"":[]}"
20260313T19,2026-03-13,2026-03-13 19:00,20.249102,85.800575,5,0.34779411764705875,9.660947712418298E-8,19:00,"{""type"":""MultiPoint"",""coordinates"":[]}"
20260313T20,2026-03-13,2026-03-13 20:00,20.249102,85.800575,5,-0.7227941176470588,-2.0077614379084966E-7,20:00,"{""type"":""MultiPoint"",""coordinates"":[]}"
20260313T21,2026-03-13,2026-03-13 21:00,20.249102,85.800575,5,0.25,6.944444444444444E-8,21:00,"{""type"":""MultiPoint"",""coordinates"":[]}"
20260313T22,2026-03-13,2026-03-13 22:00,20.249102,85.800575,5,0.7227941176470588,2.0077614379084966E-7,22:00,"{""type"":""MultiPoint"",""coordinates"":[]}"
20260313T23,2026-03-13,2026-03-13 23:00,20.249102,85.800575,5,-1.4375,-3.9930555555555553E-7,23:00,"{""type"":""MultiPoint"",""coordinates"":[]}"
20260314T00,2026-03-14,2026-03-14 00:00,20.249102,85.800575,5,0.0,0.0,00:00,"{""type"":""MultiPoint"",""coordinates"":[]}"
20260314T01,2026-03-14,2026-03-14 01:00,20.249102,85.800575,5,49183.68235294117,0.013662133986928103,01:00,"{""type"":""MultiPoint"",""coordinates"":[]}"
20260314T02,2026-03-14,2026-03-14 02:00,20.249102,85.800575,5,583464.2647058823,0.16207340686274507,02:00,"{""type"":""MultiPoint"",""coordinates"":[]}"
20260314T03,2026-03-14,2026-03-14 03:00,20.249102,85.800575,5,1321668.2058823528,0.36713005718954245,03:00,"{""type"":""MultiPoint"",""coordinates"":[]}"
20260314T04,2026-03-14,2026-03-14 04:00,20.249102,85.800575,5,2131336.388235294,0.592037885620915,04:00,"{""type"":""MultiPoint"",""coordinates"":[]}"
20260314T05,2026-03-14,2026-03-14 05:00,20.249102,85.800575,5,2801831.4117647056,0.7782865032679738,05:00,"{""type"":""MultiPoint"",""coordinates"":[]}"
20260314T06,2026-03-14,2026-03-14 06:00,20.249102,85.800575,5,3223155.6470588236,0.8953210130718955,06:00,"{""type"":""MultiPoint"",""coordinates"":[]}"
20260314T07,2026-03-14,2026-03-14 07:00,20.249102,85.800575,5,3353407.599999999,0.9315021111111109,07:00,"{""type"":""MultiPoint"",""coordinates"":[]}"
20260314T08,2026-03-14,2026-03-14 08:00,20.249102,85.800575,5,3214844.7529411763,0.8930124313725489,08:00,"{""type"":""MultiPoint"",""coordinates"":[]}"
20260314T09,2026-03-14,2026-03-14 09:00,20.249102,85.800575,5,2800994.588235294,0.7780540522875816,09:00,"{""type"":""MultiPoint"",""coordinates"":[]}"
20260314T10,2026-03-14,2026-03-14 10:00,20.249102,85.800575,5,2022543.9529411765,0.5618177647058824,10:00,"{""type"":""MultiPoint"",""coordinates"":[]}"
20260314T11,2026-03-14,2026-03-14 11:00,20.249102,85.800575,5,1317808.5411764705,0.3660579281045751,11:00,"{""type"":""MultiPoint"",""coordinates"":[]}"
20260314T12,2026-03-14,2026-03-14 12:00,20.249102,85.800575,5,463973.294117647,0.12888147058823526,12:00,"{""type"":""MultiPoint"",""coordinates"":[]}"
20260314T13,2026-03-14,2026-03-14 13:00,20.249102,85.800575,5,24465.6,0.006796,13:00,"{""type"":""MultiPoint"",""coordinates"":[]}"
20260314T14,2026-03-14,2026-03-14 14:00,20.249102,85.800575,5,1.5390625,4.275173611111111E-7,14:00,"{""type"":""MultiPoint"",""coordinates"":[]}"
20260314T15,2026-03-14,2026-03-14 15:00,20.249102,85.800575,5,-0.0390625,-1.0850694444444445E-8,15:00,"{""type"":""MultiPoint"",""coordinates"":[]}"
20260314T16,2026-03-14,2026-03-14 16:00,20.249102,85.800575,5,-1.0,-2.7777777777777776E-7,16:00,"{""type"":""MultiPoint"",""coordinates"":[]}"
20260314T17,2026-03-14,2026-03-14 17:00,20.249102,85.800575,5,-0.5,-1.3888888888888888E-7,17:00,"{""type"":""MultiPoint"",""coordinates"":[]}"
20260314T18,2026-03-14,2026-03-14 18:00,20.249102,85.800575,5,0.0,0.0,18:00,"{""type"":""MultiPoint"",""coordinates"":[]}"
20260314T19,2026-03-14,2026-03-14 19:00,20.249102,85.800575,5,0.7147058823529411,1.9852941176470584E-7,19:00,"{""type"":""MultiPoint"",""coordinates"":[]}"
20260314T20,2026-03-14,2026-03-14 20:00,20.249102,85.800575,5,0.22279411764705875,6.188725490196077E-8,20:00,"{""type"":""MultiPoint"",""coordinates"":[]}"
20260314T21,2026-03-14,2026-03-14 21:00,20.249102,85.800575,5,0.0,0.0,21:00,"{""type"":""MultiPoint"",""coordinates"":[]}"
20260314T22,2026-03-14,2026-03-14 22:00,20.249102,85.800575,5,0.0,0.0,22:00,"{""type"":""MultiPoint"",""coordinates"":[]}"
20260314T23,2026-03-14,2026-03-14 23:00,20.249102,85.800575,5,0.0,0.0,23:00,"{""type"":""MultiPoint"",""coordinates"":[]}"
20260315T00,2026-03-15,2026-03-15 00:00,20.249102,85.800575,5,0.0,0.0,00:00,"{""type"":""MultiPoint"",""coordinates"":[]}"
20260315T01,2026-03-15,2026-03-15 01:00,20.249102,85.800575,5,50717.34999999999,0.014088152777777776,01:00,"{""type"":""MultiPoint"",""coordinates"":[]}"
20260315T02,2026-03-15,2026-03-15 02:00,20.249102,85.800575,5,570916.8735294117,0.1585880204248366,02:00,"{""type"":""MultiPoint"",""coordinates"":[]}"
20260315T03,2026-03-15,2026-03-15 03:00,20.249102,85.800575,5,1372822.4235294117,0.3813395620915032,03:00,"{""type"":""MultiPoint"",""coordinates"":[]}"
20260315T04,2026-03-15,2026-03-15 04:00,20.249102,85.800575,5,2118041.964705882,0.5883449901960783,04:00,"{""type"":""MultiPoint"",""coordinates"":[]}"
20260315T05,2026-03-15,2026-03-15 05:00,20.249102,85.800575,5,2837885.1058823527,0.7883014183006535,05:00,"{""type"":""MultiPoint"",""coordinates"":[]}"
20260315T06,2026-03-15,2026-03-15 06:00,20.249102,85.800575,5,3228654.3058823524,0.8968484183006534,06:00,"{""type"":""MultiPoint"",""coordinates"":[]}"
20260315T07,2026-03-15,2026-03-15 07:00,20.249102,85.800575,5,3196137.364705882,0.8878159346405228,07:00,"{""type"":""MultiPoint"",""coordinates"":[]}"
20260315T08,2026-03-15,2026-03-15 08:00,20.249102,85.800575,5,3159737.9999999995,0.8777049999999998,08:00,"{""type"":""MultiPoint"",""coordinates"":[]}"
20260315T09,2026-03-15,2026-03-15 09:00,20.249102,85.800575,5,2655619.458823529,0.7376720718954247,09:00,"{""type"":""MultiPoint"",""coordinates"":[]}"
20260315T10,2026-03-15,2026-03-15 10:00,20.249102,85.800575,5,1990899.9764705882,0.5530277712418301,10:00,"{""type"":""MultiPoint"",""coordinates"":[]}"
20260315T11,2026-03-15,2026-03-15 11:00,20.249102,85.800575,5,1209861.8352941175,0.33607273202614374,11:00,"{""type"":""MultiPoint"",""coordinates"":[]}"
20260315T12,2026-03-15,2026-03-15 12:00,20.249102,85.800575,5,413399.19999999995,0.1148331111111111,12:00,"{""type"":""MultiPoint"",""coordinates"":[]}"
20260315T13,2026-03-15,2026-03-15 13:00,20.249102,85.800575,5,24045.41176470588,0.006679281045751634,13:00,"{""type"":""MultiPoint"",""coordinates"":[]}"
20260315T14,2026-03-15,2026-03-15 14:00,20.249102,85.800575,5,-0.035294117647058774,-9.803921568627438E-9,14:00,"{""type"":""MultiPoint"",""coordinates"":[]}"
20260315T15,2026-03-15,2026-03-15 15:00,20.249102,85.800575,5,0.0,0.0,15:00,"{""type"":""MultiPoint"",""coordinates"":[]}"
20260315T16,2026-03-15,2026-03-15 16:00,20.249102,85.800575,5,0.5,1.3888888888888888E-7,16:00,"{""type"":""MultiPoint"",""coordinates"":[]}"
20260315T17,2026-03-15,2026-03-15 17:00,20.249102,85.800575,5,-0.5,-1.3888888888888888E-7,17:00,"{""type"":""MultiPoint"",""coordinates"":[]}"
20260315T18,2026-03-15,2026-03-15 18:00,20.249102,85.800575,5,0.8477941176470587,2.3549836601307185E-7,18:00,"{""type"":""MultiPoint"",""coordinates"":[]}"
20260315T19,2026-03-15,2026-03-15 19:00,20.249102,85.800575,5,-0.6522058823529412,-1.8116830065359476E-7,19:00,"{""type"":""MultiPoint"",""coordinates"":[]}"
20260315T20,2026-03-15,2026-03-15 20:00,20.249102,85.800575,5,0.4022058823529412,1.1172385620915034E-7,20:00,"{""type"":""MultiPoint"",""coordinates"":[]}"
20260315T21,2026-03-15,2026-03-15 21:00,20.249102,85.800575,5,-1.0,-2.7777777777777776E-7,21:00,"{""type"":""MultiPoint"",""coordinates"":[]}"
20260315T22,2026-03-15,2026-03-15 22:00,20.249102,85.800575,5,0.0,0.0,22:00,"{""type"":""MultiPoint"",""coordinates"":[]}"
20260315T23,2026-03-15,2026-03-15 23:00,20.249102,85.800575,5,0.0,0.0,23:00,"{""type"":""MultiPoint"",""coordinates"":[]}"
20260316T00,2026-03-16,2026-03-16 00:00,20.249102,85.800575,5,0.0,0.0,00:00,"{""type"":""MultiPoint"",""coordinates"":[]}"
20260316T01,2026-03-16,2026-03-16 01:00,20.249102,85.800575,5,52309.92058823529,0.014530533496732025,01:00,"{""type"":""MultiPoint"",""coordinates"":[]}"
20260316T02,2026-03-16,2026-03-16 02:00,20.249102,85.800575,5,528755.7382352941,0.14687659395424837,02:00,"{""type"":""MultiPoint"",""coordinates"":[]}"
20260316T03,2026-03-16,2026-03-16 03:00,20.249102,85.800575,5,1269329.0823529412,0.3525914117647059,03:00,"{""type"":""MultiPoint"",""coordinates"":[]}"
20260316T04,2026-03-16,2026-03-16 04:00,20.249102,85.800575,5,2128820.058823529,0.5913389052287581,04:00,"{""type"":""MultiPoint"",""coordinates"":[]}"
20260316T05,2026-03-16,2026-03-16 05:00,20.249102,85.800575,5,2773498.282352941,0.7704161895424836,05:00,"{""type"":""MultiPoint"",""coordinates"":[]}"
20260316T06,2026-03-16,2026-03-16 06:00,20.249102,85.800575,5,3003738.588235294,0.8343718300653594,06:00,"{""type"":""MultiPoint"",""coordinates"":[]}"
20260316T07,2026-03-16,2026-03-16 07:00,20.249102,85.800575,5,2984116.211764706,0.8289211699346405,07:00,"{""type"":""MultiPoint"",""coordinates"":[]}"
20260316T08,2026-03-16,2026-03-16 08:00,20.249102,85.800575,5,2635178.3529411764,0.7319939869281046,08:00,"{""type"":""MultiPoint"",""coordinates"":[]}"
20260316T09,2026-03-16,2026-03-16 09:00,20.249102,85.800575,5,2081189.3411764705,0.5781081503267974,09:00,"{""type"":""MultiPoint"",""coordinates"":[]}"
20260316T10,2026-03-16,2026-03-16 10:00,20.249102,85.800575,5,1904402.0705882353,0.5290005751633987,10:00,"{""type"":""MultiPoint"",""coordinates"":[]}"
20260316T11,2026-03-16,2026-03-16 11:00,20.249102,85.800575,5,1115316.1411764703,0.30981003921568623,11:00,"{""type"":""MultiPoint"",""coordinates"":[]}"
20260316T12,2026-03-16,2026-03-16 12:00,20.249102,85.800575,5,343337.0117647059,0.09537139215686274,12:00,"{""type"":""MultiPoint"",""coordinates"":[]}"
20260316T13,2026-03-16,2026-03-16 13:00,20.249102,85.800575,5,22351.247058823526,0.006208679738562091,13:00,"{""type"":""MultiPoint"",""coordinates"":[]}"
20260316T14,2026-03-16,2026-03-16 14:00,20.249102,85.800575,5,0.2734375,7.595486111111111E-8,14:00,"{""type"":""MultiPoint"",""coordinates"":[]}"
20260316T15,2026-03-16,2026-03-16 15:00,20.249102,85.800575,5,0.421875,1.171875E-7,15:00,"{""type"":""MultiPoint"",""coordinates"":[]}"
20260316T16,2026-03-16,2026-03-16 16:00,20.249102,85.800575,5,1.1171875,3.103298611111111E-7,16:00,"{""type"":""MultiPoint"",""coordinates"":[]}"
20260316T17,2026-03-16,2026-03-16 17:00,20.249102,85.800575,5,0.1875,5.208333333333333E-8,17:00,"{""type"":""MultiPoint"",""coordinates"":[]}"
20260316T18,2026-03-16,2026-03-16 18:00,20.249102,85.800575,5,-1.9022058823529413,-5.283905228758171E-7,18:00,"{""type"":""MultiPoint"",""coordinates"":[]}"
20260316T19,2026-03-16,2026-03-16 19:00,20.249102,85.800575,5,0.5897058823529412,1.6380718954248366E-7,19:00,"{""type"":""MultiPoint"",""coordinates"":[]}"
20260316T20,2026-03-16,2026-03-16 20:00,20.249102,85.800575,5,0.0,0.0,20:00,"{""type"":""MultiPoint"",""coordinates"":[]}"
20260316T21,2026-03-16,2026-03-16 21:00,20.249102,85.800575,5,0.25,6.944444444444444E-8,21:00,"{""type"":""MultiPoint"",""coordinates"":[]}"
20260316T22,2026-03-16,2026-03-16 22:00,20.249102,85.800575,5,-0.375,-1.0416666666666667E-7,22:00,"{""type"":""MultiPoint"",""coordinates"":[]}"
20260316T23,2026-03-16,2026-03-16 23:00,20.249102,85.800575,5,0.5625,1.5625E-7,23:00,"{""type"":""MultiPoint"",""coordinates"":[]}"
20260317T00,2026-03-17,2026-03-17 00:00,20.249102,85.800575,5,-1.5625,-4.340277777777778E-7,00:00,"{""type"":""MultiPoint"",""coordinates"":[]}"
20260317T01,2026-03-17,2026-03-17 01:00,20.249102,85.800575,5,58271.905882352934,0.016186640522875814,01:00,"{""type"":""MultiPoint"",""coordinates"":[]}"
20260317T02,2026-03-17,2026-03-17 02:00,20.249102,85.800575,5,608458.5352941175,0.16901625980392154,02:00,"{""type"":""MultiPoint"",""coordinates"":[]}"
20260317T03,2026-03-17,2026-03-17 03:00,20.249102,85.800575,5,1289924.6764705882,0.35831241013071896,03:00,"{""type"":""MultiPoint"",""coordinates"":[]}"
20260317T04,2026-03-17,2026-03-17 04:00,20.249102,85.800575,5,2116949.9294117643,0.5880416470588234,04:00,"{""type"":""MultiPoint"",""coordinates"":[]}"
20260317T05,2026-03-17,2026-03-17 05:00,20.249102,85.800575,5,2777587.705882353,0.7715521405228758,05:00,"{""type"":""MultiPoint"",""coordinates"":[]}"
20260317T06,2026-03-17,2026-03-17 06:00,20.249102,85.800575,5,3182417.2470588232,0.8840047908496731,06:00,"{""type"":""MultiPoint"",""coordinates"":[]}"
20260317T07,2026-03-17,2026-03-17 07:00,20.249102,85.800575,5,3079106.894117647,0.8553074705882352,07:00,"{""type"":""MultiPoint"",""coordinates"":[]}"
20260317T08,2026-03-17,2026-03-17 08:00,20.249102,85.800575,5,2832045.4588235295,0.7866792941176471,08:00,"{""type"":""MultiPoint"",""coordinates"":[]}"
20260317T09,2026-03-17,2026-03-17 09:00,20.249102,85.800575,5,2274426.329411764,0.6317850915032678,09:00,"{""type"":""MultiPoint"",""coordinates"":[]}"
20260317T10,2026-03-17,2026-03-17 10:00,20.249102,85.800575,5,1598064.6588235295,0.44390684967320265,10:00,"{""type"":""MultiPoint"",""coordinates"":[]}"
20260317T11,2026-03-17,2026-03-17 11:00,20.249102,85.800575,5,1034489.1294117647,0.28735809150326797,11:00,"{""type"":""MultiPoint"",""coordinates"":[]}"
20260317T12,2026-03-17,2026-03-17 12:00,20.249102,85.800575,5,396651.6470588235,0.11018101307189541,12:00,"{""type"":""MultiPoint"",""coordinates"":[]}"
20260317T13,2026-03-17,2026-03-17 13:00,20.249102,85.800575,5,27380.447058823524,0.00760567973856209,13:00,"{""type"":""MultiPoint"",""coordinates"":[]}"
20260317T14,2026-03-17,2026-03-17 14:00,20.249102,85.800575,5,0.11341911764705882,3.150531045751634E-8,14:00,"{""type"":""MultiPoint"",""coordinates"":[]}"
20260317T15,2026-03-17,2026-03-17 15:00,20.249102,85.800575,5,-0.6017003676470587,-1.6713899101307185E-7,15:00,"{""type"":""MultiPoint"",""coordinates"":[]}"
20260317T16,2026-03-17,2026-03-17 16:00,20.249102,85.800575,5,0.7696691176470587,2.1379697712418296E-7,16:00,"{""type"":""MultiPoint"",""coordinates"":[]}"
20260317T17,2026-03-17,2026-03-17 17:00,20.249102,85.800575,5,-1.18359375,-3.2877604166666665E-7,17:00,"{""type"":""MultiPoint"",""coordinates"":[]}"
20260317T18,2026-03-17,2026-03-17 18:00,20.249102,85.800575,5,1.0625,2.951388888888889E-7,18:00,"{""type"":""MultiPoint"",""coordinates"":[]}"
20260317T19,2026-03-17,2026-03-17 19:00,20.249102,85.800575,5,-0.035294117647058774,-9.803921568627438E-9,19:00,"{""type"":""MultiPoint"",""coordinates"":[]}"
20260317T20,2026-03-17,2026-03-17 20:00,20.249102,85.800575,5,-0.875,-2.4305555555555555E-7,20:00,"{""type"":""MultiPoint"",""coordinates"":[]}"
20260317T21,2026-03-17,2026-03-17 21:00,20.249102,85.800575,5,0.375,1.0416666666666667E-7,21:00,"{""type"":""MultiPoint"",""coordinates"":[]}"
20260317T22,2026-03-17,2026-03-17 22:00,20.249102,85.800575,5,0.0625,1.736111111111111E-8,22:00,"{""type"":""MultiPoint"",""coordinates"":[]}"
20260317T23,2026-03-17,2026-03-17 23:00,20.249102,85.800575,5,-0.46470588235294125,-1.2908496732026147E-7,23:00,"{""type"":""MultiPoint"",""coordinates"":[]}"
20260318T00,2026-03-18,2026-03-18 00:00,20.249102,85.800575,5,0.5,1.3888888888888888E-7,00:00,"{""type"":""MultiPoint"",""coordinates"":[]}"
20260318T01,2026-03-18,2026-03-18 01:00,20.249102,85.800575,5,61721.75882352941,0.017144933006535946,01:00,"{""type"":""MultiPoint"",""coordinates"":[]}"
20260318T02,2026-03-18,2026-03-18 02:00,20.249102,85.800575,5,610316.5529411765,0.16953237581699346,02:00,"{""type"":""MultiPoint"",""coordinates"":[]}"
20260318T03,2026-03-18,2026-03-18 03:00,20.249102,85.800575,5,1406082.4529411762,0.39057845915032674,03:00,"{""type"":""MultiPoint"",""coordinates"":[]}"
20260318T04,2026-03-18,2026-03-18 04:00,20.249102,85.800575,5,2237527.376470588,0.6215353823529411,04:00,"{""type"":""MultiPoint"",""coordinates"":[]}"
20260318T05,2026-03-18,2026-03-18 05:00,20.249102,85.800575,5,2791180.8470588233,0.7753280130718954,05:00,"{""type"":""MultiPoint"",""coordinates"":[]}"
20260318T06,2026-03-18,2026-03-18 06:00,20.249102,85.800575,5,3117151.5529411766,0.8658754313725491,06:00,"{""type"":""MultiPoint"",""coordinates"":[]}"
20260318T07,2026-03-18,2026-03-18 07:00,20.249102,85.800575,5,3298997.7882352937,0.9163882745098038,07:00,"{""type"":""MultiPoint"",""coordinates"":[]}"
20260318T08,2026-03-18,2026-03-18 08:00,20.249102,85.800575,5,3080142.9882352944,0.855595274509804,08:00,"{""type"":""MultiPoint"",""coordinates"":[]}"
20260318T09,2026-03-18,2026-03-18 09:00,20.249102,85.800575,5,2663056.4235294117,0.7397378954248366,09:00,"{""type"":""MultiPoint"",""coordinates"":[]}"
20260318T10,2026-03-18,2026-03-18 10:00,20.249102,85.800575,5,1954121.388235294,0.5428114967320261,10:00,"{""type"":""MultiPoint"",""coordinates"":[]}"
20260318T11,2026-03-18,2026-03-18 11:00,20.249102,85.800575,5,1045017.1764705881,0.2902825490196078,11:00,"{""type"":""MultiPoint"",""coordinates"":[]}"
20260318T12,2026-03-18,2026-03-18 12:00,20.249102,85.800575,5,335321.0588235294,0.0931447385620915,12:00,"{""type"":""MultiPoint"",""coordinates"":[]}"
20260318T13,2026-03-18,2026-03-18 13:00,20.249102,85.800575,5,20971.18799115349,0.005825329997542636,13:00,"{""type"":""MultiPoint"",""coordinates"":[]}"
20260318T14,2026-03-18,2026-03-18 14:00,20.249102,85.800575,5,0.5355382582720587,1.487606272977941E-7,14:00,"{""type"":""MultiPoint"",""coordinates"":[]}"
20260318T15,2026-03-18,2026-03-18 15:00,20.249102,85.800575,5,-1.25,-3.4722222222222224E-7,15:00,"{""type"":""MultiPoint"",""coordinates"":[]}"
20260318T16,2026-03-18,2026-03-18 16:00,20.249102,85.800575,5,0.8125,2.2569444444444444E-7,16:00,"{""type"":""MultiPoint"",""coordinates"":[]}"
20260318T17,2026-03-18,2026-03-18 17:00,20.249102,85.800575,5,0.25,6.944444444444444E-8,17:00,"{""type"":""MultiPoint"",""coordinates"":[]}"
20260318T18,2026-03-18,2026-03-18 18:00,20.249102,85.800575,5,-1.0977941176470587,-3.0494281045751633E-7,18:00,"{""type"":""MultiPoint"",""coordinates"":[]}"
20260318T19,2026-03-18,2026-03-18 19:00,20.249102,85.800575,5,0.7227941176470588,2.0077614379084966E-7,19:00,"{""type"":""MultiPoint"",""coordinates"":[]}"
20260318T20,2026-03-18,2026-03-18 20:00,20.249102,85.800575,5,-0.4375,-1.2152777777777777E-7,20:00,"{""type"":""MultiPoint"",""coordinates"":[]}"
20260318T21,2026-03-18,2026-03-18 21:00,20.249102,85.800575,5,-0.3125,-8.680555555555556E-8,21:00,"{""type"":""MultiPoint"",""coordinates"":[]}"
20260318T22,2026-03-18,2026-03-18 22:00,20.249102,85.800575,5,0.5,1.3888888888888888E-7,22:00,"{""type"":""MultiPoint"",""coordinates"":[]}"
20260318T23,2026-03-18,2026-03-18 23:00,20.249102,85.800575,5,-0.75,-2.0833333333333333E-7,23:00,"{""type"":""MultiPoint"",""coordinates"":[]}"
20260319T00,2026-03-19,2026-03-19 00:00,20.249102,85.800575,5,0.5,1.3888888888888888E-7,00:00,"{""type"":""MultiPoint"",""coordinates"":[]}"
20260319T01,2026-03-19,2026-03-19 01:00,20.249102,85.800575,5,67162.69999999998,0.01865630555555555,01:00,"{""type"":""MultiPoint"",""coordinates"":[]}"
20260319T02,2026-03-19,2026-03-19 02:00,20.249102,85.800575,5,633618.5117647059,0.17600514215686275,02:00,"{""type"":""MultiPoint"",""coordinates"":[]}"
20260319T03,2026-03-19,2026-03-19 03:00,20.249102,85.800575,5,1433619.0470588233,0.39822751307189536,03:00,"{""type"":""MultiPoint"",""coordinates"":[]}"
20260319T04,2026-03-19,2026-03-19 04:00,20.249102,85.800575,5,2131348.364705882,0.5920412124183005,04:00,"{""type"":""MultiPoint"",""coordinates"":[]}"
20260319T05,2026-03-19,2026-03-19 05:00,20.249102,85.800575,5,2781797.682352941,0.7727215784313725,05:00,"{""type"":""MultiPoint"",""coordinates"":[]}"
20260319T06,2026-03-19,2026-03-19 06:00,20.249102,85.800575,5,3073082.2588235294,0.8536339607843138,06:00,"{""type"":""MultiPoint"",""coordinates"":[]}"
20260319T07,2026-03-19,2026-03-19 07:00,20.249102,85.800575,5,3239842.3294117646,0.899956202614379,07:00,"{""type"":""MultiPoint"",""coordinates"":[]}"
20260319T08,2026-03-19,2026-03-19 08:00,20.249102,85.800575,5,3183454.8470588233,0.8842930130718953,08:00,"{""type"":""MultiPoint"",""coordinates"":[]}"
20260319T09,2026-03-19,2026-03-19 09:00,20.249102,85.800575,5,2763098.588235294,0.767527385620915,09:00,"{""type"":""MultiPoint"",""coordinates"":[]}"
20260319T10,2026-03-19,2026-03-19 10:00,20.249102,85.800575,5,2046509.2470588235,0.5684747908496732,10:00,"{""type"":""MultiPoint"",""coordinates"":[]}"
20260319T11,2026-03-19,2026-03-19 11:00,20.249102,85.800575,5,1067622.5411764705,0.296561816993464,11:00,"{""type"":""MultiPoint"",""coordinates"":[]}"
20260319T12,2026-03-19,2026-03-19 12:00,20.249102,85.800575,5,388112.9176470588,0.10780914379084966,12:00,"{""type"":""MultiPoint"",""coordinates"":[]}"
20260319T13,2026-03-19,2026-03-19 13:00,20.249102,85.800575,5,27741.73138786764,0.0077060364966299,13:00,"{""type"":""MultiPoint"",""coordinates"":[]}"
20260319T14,2026-03-19,2026-03-19 14:00,20.249102,85.800575,5,0.76953125,2.1375868055555555E-7,14:00,"{""type"":""MultiPoint"",""coordinates"":[]}"
20260319T15,2026-03-19,2026-03-19 15:00,20.249102,85.800575,5,-0.734375,-2.0399305555555555E-7,15:00,"{""type"":""MultiPoint"",""coordinates"":[]}"
20260319T16,2026-03-19,2026-03-19 16:00,20.249102,85.800575,5,-0.2734375,-7.595486111111111E-8,16:00,"{""type"":""MultiPoint"",""coordinates"":[]}"
20260319T17,2026-03-19,2026-03-19 17:00,20.249102,85.800575,5,0.4296875,1.1935763888888888E-7,17:00,"{""type"":""MultiPoint"",""coordinates"":[]}"
20260319T18,2026-03-19,2026-03-19 18:00,20.249102,85.800575,5,-1.8125,-5.034722222222222E-7,18:00,"{""type"":""MultiPoint"",""coordinates"":[]}"
20260319T19,2026-03-19,2026-03-19 19:00,20.249102,85.800575,5,0.3125,8.680555555555556E-8,19:00,"{""type"":""MultiPoint"",""coordinates"":[]}"
20260319T20,2026-03-19,2026-03-19 20:00,20.249102,85.800575,5,0.375,1.0416666666666667E-7,20:00,"{""type"":""MultiPoint"",""coordinates"":[]}"
20260319T21,2026-03-19,2026-03-19 21:00,20.249102,85.800575,5,-0.0625,-1.736111111111111E-8,21:00,"{""type"":""MultiPoint"",""coordinates"":[]}"
20260319T22,2026-03-19,2026-03-19 22:00,20.249102,85.800575,5,0.0,0.0,22:00,"{""type"":""MultiPoint"",""coordinates"":[]}"
20260319T23,2026-03-19,2026-03-19 23:00,20.249102,85.800575,5,0.375,1.0416666666666667E-7,23:00,"{""type"":""MultiPoint"",""coordinates"":[]}"
20260320T00,2026-03-20,2026-03-20 00:00,20.249102,85.800575,5,1.4375,3.9930555555555553E-7,00:00,"{""type"":""MultiPoint"",""coordinates"":[]}"
20260320T01,2026-03-20,2026-03-20 01:00,20.249102,85.800575,5,50782.50294117646,0.014106250816993461,01:00,"{""type"":""MultiPoint"",""coordinates"":[]}"
20260320T02,2026-03-20,2026-03-20 02:00,20.249102,85.800575,5,494466.43823529413,0.1373517883986928,02:00,"{""type"":""MultiPoint"",""coordinates"":[]}"
20260320T03,2026-03-20,2026-03-20 03:00,20.249102,85.800575,5,1032230.9647058822,0.28673082352941176,03:00,"{""type"":""MultiPoint"",""coordinates"":[]}"
20260320T04,2026-03-20,2026-03-20 04:00,20.249102,85.800575,5,1561880.1294117647,0.43385559150326797,04:00,"{""type"":""MultiPoint"",""coordinates"":[]}"
20260320T05,2026-03-20,2026-03-20 05:00,20.249102,85.800575,5,2577205.305882353,0.715890362745098,05:00,"{""type"":""MultiPoint"",""coordinates"":[]}"
20260320T06,2026-03-20,2026-03-20 06:00,20.249102,85.800575,5,2919873.2470588232,0.8110759019607843,06:00,"{""type"":""MultiPoint"",""coordinates"":[]}"
20260320T07,2026-03-20,2026-03-20 07:00,20.249102,85.800575,5,3355772.847058824,0.9321591241830066,07:00,"{""type"":""MultiPoint"",""coordinates"":[]}"
20260320T08,2026-03-20,2026-03-20 08:00,20.249102,85.800575,5,3157649.7882352937,0.8771249411764704,08:00,"{""type"":""MultiPoint"",""coordinates"":[]}"
20260320T09,2026-03-20,2026-03-20 09:00,20.249102,85.800575,5,2775070.5176470587,0.7708529215686274,09:00,"{""type"":""MultiPoint"",""coordinates"":[]}"
20260320T10,2026-03-20,2026-03-20 10:00,20.249102,85.800575,5,1489831.3411764705,0.41384203921568624,10:00,"{""type"":""MultiPoint"",""coordinates"":[]}"
20260320T11,2026-03-20,2026-03-20 11:00,20.249102,85.800575,5,929658.4941176471,0.2582384705882353,11:00,"{""type"":""MultiPoint"",""coordinates"":[]}"
20260320T12,2026-03-20,2026-03-20 12:00,20.249102,85.800575,5,392823.55294117646,0.10911765359477124,12:00,"{""type"":""MultiPoint"",""coordinates"":[]}"
20260320T13,2026-03-20,2026-03-20 13:00,20.249102,85.800575,5,22881.776470588233,0.006356049019607842,13:00,"{""type"":""MultiPoint"",""coordinates"":[]}"
20260320T14,2026-03-20,2026-03-20 14:00,20.249102,85.800575,5,-0.6640625,-1.8446180555555555E-7,14:00,"{""type"":""MultiPoint"",""coordinates"":[]}"
20260320T15,2026-03-20,2026-03-20 15:00,20.249102,85.800575,5,0.37109375,1.0308159722222222E-7,15:00,"{""type"":""MultiPoint"",""coordinates"":[]}"
20260320T16,2026-03-20,2026-03-20 16:00,20.249102,85.800575,5,0.34765625,9.657118055555556E-8,16:00,"{""type"":""MultiPoint"",""coordinates"":[]}"
20260320T17,2026-03-20,2026-03-20 17:00,20.249102,85.800575,5,-0.6563878676470588,-1.8232996323529412E-7,17:00,"{""type"":""MultiPoint"",""coordinates"":[]}"
20260320T18,2026-03-20,2026-03-20 18:00,20.249102,85.800575,5,0.4806066176470588,1.335018382352941E-7,18:00,"{""type"":""MultiPoint"",""coordinates"":[]}"
20260320T19,2026-03-20,2026-03-20 19:00,20.249102,85.800575,5,0.21498161764705878,5.971711601307188E-8,19:00,"{""type"":""MultiPoint"",""coordinates"":[]}"
20260320T20,2026-03-20,2026-03-20 20:00,20.249102,85.800575,5,0.07798713235294118,2.1663092320261437E-8,20:00,"{""type"":""MultiPoint"",""coordinates"":[]}"
20260320T21,2026-03-20,2026-03-20 21:00,20.249102,85.800575,5,-0.23828125,-6.618923611111112E-8,21:00,"{""type"":""MultiPoint"",""coordinates"":[]}"
20260320T22,2026-03-20,2026-03-20 22:00,20.249102,85.800575,5,-0.39076286764705875,-1.0854524101307187E-7,22:00,"{""type"":""MultiPoint"",""coordinates"":[]}"
20260320T23,2026-03-20,2026-03-20 23:00,20.249102,85.800575,5,1.4571691176470587,4.047691993464052E-7,23:00,"{""type"":""MultiPoint"",""coordinates"":[]}"
20260321T00,2026-03-21,2026-03-21 00:00,20.249102,85.800575,5,0.0,0.0,00:00,"{""type"":""MultiPoint"",""coordinates"":[]}"
20260321T01,2026-03-21,2026-03-21 01:00,20.249102,85.800575,5,70149.93529411763,0.019486093137254898,01:00,"{""type"":""MultiPoint"",""coordinates"":[]}"
20260321T02,2026-03-21,2026-03-21 02:00,20.249102,85.800575,5,635679.0647058822,0.17657751797385618,02:00,"{""type"":""MultiPoint"",""coordinates"":[]}"
20260321T03,2026-03-21,2026-03-21 03:00,20.249102,85.800575,5,1429368.717647059,0.39704686601307193,03:00,"{""type"":""MultiPoint"",""coordinates"":[]}"
20260321T04,2026-03-21,2026-03-21 04:00,20.249102,85.800575,5,2156005.4117647056,0.5988903921568627,04:00,"{""type"":""MultiPoint"",""coordinates"":[]}"
20260321T05,2026-03-21,2026-03-21 05:00,20.249102,85.800575,5,2766190.7294117645,0.7683863137254902,05:00,"{""type"":""MultiPoint"",""coordinates"":[]}"
20260321T06,2026-03-21,2026-03-21 06:00,20.249102,85.800575,5,3076966.329411764,0.8547128692810456,06:00,"{""type"":""MultiPoint"",""coordinates"":[]}"
20260321T07,2026-03-21,2026-03-21 07:00,20.249102,85.800575,5,3265735.7411764697,0.9071488169934638,07:00,"{""type"":""MultiPoint"",""coordinates"":[]}"
20260321T08,2026-03-21,2026-03-21 08:00,20.249102,85.800575,5,3115061.0117647056,0.865294725490196,08:00,"{""type"":""MultiPoint"",""coordinates"":[]}"
20260321T09,2026-03-21,2026-03-21 09:00,20.249102,85.800575,5,2285210.0470588235,0.634780568627451,09:00,"{""type"":""MultiPoint"",""coordinates"":[]}"
20260321T10,2026-03-21,2026-03-21 10:00,20.249102,85.800575,5,1677614.3058823529,0.4660039738562091,10:00,"{""type"":""MultiPoint"",""coordinates"":[]}"
20260321T11,2026-03-21,2026-03-21 11:00,20.249102,85.800575,5,987904.682352941,0.2744179673202614,11:00,"{""type"":""MultiPoint"",""coordinates"":[]}"
20260321T12,2026-03-21,2026-03-21 12:00,20.249102,85.800575,5,354839.92941176466,0.09856664705882352,12:00,"{""type"":""MultiPoint"",""coordinates"":[]}"
20260321T13,2026-03-21,2026-03-21 13:00,20.249102,85.800575,5,25170.0,0.006991666666666667,13:00,"{""type"":""MultiPoint"",""coordinates"":[]}"
20260321T14,2026-03-21,2026-03-21 14:00,20.249102,85.800575,5,0.0,0.0,14:00,"{""type"":""MultiPoint"",""coordinates"":[]}"
20260321T15,2026-03-21,2026-03-21 15:00,20.249102,85.800575,5,0.0,0.0,15:00,"{""type"":""MultiPoint"",""coordinates"":[]}"
20260321T16,2026-03-21,2026-03-21 16:00,20.249102,85.800575,5,0.0,0.0,16:00,"{""type"":""MultiPoint"",""coordinates"":[]}"
20260321T17,2026-03-21,2026-03-21 17:00,20.249102,85.800575,5,0.0,0.0,17:00,"{""type"":""MultiPoint"",""coordinates"":[]}"
20260321T18,2026-03-21,2026-03-21 18:00,20.249102,85.800575,5,0.0,0.0,18:00,"{""type"":""MultiPoint"",""coordinates"":[]}"
20260321T19,2026-03-21,2026-03-21 19:00,20.249102,85.800575,5,0.0,0.0,19:00,"{""type"":""MultiPoint"",""coordinates"":[]}"
20260321T20,2026-03-21,2026-03-21 20:00,20.249102,85.800575,5,0.0,0.0,20:00,"{""type"":""MultiPoint"",""coordinates"":[]}"
20260321T21,2026-03-21,2026-03-21 21:00,20.249102,85.800575,5,0.0,0.0,21:00,"{""type"":""MultiPoint"",""coordinates"":[]}"
20260321T22,2026-03-21,2026-03-21 22:00,20.249102,85.800575,5,0.0,0.0,22:00,"{""type"":""MultiPoint"",""coordinates"":[]}"
20260321T23,2026-03-21,2026-03-21 23:00,20.249102,85.800575,5,0.0,0.0,23:00,"{""type"":""MultiPoint"",""coordinates"":[]}"
20260322T00,2026-03-22,2026-03-22 00:00,20.249102,85.800575,5,0.0,0.0,00:00,"{""type"":""MultiPoint"",""coordinates"":[]}"
20260322T01,2026-03-22,2026-03-22 01:00,20.249102,85.800575,5,59517.620588235295,0.016532672385620915,01:00,"{""type"":""MultiPoint"",""coordinates"":[]}"
20260322T02,2026-03-22,2026-03-22 02:00,20.249102,85.800575,5,490661.5382352941,0.13629487173202615,02:00,"{""type"":""MultiPoint"",""coordinates"":[]}"
20260322T03,2026-03-22,2026-03-22 03:00,20.249102,85.800575,5,1369369.0176470587,0.3803802826797385,03:00,"{""type"":""MultiPoint"",""coordinates"":[]}"
20260322T04,2026-03-22,2026-03-22 04:00,20.249102,85.800575,5,1798615.1411764706,0.49961531699346406,04:00,"{""type"":""MultiPoint"",""coordinates"":[]}"
20260322T05,2026-03-22,2026-03-22 05:00,20.249102,85.800575,5,2488373.117647059,0.6912147549019608,05:00,"{""type"":""MultiPoint"",""coordinates"":[]}"
20260322T06,2026-03-22,2026-03-22 06:00,20.249102,85.800575,5,2852759.9176470586,0.7924333104575163,06:00,"{""type"":""MultiPoint"",""coordinates"":[]}"
20260322T07,2026-03-22,2026-03-22 07:00,20.249102,85.800575,5,2529339.4117647056,0.7025942810457515,07:00,"{""type"":""MultiPoint"",""coordinates"":[]}"
20260322T08,2026-03-22,2026-03-22 08:00,20.249102,85.800575,5,2790644.8235294116,0.7751791176470588,08:00,"{""type"":""MultiPoint"",""coordinates"":[]}"
20260322T09,2026-03-22,2026-03-22 09:00,20.249102,85.800575,5,2556615.9058823525,0.7101710849673202,09:00,"{""type"":""MultiPoint"",""coordinates"":[]}"
20260322T10,2026-03-22,2026-03-22 10:00,20.249102,85.800575,5,2002079.5294117646,0.556133202614379,10:00,"{""type"":""MultiPoint"",""coordinates"":[]}"
20260322T11,2026-03-22,2026-03-22 11:00,20.249102,85.800575,5,1159043.082352941,0.3219564117647058,11:00,"{""type"":""MultiPoint"",""coordinates"":[]}"
20260322T12,2026-03-22,2026-03-22 12:00,20.249102,85.800575,5,496962.68235294113,0.13804518954248365,12:00,"{""type"":""MultiPoint"",""coordinates"":[]}"
20260322T13,2026-03-22,2026-03-22 13:00,20.249102,85.800575,5,30155.10588235294,0.008376418300653594,13:00,"{""type"":""MultiPoint"",""coordinates"":[]}"
20260322T14,2026-03-22,2026-03-22 14:00,20.249102,85.800575,5,0.0,0.0,14:00,"{""type"":""MultiPoint"",""coordinates"":[]}"
20260322T15,2026-03-22,2026-03-22 15:00,20.249102,85.800575,5,0.0,0.0,15:00,"{""type"":""MultiPoint"",""coordinates"":[]}"
20260322T16,2026-03-22,2026-03-22 16:00,20.249102,85.800575,5,0.0,0.0,16:00,"{""type"":""MultiPoint"",""coordinates"":[]}"
20260322T17,2026-03-22,2026-03-22 17:00,20.249102,85.800575,5,0.0,0.0,17:00,"{""type"":""MultiPoint"",""coordinates"":[]}"
20260322T18,2026-03-22,2026-03-22 18:00,20.249102,85.800575,5,0.0,0.0,18:00,"{""type"":""MultiPoint"",""coordinates"":[]}"
20260322T19,2026-03-22,2026-03-22 19:00,20.249102,85.800575,5,0.0,0.0,19:00,"{""type"":""MultiPoint"",""coordinates"":[]}"
20260322T20,2026-03-22,2026-03-22 20:00,20.249102,85.800575,5,0.0,0.0,20:00,"{""type"":""MultiPoint"",""coordinates"":[]}"
20260322T21,2026-03-22,2026-03-22 21:00,20.249102,85.800575,5,0.0,0.0,21:00,"{""type"":""MultiPoint"",""coordinates"":[]}"
20260322T22,2026-03-22,2026-03-22 22:00,20.249102,85.800575,5,0.0,0.0,22:00,"{""type"":""MultiPoint"",""coordinates"":[]}"
20260322T23,2026-03-22,2026-03-22 23:00,20.249102,85.800575,5,0.0,0.0,23:00,"{""type"":""MultiPoint"",""coordinates"":[]}"
20260323T00,2026-03-23,2026-03-23 00:00,20.249102,85.800575,5,0.0,0.0,00:00,"{""type"":""MultiPoint"",""coordinates"":[]}"
20260323T01,2026-03-23,2026-03-23 01:00,20.249102,85.800575,5,79900.69117647057,0.02219463643790849,01:00,"{""type"":""MultiPoint"",""coordinates"":[]}"
20260323T02,2026-03-23,2026-03-23 02:00,20.249102,85.800575,5,626416.7029411765,0.17400463970588237,02:00,"{""type"":""MultiPoint"",""coordinates"":[]}"
20260323T03,2026-03-23,2026-03-23 03:00,20.249102,85.800575,5,1404653.605882353,0.39018155718954245,03:00,"{""type"":""MultiPoint"",""coordinates"":[]}"
20260323T04,2026-03-23,2026-03-23 04:00,20.249102,85.800575,5,2225463.458823529,0.618184294117647,04:00,"{""type"":""MultiPoint"",""coordinates"":[]}"
20260323T05,2026-03-23,2026-03-23 05:00,20.249102,85.800575,5,2892676.058823529,0.8035211274509804,05:00,"{""type"":""MultiPoint"",""coordinates"":[]}"
20260323T06,2026-03-23,2026-03-23 06:00,20.249102,85.800575,5,3304473.882352941,0.9179094117647059,06:00,"{""type"":""MultiPoint"",""coordinates"":[]}"
20260323T07,2026-03-23,2026-03-23 07:00,20.249102,85.800575,5,3247781.364705882,0.9021614901960784,07:00,"{""type"":""MultiPoint"",""coordinates"":[]}"
20260323T08,2026-03-23,2026-03-23 08:00,20.249102,85.800575,5,2814008.988235294,0.7816691633986927,08:00,"{""type"":""MultiPoint"",""coordinates"":[]}"
20260323T09,2026-03-23,2026-03-23 09:00,20.249102,85.800575,5,2686606.376470588,0.7462795490196078,09:00,"{""type"":""MultiPoint"",""coordinates"":[]}"
20260323T10,2026-03-23,2026-03-23 10:00,20.249102,85.800575,5,2010550.5176470587,0.5584862549019608,10:00,"{""type"":""MultiPoint"",""coordinates"":[]}"
20260323T11,2026-03-23,2026-03-23 11:00,20.249102,85.800575,5,1354087.788235294,0.3761354967320261,11:00,"{""type"":""MultiPoint"",""coordinates"":[]}"
20260323T12,2026-03-23,2026-03-23 12:00,20.249102,85.800575,5,500634.2117647058,0.13906505882352937,12:00,"{""type"":""MultiPoint"",""coordinates"":[]}"
20260323T13,2026-03-23,2026-03-23 13:00,20.249102,85.800575,5,34015.17647058823,0.009448660130718952,13:00,"{""type"":""MultiPoint"",""coordinates"":[]}"
20260323T14,2026-03-23,2026-03-23 14:00,20.249102,85.800575,5,0.0,0.0,14:00,"{""type"":""MultiPoint"",""coordinates"":[]}"
20260323T15,2026-03-23,2026-03-23 15:00,20.249102,85.800575,5,0.0,0.0,15:00,"{""type"":""MultiPoint"",""coordinates"":[]}"
20260323T16,2026-03-23,2026-03-23 16:00,20.249102,85.800575,5,0.0,0.0,16:00,"{""type"":""MultiPoint"",""coordinates"":[]}"
20260323T17,2026-03-23,2026-03-23 17:00,20.249102,85.800575,5,0.0,0.0,17:00,"{""type"":""MultiPoint"",""coordinates"":[]}"
20260323T18,2026-03-23,2026-03-23 18:00,20.249102,85.800575,5,0.0,0.0,18:00,"{""type"":""MultiPoint"",""coordinates"":[]}"
20260323T19,2026-03-23,2026-03-23 19:00,20.249102,85.800575,5,0.0,0.0,19:00,"{""type"":""MultiPoint"",""coordinates"":[]}"
20260323T20,2026-03-23,2026-03-23 20:00,20.249102,85.800575,5,0.0,0.0,20:00,"{""type"":""MultiPoint"",""coordinates"":[]}"
20260323T21,2026-03-23,2026-03-23 21:00,20.249102,85.800575,5,0.0,0.0,21:00,"{""type"":""MultiPoint"",""coordinates"":[]}"
20260323T22,2026-03-23,2026-03-23 22:00,20.249102,85.800575,5,0.0,0.0,22:00,"{""type"":""MultiPoint"",""coordinates"":[]}"
20260323T23,2026-03-23,2026-03-23 23:00,20.249102,85.800575,5,0.0,0.0,23:00,"{""type"":""MultiPoint"",""coordinates"":[]}"
20260324T00,2026-03-24,2026-03-24 00:00,20.249102,85.800575,5,0.0,0.0,00:00,"{""type"":""MultiPoint"",""coordinates"":[]}"
20260324T01,2026-03-24,2026-03-24 01:00,20.249102,85.800575,5,79530.91176470587,0.02209191993464052,01:00,"{""type"":""MultiPoint"",""coordinates"":[]}"
20260324T02,2026-03-24,2026-03-24 02:00,20.249102,85.800575,5,623609.9352941175,0.17322498202614375,02:00,"{""type"":""MultiPoint"",""coordinates"":[]}"
20260324T03,2026-03-24,2026-03-24 03:00,20.249102,85.800575,5,1339272.8705882353,0.3720202418300654,03:00,"{""type"":""MultiPoint"",""coordinates"":[]}"
20260324T04,2026-03-24,2026-03-24 04:00,20.249102,85.800575,5,2099539.1999999997,0.5832053333333332,04:00,"{""type"":""MultiPoint"",""coordinates"":[]}"
20260324T05,2026-03-24,2026-03-24 05:00,20.249102,85.800575,5,2876711.6588235293,0.7990865718954248,05:00,"{""type"":""MultiPoint"",""coordinates"":[]}"
20260324T06,2026-03-24,2026-03-24 06:00,20.249102,85.800575,5,3278308.435294117,0.9106412320261436,06:00,"{""type"":""MultiPoint"",""coordinates"":[]}"
20260324T07,2026-03-24,2026-03-24 07:00,20.249102,85.800575,5,3394725.223529412,0.94297922875817,07:00,"{""type"":""MultiPoint"",""coordinates"":[]}"
20260324T08,2026-03-24,2026-03-24 08:00,20.249102,85.800575,5,3210397.7411764706,0.8917771503267974,08:00,"{""type"":""MultiPoint"",""coordinates"":[]}"
20260324T09,2026-03-24,2026-03-24 09:00,20.249102,85.800575,5,2701801.6705882354,0.7505004640522877,09:00,"{""type"":""MultiPoint"",""coordinates"":[]}"
20260324T10,2026-03-24,2026-03-24 10:00,20.249102,85.800575,5,1845051.082352941,0.5125141895424836,10:00,"{""type"":""MultiPoint"",""coordinates"":[]}"
20260324T11,2026-03-24,2026-03-24 11:00,20.249102,85.800575,5,1062563.4352941175,0.29515650980392155,11:00,"{""type"":""MultiPoint"",""coordinates"":[]}"
20260324T12,2026-03-24,2026-03-24 12:00,20.249102,85.800575,5,426843.9294117646,0.11856775816993462,12:00,"{""type"":""MultiPoint"",""coordinates"":[]}"
20260324T13,2026-03-24,2026-03-24 13:00,20.249102,85.800575,5,28735.529411764706,0.007982091503267974,13:00,"{""type"":""MultiPoint"",""coordinates"":[]}"
20260324T14,2026-03-24,2026-03-24 14:00,20.249102,85.800575,5,0.0,0.0,14:00,"{""type"":""MultiPoint"",""coordinates"":[]}"
20260324T15,2026-03-24,2026-03-24 15:00,20.249102,85.800575,5,0.0,0.0,15:00,"{""type"":""MultiPoint"",""coordinates"":[]}"
20260324T16,2026-03-24,2026-03-24 16:00,20.249102,85.800575,5,0.0,0.0,16:00,"{""type"":""MultiPoint"",""coordinates"":[]}"
20260324T17,2026-03-24,2026-03-24 17:00,20.249102,85.800575,5,0.0,0.0,17:00,"{""type"":""MultiPoint"",""coordinates"":[]}"
20260324T18,2026-03-24,2026-03-24 18:00,20.249102,85.800575,5,0.0,0.0,18:00,"{""type"":""MultiPoint"",""coordinates"":[]}"
20260324T19,2026-03-24,2026-03-24 19:00,20.249102,85.800575,5,0.0,0.0,19:00,"{""type"":""MultiPoint"",""coordinates"":[]}"
20260324T20,2026-03-24,2026-03-24 20:00,20.249102,85.800575,5,0.0,0.0,20:00,"{""type"":""MultiPoint"",""coordinates"":[]}"
20260324T21,2026-03-24,2026-03-24 21:00,20.249102,85.800575,5,0.0,0.0,21:00,"{""type"":""MultiPoint"",""coordinates"":[]}"
20260324T22,2026-03-24,2026-03-24 22:00,20.249102,85.800575,5,0.0,0.0,22:00,"{""type"":""MultiPoint"",""coordinates"":[]}"
20260324T23,2026-03-24,2026-03-24 23:00,20.249102,85.800575,5,0.0,0.0,23:00,"{""type"":""MultiPoint"",""coordinates"":[]}"
20260325T00,2026-03-25,2026-03-25 00:00,20.249102,85.800575,5,0.0,0.0,00:00,"{""type"":""MultiPoint"",""coordinates"":[]}"
20260325T01,2026-03-25,2026-03-25 01:00,20.249102,85.800575,5,92298.31470588235,0.025638420751633986,01:00,"{""type"":""MultiPoint"",""coordinates"":[]}"
20260325T02,2026-03-25,2026-03-25 02:00,20.249102,85.800575,5,710865.6029411764,0.19746266748366012,02:00,"{""type"":""MultiPoint"",""coordinates"":[]}"
20260325T03,2026-03-25,2026-03-25 03:00,20.249102,85.800575,5,1542566.8117647057,0.42849078104575156,03:00,"{""type"":""MultiPoint"",""coordinates"":[]}"
20260325T04,2026-03-25,2026-03-25 04:00,20.249102,85.800575,5,2325811.4588235295,0.6460587385620915,04:00,"{""type"":""MultiPoint"",""coordinates"":[]}"
20260325T05,2026-03-25,2026-03-25 05:00,20.249102,85.800575,5,2924136.070588235,0.812260019607843,05:00,"{""type"":""MultiPoint"",""coordinates"":[]}"
20260325T06,2026-03-25,2026-03-25 06:00,20.249102,85.800575,5,3294781.011764705,0.9152169477124181,06:00,"{""type"":""MultiPoint"",""coordinates"":[]}"
20260325T07,2026-03-25,2026-03-25 07:00,20.249102,85.800575,5,3343580.6117647057,0.9287723921568627,07:00,"{""type"":""MultiPoint"",""coordinates"":[]}"
20260325T08,2026-03-25,2026-03-25 08:00,20.249102,85.800575,5,2953220.2588235294,0.8203389607843137,08:00,"{""type"":""MultiPoint"",""coordinates"":[]}"
20260325T09,2026-03-25,2026-03-25 09:00,20.249102,85.800575,5,2784791.082352941,0.7735530784313724,09:00,"{""type"":""MultiPoint"",""coordinates"":[]}"
20260325T10,2026-03-25,2026-03-25 10:00,20.249102,85.800575,5,1618434.8235294118,0.44956522875816995,10:00,"{""type"":""MultiPoint"",""coordinates"":[]}"
20260325T11,2026-03-25,2026-03-25 11:00,20.249102,85.800575,5,908747.9999999999,0.25243,11:00,"{""type"":""MultiPoint"",""coordinates"":[]}"
20260325T12,2026-03-25,2026-03-25 12:00,20.249102,85.800575,5,345916.3294117647,0.09608786928104575,12:00,"{""type"":""MultiPoint"",""coordinates"":[]}"
20260325T13,2026-03-25,2026-03-25 13:00,20.249102,85.800575,5,22045.62352941176,0.006123784313725489,13:00,"{""type"":""MultiPoint"",""coordinates"":[]}"
20260325T14,2026-03-25,2026-03-25 14:00,20.249102,85.800575,5,0.0,0.0,14:00,"{""type"":""MultiPoint"",""coordinates"":[]}"
20260325T15,2026-03-25,2026-03-25 15:00,20.249102,85.800575,5,0.0,0.0,15:00,"{""type"":""MultiPoint"",""coordinates"":[]}"
20260325T16,2026-03-25,2026-03-25 16:00,20.249102,85.800575,5,0.0,0.0,16:00,"{""type"":""MultiPoint"",""coordinates"":[]}"
20260325T17,2026-03-25,2026-03-25 17:00,20.249102,85.800575,5,0.0,0.0,17:00,"{""type"":""MultiPoint"",""coordinates"":[]}"
20260325T18,2026-03-25,2026-03-25 18:00,20.249102,85.800575,5,0.0,0.0,18:00,"{""type"":""MultiPoint"",""coordinates"":[]}"
20260325T19,2026-03-25,2026-03-25 19:00,20.249102,85.800575,5,0.0,0.0,19:00,"{""type"":""MultiPoint"",""coordinates"":[]}"
20260325T20,2026-03-25,2026-03-25 20:00,20.249102,85.800575,5,0.0,0.0,20:00,"{""type"":""MultiPoint"",""coordinates"":[]}"
20260325T21,2026-03-25,2026-03-25 21:00,20.249102,85.800575,5,0.0,0.0,21:00,"{""type"":""MultiPoint"",""coordinates"":[]}"
20260325T22,2026-03-25,2026-03-25 22:00,20.249102,85.800575,5,0.0,0.0,22:00,"{""type"":""MultiPoint"",""coordinates"":[]}"
20260325T23,2026-03-25,2026-03-25 23:00,20.249102,85.800575,5,0.0,0.0,23:00,"{""type"":""MultiPoint"",""coordinates"":[]}"
20260326T00,2026-03-26,2026-03-26 00:00,20.249102,85.800575,5,0.0,0.0,00:00,"{""type"":""MultiPoint"",""coordinates"":[]}"
20260326T01,2026-03-26,2026-03-26 01:00,20.249102,85.800575,5,92313.17058823528,0.025642547385620912,01:00,"{""type"":""MultiPoint"",""coordinates"":[]}"
20260326T02,2026-03-26,2026-03-26 02:00,20.249102,85.800575,5,683966.6705882353,0.18999074183006534,02:00,"{""type"":""MultiPoint"",""coordinates"":[]}"
20260326T03,2026-03-26,2026-03-26 03:00,20.249102,85.800575,5,1441301.4294117645,0.4003615081699346,03:00,"{""type"":""MultiPoint"",""coordinates"":[]}"
20260326T04,2026-03-26,2026-03-26 04:00,20.249102,85.800575,5,2252021.152941176,0.6255614313725489,04:00,"{""type"":""MultiPoint"",""coordinates"":[]}"
20260326T05,2026-03-26,2026-03-26 05:00,20.249102,85.800575,5,2879165.74117647,0.7997682614379084,05:00,"{""type"":""MultiPoint"",""coordinates"":[]}"
20260326T06,2026-03-26,2026-03-26 06:00,20.249102,85.800575,5,3279420.423529411,0.9109501176470587,06:00,"{""type"":""MultiPoint"",""coordinates"":[]}"
20260326T07,2026-03-26,2026-03-26 07:00,20.249102,85.800575,5,3403758.0941176466,0.9454883594771241,07:00,"{""type"":""MultiPoint"",""coordinates"":[]}"
20260326T08,2026-03-26,2026-03-26 08:00,20.249102,85.800575,5,3117057.7882352937,0.865849385620915,08:00,"{""type"":""MultiPoint"",""coordinates"":[]}"
20260326T09,2026-03-26,2026-03-26 09:00,20.249102,85.800575,5,2544723.3176470585,0.706867588235294,09:00,"{""type"":""MultiPoint"",""coordinates"":[]}"
20260326T10,2026-03-26,2026-03-26 10:00,20.249102,85.800575,5,1886983.0823529412,0.5241619673202614,10:00,"{""type"":""MultiPoint"",""coordinates"":[]}"
20260326T11,2026-03-26,2026-03-26 11:00,20.249102,85.800575,5,1164999.1529411762,0.3236108758169934,11:00,"{""type"":""MultiPoint"",""coordinates"":[]}"
20260326T12,2026-03-26,2026-03-26 12:00,20.249102,85.800575,5,390494.0470588235,0.10847056862745098,12:00,"{""type"":""MultiPoint"",""coordinates"":[]}"
20260326T13,2026-03-26,2026-03-26 13:00,20.249102,85.800575,5,32803.83529411764,0.009112176470588235,13:00,"{""type"":""MultiPoint"",""coordinates"":[]}"
20260326T14,2026-03-26,2026-03-26 14:00,20.249102,85.800575,5,0.0,0.0,14:00,"{""type"":""MultiPoint"",""coordinates"":[]}"
20260326T15,2026-03-26,2026-03-26 15:00,20.249102,85.800575,5,0.0,0.0,15:00,"{""type"":""MultiPoint"",""coordinates"":[]}"
20260326T16,2026-03-26,2026-03-26 16:00,20.249102,85.800575,5,0.0,0.0,16:00,"{""type"":""MultiPoint"",""coordinates"":[]}"
20260326T17,2026-03-26,2026-03-26 17:00,20.249102,85.800575,5,0.0,0.0,17:00,"{""type"":""MultiPoint"",""coordinates"":[]}"
20260326T18,2026-03-26,2026-03-26 18:00,20.249102,85.800575,5,0.0,0.0,18:00,"{""type"":""MultiPoint"",""coordinates"":[]}"
20260326T19,2026-03-26,2026-03-26 19:00,20.249102,85.800575,5,0.0,0.0,19:00,"{""type"":""MultiPoint"",""coordinates"":[]}"
20260326T20,2026-03-26,2026-03-26 20:00,20.249102,85.800575,5,0.0,0.0,20:00,"{""type"":""MultiPoint"",""coordinates"":[]}"
20260326T21,2026-03-26,2026-03-26 21:00,20.249102,85.800575,5,0.0,0.0,21:00,"{""type"":""MultiPoint"",""coordinates"":[]}"
20260326T22,2026-03-26,2026-03-26 22:00,20.249102,85.800575,5,0.0,0.0,22:00,"{""type"":""MultiPoint"",""coordinates"":[]}"
20260326T23,2026-03-26,2026-03-26 23:00,20.249102,85.800575,5,0.0,0.0,23:00,"{""type"":""MultiPoint"",""coordinates"":[]}"
20260327T00,2026-03-27,2026-03-27 00:00,20.249102,85.800575,5,0.0,0.0,00:00,"{""type"":""MultiPoint"",""coordinates"":[]}"
20260327T01,2026-03-27,2026-03-27 01:00,20.249102,85.800575,5,101621.85882352939,0.028228294117647053,01:00,"{""type"":""MultiPoint"",""coordinates"":[]}"
20260327T02,2026-03-27,2026-03-27 02:00,20.249102,85.800575,5,727527.4705882353,0.20209096405228757,02:00,"{""type"":""MultiPoint"",""coordinates"":[]}"
20260327T03,2026-03-27,2026-03-27 03:00,20.249102,85.800575,5,1559715.082352941,0.43325418954248357,03:00,"{""type"":""MultiPoint"",""coordinates"":[]}"
20260327T04,2026-03-27,2026-03-27 04:00,20.249102,85.800575,5,2340123.905882353,0.6500344183006536,04:00,"{""type"":""MultiPoint"",""coordinates"":[]}"
20260327T05,2026-03-27,2026-03-27 05:00,20.249102,85.800575,5,2949030.670588235,0.8191751862745097,05:00,"{""type"":""MultiPoint"",""coordinates"":[]}"
20260327T06,2026-03-27,2026-03-27 06:00,20.249102,85.800575,5,3342110.5176470587,0.9283640326797385,06:00,"{""type"":""MultiPoint"",""coordinates"":[]}"
20260327T07,2026-03-27,2026-03-27 07:00,20.249102,85.800575,5,3462878.494117647,0.9619106928104575,07:00,"{""type"":""MultiPoint"",""coordinates"":[]}"
20260327T08,2026-03-27,2026-03-27 08:00,20.249102,85.800575,5,3279496.8235294116,0.910971339869281,08:00,"{""type"":""MultiPoint"",""coordinates"":[]}"
20260327T09,2026-03-27,2026-03-27 09:00,20.249102,85.800575,5,2544515.3411764703,0.706809816993464,09:00,"{""type"":""MultiPoint"",""coordinates"":[]}"
20260327T10,2026-03-27,2026-03-27 10:00,20.249102,85.800575,5,1864306.0235294113,0.5178627843137253,10:00,"{""type"":""MultiPoint"",""coordinates"":[]}"
20260327T11,2026-03-27,2026-03-27 11:00,20.249102,85.800575,5,1064274.470588235,0.29563179738562084,11:00,"{""type"":""MultiPoint"",""coordinates"":[]}"
20260327T12,2026-03-27,2026-03-27 12:00,20.249102,85.800575,5,436915.57647058816,0.12136543790849671,12:00,"{""type"":""MultiPoint"",""coordinates"":[]}"
20260327T13,2026-03-27,2026-03-27 13:00,20.249102,85.800575,5,32064.305882352943,0.008906751633986928,13:00,"{""type"":""MultiPoint"",""coordinates"":[]}"
20260327T14,2026-03-27,2026-03-27 14:00,20.249102,85.800575,5,0.0,0.0,14:00,"{""type"":""MultiPoint"",""coordinates"":[]}"
20260327T15,2026-03-27,2026-03-27 15:00,20.249102,85.800575,5,0.0,0.0,15:00,"{""type"":""MultiPoint"",""coordinates"":[]}"
20260327T16,2026-03-27,2026-03-27 16:00,20.249102,85.800575,5,0.0,0.0,16:00,"{""type"":""MultiPoint"",""coordinates"":[]}"
20260327T17,2026-03-27,2026-03-27 17:00,20.249102,85.800575,5,0.0,0.0,17:00,"{""type"":""MultiPoint"",""coordinates"":[]}"
20260327T18,2026-03-27,2026-03-27 18:00,20.249102,85.800575,5,0.0,0.0,18:00,"{""type"":""MultiPoint"",""coordinates"":[]}"
20260327T19,2026-03-27,2026-03-27 19:00,20.249102,85.800575,5,0.0,0.0,19:00,"{""type"":""MultiPoint"",""coordinates"":[]}"
20260327T20,2026-03-27,2026-03-27 20:00,20.249102,85.800575,5,0.0,0.0,20:00,"{""type"":""MultiPoint"",""coordinates"":[]}"
20260327T21,2026-03-27,2026-03-27 21:00,20.249102,85.800575,5,0.0,0.0,21:00,"{""type"":""MultiPoint"",""coordinates"":[]}"
20260327T22,2026-03-27,2026-03-27 22:00,20.249102,85.800575,5,0.0,0.0,22:00,"{""type"":""MultiPoint"",""coordinates"":[]}"
20260327T23,2026-03-27,2026-03-27 23:00,20.249102,85.800575,5,0.0,0.0,23:00,"{""type"":""MultiPoint"",""coordinates"":[]}"
20260328T00,2026-03-28,2026-03-28 00:00,20.249102,85.800575,5,0.0,0.0,00:00,"{""type"":""MultiPoint"",""coordinates"":[]}"
20260328T01,2026-03-28,2026-03-28 01:00,20.249102,85.800575,5,105374.71470588235,0.029270754084967317,01:00,"{""type"":""MultiPoint"",""coordinates"":[]}"
20260328T02,2026-03-28,2026-03-28 02:00,20.249102,85.800575,5,729294.6852941175,0.20258185702614376,02:00,"{""type"":""MultiPoint"",""coordinates"":[]}"
20260328T03,2026-03-28,2026-03-28 03:00,20.249102,85.800575,5,1416935.6705882351,0.39359324183006533,03:00,"{""type"":""MultiPoint"",""coordinates"":[]}"
20260328T04,2026-03-28,2026-03-28 04:00,20.249102,85.800575,5,2246416.458823529,0.6240045718954248,04:00,"{""type"":""MultiPoint"",""coordinates"":[]}"
20260328T05,2026-03-28,2026-03-28 05:00,20.249102,85.800575,5,2847848.0,0.7910688888888889,05:00,"{""type"":""MultiPoint"",""coordinates"":[]}"
20260328T06,2026-03-28,2026-03-28 06:00,20.249102,85.800575,5,3294039.576470588,0.9150109934640522,06:00,"{""type"":""MultiPoint"",""coordinates"":[]}"
20260328T07,2026-03-28,2026-03-28 07:00,20.249102,85.800575,5,3339773.647058823,0.9277149019607842,07:00,"{""type"":""MultiPoint"",""coordinates"":[]}"
20260328T08,2026-03-28,2026-03-28 08:00,20.249102,85.800575,5,3240009.9764705882,0.90000277124183,08:00,"{""type"":""MultiPoint"",""coordinates"":[]}"
20260328T09,2026-03-28,2026-03-28 09:00,20.249102,85.800575,5,2517814.9411764704,0.6993930392156862,09:00,"{""type"":""MultiPoint"",""coordinates"":[]}"
20260328T10,2026-03-28,2026-03-28 10:00,20.249102,85.800575,5,1846677.6235294114,0.5129660065359476,10:00,"{""type"":""MultiPoint"",""coordinates"":[]}"
20260328T11,2026-03-28,2026-03-28 11:00,20.249102,85.800575,5,1088792.0705882353,0.30244224183006535,11:00,"{""type"":""MultiPoint"",""coordinates"":[]}"
20260328T12,2026-03-28,2026-03-28 12:00,20.249102,85.800575,5,387197.08235294116,0.10755474509803921,12:00,"{""type"":""MultiPoint"",""coordinates"":[]}"
20260328T13,2026-03-28,2026-03-28 13:00,20.249102,85.800575,5,28165.411764705877,0.007823725490196077,13:00,"{""type"":""MultiPoint"",""coordinates"":[]}"
20260328T14,2026-03-28,2026-03-28 14:00,20.249102,85.800575,5,0.0,0.0,14:00,"{""type"":""MultiPoint"",""coordinates"":[]}"
20260328T15,2026-03-28,2026-03-28 15:00,20.249102,85.800575,5,0.0,0.0,15:00,"{""type"":""MultiPoint"",""coordinates"":[]}"
20260328T16,2026-03-28,2026-03-28 16:00,20.249102,85.800575,5,0.0,0.0,16:00,"{""type"":""MultiPoint"",""coordinates"":[]}"
20260328T17,2026-03-28,2026-03-28 17:00,20.249102,85.800575,5,0.0,0.0,17:00,"{""type"":""MultiPoint"",""coordinates"":[]}"
20260328T18,2026-03-28,2026-03-28 18:00,20.249102,85.800575,5,0.0,0.0,18:00,"{""type"":""MultiPoint"",""coordinates"":[]}"
20260328T19,2026-03-28,2026-03-28 19:00,20.249102,85.800575,5,0.0,0.0,19:00,"{""type"":""MultiPoint"",""coordinates"":[]}"
20260328T20,2026-03-28,2026-03-28 20:00,20.249102,85.800575,5,0.0,0.0,20:00,"{""type"":""MultiPoint"",""coordinates"":[]}"
20260328T21,2026-03-28,2026-03-28 21:00,20.249102,85.800575,5,0.0,0.0,21:00,"{""type"":""MultiPoint"",""coordinates"":[]}"
20260328T22,2026-03-28,2026-03-28 22:00,20.249102,85.800575,5,0.0,0.0,22:00,"{""type"":""MultiPoint"",""coordinates"":[]}"
20260328T23,2026-03-28,2026-03-28 23:00,20.249102,85.800575,5,0.0,0.0,23:00,"{""type"":""MultiPoint"",""coordinates"":[]}"
20260329T00,2026-03-29,2026-03-29 00:00,20.249102,85.800575,5,0.0,0.0,00:00,"{""type"":""MultiPoint"",""coordinates"":[]}"
20260329T01,2026-03-29,2026-03-29 01:00,20.249102,85.800575,5,107830.80294117647,0.029953000816993466,01:00,"{""type"":""MultiPoint"",""coordinates"":[]}"
20260329T02,2026-03-29,2026-03-29 02:00,20.249102,85.800575,5,698431.4558823529,0.19400873774509803,02:00,"{""type"":""MultiPoint"",""coordinates"":[]}"
20260329T03,2026-03-29,2026-03-29 03:00,20.249102,85.800575,5,1448243.6588235293,0.4022899052287581,03:00,"{""type"":""MultiPoint"",""coordinates"":[]}"
20260329T04,2026-03-29,2026-03-29 04:00,20.249102,85.800575,5,2104073.2235294115,0.5844647843137254,04:00,"{""type"":""MultiPoint"",""coordinates"":[]}"
20260329T05,2026-03-29,2026-03-29 05:00,20.249102,85.800575,5,2931058.3411764703,0.8141828725490196,05:00,"{""type"":""MultiPoint"",""coordinates"":[]}"
20260329T06,2026-03-29,2026-03-29 06:00,20.249102,85.800575,5,3254309.152941176,0.9039747647058822,06:00,"{""type"":""MultiPoint"",""coordinates"":[]}"
20260329T07,2026-03-29,2026-03-29 07:00,20.249102,85.800575,5,3409594.470588235,0.9471095751633987,07:00,"{""type"":""MultiPoint"",""coordinates"":[]}"
20260329T08,2026-03-29,2026-03-29 08:00,20.249102,85.800575,5,3278479.6705882344,0.9106887973856207,08:00,"{""type"":""MultiPoint"",""coordinates"":[]}"
20260329T09,2026-03-29,2026-03-29 09:00,20.249102,85.800575,5,2808303.552941176,0.7800843202614378,09:00,"{""type"":""MultiPoint"",""coordinates"":[]}"
20260329T10,2026-03-29,2026-03-29 10:00,20.249102,85.800575,5,1921716.5411764702,0.5338101503267972,10:00,"{""type"":""MultiPoint"",""coordinates"":[]}"
20260329T11,2026-03-29,2026-03-29 11:00,20.249102,85.800575,5,1200679.5529411763,0.3335220980392157,11:00,"{""type"":""MultiPoint"",""coordinates"":[]}"
20260329T12,2026-03-29,2026-03-29 12:00,20.249102,85.800575,5,442413.8823529411,0.12289274509803919,12:00,"{""type"":""MultiPoint"",""coordinates"":[]}"
20260329T13,2026-03-29,2026-03-29 13:00,20.249102,85.800575,5,34330.7294117647,0.009536313725490195,13:00,"{""type"":""MultiPoint"",""coordinates"":[]}"
20260329T14,2026-03-29,2026-03-29 14:00,20.249102,85.800575,5,0.0,0.0,14:00,"{""type"":""MultiPoint"",""coordinates"":[]}"
20260329T15,2026-03-29,2026-03-29 15:00,20.249102,85.800575,5,0.0,0.0,15:00,"{""type"":""MultiPoint"",""coordinates"":[]}"
20260329T16,2026-03-29,2026-03-29 16:00,20.249102,85.800575,5,0.0,0.0,16:00,"{""type"":""MultiPoint"",""coordinates"":[]}"
20260329T17,2026-03-29,2026-03-29 17:00,20.249102,85.800575,5,0.0,0.0,17:00,"{""type"":""MultiPoint"",""coordinates"":[]}"
20260329T18,2026-03-29,2026-03-29 18:00,20.249102,85.800575,5,0.0,0.0,18:00,"{""type"":""MultiPoint"",""coordinates"":[]}"
20260329T19,2026-03-29,2026-03-29 19:00,20.249102,85.800575,5,0.0,0.0,19:00,"{""type"":""MultiPoint"",""coordinates"":[]}"
20260329T20,2026-03-29,2026-03-29 20:00,20.249102,85.800575,5,0.0,0.0,20:00,"{""type"":""MultiPoint"",""coordinates"":[]}"
20260329T21,2026-03-29,2026-03-29 21:00,20.249102,85.800575,5,0.0,0.0,21:00,"{""type"":""MultiPoint"",""coordinates"":[]}"
20260329T22,2026-03-29,2026-03-29 22:00,20.249102,85.800575,5,0.0,0.0,22:00,"{""type"":""MultiPoint"",""coordinates"":[]}"
20260329T23,2026-03-29,2026-03-29 23:00,20.249102,85.800575,5,0.0,0.0,23:00,"{""type"":""MultiPoint"",""coordinates"":[]}"
20260330T00,2026-03-30,2026-03-30 00:00,20.249102,85.800575,5,0.0,0.0,00:00,"{""type"":""MultiPoint"",""coordinates"":[]}"
20260330T01,2026-03-30,2026-03-30 01:00,20.249102,85.800575,5,97818.61764705881,0.027171838235294114,01:00,"{""type"":""MultiPoint"",""coordinates"":[]}"
20260330T02,2026-03-30,2026-03-30 02:00,20.249102,85.800575,5,671181.694117647,0.18643935947712417,02:00,"{""type"":""MultiPoint"",""coordinates"":[]}"
20260330T03,2026-03-30,2026-03-30 03:00,20.249102,85.800575,5,1439521.7352941176,0.3998671486928104,03:00,"{""type"":""MultiPoint"",""coordinates"":[]}"
20260330T04,2026-03-30,2026-03-30 04:00,20.249102,85.800575,5,2057234.1647058823,0.5714539346405229,04:00,"{""type"":""MultiPoint"",""coordinates"":[]}"
20260330T05,2026-03-30,2026-03-30 05:00,20.249102,85.800575,5,2835448.74117647,0.7876246503267973,05:00,"{""type"":""MultiPoint"",""coordinates"":[]}"
20260330T06,2026-03-30,2026-03-30 06:00,20.249102,85.800575,5,3227397.5176470582,0.8964993104575162,06:00,"{""type"":""MultiPoint"",""coordinates"":[]}"
20260330T07,2026-03-30,2026-03-30 07:00,20.249102,85.800575,5,3383918.9411764704,0.9399774836601307,07:00,"{""type"":""MultiPoint"",""coordinates"":[]}"
20260330T08,2026-03-30,2026-03-30 08:00,20.249102,85.800575,5,3208847.74117647,0.8913465947712417,08:00,"{""type"":""MultiPoint"",""coordinates"":[]}"
20260330T09,2026-03-30,2026-03-30 09:00,20.249102,85.800575,5,2789583.4352941173,0.7748842875816992,09:00,"{""type"":""MultiPoint"",""coordinates"":[]}"
20260330T10,2026-03-30,2026-03-30 10:00,20.249102,85.800575,5,2164325.364705882,0.6012014901960784,10:00,"{""type"":""MultiPoint"",""coordinates"":[]}"
20260330T11,2026-03-30,2026-03-30 11:00,20.249102,85.800575,5,1285937.294117647,0.3572048039215686,11:00,"{""type"":""MultiPoint"",""coordinates"":[]}"
20260330T12,2026-03-30,2026-03-30 12:00,20.249102,85.800575,5,514103.9764705882,0.14280666013071894,12:00,"{""type"":""MultiPoint"",""coordinates"":[]}"
20260330T13,2026-03-30,2026-03-30 13:00,20.249102,85.800575,5,37497.50588235294,0.01041597385620915,13:00,"{""type"":""MultiPoint"",""coordinates"":[]}"
20260330T14,2026-03-30,2026-03-30 14:00,20.249102,85.800575,5,0.0,0.0,14:00,"{""type"":""MultiPoint"",""coordinates"":[]}"
20260330T15,2026-03-30,2026-03-30 15:00,20.249102,85.800575,5,0.0,0.0,15:00,"{""type"":""MultiPoint"",""coordinates"":[]}"
20260330T16,2026-03-30,2026-03-30 16:00,20.249102,85.800575,5,0.0,0.0,16:00,"{""type"":""MultiPoint"",""coordinates"":[]}"
20260330T17,2026-03-30,2026-03-30 17:00,20.249102,85.800575,5,0.0,0.0,17:00,"{""type"":""MultiPoint"",""coordinates"":[]}"
20260330T18,2026-03-30,2026-03-30 18:00,20.249102,85.800575,5,0.0,0.0,18:00,"{""type"":""MultiPoint"",""coordinates"":[]}"
20260330T19,2026-03-30,2026-03-30 19:00,20.249102,85.800575,5,0.0,0.0,19:00,"{""type"":""MultiPoint"",""coordinates"":[]}"
20260330T20,2026-03-30,2026-03-30 20:00,20.249102,85.800575,5,0.0,0.0,20:00,"{""type"":""MultiPoint"",""coordinates"":[]}"
20260330T21,2026-03-30,2026-03-30 21:00,20.249102,85.800575,5,0.0,0.0,21:00,"{""type"":""MultiPoint"",""coordinates"":[]}"
20260330T22,2026-03-30,2026-03-30 22:00,20.249102,85.800575,5,0.0,0.0,22:00,"{""type"":""MultiPoint"",""coordinates"":[]}"
20260330T23,2026-03-30,2026-03-30 23:00,20.249102,85.800575,5,0.0,0.0,23:00,"{""type"":""MultiPoint"",""coordinates"":[]}"
20260331T00,2026-03-31,2026-03-31 00:00,20.249102,85.800575,5,0.0,0.0,00:00,"{""type"":""MultiPoint"",""coordinates"":[]}"
20260331T01,2026-03-31,2026-03-31 01:00,20.249102,85.800575,5,102130.23235294118,0.028369508986928107,01:00,"{""type"":""MultiPoint"",""coordinates"":[]}"
20260331T02,2026-03-31,2026-03-31 02:00,20.249102,85.800575,5,710929.6088235293,0.19748044689542482,02:00,"{""type"":""MultiPoint"",""coordinates"":[]}"
20260331T03,2026-03-31,2026-03-31 03:00,20.249102,85.800575,5,1564013.994117647,0.4344483316993464,03:00,"{""type"":""MultiPoint"",""coordinates"":[]}"
20260331T04,2026-03-31,2026-03-31 04:00,20.249102,85.800575,5,2341003.9294117647,0.6502788692810457,04:00,"{""type"":""MultiPoint"",""coordinates"":[]}"
20260331T05,2026-03-31,2026-03-31 05:00,20.249102,85.800575,5,2778084.7176470584,0.7716901993464051,05:00,"{""type"":""MultiPoint"",""coordinates"":[]}"
20260331T06,2026-03-31,2026-03-31 06:00,20.249102,85.800575,5,3306279.3058823524,0.9184109183006535,06:00,"{""type"":""MultiPoint"",""coordinates"":[]}"
20260331T07,2026-03-31,2026-03-31 07:00,20.249102,85.800575,5,3065828.282352941,0.8516189673202614,07:00,"{""type"":""MultiPoint"",""coordinates"":[]}"
20260331T08,2026-03-31,2026-03-31 08:00,20.249102,85.800575,5,2934508.3529411764,0.8151412091503267,08:00,"{""type"":""MultiPoint"",""coordinates"":[]}"
20260331T09,2026-03-31,2026-03-31 09:00,20.249102,85.800575,5,2425125.1294117644,0.6736458692810456,09:00,"{""type"":""MultiPoint"",""coordinates"":[]}"
20260331T10,2026-03-31,2026-03-31 10:00,20.249102,85.800575,5,1749473.1294117647,0.4859647581699346,10:00,"{""type"":""MultiPoint"",""coordinates"":[]}"
20260331T11,2026-03-31,2026-03-31 11:00,20.249102,85.800575,5,1220721.9764705882,0.3390894379084967,11:00,"{""type"":""MultiPoint"",""coordinates"":[]}"
20260331T12,2026-03-31,2026-03-31 12:00,20.249102,85.800575,5,485665.81176470587,0.13490716993464053,12:00,"{""type"":""MultiPoint"",""coordinates"":[]}"
20260331T13,2026-03-31,2026-03-31 13:00,20.249102,85.800575,5,37141.43529411764,0.010317065359477122,13:00,"{""type"":""MultiPoint"",""coordinates"":[]}"
20260331T14,2026-03-31,2026-03-31 14:00,20.249102,85.800575,5,0.0,0.0,14:00,"{""type"":""MultiPoint"",""coordinates"":[]}"
20260331T15,2026-03-31,2026-03-31 15:00,20.249102,85.800575,5,0.0,0.0,15:00,"{""type"":""MultiPoint"",""coordinates"":[]}"
20260331T16,2026-03-31,2026-03-31 16:00,20.249102,85.800575,5,0.0,0.0,16:00,"{""type"":""MultiPoint"",""coordinates"":[]}"
20260331T17,2026-03-31,2026-03-31 17:00,20.249102,85.800575,5,0.0,0.0,17:00,"{""type"":""MultiPoint"",""coordinates"":[]}"
20260331T18,2026-03-31,2026-03-31 18:00,20.249102,85.800575,5,0.0,0.0,18:00,"{""type"":""MultiPoint"",""coordinates"":[]}"
20260331T19,2026-03-31,2026-03-31 19:00,20.249102,85.800575,5,0.0,0.0,19:00,"{""type"":""MultiPoint"",""coordinates"":[]}"
20260331T20,2026-03-31,2026-03-31 20:00,20.249102,85.800575,5,0.0,0.0,20:00,"{""type"":""MultiPoint"",""coordinates"":[]}"
20260331T21,2026-03-31,2026-03-31 21:00,20.249102,85.800575,5,0.0,0.0,21:00,"{""type"":""MultiPoint"",""coordinates"":[]}"
20260331T22,2026-03-31,2026-03-31 22:00,20.249102,85.800575,5,0.0,0.0,22:00,"{""type"":""MultiPoint"",""coordinates"":[]}"
20260331T23,2026-03-31,2026-03-31 23:00,20.249102,85.800575,5,0.0,0.0,23:00,"{""type"":""MultiPoint"",""coordinates"":[]}"
20260401T00,2026-04-01,2026-04-01 00:00,20.249102,85.800575,5,0.0,0.0,00:00,"{""type"":""MultiPoint"",""coordinates"":[]}"
20260401T01,2026-04-01,2026-04-01 01:00,20.249102,85.800575,5,126565.09411764705,0.03515697058823529,01:00,"{""type"":""MultiPoint"",""coordinates"":[]}"
20260401T02,2026-04-01,2026-04-01 02:00,20.249102,85.800575,5,770583.8647058824,0.21405107352941177,02:00,"{""type"":""MultiPoint"",""coordinates"":[]}"
20260401T03,2026-04-01,2026-04-01 03:00,20.249102,85.800575,5,1599209.8529411764,0.4442249591503268,03:00,"{""type"":""MultiPoint"",""coordinates"":[]}"
20260401T04,2026-04-01,2026-04-01 04:00,20.249102,85.800575,5,2364250.8235294116,0.656736339869281,04:00,"{""type"":""MultiPoint"",""coordinates"":[]}"
20260401T05,2026-04-01,2026-04-01 05:00,20.249102,85.800575,5,2959745.9411764704,0.8221516503267974,05:00,"{""type"":""MultiPoint"",""coordinates"":[]}"
20260401T06,2026-04-01,2026-04-01 06:00,20.249102,85.800575,5,3321540.635294117,0.9226501764705881,06:00,"{""type"":""MultiPoint"",""coordinates"":[]}"
20260401T07,2026-04-01,2026-04-01 07:00,20.249102,85.800575,5,3426506.282352941,0.9518073006535948,07:00,"{""type"":""MultiPoint"",""coordinates"":[]}"
20260401T08,2026-04-01,2026-04-01 08:00,20.249102,85.800575,5,3227992.6588235293,0.8966646274509803,08:00,"{""type"":""MultiPoint"",""coordinates"":[]}"
20260401T09,2026-04-01,2026-04-01 09:00,20.249102,85.800575,5,2670567.0352941174,0.7418241764705882,09:00,"{""type"":""MultiPoint"",""coordinates"":[]}"
20260401T10,2026-04-01,2026-04-01 10:00,20.249102,85.800575,5,1962330.8941176466,0.5450919150326796,10:00,"{""type"":""MultiPoint"",""coordinates"":[]}"
20260401T11,2026-04-01,2026-04-01 11:00,20.249102,85.800575,5,1190693.9529411762,0.33074832026143786,11:00,"{""type"":""MultiPoint"",""coordinates"":[]}"
20260401T12,2026-04-01,2026-04-01 12:00,20.249102,85.800575,5,309491.27058823523,0.0859697973856209,12:00,"{""type"":""MultiPoint"",""coordinates"":[]}"
20260401T13,2026-04-01,2026-04-01 13:00,20.249102,85.800575,5,31489.22352941176,0.008747006535947711,13:00,"{""type"":""MultiPoint"",""coordinates"":[]}"
20260401T14,2026-04-01,2026-04-01 14:00,20.249102,85.800575,5,0.0,0.0,14:00,"{""type"":""MultiPoint"",""coordinates"":[]}"
20260401T15,2026-04-01,2026-04-01 15:00,20.249102,85.800575,5,0.0,0.0,15:00,"{""type"":""MultiPoint"",""coordinates"":[]}"
20260401T16,2026-04-01,2026-04-01 16:00,20.249102,85.800575,5,0.0,0.0,16:00,"{""type"":""MultiPoint"",""coordinates"":[]}"
20260401T17,2026-04-01,2026-04-01 17:00,20.249102,85.800575,5,0.0,0.0,17:00,"{""type"":""MultiPoint"",""coordinates"":[]}"
20260401T18,2026-04-01,2026-04-01 18:00,20.249102,85.800575,5,0.0,0.0,18:00,"{""type"":""MultiPoint"",""coordinates"":[]}"
20260401T19,2026-04-01,2026-04-01 19:00,20.249102,85.800575,5,0.0,0.0,19:00,"{""type"":""MultiPoint"",""coordinates"":[]}"
20260401T20,2026-04-01,2026-04-01 20:00,20.249102,85.800575,5,0.0,0.0,20:00,"{""type"":""MultiPoint"",""coordinates"":[]}"
20260401T21,2026-04-01,2026-04-01 21:00,20.249102,85.800575,5,0.0,0.0,21:00,"{""type"":""MultiPoint"",""coordinates"":[]}"
20260401T22,2026-04-01,2026-04-01 22:00,20.249102,85.800575,5,0.0,0.0,22:00,"{""type"":""MultiPoint"",""coordinates"":[]}"
20260401T23,2026-04-01,2026-04-01 23:00,20.249102,85.800575,5,0.0,0.0,23:00,"{""type"":""MultiPoint"",""coordinates"":[]}"
20260402T00,2026-04-02,2026-04-02 00:00,20.249102,85.800575,5,0.0,0.0,00:00,"{""type"":""MultiPoint"",""coordinates"":[]}"
20260402T01,2026-04-02,2026-04-02 01:00,20.249102,85.800575,5,133975.75294117647,0.03721548692810458,01:00,"{""type"":""MultiPoint"",""coordinates"":[]}"
20260402T02,2026-04-02,2026-04-02 02:00,20.249102,85.800575,5,794737.8941176469,0.2207605261437908,02:00,"{""type"":""MultiPoint"",""coordinates"":[]}"
20260402T03,2026-04-02,2026-04-02 03:00,20.249102,85.800575,5,1625598.0352941174,0.4515550098039215,03:00,"{""type"":""MultiPoint"",""coordinates"":[]}"
20260402T04,2026-04-02,2026-04-02 04:00,20.249102,85.800575,5,2396861.282352941,0.6657948006535948,04:00,"{""type"":""MultiPoint"",""coordinates"":[]}"
20260402T05,2026-04-02,2026-04-02 05:00,20.249102,85.800575,5,3000830.5411764705,0.8335640392156862,05:00,"{""type"":""MultiPoint"",""coordinates"":[]}"
20260402T06,2026-04-02,2026-04-02 06:00,20.249102,85.800575,5,3370748.6588235293,0.9363190718954248,06:00,"{""type"":""MultiPoint"",""coordinates"":[]}"
20260402T07,2026-04-02,2026-04-02 07:00,20.249102,85.800575,5,3473603.858823529,0.9648899607843137,07:00,"{""type"":""MultiPoint"",""coordinates"":[]}"
20260402T08,2026-04-02,2026-04-02 08:00,20.249102,85.800575,5,3319153.9764705882,0.9219872156862745,08:00,"{""type"":""MultiPoint"",""coordinates"":[]}"
20260402T09,2026-04-02,2026-04-02 09:00,20.249102,85.800575,5,2867223.2941176468,0.7964509150326796,09:00,"{""type"":""MultiPoint"",""coordinates"":[]}"
20260402T10,2026-04-02,2026-04-02 10:00,20.249102,85.800575,5,2200781.1999999997,0.6113281111111111,10:00,"{""type"":""MultiPoint"",""coordinates"":[]}"
20260402T11,2026-04-02,2026-04-02 11:00,20.249102,85.800575,5,1354161.8588235294,0.3761560718954248,11:00,"{""type"":""MultiPoint"",""coordinates"":[]}"
20260402T12,2026-04-02,2026-04-02 12:00,20.249102,85.800575,5,515405.19999999995,0.1431681111111111,12:00,"{""type"":""MultiPoint"",""coordinates"":[]}"
20260402T13,2026-04-02,2026-04-02 13:00,20.249102,85.800575,5,41947.67058823529,0.011652130718954247,13:00,"{""type"":""MultiPoint"",""coordinates"":[]}"
20260402T14,2026-04-02,2026-04-02 14:00,20.249102,85.800575,5,0.0,0.0,14:00,"{""type"":""MultiPoint"",""coordinates"":[]}"
20260402T15,2026-04-02,2026-04-02 15:00,20.249102,85.800575,5,0.0,0.0,15:00,"{""type"":""MultiPoint"",""coordinates"":[]}"
20260402T16,2026-04-02,2026-04-02 16:00,20.249102,85.800575,5,0.0,0.0,16:00,"{""type"":""MultiPoint"",""coordinates"":[]}"
20260402T17,2026-04-02,2026-04-02 17:00,20.249102,85.800575,5,0.0,0.0,17:00,"{""type"":""MultiPoint"",""coordinates"":[]}"
20260402T18,2026-04-02,2026-04-02 18:00,20.249102,85.800575,5,0.0,0.0,18:00,"{""type"":""MultiPoint"",""coordinates"":[]}"
20260402T19,2026-04-02,2026-04-02 19:00,20.249102,85.800575,5,0.0,0.0,19:00,"{""type"":""MultiPoint"",""coordinates"":[]}"
20260402T20,2026-04-02,2026-04-02 20:00,20.249102,85.800575,5,0.0,0.0,20:00,"{""type"":""MultiPoint"",""coordinates"":[]}"
20260402T21,2026-04-02,2026-04-02 21:00,20.249102,85.800575,5,0.0,0.0,21:00,"{""type"":""MultiPoint"",""coordinates"":[]}"
20260402T22,2026-04-02,2026-04-02 22:00,20.249102,85.800575,5,0.0,0.0,22:00,"{""type"":""MultiPoint"",""coordinates"":[]}"
20260402T23,2026-04-02,2026-04-02 23:00,20.249102,85.800575,5,0.0,0.0,23:00,"{""type"":""MultiPoint"",""coordinates"":[]}"
20260403T00,2026-04-03,2026-04-03 00:00,20.249102,85.800575,5,0.0,0.0,00:00,"{""type"":""MultiPoint"",""coordinates"":[]}"
20260403T01,2026-04-03,2026-04-03 01:00,20.249102,85.800575,5,140937.44999999998,0.03914929166666666,01:00,"{""type"":""MultiPoint"",""coordinates"":[]}"
20260403T02,2026-04-03,2026-04-03 02:00,20.249102,85.800575,5,791846.4970588234,0.2199573602941176,02:00,"{""type"":""MultiPoint"",""coordinates"":[]}"
20260403T03,2026-04-03,2026-04-03 03:00,20.249102,85.800575,5,1532225.5941176468,0.42561822058823523,03:00,"{""type"":""MultiPoint"",""coordinates"":[]}"
20260403T04,2026-04-03,2026-04-03 04:00,20.249102,85.800575,5,2392682.188235294,0.6646339411764706,04:00,"{""type"":""MultiPoint"",""coordinates"":[]}"
20260403T05,2026-04-03,2026-04-03 05:00,20.249102,85.800575,5,2897611.8235294116,0.8048921732026143,05:00,"{""type"":""MultiPoint"",""coordinates"":[]}"
20260403T06,2026-04-03,2026-04-03 06:00,20.249102,85.800575,5,3352106.8705882356,0.9311407973856209,06:00,"{""type"":""MultiPoint"",""coordinates"":[]}"
20260403T07,2026-04-03,2026-04-03 07:00,20.249102,85.800575,5,3435481.9529411765,0.9543005424836601,07:00,"{""type"":""MultiPoint"",""coordinates"":[]}"
20260403T08,2026-04-03,2026-04-03 08:00,20.249102,85.800575,5,3283327.4588235286,0.9120354052287579,08:00,"{""type"":""MultiPoint"",""coordinates"":[]}"
20260403T09,2026-04-03,2026-04-03 09:00,20.249102,85.800575,5,2811262.0941176466,0.7809061372549019,09:00,"{""type"":""MultiPoint"",""coordinates"":[]}"
20260403T10,2026-04-03,2026-04-03 10:00,20.249102,85.800575,5,1921885.7176470587,0.5338571437908496,10:00,"{""type"":""MultiPoint"",""coordinates"":[]}"
20260403T11,2026-04-03,2026-04-03 11:00,20.249102,85.800575,5,817875.6705882353,0.2271876862745098,11:00,"{""type"":""MultiPoint"",""coordinates"":[]}"
20260403T12,2026-04-03,2026-04-03 12:00,20.249102,85.800575,5,501224.9176470588,0.13922914379084966,12:00,"{""type"":""MultiPoint"",""coordinates"":[]}"
20260403T13,2026-04-03,2026-04-03 13:00,20.249102,85.800575,5,35880.4,0.009966777777777778,13:00,"{""type"":""MultiPoint"",""coordinates"":[]}"
20260403T14,2026-04-03,2026-04-03 14:00,20.249102,85.800575,5,0.0,0.0,14:00,"{""type"":""MultiPoint"",""coordinates"":[]}"
20260403T15,2026-04-03,2026-04-03 15:00,20.249102,85.800575,5,0.0,0.0,15:00,"{""type"":""MultiPoint"",""coordinates"":[]}"
20260403T16,2026-04-03,2026-04-03 16:00,20.249102,85.800575,5,0.0,0.0,16:00,"{""type"":""MultiPoint"",""coordinates"":[]}"
20260403T17,2026-04-03,2026-04-03 17:00,20.249102,85.800575,5,0.0,0.0,17:00,"{""type"":""MultiPoint"",""coordinates"":[]}"
20260403T18,2026-04-03,2026-04-03 18:00,20.249102,85.800575,5,0.0,0.0,18:00,"{""type"":""MultiPoint"",""coordinates"":[]}"
20260403T19,2026-04-03,2026-04-03 19:00,20.249102,85.800575,5,0.0,0.0,19:00,"{""type"":""MultiPoint"",""coordinates"":[]}"
20260403T20,2026-04-03,2026-04-03 20:00,20.249102,85.800575,5,0.0,0.0,20:00,"{""type"":""MultiPoint"",""coordinates"":[]}"
20260403T21,2026-04-03,2026-04-03 21:00,20.249102,85.800575,5,0.0,0.0,21:00,"{""type"":""MultiPoint"",""coordinates"":[]}"
20260403T22,2026-04-03,2026-04-03 22:00,20.249102,85.800575,5,0.0,0.0,22:00,"{""type"":""MultiPoint"",""coordinates"":[]}"
20260403T23,2026-04-03,2026-04-03 23:00,20.249102,85.800575,5,0.0,0.0,23:00,"{""type"":""MultiPoint"",""coordinates"":[]}"
20260404T00,2026-04-04,2026-04-04 00:00,20.249102,85.800575,5,0.0,0.0,00:00,"{""type"":""MultiPoint"",""coordinates"":[]}"
20260404T01,2026-04-04,2026-04-04 01:00,20.249102,85.800575,5,137257.6205882353,0.03812711683006536,01:00,"{""type"":""MultiPoint"",""coordinates"":[]}"
20260404T02,2026-04-04,2026-04-04 02:00,20.249102,85.800575,5,751094.544117647,0.20863737336601304,02:00,"{""type"":""MultiPoint"",""coordinates"":[]}"
20260404T03,2026-04-04,2026-04-04 03:00,20.249102,85.800575,5,1569676.0235294118,0.4360211176470588,03:00,"{""type"":""MultiPoint"",""coordinates"":[]}"
20260404T04,2026-04-04,2026-04-04 04:00,20.249102,85.800575,5,2366537.776470588,0.6573716045751633,04:00,"{""type"":""MultiPoint"",""coordinates"":[]}"
20260404T05,2026-04-04,2026-04-04 05:00,20.249102,85.800575,5,2898758.5411764705,0.8052107058823529,05:00,"{""type"":""MultiPoint"",""coordinates"":[]}"
20260404T06,2026-04-04,2026-04-04 06:00,20.249102,85.800575,5,3209431.494117647,0.891508748366013,06:00,"{""type"":""MultiPoint"",""coordinates"":[]}"
20260404T07,2026-04-04,2026-04-04 07:00,20.249102,85.800575,5,3322117.1764705875,0.9228103267973854,07:00,"{""type"":""MultiPoint"",""coordinates"":[]}"
20260404T08,2026-04-04,2026-04-04 08:00,20.249102,85.800575,5,3072421.1058823527,0.8534503071895424,08:00,"{""type"":""MultiPoint"",""coordinates"":[]}"
20260404T09,2026-04-04,2026-04-04 09:00,20.249102,85.800575,5,2608832.0705882353,0.7246755751633986,09:00,"{""type"":""MultiPoint"",""coordinates"":[]}"
20260404T10,2026-04-04,2026-04-04 10:00,20.249102,85.800575,5,1999638.752941176,0.5554552091503266,10:00,"{""type"":""MultiPoint"",""coordinates"":[]}"
20260404T11,2026-04-04,2026-04-04 11:00,20.249102,85.800575,5,1055840.7294117645,0.29328909150326793,11:00,"{""type"":""MultiPoint"",""coordinates"":[]}"
20260404T12,2026-04-04,2026-04-04 12:00,20.249102,85.800575,5,429582.8705882352,0.11932857516339868,12:00,"{""type"":""MultiPoint"",""coordinates"":[]}"
20260404T13,2026-04-04,2026-04-04 13:00,20.249102,85.800575,5,38737.388235294115,0.010760385620915032,13:00,"{""type"":""MultiPoint"",""coordinates"":[]}"
20260404T14,2026-04-04,2026-04-04 14:00,20.249102,85.800575,5,0.0,0.0,14:00,"{""type"":""MultiPoint"",""coordinates"":[]}"
20260404T15,2026-04-04,2026-04-04 15:00,20.249102,85.800575,5,0.0,0.0,15:00,"{""type"":""MultiPoint"",""coordinates"":[]}"
20260404T16,2026-04-04,2026-04-04 16:00,20.249102,85.800575,5,0.0,0.0,16:00,"{""type"":""MultiPoint"",""coordinates"":[]}"
20260404T17,2026-04-04,2026-04-04 17:00,20.249102,85.800575,5,0.0,0.0,17:00,"{""type"":""MultiPoint"",""coordinates"":[]}"
20260404T18,2026-04-04,2026-04-04 18:00,20.249102,85.800575,5,0.0,0.0,18:00,"{""type"":""MultiPoint"",""coordinates"":[]}"
20260404T19,2026-04-04,2026-04-04 19:00,20.249102,85.800575,5,0.0,0.0,19:00,"{""type"":""MultiPoint"",""coordinates"":[]}"
20260404T20,2026-04-04,2026-04-04 20:00,20.249102,85.800575,5,0.0,0.0,20:00,"{""type"":""MultiPoint"",""coordinates"":[]}"
20260404T21,2026-04-04,2026-04-04 21:00,20.249102,85.800575,5,0.0,0.0,21:00,"{""type"":""MultiPoint"",""coordinates"":[]}"
20260404T22,2026-04-04,2026-04-04 22:00,20.249102,85.800575,5,0.0,0.0,22:00,"{""type"":""MultiPoint"",""coordinates"":[]}"
20260404T23,2026-04-04,2026-04-04 23:00,20.249102,85.800575,5,0.0,0.0,23:00,"{""type"":""MultiPoint"",""coordinates"":[]}"
20260405T00,2026-04-05,2026-04-05 00:00,20.249102,85.800575,5,0.0,0.0,00:00,"{""type"":""MultiPoint"",""coordinates"":[]}"
20260405T01,2026-04-05,2026-04-05 01:00,20.249102,85.800575,5,129345.02647058821,0.03592917401960784,01:00,"{""type"":""MultiPoint"",""coordinates"":[]}"
20260405T02,2026-04-05,2026-04-05 02:00,20.249102,85.800575,5,602322.3323529412,0.1673117589869281,02:00,"{""type"":""MultiPoint"",""coordinates"":[]}"
20260405T03,2026-04-05,2026-04-05 03:00,20.249102,85.800575,5,1286834.4647058824,0.35745401797385623,03:00,"{""type"":""MultiPoint"",""coordinates"":[]}"
20260405T04,2026-04-05,2026-04-05 04:00,20.249102,85.800575,5,2187008.1647058823,0.6075022679738562,04:00,"{""type"":""MultiPoint"",""coordinates"":[]}"
20260405T05,2026-04-05,2026-04-05 05:00,20.249102,85.800575,5,2354358.070588235,0.6539883529411763,05:00,"{""type"":""MultiPoint"",""coordinates"":[]}"
20260405T06,2026-04-05,2026-04-05 06:00,20.249102,85.800575,5,2398905.6117647053,0.6663626699346403,06:00,"{""type"":""MultiPoint"",""coordinates"":[]}"
20260405T07,2026-04-05,2026-04-05 07:00,20.249102,85.800575,5,2482826.3294117646,0.6896739803921569,07:00,"{""type"":""MultiPoint"",""coordinates"":[]}"
20260405T08,2026-04-05,2026-04-05 08:00,20.249102,85.800575,5,1880358.7999999996,0.5223218888888888,08:00,"{""type"":""MultiPoint"",""coordinates"":[]}"
20260405T09,2026-04-05,2026-04-05 09:00,20.249102,85.800575,5,2044133.8117647057,0.5678149477124182,09:00,"{""type"":""MultiPoint"",""coordinates"":[]}"
20260405T10,2026-04-05,2026-04-05 10:00,20.249102,85.800575,5,1397712.5647058822,0.3882534901960784,10:00,"{""type"":""MultiPoint"",""coordinates"":[]}"
20260405T11,2026-04-05,2026-04-05 11:00,20.249102,85.800575,5,1004900.2117647058,0.27913894771241826,11:00,"{""type"":""MultiPoint"",""coordinates"":[]}"
20260405T12,2026-04-05,2026-04-05 12:00,20.249102,85.800575,5,420859.90588235296,0.11690552941176471,12:00,"{""type"":""MultiPoint"",""coordinates"":[]}"
20260405T13,2026-04-05,2026-04-05 13:00,20.249102,85.800575,5,36380.02352941176,0.010105562091503267,13:00,"{""type"":""MultiPoint"",""coordinates"":[]}"
20260405T14,2026-04-05,2026-04-05 14:00,20.249102,85.800575,5,0.0,0.0,14:00,"{""type"":""MultiPoint"",""coordinates"":[]}"
20260405T15,2026-04-05,2026-04-05 15:00,20.249102,85.800575,5,0.0,0.0,15:00,"{""type"":""MultiPoint"",""coordinates"":[]}"
20260405T16,2026-04-05,2026-04-05 16:00,20.249102,85.800575,5,0.0,0.0,16:00,"{""type"":""MultiPoint"",""coordinates"":[]}"
20260405T17,2026-04-05,2026-04-05 17:00,20.249102,85.800575,5,0.0,0.0,17:00,"{""type"":""MultiPoint"",""coordinates"":[]}"
20260405T18,2026-04-05,2026-04-05 18:00,20.249102,85.800575,5,0.0,0.0,18:00,"{""type"":""MultiPoint"",""coordinates"":[]}"
20260405T19,2026-04-05,2026-04-05 19:00,20.249102,85.800575,5,0.0,0.0,19:00,"{""type"":""MultiPoint"",""coordinates"":[]}"
20260405T20,2026-04-05,2026-04-05 20:00,20.249102,85.800575,5,0.0,0.0,20:00,"{""type"":""MultiPoint"",""coordinates"":[]}"
20260405T21,2026-04-05,2026-04-05 21:00,20.249102,85.800575,5,0.0,0.0,21:00,"{""type"":""MultiPoint"",""coordinates"":[]}"
20260405T22,2026-04-05,2026-04-05 22:00,20.249102,85.800575,5,0.0,0.0,22:00,"{""type"":""MultiPoint"",""coordinates"":[]}"
20260405T23,2026-04-05,2026-04-05 23:00,20.249102,85.800575,5,0.0,0.0,23:00,"{""type"":""MultiPoint"",""coordinates"":[]}"
20260406T00,2026-04-06,2026-04-06 00:00,20.249102,85.800575,5,0.0,0.0,00:00,"{""type"":""MultiPoint"",""coordinates"":[]}"
20260406T01,2026-04-06,2026-04-06 01:00,20.249102,85.800575,5,128534.72647058824,0.03570409068627451,01:00,"{""type"":""MultiPoint"",""coordinates"":[]}"
20260406T02,2026-04-06,2026-04-06 02:00,20.249102,85.800575,5,589855.8558823529,0.16384884885620915,02:00,"{""type"":""MultiPoint"",""coordinates"":[]}"
20260406T03,2026-04-06,2026-04-06 03:00,20.249102,85.800575,5,1353682.5588235292,0.3760229330065359,03:00,"{""type"":""MultiPoint"",""coordinates"":[]}"
20260406T04,2026-04-06,2026-04-06 04:00,20.249102,85.800575,5,2063913.7882352937,0.5733093856209149,04:00,"{""type"":""MultiPoint"",""coordinates"":[]}"
20260406T05,2026-04-06,2026-04-06 05:00,20.249102,85.800575,5,2564888.7529411763,0.7124690980392157,05:00,"{""type"":""MultiPoint"",""coordinates"":[]}"
20260406T06,2026-04-06,2026-04-06 06:00,20.249102,85.800575,5,3099051.5176470587,0.8608476437908497,06:00,"{""type"":""MultiPoint"",""coordinates"":[]}"
20260406T07,2026-04-06,2026-04-06 07:00,20.249102,85.800575,5,2876180.2588235294,0.7989389607843137,07:00,"{""type"":""MultiPoint"",""coordinates"":[]}"
20260406T08,2026-04-06,2026-04-06 08:00,20.249102,85.800575,5,2710150.494117647,0.7528195816993464,08:00,"{""type"":""MultiPoint"",""coordinates"":[]}"
20260406T09,2026-04-06,2026-04-06 09:00,20.249102,85.800575,5,2377801.3411764707,0.6605003725490196,09:00,"{""type"":""MultiPoint"",""coordinates"":[]}"
20260406T10,2026-04-06,2026-04-06 10:00,20.249102,85.800575,5,1683778.1647058823,0.4677161568627451,10:00,"{""type"":""MultiPoint"",""coordinates"":[]}"
20260406T11,2026-04-06,2026-04-06 11:00,20.249102,85.800575,5,771863.8823529411,0.21440663398692808,11:00,"{""type"":""MultiPoint"",""coordinates"":[]}"
20260406T12,2026-04-06,2026-04-06 12:00,20.249102,85.800575,5,211625.2470588235,0.058784790849673196,12:00,"{""type"":""MultiPoint"",""coordinates"":[]}"
20260406T13,2026-04-06,2026-04-06 13:00,20.249102,85.800575,5,18007.835294117645,0.005002176470588235,13:00,"{""type"":""MultiPoint"",""coordinates"":[]}"
20260406T14,2026-04-06,2026-04-06 14:00,20.249102,85.800575,5,0.0,0.0,14:00,"{""type"":""MultiPoint"",""coordinates"":[]}"
20260406T15,2026-04-06,2026-04-06 15:00,20.249102,85.800575,5,0.0,0.0,15:00,"{""type"":""MultiPoint"",""coordinates"":[]}"
20260406T16,2026-04-06,2026-04-06 16:00,20.249102,85.800575,5,0.0,0.0,16:00,"{""type"":""MultiPoint"",""coordinates"":[]}"
20260406T17,2026-04-06,2026-04-06 17:00,20.249102,85.800575,5,0.0,0.0,17:00,"{""type"":""MultiPoint"",""coordinates"":[]}"
20260406T18,2026-04-06,2026-04-06 18:00,20.249102,85.800575,5,0.0,0.0,18:00,"{""type"":""MultiPoint"",""coordinates"":[]}"
20260406T19,2026-04-06,2026-04-06 19:00,20.249102,85.800575,5,0.0,0.0,19:00,"{""type"":""MultiPoint"",""coordinates"":[]}"
20260406T20,2026-04-06,2026-04-06 20:00,20.249102,85.800575,5,0.0,0.0,20:00,"{""type"":""MultiPoint"",""coordinates"":[]}"
20260406T21,2026-04-06,2026-04-06 21:00,20.249102,85.800575,5,0.0,0.0,21:00,"{""type"":""MultiPoint"",""coordinates"":[]}"
20260406T22,2026-04-06,2026-04-06 22:00,20.249102,85.800575,5,0.0,0.0,22:00,"{""type"":""MultiPoint"",""coordinates"":[]}"
20260406T23,2026-04-06,2026-04-06 23:00,20.249102,85.800575,5,0.0,0.0,23:00,"{""type"":""MultiPoint"",""coordinates"":[]}"
20260407T00,2026-04-07,2026-04-07 00:00,20.249102,85.800575,5,0.0,0.0,00:00,"{""type"":""MultiPoint"",""coordinates"":[]}"
20260407T01,2026-04-07,2026-04-07 01:00,20.249102,85.800575,5,82538.22058823529,0.022927283496732023,01:00,"{""type"":""MultiPoint"",""coordinates"":[]}"
20260407T02,2026-04-07,2026-04-07 02:00,20.249102,85.800575,5,521343.66176470584,0.14481768382352941,02:00,"{""type"":""MultiPoint"",""coordinates"":[]}"
20260407T03,2026-04-07,2026-04-07 03:00,20.249102,85.800575,5,977749.682352941,0.2715971339869281,03:00,"{""type"":""MultiPoint"",""coordinates"":[]}"
20260407T04,2026-04-07,2026-04-07 04:00,20.249102,85.800575,5,1135553.5999999999,0.3154315555555555,04:00,"{""type"":""MultiPoint"",""coordinates"":[]}"
20260407T05,2026-04-07,2026-04-07 05:00,20.249102,85.800575,5,1968172.8,0.5467146666666667,05:00,"{""type"":""MultiPoint"",""coordinates"":[]}"
20260407T06,2026-04-07,2026-04-07 06:00,20.249102,85.800575,5,2999453.6588235293,0.8331815718954247,06:00,"{""type"":""MultiPoint"",""coordinates"":[]}"
20260407T07,2026-04-07,2026-04-07 07:00,20.249102,85.800575,5,3152456.376470588,0.8756823267973856,07:00,"{""type"":""MultiPoint"",""coordinates"":[]}"
20260407T08,2026-04-07,2026-04-07 08:00,20.249102,85.800575,5,3144277.176470588,0.8734103267973855,08:00,"{""type"":""MultiPoint"",""coordinates"":[]}"
20260407T09,2026-04-07,2026-04-07 09:00,20.249102,85.800575,5,2694796.564705882,0.7485546013071895,09:00,"{""type"":""MultiPoint"",""coordinates"":[]}"
20260407T10,2026-04-07,2026-04-07 10:00,20.249102,85.800575,5,1969173.5058823526,0.5469926405228758,10:00,"{""type"":""MultiPoint"",""coordinates"":[]}"
20260407T11,2026-04-07,2026-04-07 11:00,20.249102,85.800575,5,1119223.2705882352,0.31089535294117643,11:00,"{""type"":""MultiPoint"",""coordinates"":[]}"
20260407T12,2026-04-07,2026-04-07 12:00,20.249102,85.800575,5,362383.8352941176,0.10066217647058823,12:00,"{""type"":""MultiPoint"",""coordinates"":[]}"
20260407T13,2026-04-07,2026-04-07 13:00,20.249102,85.800575,5,35269.5294117647,0.009797091503267972,13:00,"{""type"":""MultiPoint"",""coordinates"":[]}"
20260407T14,2026-04-07,2026-04-07 14:00,20.249102,85.800575,5,0.0,0.0,14:00,"{""type"":""MultiPoint"",""coordinates"":[]}"
20260407T15,2026-04-07,2026-04-07 15:00,20.249102,85.800575,5,0.0,0.0,15:00,"{""type"":""MultiPoint"",""coordinates"":[]}"
20260407T16,2026-04-07,2026-04-07 16:00,20.249102,85.800575,5,0.0,0.0,16:00,"{""type"":""MultiPoint"",""coordinates"":[]}"
20260407T17,2026-04-07,2026-04-07 17:00,20.249102,85.800575,5,0.0,0.0,17:00,"{""type"":""MultiPoint"",""coordinates"":[]}"
20260407T18,2026-04-07,2026-04-07 18:00,20.249102,85.800575,5,0.0,0.0,18:00,"{""type"":""MultiPoint"",""coordinates"":[]}"
20260407T19,2026-04-07,2026-04-07 19:00,20.249102,85.800575,5,0.0,0.0,19:00,"{""type"":""MultiPoint"",""coordinates"":[]}"
20260407T20,2026-04-07,2026-04-07 20:00,20.249102,85.800575,5,0.0,0.0,20:00,"{""type"":""MultiPoint"",""coordinates"":[]}"
20260407T21,2026-04-07,2026-04-07 21:00,20.249102,85.800575,5,0.0,0.0,21:00,"{""type"":""MultiPoint"",""coordinates"":[]}"
20260407T22,2026-04-07,2026-04-07 22:00,20.249102,85.800575,5,0.0,0.0,22:00,"{""type"":""MultiPoint"",""coordinates"":[]}"
20260407T23,2026-04-07,2026-04-07 23:00,20.249102,85.800575,5,0.0,0.0,23:00,"{""type"":""MultiPoint"",""coordinates"":[]}"
20260408T00,2026-04-08,2026-04-08 00:00,20.249102,85.800575,5,0.0,0.0,00:00,"{""type"":""MultiPoint"",""coordinates"":[]}"
20260408T01,2026-04-08,2026-04-08 01:00,20.249102,85.800575,5,104035.47352941176,0.02889874264705882,01:00,"{""type"":""MultiPoint"",""coordinates"":[]}"
20260408T02,2026-04-08,2026-04-08 02:00,20.249102,85.800575,5,601101.538235294,0.1669726495098039,02:00,"{""type"":""MultiPoint"",""coordinates"":[]}"
20260408T03,2026-04-08,2026-04-08 03:00,20.249102,85.800575,5,1346429.2,0.3740081111111111,03:00,"{""type"":""MultiPoint"",""coordinates"":[]}"
20260408T04,2026-04-08,2026-04-08 04:00,20.249102,85.800575,5,2173970.7176470584,0.6038807549019607,04:00,"{""type"":""MultiPoint"",""coordinates"":[]}"
20260408T05,2026-04-08,2026-04-08 05:00,20.249102,85.800575,5,2868208.411764706,0.7967245588235294,05:00,"{""type"":""MultiPoint"",""coordinates"":[]}"
20260408T06,2026-04-08,2026-04-08 06:00,20.249102,85.800575,5,3090388.564705882,0.8584412679738562,06:00,"{""type"":""MultiPoint"",""coordinates"":[]}"
20260408T07,2026-04-08,2026-04-08 07:00,20.249102,85.800575,5,3071913.482352941,0.8533093006535947,07:00,"{""type"":""MultiPoint"",""coordinates"":[]}"
20260408T08,2026-04-08,2026-04-08 08:00,20.249102,85.800575,5,3045922.4235294117,0.8460895620915032,08:00,"{""type"":""MultiPoint"",""coordinates"":[]}"
20260408T09,2026-04-08,2026-04-08 09:00,20.249102,85.800575,5,2318654.705882353,0.6440707516339869,09:00,"{""type"":""MultiPoint"",""coordinates"":[]}"
20260408T10,2026-04-08,2026-04-08 10:00,20.249102,85.800575,5,1448462.9647058821,0.4023508235294117,10:00,"{""type"":""MultiPoint"",""coordinates"":[]}"
20260408T11,2026-04-08,2026-04-08 11:00,20.249102,85.800575,5,927276.7764705883,0.2575768823529412,11:00,"{""type"":""MultiPoint"",""coordinates"":[]}"
20260408T12,2026-04-08,2026-04-08 12:00,20.249102,85.800575,5,453625.1294117647,0.12600698039215685,12:00,"{""type"":""MultiPoint"",""coordinates"":[]}"
20260408T13,2026-04-08,2026-04-08 13:00,20.249102,85.800575,5,40072.02352941176,0.011131117647058823,13:00,"{""type"":""MultiPoint"",""coordinates"":[]}"
20260408T14,2026-04-08,2026-04-08 14:00,20.249102,85.800575,5,0.0,0.0,14:00,"{""type"":""MultiPoint"",""coordinates"":[]}"
20260408T15,2026-04-08,2026-04-08 15:00,20.249102,85.800575,5,0.0,0.0,15:00,"{""type"":""MultiPoint"",""coordinates"":[]}"
20260408T16,2026-04-08,2026-04-08 16:00,20.249102,85.800575,5,0.0,0.0,16:00,"{""type"":""MultiPoint"",""coordinates"":[]}"
20260408T17,2026-04-08,2026-04-08 17:00,20.249102,85.800575,5,0.0,0.0,17:00,"{""type"":""MultiPoint"",""coordinates"":[]}"
20260408T18,2026-04-08,2026-04-08 18:00,20.249102,85.800575,5,0.0,0.0,18:00,"{""type"":""MultiPoint"",""coordinates"":[]}"
20260408T19,2026-04-08,2026-04-08 19:00,20.249102,85.800575,5,0.0,0.0,19:00,"{""type"":""MultiPoint"",""coordinates"":[]}"
20260408T20,2026-04-08,2026-04-08 20:00,20.249102,85.800575,5,0.0,0.0,20:00,"{""type"":""MultiPoint"",""coordinates"":[]}"
20260408T21,2026-04-08,2026-04-08 21:00,20.249102,85.800575,5,0.0,0.0,21:00,"{""type"":""MultiPoint"",""coordinates"":[]}"
20260408T22,2026-04-08,2026-04-08 22:00,20.249102,85.800575,5,0.0,0.0,22:00,"{""type"":""MultiPoint"",""coordinates"":[]}"
20260408T23,2026-04-08,2026-04-08 23:00,20.249102,85.800575,5,0.0,0.0,23:00,"{""type"":""MultiPoint"",""coordinates"":[]}"
20260409T00,2026-04-09,2026-04-09 00:00,20.249102,85.800575,5,0.0,0.0,00:00,"{""type"":""MultiPoint"",""coordinates"":[]}"
20260409T01,2026-04-09,2026-04-09 01:00,20.249102,85.800575,5,123974.01470588235,0.03443722630718954,01:00,"{""type"":""MultiPoint"",""coordinates"":[]}"
20260409T02,2026-04-09,2026-04-09 02:00,20.249102,85.800575,5,615440.7911764706,0.17095577532679737,02:00,"{""type"":""MultiPoint"",""coordinates"":[]}"
20260409T03,2026-04-09,2026-04-09 03:00,20.249102,85.800575,5,1343278.0529411763,0.3731327924836601,03:00,"{""type"":""MultiPoint"",""coordinates"":[]}"
20260409T04,2026-04-09,2026-04-09 04:00,20.249102,85.800575,5,1677118.6235294116,0.46586628431372545,04:00,"{""type"":""MultiPoint"",""coordinates"":[]}"
20260409T05,2026-04-09,2026-04-09 05:00,20.249102,85.800575,5,2150324.2470588232,0.5973122908496731,05:00,"{""type"":""MultiPoint"",""coordinates"":[]}"
20260409T06,2026-04-09,2026-04-09 06:00,20.249102,85.800575,5,3037498.2235294115,0.8437495065359476,06:00,"{""type"":""MultiPoint"",""coordinates"":[]}"
20260409T07,2026-04-09,2026-04-09 07:00,20.249102,85.800575,5,3150666.752941176,0.8751852091503266,07:00,"{""type"":""MultiPoint"",""coordinates"":[]}"
20260409T08,2026-04-09,2026-04-09 08:00,20.249102,85.800575,5,2752259.1294117644,0.7645164248366012,08:00,"{""type"":""MultiPoint"",""coordinates"":[]}"
20260409T09,2026-04-09,2026-04-09 09:00,20.249102,85.800575,5,2133289.1058823527,0.5925803071895425,09:00,"{""type"":""MultiPoint"",""coordinates"":[]}"
20260409T10,2026-04-09,2026-04-09 10:00,20.249102,85.800575,5,1721363.3176470587,0.47815647712418297,10:00,"{""type"":""MultiPoint"",""coordinates"":[]}"
20260409T11,2026-04-09,2026-04-09 11:00,20.249102,85.800575,5,874083.0588235293,0.2428008496732026,11:00,"{""type"":""MultiPoint"",""coordinates"":[]}"
20260409T12,2026-04-09,2026-04-09 12:00,20.249102,85.800575,5,332987.5294117647,0.09249653594771241,12:00,"{""type"":""MultiPoint"",""coordinates"":[]}"
20260409T13,2026-04-09,2026-04-09 13:00,20.249102,85.800575,5,26175.647058823528,0.007271013071895424,13:00,"{""type"":""MultiPoint"",""coordinates"":[]}"
20260409T14,2026-04-09,2026-04-09 14:00,20.249102,85.800575,5,0.0,0.0,14:00,"{""type"":""MultiPoint"",""coordinates"":[]}"
20260409T15,2026-04-09,2026-04-09 15:00,20.249102,85.800575,5,0.0,0.0,15:00,"{""type"":""MultiPoint"",""coordinates"":[]}"
20260409T16,2026-04-09,2026-04-09 16:00,20.249102,85.800575,5,0.0,0.0,16:00,"{""type"":""MultiPoint"",""coordinates"":[]}"
20260409T17,2026-04-09,2026-04-09 17:00,20.249102,85.800575,5,0.0,0.0,17:00,"{""type"":""MultiPoint"",""coordinates"":[]}"
20260409T18,2026-04-09,2026-04-09 18:00,20.249102,85.800575,5,0.0,0.0,18:00,"{""type"":""MultiPoint"",""coordinates"":[]}"
20260409T19,2026-04-09,2026-04-09 19:00,20.249102,85.800575,5,0.0,0.0,19:00,"{""type"":""MultiPoint"",""coordinates"":[]}"
20260409T20,2026-04-09,2026-04-09 20:00,20.249102,85.800575,5,0.0,0.0,20:00,"{""type"":""MultiPoint"",""coordinates"":[]}"
20260409T21,2026-04-09,2026-04-09 21:00,20.249102,85.800575,5,0.0,0.0,21:00,"{""type"":""MultiPoint"",""coordinates"":[]}"
20260409T22,2026-04-09,2026-04-09 22:00,20.249102,85.800575,5,0.0,0.0,22:00,"{""type"":""MultiPoint"",""coordinates"":[]}"
20260409T23,2026-04-09,2026-04-09 23:00,20.249102,85.800575,5,0.0,0.0,23:00,"{""type"":""MultiPoint"",""coordinates"":[]}"
20260410T00,2026-04-10,2026-04-10 00:00,20.249102,85.800575,5,0.0,0.0,00:00,"{""type"":""MultiPoint"",""coordinates"":[]}"
20260410T01,2026-04-10,2026-04-10 01:00,20.249102,85.800575,5,113237.3794117647,0.03145482761437909,01:00,"{""type"":""MultiPoint"",""coordinates"":[]}"
20260410T02,2026-04-10,2026-04-10 02:00,20.249102,85.800575,5,502433.8088235294,0.13956494689542484,02:00,"{""type"":""MultiPoint"",""coordinates"":[]}"
20260410T03,2026-04-10,2026-04-10 03:00,20.249102,85.800575,5,969908.3176470589,0.269418977124183,03:00,"{""type"":""MultiPoint"",""coordinates"":[]}"
20260410T04,2026-04-10,2026-04-10 04:00,20.249102,85.800575,5,1618969.5999999999,0.4497137777777777,04:00,"{""type"":""MultiPoint"",""coordinates"":[]}"
20260410T05,2026-04-10,2026-04-10 05:00,20.249102,85.800575,5,2409423.2235294115,0.6692842287581698,05:00,"{""type"":""MultiPoint"",""coordinates"":[]}"
20260410T06,2026-04-10,2026-04-10 06:00,20.249102,85.800575,5,3229297.435294118,0.8970270653594772,06:00,"{""type"":""MultiPoint"",""coordinates"":[]}"
20260410T07,2026-04-10,2026-04-10 07:00,20.249102,85.800575,5,3243301.435294117,0.9009170653594769,07:00,"{""type"":""MultiPoint"",""coordinates"":[]}"
20260410T08,2026-04-10,2026-04-10 08:00,20.249102,85.800575,5,2817711.2470588232,0.7826975686274509,08:00,"{""type"":""MultiPoint"",""coordinates"":[]}"
20260410T09,2026-04-10,2026-04-10 09:00,20.249102,85.800575,5,1820403.1999999997,0.5056675555555554,09:00,"{""type"":""MultiPoint"",""coordinates"":[]}"
20260410T10,2026-04-10,2026-04-10 10:00,20.249102,85.800575,5,1583859.3882352938,0.4399609411764705,10:00,"{""type"":""MultiPoint"",""coordinates"":[]}"
20260410T11,2026-04-10,2026-04-10 11:00,20.249102,85.800575,5,1058029.8588235292,0.2938971830065359,11:00,"{""type"":""MultiPoint"",""coordinates"":[]}"
20260410T12,2026-04-10,2026-04-10 12:00,20.249102,85.800575,5,495959.5764705882,0.13776654901960783,12:00,"{""type"":""MultiPoint"",""coordinates"":[]}"
20260410T13,2026-04-10,2026-04-10 13:00,20.249102,85.800575,5,47031.623529411765,0.013064339869281046,13:00,"{""type"":""MultiPoint"",""coordinates"":[]}"
20260410T14,2026-04-10,2026-04-10 14:00,20.249102,85.800575,5,0.0,0.0,14:00,"{""type"":""MultiPoint"",""coordinates"":[]}"
20260410T15,2026-04-10,2026-04-10 15:00,20.249102,85.800575,5,0.0,0.0,15:00,"{""type"":""MultiPoint"",""coordinates"":[]}"
20260410T16,2026-04-10,2026-04-10 16:00,20.249102,85.800575,5,0.0,0.0,16:00,"{""type"":""MultiPoint"",""coordinates"":[]}"
20260410T17,2026-04-10,2026-04-10 17:00,20.249102,85.800575,5,0.0,0.0,17:00,"{""type"":""MultiPoint"",""coordinates"":[]}"
20260410T18,2026-04-10,2026-04-10 18:00,20.249102,85.800575,5,0.0,0.0,18:00,"{""type"":""MultiPoint"",""coordinates"":[]}"
20260410T19,2026-04-10,2026-04-10 19:00,20.249102,85.800575,5,0.0,0.0,19:00,"{""type"":""MultiPoint"",""coordinates"":[]}"
20260410T20,2026-04-10,2026-04-10 20:00,20.249102,85.800575,5,0.0,0.0,20:00,"{""type"":""MultiPoint"",""coordinates"":[]}"
20260410T21,2026-04-10,2026-04-10 21:00,20.249102,85.800575,5,0.0,0.0,21:00,"{""type"":""MultiPoint"",""coordinates"":[]}"
20260410T22,2026-04-10,2026-04-10 22:00,20.249102,85.800575,5,0.0,0.0,22:00,"{""type"":""MultiPoint"",""coordinates"":[]}"
20260410T23,2026-04-10,2026-04-10 23:00,20.249102,85.800575,5,0.0,0.0,23:00,"{""type"":""MultiPoint"",""coordinates"":[]}"
20260411T00,2026-04-11,2026-04-11 00:00,20.249102,85.800575,5,0.0,0.0,00:00,"{""type"":""MultiPoint"",""coordinates"":[]}"
20260411T01,2026-04-11,2026-04-11 01:00,20.249102,85.800575,5,147814.7882352941,0.04105966339869281,01:00,"{""type"":""MultiPoint"",""coordinates"":[]}"
20260411T02,2026-04-11,2026-04-11 02:00,20.249102,85.800575,5,672839.7176470588,0.18689992156862745,02:00,"{""type"":""MultiPoint"",""coordinates"":[]}"
20260411T03,2026-04-11,2026-04-11 03:00,20.249102,85.800575,5,1545551.2352941176,0.4293197875816993,03:00,"{""type"":""MultiPoint"",""coordinates"":[]}"
20260411T04,2026-04-11,2026-04-11 04:00,20.249102,85.800575,5,2407514.870588235,0.6687541307189542,04:00,"{""type"":""MultiPoint"",""coordinates"":[]}"
20260411T05,2026-04-11,2026-04-11 05:00,20.249102,85.800575,5,3028437.9294117647,0.8412327581699346,05:00,"{""type"":""MultiPoint"",""coordinates"":[]}"
20260411T06,2026-04-11,2026-04-11 06:00,20.249102,85.800575,5,3387567.5999999996,0.9409909999999999,06:00,"{""type"":""MultiPoint"",""coordinates"":[]}"
20260411T07,2026-04-11,2026-04-11 07:00,20.249102,85.800575,5,3285692.8235294116,0.9126924509803921,07:00,"{""type"":""MultiPoint"",""coordinates"":[]}"
20260411T08,2026-04-11,2026-04-11 08:00,20.249102,85.800575,5,3173326.423529411,0.8814795620915031,08:00,"{""type"":""MultiPoint"",""coordinates"":[]}"
20260411T09,2026-04-11,2026-04-11 09:00,20.249102,85.800575,5,2521726.3529411764,0.7004795424836601,09:00,"{""type"":""MultiPoint"",""coordinates"":[]}"
20260411T10,2026-04-11,2026-04-11 10:00,20.249102,85.800575,5,2022859.905882353,0.5619055294117647,10:00,"{""type"":""MultiPoint"",""coordinates"":[]}"
20260411T11,2026-04-11,2026-04-11 11:00,20.249102,85.800575,5,1257760.5176470587,0.3493779215686274,11:00,"{""type"":""MultiPoint"",""coordinates"":[]}"
20260411T12,2026-04-11,2026-04-11 12:00,20.249102,85.800575,5,516084.8941176471,0.14335691503267975,12:00,"{""type"":""MultiPoint"",""coordinates"":[]}"
20260411T13,2026-04-11,2026-04-11 13:00,20.249102,85.800575,5,49506.07058823529,0.013751686274509803,13:00,"{""type"":""MultiPoint"",""coordinates"":[]}"
20260411T14,2026-04-11,2026-04-11 14:00,20.249102,85.800575,5,0.0,0.0,14:00,"{""type"":""MultiPoint"",""coordinates"":[]}"
20260411T15,2026-04-11,2026-04-11 15:00,20.249102,85.800575,5,0.0,0.0,15:00,"{""type"":""MultiPoint"",""coordinates"":[]}"
20260411T16,2026-04-11,2026-04-11 16:00,20.249102,85.800575,5,0.0,0.0,16:00,"{""type"":""MultiPoint"",""coordinates"":[]}"
20260411T17,2026-04-11,2026-04-11 17:00,20.249102,85.800575,5,0.0,0.0,17:00,"{""type"":""MultiPoint"",""coordinates"":[]}"
20260411T18,2026-04-11,2026-04-11 18:00,20.249102,85.800575,5,0.0,0.0,18:00,"{""type"":""MultiPoint"",""coordinates"":[]}"
20260411T19,2026-04-11,2026-04-11 19:00,20.249102,85.800575,5,0.0,0.0,19:00,"{""type"":""MultiPoint"",""coordinates"":[]}"
20260411T20,2026-04-11,2026-04-11 20:00,20.249102,85.800575,5,0.0,0.0,20:00,"{""type"":""MultiPoint"",""coordinates"":[]}"
20260411T21,2026-04-11,2026-04-11 21:00,20.249102,85.800575,5,0.0,0.0,21:00,"{""type"":""MultiPoint"",""coordinates"":[]}"
20260411T22,2026-04-11,2026-04-11 22:00,20.249102,85.800575,5,0.0,0.0,22:00,"{""type"":""MultiPoint"",""coordinates"":[]}"
20260411T23,2026-04-11,2026-04-11 23:00,20.249102,85.800575,5,0.0,0.0,23:00,"{""type"":""MultiPoint"",""coordinates"":[]}"
20260412T00,2026-04-12,2026-04-12 00:00,20.249102,85.800575,5,0.0,0.0,00:00,"{""type"":""MultiPoint"",""coordinates"":[]}"
20260412T01,2026-04-12,2026-04-12 01:00,20.249102,85.800575,5,189602.27058823526,0.052667297385620905,01:00,"{""type"":""MultiPoint"",""coordinates"":[]}"
20260412T02,2026-04-12,2026-04-12 02:00,20.249102,85.800575,5,843283.8999999998,0.2342455277777777,02:00,"{""type"":""MultiPoint"",""coordinates"":[]}"
20260412T03,2026-04-12,2026-04-12 03:00,20.249102,85.800575,5,1582923.088235294,0.4397008578431372,03:00,"{""type"":""MultiPoint"",""coordinates"":[]}"
20260412T04,2026-04-12,2026-04-12 04:00,20.249102,85.800575,5,2500050.588235294,0.6944584967320261,04:00,"{""type"":""MultiPoint"",""coordinates"":[]}"
20260412T05,2026-04-12,2026-04-12 05:00,20.249102,85.800575,5,3088339.0235294113,0.857871950980392,05:00,"{""type"":""MultiPoint"",""coordinates"":[]}"
20260412T06,2026-04-12,2026-04-12 06:00,20.249102,85.800575,5,3444912.5647058818,0.9569201568627449,06:00,"{""type"":""MultiPoint"",""coordinates"":[]}"
20260412T07,2026-04-12,2026-04-12 07:00,20.249102,85.800575,5,3545581.529411764,0.9848837581699345,07:00,"{""type"":""MultiPoint"",""coordinates"":[]}"
20260412T08,2026-04-12,2026-04-12 08:00,20.249102,85.800575,5,3347142.047058823,0.9297616797385619,08:00,"{""type"":""MultiPoint"",""coordinates"":[]}"
20260412T09,2026-04-12,2026-04-12 09:00,20.249102,85.800575,5,2884869.176470588,0.8013525490196077,09:00,"{""type"":""MultiPoint"",""coordinates"":[]}"
20260412T10,2026-04-12,2026-04-12 10:00,20.249102,85.800575,5,2177387.576470588,0.6048298823529411,10:00,"{""type"":""MultiPoint"",""coordinates"":[]}"
20260412T11,2026-04-12,2026-04-12 11:00,20.249102,85.800575,5,1401564.2352941174,0.38932339869281035,11:00,"{""type"":""MultiPoint"",""coordinates"":[]}"
20260412T12,2026-04-12,2026-04-12 12:00,20.249102,85.800575,5,568621.1764705882,0.1579503267973856,12:00,"{""type"":""MultiPoint"",""coordinates"":[]}"
20260412T13,2026-04-12,2026-04-12 13:00,20.249102,85.800575,5,51925.76470588235,0.014423823529411763,13:00,"{""type"":""MultiPoint"",""coordinates"":[]}"
20260412T14,2026-04-12,2026-04-12 14:00,20.249102,85.800575,5,0.0,0.0,14:00,"{""type"":""MultiPoint"",""coordinates"":[]}"
20260412T15,2026-04-12,2026-04-12 15:00,20.249102,85.800575,5,0.0,0.0,15:00,"{""type"":""MultiPoint"",""coordinates"":[]}"
20260412T16,2026-04-12,2026-04-12 16:00,20.249102,85.800575,5,0.0,0.0,16:00,"{""type"":""MultiPoint"",""coordinates"":[]}"
20260412T17,2026-04-12,2026-04-12 17:00,20.249102,85.800575,5,0.0,0.0,17:00,"{""type"":""MultiPoint"",""coordinates"":[]}"
20260412T18,2026-04-12,2026-04-12 18:00,20.249102,85.800575,5,0.0,0.0,18:00,"{""type"":""MultiPoint"",""coordinates"":[]}"
20260412T19,2026-04-12,2026-04-12 19:00,20.249102,85.800575,5,0.0,0.0,19:00,"{""type"":""MultiPoint"",""coordinates"":[]}"
20260412T20,2026-04-12,2026-04-12 20:00,20.249102,85.800575,5,0.0,0.0,20:00,"{""type"":""MultiPoint"",""coordinates"":[]}"
20260412T21,2026-04-12,2026-04-12 21:00,20.249102,85.800575,5,0.0,0.0,21:00,"{""type"":""MultiPoint"",""coordinates"":[]}"
20260412T22,2026-04-12,2026-04-12 22:00,20.249102,85.800575,5,0.0,0.0,22:00,"{""type"":""MultiPoint"",""coordinates"":[]}"
20260412T23,2026-04-12,2026-04-12 23:00,20.249102,85.800575,5,0.0,0.0,23:00,"{""type"":""MultiPoint"",""coordinates"":[]}"
20260413T00,2026-04-13,2026-04-13 00:00,20.249102,85.800575,5,0.0,0.0,00:00,"{""type"":""MultiPoint"",""coordinates"":[]}"
20260413T01,2026-04-13,2026-04-13 01:00,20.249102,85.800575,5,193207.83529411763,0.053668843137254896,01:00,"{""type"":""MultiPoint"",""coordinates"":[]}"
20260413T02,2026-04-13,2026-04-13 02:00,20.249102,85.800575,5,858676.5058823528,0.2385212516339869,02:00,"{""type"":""MultiPoint"",""coordinates"":[]}"
20260413T03,2026-04-13,2026-04-13 03:00,20.249102,85.800575,5,1747482.2352941174,0.48541173202614374,03:00,"{""type"":""MultiPoint"",""coordinates"":[]}"
20260413T04,2026-04-13,2026-04-13 04:00,20.249102,85.800575,5,2491078.8,0.6919663333333332,04:00,"{""type"":""MultiPoint"",""coordinates"":[]}"
20260413T05,2026-04-13,2026-04-13 05:00,20.249102,85.800575,5,3071539.894117647,0.8532055261437907,05:00,"{""type"":""MultiPoint"",""coordinates"":[]}"
20260413T06,2026-04-13,2026-04-13 06:00,20.249102,85.800575,5,3411280.870588235,0.947578019607843,06:00,"{""type"":""MultiPoint"",""coordinates"":[]}"
20260413T07,2026-04-13,2026-04-13 07:00,20.249102,85.800575,5,3502573.34117647,0.9729370392156861,07:00,"{""type"":""MultiPoint"",""coordinates"":[]}"
20260413T08,2026-04-13,2026-04-13 08:00,20.249102,85.800575,5,3342649.411764705,0.9285137254901958,08:00,"{""type"":""MultiPoint"",""coordinates"":[]}"
20260413T09,2026-04-13,2026-04-13 09:00,20.249102,85.800575,5,2723127.5764705883,0.7564243267973857,09:00,"{""type"":""MultiPoint"",""coordinates"":[]}"
20260413T10,2026-04-13,2026-04-13 10:00,20.249102,85.800575,5,1960444.8235294118,0.5445680065359477,10:00,"{""type"":""MultiPoint"",""coordinates"":[]}"
20260413T11,2026-04-13,2026-04-13 11:00,20.249102,85.800575,5,1288890.3529411762,0.3580250980392156,11:00,"{""type"":""MultiPoint"",""coordinates"":[]}"
20260413T12,2026-04-13,2026-04-13 12:00,20.249102,85.800575,5,513327.5764705882,0.1425909934640523,12:00,"{""type"":""MultiPoint"",""coordinates"":[]}"
20260413T13,2026-04-13,2026-04-13 13:00,20.249102,85.800575,5,49736.75294117647,0.013815764705882352,13:00,"{""type"":""MultiPoint"",""coordinates"":[]}"
20260413T14,2026-04-13,2026-04-13 14:00,20.249102,85.800575,5,0.0,0.0,14:00,"{""type"":""MultiPoint"",""coordinates"":[]}"
20260413T15,2026-04-13,2026-04-13 15:00,20.249102,85.800575,5,0.0,0.0,15:00,"{""type"":""MultiPoint"",""coordinates"":[]}"
20260413T16,2026-04-13,2026-04-13 16:00,20.249102,85.800575,5,0.0,0.0,16:00,"{""type"":""MultiPoint"",""coordinates"":[]}"
20260413T17,2026-04-13,2026-04-13 17:00,20.249102,85.800575,5,0.0,0.0,17:00,"{""type"":""MultiPoint"",""coordinates"":[]}"
20260413T18,2026-04-13,2026-04-13 18:00,20.249102,85.800575,5,0.0,0.0,18:00,"{""type"":""MultiPoint"",""coordinates"":[]}"
20260413T19,2026-04-13,2026-04-13 19:00,20.249102,85.800575,5,0.0,0.0,19:00,"{""type"":""MultiPoint"",""coordinates"":[]}"
20260413T20,2026-04-13,2026-04-13 20:00,20.249102,85.800575,5,0.0,0.0,20:00,"{""type"":""MultiPoint"",""coordinates"":[]}"
20260413T21,2026-04-13,2026-04-13 21:00,20.249102,85.800575,5,0.0,0.0,21:00,"{""type"":""MultiPoint"",""coordinates"":[]}"
20260413T22,2026-04-13,2026-04-13 22:00,20.249102,85.800575,5,0.0,0.0,22:00,"{""type"":""MultiPoint"",""coordinates"":[]}"
20260413T23,2026-04-13,2026-04-13 23:00,20.249102,85.800575,5,0.0,0.0,23:00,"{""type"":""MultiPoint"",""coordinates"":[]}"
20260414T00,2026-04-14,2026-04-14 00:00,20.249102,85.800575,5,0.0,0.0,00:00,"{""type"":""MultiPoint"",""coordinates"":[]}"
20260414T01,2026-04-14,2026-04-14 01:00,20.249102,85.800575,5,198447.61176470589,0.05512433660130719,01:00,"{""type"":""MultiPoint"",""coordinates"":[]}"
20260414T02,2026-04-14,2026-04-14 02:00,20.249102,85.800575,5,882845.1058823529,0.24523475163398692,02:00,"{""type"":""MultiPoint"",""coordinates"":[]}"
20260414T03,2026-04-14,2026-04-14 03:00,20.249102,85.800575,5,1643920.2705882352,0.45664451960784314,03:00,"{""type"":""MultiPoint"",""coordinates"":[]}"
20260414T04,2026-04-14,2026-04-14 04:00,20.249102,85.800575,5,2388874.6588235293,0.6635762941176471,04:00,"{""type"":""MultiPoint"",""coordinates"":[]}"
20260414T05,2026-04-14,2026-04-14 05:00,20.249102,85.800575,5,3025844.1647058823,0.8405122679738563,05:00,"{""type"":""MultiPoint"",""coordinates"":[]}"
20260414T06,2026-04-14,2026-04-14 06:00,20.249102,85.800575,5,3365830.0,0.9349527777777777,06:00,"{""type"":""MultiPoint"",""coordinates"":[]}"
20260414T07,2026-04-14,2026-04-14 07:00,20.249102,85.800575,5,3504397.717647059,0.9734438104575164,07:00,"{""type"":""MultiPoint"",""coordinates"":[]}"
20260414T08,2026-04-14,2026-04-14 08:00,20.249102,85.800575,5,3244129.5529411756,0.9011470980392154,08:00,"{""type"":""MultiPoint"",""coordinates"":[]}"
20260414T09,2026-04-14,2026-04-14 09:00,20.249102,85.800575,5,2599443.4352941173,0.7220676209150326,09:00,"{""type"":""MultiPoint"",""coordinates"":[]}"
20260414T10,2026-04-14,2026-04-14 10:00,20.249102,85.800575,5,1807087.7647058824,0.5019688235294117,10:00,"{""type"":""MultiPoint"",""coordinates"":[]}"
20260414T11,2026-04-14,2026-04-14 11:00,20.249102,85.800575,5,1231573.9058823527,0.34210386274509796,11:00,"{""type"":""MultiPoint"",""coordinates"":[]}"
20260414T12,2026-04-14,2026-04-14 12:00,20.249102,85.800575,5,465896.70588235295,0.12941575163398694,12:00,"{""type"":""MultiPoint"",""coordinates"":[]}"
20260414T13,2026-04-14,2026-04-14 13:00,20.249102,85.800575,5,39886.23529411764,0.011079509803921568,13:00,"{""type"":""MultiPoint"",""coordinates"":[]}"
20260414T14,2026-04-14,2026-04-14 14:00,20.249102,85.800575,5,0.0,0.0,14:00,"{""type"":""MultiPoint"",""coordinates"":[]}"
20260414T15,2026-04-14,2026-04-14 15:00,20.249102,85.800575,5,0.0,0.0,15:00,"{""type"":""MultiPoint"",""coordinates"":[]}"
20260414T16,2026-04-14,2026-04-14 16:00,20.249102,85.800575,5,0.0,0.0,16:00,"{""type"":""MultiPoint"",""coordinates"":[]}"
20260414T17,2026-04-14,2026-04-14 17:00,20.249102,85.800575,5,0.0,0.0,17:00,"{""type"":""MultiPoint"",""coordinates"":[]}"
20260414T18,2026-04-14,2026-04-14 18:00,20.249102,85.800575,5,0.0,0.0,18:00,"{""type"":""MultiPoint"",""coordinates"":[]}"
20260414T19,2026-04-14,2026-04-14 19:00,20.249102,85.800575,5,0.0,0.0,19:00,"{""type"":""MultiPoint"",""coordinates"":[]}"
20260414T20,2026-04-14,2026-04-14 20:00,20.249102,85.800575,5,0.0,0.0,20:00,"{""type"":""MultiPoint"",""coordinates"":[]}"
20260414T21,2026-04-14,2026-04-14 21:00,20.249102,85.800575,5,0.0,0.0,21:00,"{""type"":""MultiPoint"",""coordinates"":[]}"
20260414T22,2026-04-14,2026-04-14 22:00,20.249102,85.800575,5,0.0,0.0,22:00,"{""type"":""MultiPoint"",""coordinates"":[]}"
20260414T23,2026-04-14,2026-04-14 23:00,20.249102,85.800575,5,0.0,0.0,23:00,"{""type"":""MultiPoint"",""coordinates"":[]}"
20260415T00,2026-04-15,2026-04-15 00:00,20.249102,85.800575,5,0.0,0.0,00:00,"{""type"":""MultiPoint"",""coordinates"":[]}"
20260415T01,2026-04-15,2026-04-15 01:00,20.249102,85.800575,5,200075.35882352942,0.055576488562091506,01:00,"{""type"":""MultiPoint"",""coordinates"":[]}"
20260415T02,2026-04-15,2026-04-15 02:00,20.249102,85.800575,5,804848.3352941176,0.22356898202614378,02:00,"{""type"":""MultiPoint"",""coordinates"":[]}"
20260415T03,2026-04-15,2026-04-15 03:00,20.249102,85.800575,5,1556174.7529411763,0.4322707647058823,03:00,"{""type"":""MultiPoint"",""coordinates"":[]}"
20260415T04,2026-04-15,2026-04-15 04:00,20.249102,85.800575,5,2417587.5764705883,0.6715521045751635,04:00,"{""type"":""MultiPoint"",""coordinates"":[]}"
20260415T05,2026-04-15,2026-04-15 05:00,20.249102,85.800575,5,3024264.6823529406,0.8400735228758168,05:00,"{""type"":""MultiPoint"",""coordinates"":[]}"
20260415T06,2026-04-15,2026-04-15 06:00,20.249102,85.800575,5,3374563.3882352943,0.9373787189542484,06:00,"{""type"":""MultiPoint"",""coordinates"":[]}"
20260415T07,2026-04-15,2026-04-15 07:00,20.249102,85.800575,5,3453624.14117647,0.9593400392156861,07:00,"{""type"":""MultiPoint"",""coordinates"":[]}"
20260415T08,2026-04-15,2026-04-15 08:00,20.249102,85.800575,5,3237365.9999999995,0.8992683333333332,08:00,"{""type"":""MultiPoint"",""coordinates"":[]}"
20260415T09,2026-04-15,2026-04-15 09:00,20.249102,85.800575,5,2820252.14117647,0.7834033725490195,09:00,"{""type"":""MultiPoint"",""coordinates"":[]}"
20260415T10,2026-04-15,2026-04-15 10:00,20.249102,85.800575,5,1912477.9529411762,0.5312438758169934,10:00,"{""type"":""MultiPoint"",""coordinates"":[]}"
20260415T11,2026-04-15,2026-04-15 11:00,20.249102,85.800575,5,1211225.7176470587,0.3364515882352941,11:00,"{""type"":""MultiPoint"",""coordinates"":[]}"
20260415T12,2026-04-15,2026-04-15 12:00,20.249102,85.800575,5,500214.3529411765,0.13894843137254903,12:00,"{""type"":""MultiPoint"",""coordinates"":[]}"
20260415T13,2026-04-15,2026-04-15 13:00,20.249102,85.800575,5,45179.294117647056,0.012549803921568627,13:00,"{""type"":""MultiPoint"",""coordinates"":[]}"
20260415T14,2026-04-15,2026-04-15 14:00,20.249102,85.800575,5,0.0,0.0,14:00,"{""type"":""MultiPoint"",""coordinates"":[]}"
20260415T15,2026-04-15,2026-04-15 15:00,20.249102,85.800575,5,0.0,0.0,15:00,"{""type"":""MultiPoint"",""coordinates"":[]}"
20260415T16,2026-04-15,2026-04-15 16:00,20.249102,85.800575,5,0.0,0.0,16:00,"{""type"":""MultiPoint"",""coordinates"":[]}"
20260415T17,2026-04-15,2026-04-15 17:00,20.249102,85.800575,5,0.0,0.0,17:00,"{""type"":""MultiPoint"",""coordinates"":[]}"
20260415T18,2026-04-15,2026-04-15 18:00,20.249102,85.800575,5,0.0,0.0,18:00,"{""type"":""MultiPoint"",""coordinates"":[]}"
20260415T19,2026-04-15,2026-04-15 19:00,20.249102,85.800575,5,0.0,0.0,19:00,"{""type"":""MultiPoint"",""coordinates"":[]}"
20260415T20,2026-04-15,2026-04-15 20:00,20.249102,85.800575,5,0.0,0.0,20:00,"{""type"":""MultiPoint"",""coordinates"":[]}"
20260415T21,2026-04-15,2026-04-15 21:00,20.249102,85.800575,5,0.0,0.0,21:00,"{""type"":""MultiPoint"",""coordinates"":[]}"
20260415T22,2026-04-15,2026-04-15 22:00,20.249102,85.800575,5,0.0,0.0,22:00,"{""type"":""MultiPoint"",""coordinates"":[]}"
20260415T23,2026-04-15,2026-04-15 23:00,20.249102,85.800575,5,0.0,0.0,23:00,"{""type"":""MultiPoint"",""coordinates"":[]}"
20260416T00,2026-04-16,2026-04-16 00:00,20.249102,85.800575,5,0.0,0.0,00:00,"{""type"":""MultiPoint"",""coordinates"":[]}"
20260416T01,2026-04-16,2026-04-16 01:00,20.249102,85.800575,5,195494.1088235294,0.05430391911764705,01:00,"{""type"":""MultiPoint"",""coordinates"":[]}"
20260416T02,2026-04-16,2026-04-16 02:00,20.249102,85.800575,5,831459.1970588235,0.23096088807189544,02:00,"{""type"":""MultiPoint"",""coordinates"":[]}"
20260416T03,2026-04-16,2026-04-16 03:00,20.249102,85.800575,5,1539499.576470588,0.42763877124183003,03:00,"{""type"":""MultiPoint"",""coordinates"":[]}"
20260416T04,2026-04-16,2026-04-16 04:00,20.249102,85.800575,5,2393266.2352941176,0.6647961764705882,04:00,"{""type"":""MultiPoint"",""coordinates"":[]}"
20260416T05,2026-04-16,2026-04-16 05:00,20.249102,85.800575,5,3038549.9294117643,0.8440416470588235,05:00,"{""type"":""MultiPoint"",""coordinates"":[]}"
20260416T06,2026-04-16,2026-04-16 06:00,20.249102,85.800575,5,3363331.9176470586,0.9342588660130718,06:00,"{""type"":""MultiPoint"",""coordinates"":[]}"
20260416T07,2026-04-16,2026-04-16 07:00,20.249102,85.800575,5,3422338.094117647,0.9506494705882352,07:00,"{""type"":""MultiPoint"",""coordinates"":[]}"
20260416T08,2026-04-16,2026-04-16 08:00,20.249102,85.800575,5,3278575.3647058816,0.9107153790849671,08:00,"{""type"":""MultiPoint"",""coordinates"":[]}"
20260416T09,2026-04-16,2026-04-16 09:00,20.249102,85.800575,5,2591910.9176470586,0.7199752549019607,09:00,"{""type"":""MultiPoint"",""coordinates"":[]}"
20260416T10,2026-04-16,2026-04-16 10:00,20.249102,85.800575,5,2060827.9764705882,0.5724522156862745,10:00,"{""type"":""MultiPoint"",""coordinates"":[]}"
20260416T11,2026-04-16,2026-04-16 11:00,20.249102,85.800575,5,1168616.5647058822,0.3246157124183006,11:00,"{""type"":""MultiPoint"",""coordinates"":[]}"
20260416T12,2026-04-16,2026-04-16 12:00,20.249102,85.800575,5,452181.7647058823,0.12560604575163398,12:00,"{""type"":""MultiPoint"",""coordinates"":[]}"
20260416T13,2026-04-16,2026-04-16 13:00,20.249102,85.800575,5,45720.28235294117,0.012700078431372547,13:00,"{""type"":""MultiPoint"",""coordinates"":[]}"
20260416T14,2026-04-16,2026-04-16 14:00,20.249102,85.800575,5,0.0,0.0,14:00,"{""type"":""MultiPoint"",""coordinates"":[]}"
20260416T15,2026-04-16,2026-04-16 15:00,20.249102,85.800575,5,0.0,0.0,15:00,"{""type"":""MultiPoint"",""coordinates"":[]}"
20260416T16,2026-04-16,2026-04-16 16:00,20.249102,85.800575,5,0.0,0.0,16:00,"{""type"":""MultiPoint"",""coordinates"":[]}"
20260416T17,2026-04-16,2026-04-16 17:00,20.249102,85.800575,5,0.0,0.0,17:00,"{""type"":""MultiPoint"",""coordinates"":[]}"
20260416T18,2026-04-16,2026-04-16 18:00,20.249102,85.800575,5,0.0,0.0,18:00,"{""type"":""MultiPoint"",""coordinates"":[]}"
20260416T19,2026-04-16,2026-04-16 19:00,20.249102,85.800575,5,0.0,0.0,19:00,"{""type"":""MultiPoint"",""coordinates"":[]}"
20260416T20,2026-04-16,2026-04-16 20:00,20.249102,85.800575,5,0.0,0.0,20:00,"{""type"":""MultiPoint"",""coordinates"":[]}"
20260416T21,2026-04-16,2026-04-16 21:00,20.249102,85.800575,5,0.0,0.0,21:00,"{""type"":""MultiPoint"",""coordinates"":[]}"
20260416T22,2026-04-16,2026-04-16 22:00,20.249102,85.800575,5,0.0,0.0,22:00,"{""type"":""MultiPoint"",""coordinates"":[]}"
20260416T23,2026-04-16,2026-04-16 23:00,20.249102,85.800575,5,0.0,0.0,23:00,"{""type"":""MultiPoint"",""coordinates"":[]}"
20260417T00,2026-04-17,2026-04-17 00:00,20.249102,85.800575,5,0.0,0.0,00:00,"{""type"":""MultiPoint"",""coordinates"":[]}"
20260417T01,2026-04-17,2026-04-17 01:00,20.249102,85.800575,5,175072.23823529412,0.0486311772875817,01:00,"{""type"":""MultiPoint"",""coordinates"":[]}"
20260417T02,2026-04-17,2026-04-17 02:00,20.249102,85.800575,5,708765.5088235294,0.19687930800653594,02:00,"{""type"":""MultiPoint"",""coordinates"":[]}"
20260417T03,2026-04-17,2026-04-17 03:00,20.249102,85.800575,5,1296500.8411764705,0.3601391225490196,03:00,"{""type"":""MultiPoint"",""coordinates"":[]}"
20260417T04,2026-04-17,2026-04-17 04:00,20.249102,85.800575,5,1985625.3294117644,0.5515625915032679,04:00,"{""type"":""MultiPoint"",""coordinates"":[]}"
20260417T05,2026-04-17,2026-04-17 05:00,20.249102,85.800575,5,2848138.9176470586,0.7911496993464052,05:00,"{""type"":""MultiPoint"",""coordinates"":[]}"
20260417T06,2026-04-17,2026-04-17 06:00,20.249102,85.800575,5,3278767.6352941175,0.9107687875816993,06:00,"{""type"":""MultiPoint"",""coordinates"":[]}"
20260417T07,2026-04-17,2026-04-17 07:00,20.249102,85.800575,5,3262288.7294117645,0.9061913137254901,07:00,"{""type"":""MultiPoint"",""coordinates"":[]}"
20260417T08,2026-04-17,2026-04-17 08:00,20.249102,85.800575,5,3069953.152941176,0.8527647647058822,08:00,"{""type"":""MultiPoint"",""coordinates"":[]}"
20260417T09,2026-04-17,2026-04-17 09:00,20.249102,85.800575,5,2726900.894117647,0.7574724705882352,09:00,"{""type"":""MultiPoint"",""coordinates"":[]}"
20260417T10,2026-04-17,2026-04-17 10:00,20.249102,85.800575,5,2101457.482352941,0.5837381895424836,10:00,"{""type"":""MultiPoint"",""coordinates"":[]}"
20260417T11,2026-04-17,2026-04-17 11:00,20.249102,85.800575,5,1298038.094117647,0.36056613725490194,11:00,"{""type"":""MultiPoint"",""coordinates"":[]}"
20260417T12,2026-04-17,2026-04-17 12:00,20.249102,85.800575,5,547824.0235294116,0.152173339869281,12:00,"{""type"":""MultiPoint"",""coordinates"":[]}"
20260417T13,2026-04-17,2026-04-17 13:00,20.249102,85.800575,5,43820.09411764706,0.012172248366013072,13:00,"{""type"":""MultiPoint"",""coordinates"":[]}"
20260417T14,2026-04-17,2026-04-17 14:00,20.249102,85.800575,5,0.0,0.0,14:00,"{""type"":""MultiPoint"",""coordinates"":[]}"
20260417T15,2026-04-17,2026-04-17 15:00,20.249102,85.800575,5,0.0,0.0,15:00,"{""type"":""MultiPoint"",""coordinates"":[]}"
20260417T16,2026-04-17,2026-04-17 16:00,20.249102,85.800575,5,0.0,0.0,16:00,"{""type"":""MultiPoint"",""coordinates"":[]}"
20260417T17,2026-04-17,2026-04-17 17:00,20.249102,85.800575,5,0.0,0.0,17:00,"{""type"":""MultiPoint"",""coordinates"":[]}"
20260417T18,2026-04-17,2026-04-17 18:00,20.249102,85.800575,5,0.0,0.0,18:00,"{""type"":""MultiPoint"",""coordinates"":[]}"
20260417T19,2026-04-17,2026-04-17 19:00,20.249102,85.800575,5,0.0,0.0,19:00,"{""type"":""MultiPoint"",""coordinates"":[]}"
20260417T20,2026-04-17,2026-04-17 20:00,20.249102,85.800575,5,0.0,0.0,20:00,"{""type"":""MultiPoint"",""coordinates"":[]}"
20260417T21,2026-04-17,2026-04-17 21:00,20.249102,85.800575,5,0.0,0.0,21:00,"{""type"":""MultiPoint"",""coordinates"":[]}"
20260417T22,2026-04-17,2026-04-17 22:00,20.249102,85.800575,5,0.0,0.0,22:00,"{""type"":""MultiPoint"",""coordinates"":[]}"
20260417T23,2026-04-17,2026-04-17 23:00,20.249102,85.800575,5,0.0,0.0,23:00,"{""type"":""MultiPoint"",""coordinates"":[]}"
20260418T00,2026-04-18,2026-04-18 00:00,20.249102,85.800575,5,0.0,0.0,00:00,"{""type"":""MultiPoint"",""coordinates"":[]}"
20260418T01,2026-04-18,2026-04-18 01:00,20.249102,85.800575,5,207504.39411764703,0.057640109477124175,01:00,"{""type"":""MultiPoint"",""coordinates"":[]}"
20260418T02,2026-04-18,2026-04-18 02:00,20.249102,85.800575,5,731346.9705882353,0.2031519362745098,02:00,"{""type"":""MultiPoint"",""coordinates"":[]}"
20260418T03,2026-04-18,2026-04-18 03:00,20.249102,85.800575,5,1547119.1411764706,0.42975531699346403,03:00,"{""type"":""MultiPoint"",""coordinates"":[]}"
20260418T04,2026-04-18,2026-04-18 04:00,20.249102,85.800575,5,2374397.1058823527,0.6595547516339868,04:00,"{""type"":""MultiPoint"",""coordinates"":[]}"
20260418T05,2026-04-18,2026-04-18 05:00,20.249102,85.800575,5,2981009.094117647,0.8280580816993464,05:00,"{""type"":""MultiPoint"",""coordinates"":[]}"
20260418T06,2026-04-18,2026-04-18 06:00,20.249102,85.800575,5,3288207.1764705884,0.9133908823529412,06:00,"{""type"":""MultiPoint"",""coordinates"":[]}"
20260418T07,2026-04-18,2026-04-18 07:00,20.249102,85.800575,5,3435788.6117647057,0.9543857254901961,07:00,"{""type"":""MultiPoint"",""coordinates"":[]}"
20260418T08,2026-04-18,2026-04-18 08:00,20.249102,85.800575,5,3233824.6117647057,0.8982846143790849,08:00,"{""type"":""MultiPoint"",""coordinates"":[]}"
20260418T09,2026-04-18,2026-04-18 09:00,20.249102,85.800575,5,2848837.0352941174,0.7913436209150326,09:00,"{""type"":""MultiPoint"",""coordinates"":[]}"
20260418T10,2026-04-18,2026-04-18 10:00,20.249102,85.800575,5,2166364.1176470583,0.6017678104575162,10:00,"{""type"":""MultiPoint"",""coordinates"":[]}"
20260418T11,2026-04-18,2026-04-18 11:00,20.249102,85.800575,5,1336166.776470588,0.3711574379084967,11:00,"{""type"":""MultiPoint"",""coordinates"":[]}"
20260418T12,2026-04-18,2026-04-18 12:00,20.249102,85.800575,5,535303.4352941175,0.14869539869281043,12:00,"{""type"":""MultiPoint"",""coordinates"":[]}"
20260418T13,2026-04-18,2026-04-18 13:00,20.249102,85.800575,5,48960.23529411764,0.013600065359477123,13:00,"{""type"":""MultiPoint"",""coordinates"":[]}"
20260418T14,2026-04-18,2026-04-18 14:00,20.249102,85.800575,5,0.0,0.0,14:00,"{""type"":""MultiPoint"",""coordinates"":[]}"
20260418T15,2026-04-18,2026-04-18 15:00,20.249102,85.800575,5,0.0,0.0,15:00,"{""type"":""MultiPoint"",""coordinates"":[]}"
20260418T16,2026-04-18,2026-04-18 16:00,20.249102,85.800575,5,0.0,0.0,16:00,"{""type"":""MultiPoint"",""coordinates"":[]}"
20260418T17,2026-04-18,2026-04-18 17:00,20.249102,85.800575,5,0.0,0.0,17:00,"{""type"":""MultiPoint"",""coordinates"":[]}"
20260418T18,2026-04-18,2026-04-18 18:00,20.249102,85.800575,5,0.0,0.0,18:00,"{""type"":""MultiPoint"",""coordinates"":[]}"
20260418T19,2026-04-18,2026-04-18 19:00,20.249102,85.800575,5,0.0,0.0,19:00,"{""type"":""MultiPoint"",""coordinates"":[]}"
20260418T20,2026-04-18,2026-04-18 20:00,20.249102,85.800575,5,0.0,0.0,20:00,"{""type"":""MultiPoint"",""coordinates"":[]}"
20260418T21,2026-04-18,2026-04-18 21:00,20.249102,85.800575,5,0.0,0.0,21:00,"{""type"":""MultiPoint"",""coordinates"":[]}"
20260418T22,2026-04-18,2026-04-18 22:00,20.249102,85.800575,5,0.0,0.0,22:00,"{""type"":""MultiPoint"",""coordinates"":[]}"
20260418T23,2026-04-18,2026-04-18 23:00,20.249102,85.800575,5,0.0,0.0,23:00,"{""type"":""MultiPoint"",""coordinates"":[]}"
20260419T00,2026-04-19,2026-04-19 00:00,20.249102,85.800575,5,0.0,0.0,00:00,"{""type"":""MultiPoint"",""coordinates"":[]}"
20260419T01,2026-04-19,2026-04-19 01:00,20.249102,85.800575,5,203784.04999999996,0.056606680555555546,01:00,"{""type"":""MultiPoint"",""coordinates"":[]}"
20260419T02,2026-04-19,2026-04-19 02:00,20.249102,85.800575,5,803862.0735294117,0.2232950204248366,02:00,"{""type"":""MultiPoint"",""coordinates"":[]}"
20260419T03,2026-04-19,2026-04-19 03:00,20.249102,85.800575,5,1714453.9117647056,0.47623719771241824,03:00,"{""type"":""MultiPoint"",""coordinates"":[]}"
20260419T04,2026-04-19,2026-04-19 04:00,20.249102,85.800575,5,2494000.470588235,0.692777908496732,04:00,"{""type"":""MultiPoint"",""coordinates"":[]}"
20260419T05,2026-04-19,2026-04-19 05:00,20.249102,85.800575,5,3063834.6,0.8510651666666667,05:00,"{""type"":""MultiPoint"",""coordinates"":[]}"
20260419T06,2026-04-19,2026-04-19 06:00,20.249102,85.800575,5,3401270.8,0.9447974444444444,06:00,"{""type"":""MultiPoint"",""coordinates"":[]}"
20260419T07,2026-04-19,2026-04-19 07:00,20.249102,85.800575,5,3479846.4,0.9666239999999999,07:00,"{""type"":""MultiPoint"",""coordinates"":[]}"
20260419T08,2026-04-19,2026-04-19 08:00,20.249102,85.800575,5,3293397.9529411765,0.9148327647058824,08:00,"{""type"":""MultiPoint"",""coordinates"":[]}"
20260419T09,2026-04-19,2026-04-19 09:00,20.249102,85.800575,5,2839743.4352941173,0.7888176209150326,09:00,"{""type"":""MultiPoint"",""coordinates"":[]}"
20260419T10,2026-04-19,2026-04-19 10:00,20.249102,85.800575,5,2068023.5058823526,0.574450973856209,10:00,"{""type"":""MultiPoint"",""coordinates"":[]}"
20260419T11,2026-04-19,2026-04-19 11:00,20.249102,85.800575,5,1377150.6117647057,0.38254183660130714,11:00,"{""type"":""MultiPoint"",""coordinates"":[]}"
20260419T12,2026-04-19,2026-04-19 12:00,20.249102,85.800575,5,559521.8588235293,0.1554227385620915,12:00,"{""type"":""MultiPoint"",""coordinates"":[]}"
20260419T13,2026-04-19,2026-04-19 13:00,20.249102,85.800575,5,48934.21176470588,0.013592836601307189,13:00,"{""type"":""MultiPoint"",""coordinates"":[]}"
20260419T14,2026-04-19,2026-04-19 14:00,20.249102,85.800575,5,0.0,0.0,14:00,"{""type"":""MultiPoint"",""coordinates"":[]}"
20260419T15,2026-04-19,2026-04-19 15:00,20.249102,85.800575,5,0.0,0.0,15:00,"{""type"":""MultiPoint"",""coordinates"":[]}"
20260419T16,2026-04-19,2026-04-19 16:00,20.249102,85.800575,5,0.0,0.0,16:00,"{""type"":""MultiPoint"",""coordinates"":[]}"
20260419T17,2026-04-19,2026-04-19 17:00,20.249102,85.800575,5,0.0,0.0,17:00,"{""type"":""MultiPoint"",""coordinates"":[]}"
20260419T18,2026-04-19,2026-04-19 18:00,20.249102,85.800575,5,0.0,0.0,18:00,"{""type"":""MultiPoint"",""coordinates"":[]}"
20260419T19,2026-04-19,2026-04-19 19:00,20.249102,85.800575,5,0.0,0.0,19:00,"{""type"":""MultiPoint"",""coordinates"":[]}"
20260419T20,2026-04-19,2026-04-19 20:00,20.249102,85.800575,5,0.0,0.0,20:00,"{""type"":""MultiPoint"",""coordinates"":[]}"
20260419T21,2026-04-19,2026-04-19 21:00,20.249102,85.800575,5,0.0,0.0,21:00,"{""type"":""MultiPoint"",""coordinates"":[]}"
20260419T22,2026-04-19,2026-04-19 22:00,20.249102,85.800575,5,0.0,0.0,22:00,"{""type"":""MultiPoint"",""coordinates"":[]}"
20260419T23,2026-04-19,2026-04-19 23:00,20.249102,85.800575,5,0.0,0.0,23:00,"{""type"":""MultiPoint"",""coordinates"":[]}"
20260420T00,2026-04-20,2026-04-20 00:00,20.249102,85.800575,5,113.03529411764706,3.1398692810457515E-5,00:00,"{""type"":""MultiPoint"",""coordinates"":[]}"
20260420T01,2026-04-20,2026-04-20 01:00,20.249102,85.800575,5,239037.3294117647,0.06639925816993464,01:00,"{""type"":""MultiPoint"",""coordinates"":[]}"
20260420T02,2026-04-20,2026-04-20 02:00,20.249102,85.800575,5,944125.1647058823,0.2622569901960784,02:00,"{""type"":""MultiPoint"",""coordinates"":[]}"
20260420T03,2026-04-20,2026-04-20 03:00,20.249102,85.800575,5,1752633.070588235,0.4868425196078431,03:00,"{""type"":""MultiPoint"",""coordinates"":[]}"
20260420T04,2026-04-20,2026-04-20 04:00,20.249102,85.800575,5,2496781.9294117647,0.6935505359477124,04:00,"{""type"":""MultiPoint"",""coordinates"":[]}"
20260420T05,2026-04-20,2026-04-20 05:00,20.249102,85.800575,5,3056158.5294117643,0.8489329248366012,05:00,"{""type"":""MultiPoint"",""coordinates"":[]}"
20260420T06,2026-04-20,2026-04-20 06:00,20.249102,85.800575,5,3378455.082352941,0.9384597450980392,06:00,"{""type"":""MultiPoint"",""coordinates"":[]}"
20260420T07,2026-04-20,2026-04-20 07:00,20.249102,85.800575,5,3275430.1176470583,0.9098416993464051,07:00,"{""type"":""MultiPoint"",""coordinates"":[]}"
20260420T08,2026-04-20,2026-04-20 08:00,20.249102,85.800575,5,3122488.588235294,0.8673579411764706,08:00,"{""type"":""MultiPoint"",""coordinates"":[]}"
20260420T09,2026-04-20,2026-04-20 09:00,20.249102,85.800575,5,2705130.14117647,0.7514250392156862,09:00,"{""type"":""MultiPoint"",""coordinates"":[]}"
20260420T10,2026-04-20,2026-04-20 10:00,20.249102,85.800575,5,1921618.9176470586,0.5337830326797385,10:00,"{""type"":""MultiPoint"",""coordinates"":[]}"
20260420T11,2026-04-20,2026-04-20 11:00,20.249102,85.800575,5,1199215.576470588,0.3331154379084967,11:00,"{""type"":""MultiPoint"",""coordinates"":[]}"
20260420T12,2026-04-20,2026-04-20 12:00,20.249102,85.800575,5,462209.0117647059,0.12839139215686274,12:00,"{""type"":""MultiPoint"",""coordinates"":[]}"
20260420T13,2026-04-20,2026-04-20 13:00,20.249102,85.800575,5,52934.44705882352,0.014704013071895422,13:00,"{""type"":""MultiPoint"",""coordinates"":[]}"
20260420T14,2026-04-20,2026-04-20 14:00,20.249102,85.800575,5,0.0,0.0,14:00,"{""type"":""MultiPoint"",""coordinates"":[]}"
20260420T15,2026-04-20,2026-04-20 15:00,20.249102,85.800575,5,0.0,0.0,15:00,"{""type"":""MultiPoint"",""coordinates"":[]}"
20260420T16,2026-04-20,2026-04-20 16:00,20.249102,85.800575,5,0.0,0.0,16:00,"{""type"":""MultiPoint"",""coordinates"":[]}"
20260420T17,2026-04-20,2026-04-20 17:00,20.249102,85.800575,5,0.0,0.0,17:00,"{""type"":""MultiPoint"",""coordinates"":[]}"
20260420T18,2026-04-20,2026-04-20 18:00,20.249102,85.800575,5,0.0,0.0,18:00,"{""type"":""MultiPoint"",""coordinates"":[]}"
20260420T19,2026-04-20,2026-04-20 19:00,20.249102,85.800575,5,0.0,0.0,19:00,"{""type"":""MultiPoint"",""coordinates"":[]}"
20260420T20,2026-04-20,2026-04-20 20:00,20.249102,85.800575,5,0.0,0.0,20:00,"{""type"":""MultiPoint"",""coordinates"":[]}"
20260420T21,2026-04-20,2026-04-20 21:00,20.249102,85.800575,5,0.0,0.0,21:00,"{""type"":""MultiPoint"",""coordinates"":[]}"
20260420T22,2026-04-20,2026-04-20 22:00,20.249102,85.800575,5,0.0,0.0,22:00,"{""type"":""MultiPoint"",""coordinates"":[]}"
20260420T23,2026-04-20,2026-04-20 23:00,20.249102,85.800575,5,0.0,0.0,23:00,"{""type"":""MultiPoint"",""coordinates"":[]}"
20260421T00,2026-04-21,2026-04-21 00:00,20.249102,85.800575,5,193.90588235294118,5.386274509803922E-5,00:00,"{""type"":""MultiPoint"",""coordinates"":[]}"
20260421T01,2026-04-21,2026-04-21 01:00,20.249102,85.800575,5,249671.42058823528,0.06935317238562091,01:00,"{""type"":""MultiPoint"",""coordinates"":[]}"
20260421T02,2026-04-21,2026-04-21 02:00,20.249102,85.800575,5,969159.7264705881,0.2692110351307189,02:00,"{""type"":""MultiPoint"",""coordinates"":[]}"
20260421T03,2026-04-21,2026-04-21 03:00,20.249102,85.800575,5,1788826.1588235293,0.49689615522875813,03:00,"{""type"":""MultiPoint"",""coordinates"":[]}"
20260421T04,2026-04-21,2026-04-21 04:00,20.249102,85.800575,5,2526378.388235294,0.7017717745098039,04:00,"{""type"":""MultiPoint"",""coordinates"":[]}"
20260421T05,2026-04-21,2026-04-21 05:00,20.249102,85.800575,5,3086425.058823529,0.857340294117647,05:00,"{""type"":""MultiPoint"",""coordinates"":[]}"
20260421T06,2026-04-21,2026-04-21 06:00,20.249102,85.800575,5,3405485.5999999996,0.9459682222222221,06:00,"{""type"":""MultiPoint"",""coordinates"":[]}"
20260421T07,2026-04-21,2026-04-21 07:00,20.249102,85.800575,5,3425819.74117647,0.9516165947712417,07:00,"{""type"":""MultiPoint"",""coordinates"":[]}"
20260421T08,2026-04-21,2026-04-21 08:00,20.249102,85.800575,5,3199700.023529411,0.888805562091503,08:00,"{""type"":""MultiPoint"",""coordinates"":[]}"
20260421T09,2026-04-21,2026-04-21 09:00,20.249102,85.800575,5,2756951.3411764703,0.765819816993464,09:00,"{""type"":""MultiPoint"",""coordinates"":[]}"
20260421T10,2026-04-21,2026-04-21 10:00,20.249102,85.800575,5,2063235.082352941,0.5731208562091502,10:00,"{""type"":""MultiPoint"",""coordinates"":[]}"
20260421T11,2026-04-21,2026-04-21 11:00,20.249102,85.800575,5,1317079.8117647057,0.3658555032679738,11:00,"{""type"":""MultiPoint"",""coordinates"":[]}"
20260421T12,2026-04-21,2026-04-21 12:00,20.249102,85.800575,5,440491.5529411764,0.12235876470588233,12:00,"{""type"":""MultiPoint"",""coordinates"":[]}"
20260421T13,2026-04-21,2026-04-21 13:00,20.249102,85.800575,5,47308.7294117647,0.013141313725490196,13:00,"{""type"":""MultiPoint"",""coordinates"":[]}"
20260421T14,2026-04-21,2026-04-21 14:00,20.249102,85.800575,5,0.0,0.0,14:00,"{""type"":""MultiPoint"",""coordinates"":[]}"
20260421T15,2026-04-21,2026-04-21 15:00,20.249102,85.800575,5,0.0,0.0,15:00,"{""type"":""MultiPoint"",""coordinates"":[]}"
20260421T16,2026-04-21,2026-04-21 16:00,20.249102,85.800575,5,0.0,0.0,16:00,"{""type"":""MultiPoint"",""coordinates"":[]}"
20260421T17,2026-04-21,2026-04-21 17:00,20.249102,85.800575,5,0.0,0.0,17:00,"{""type"":""MultiPoint"",""coordinates"":[]}"
20260421T18,2026-04-21,2026-04-21 18:00,20.249102,85.800575,5,0.0,0.0,18:00,"{""type"":""MultiPoint"",""coordinates"":[]}"
20260421T19,2026-04-21,2026-04-21 19:00,20.249102,85.800575,5,0.0,0.0,19:00,"{""type"":""MultiPoint"",""coordinates"":[]}"
20260421T20,2026-04-21,2026-04-21 20:00,20.249102,85.800575,5,0.0,0.0,20:00,"{""type"":""MultiPoint"",""coordinates"":[]}"
20260421T21,2026-04-21,2026-04-21 21:00,20.249102,85.800575,5,0.0,0.0,21:00,"{""type"":""MultiPoint"",""coordinates"":[]}"
20260421T22,2026-04-21,2026-04-21 22:00,20.249102,85.800575,5,0.0,0.0,22:00,"{""type"":""MultiPoint"",""coordinates"":[]}"
20260421T23,2026-04-21,2026-04-21 23:00,20.249102,85.800575,5,0.0,0.0,23:00,"{""type"":""MultiPoint"",""coordinates"":[]}"
20260422T00,2026-04-22,2026-04-22 00:00,20.249102,85.800575,5,280.89411764705875,7.802614379084966E-5,00:00,"{""type"":""MultiPoint"",""coordinates"":[]}"
20260422T01,2026-04-22,2026-04-22 01:00,20.249102,85.800575,5,126941.93235294118,0.035261647875816995,01:00,"{""type"":""MultiPoint"",""coordinates"":[]}"
20260422T02,2026-04-22,2026-04-22 02:00,20.249102,85.800575,5,416949.9911764705,0.11581944199346401,02:00,"{""type"":""MultiPoint"",""coordinates"":[]}"
20260422T03,2026-04-22,2026-04-22 03:00,20.249102,85.800575,5,1374694.6294117644,0.38185961928104567,03:00,"{""type"":""MultiPoint"",""coordinates"":[]}"
20260422T04,2026-04-22,2026-04-22 04:00,20.249102,85.800575,5,2499344.6588235293,0.6942624052287582,04:00,"{""type"":""MultiPoint"",""coordinates"":[]}"
20260422T05,2026-04-22,2026-04-22 05:00,20.249102,85.800575,5,3115086.9647058817,0.8653019346405226,05:00,"{""type"":""MultiPoint"",""coordinates"":[]}"
20260422T06,2026-04-22,2026-04-22 06:00,20.249102,85.800575,5,3460580.835294117,0.9612724542483659,06:00,"{""type"":""MultiPoint"",""coordinates"":[]}"
20260422T07,2026-04-22,2026-04-22 07:00,20.249102,85.800575,5,3524612.376470588,0.9790589934640522,07:00,"{""type"":""MultiPoint"",""coordinates"":[]}"
20260422T08,2026-04-22,2026-04-22 08:00,20.249102,85.800575,5,3295614.0235294113,0.9154483398692809,08:00,"{""type"":""MultiPoint"",""coordinates"":[]}"
20260422T09,2026-04-22,2026-04-22 09:00,20.249102,85.800575,5,2859212.0,0.7942255555555555,09:00,"{""type"":""MultiPoint"",""coordinates"":[]}"
20260422T10,2026-04-22,2026-04-22 10:00,20.249102,85.800575,5,2132479.3411764703,0.5923553725490195,10:00,"{""type"":""MultiPoint"",""coordinates"":[]}"
20260422T11,2026-04-22,2026-04-22 11:00,20.249102,85.800575,5,1186777.5294117646,0.3296604248366013,11:00,"{""type"":""MultiPoint"",""coordinates"":[]}"
20260422T12,2026-04-22,2026-04-22 12:00,20.249102,85.800575,5,495919.64705882344,0.13775545751633983,12:00,"{""type"":""MultiPoint"",""coordinates"":[]}"
20260422T13,2026-04-22,2026-04-22 13:00,20.249102,85.800575,5,51843.17647058823,0.014400882352941175,13:00,"{""type"":""MultiPoint"",""coordinates"":[]}"
20260422T14,2026-04-22,2026-04-22 14:00,20.249102,85.800575,5,0.0,0.0,14:00,"{""type"":""MultiPoint"",""coordinates"":[]}"
20260422T15,2026-04-22,2026-04-22 15:00,20.249102,85.800575,5,0.0,0.0,15:00,"{""type"":""MultiPoint"",""coordinates"":[]}"
20260422T16,2026-04-22,2026-04-22 16:00,20.249102,85.800575,5,0.0,0.0,16:00,"{""type"":""MultiPoint"",""coordinates"":[]}"
20260422T17,2026-04-22,2026-04-22 17:00,20.249102,85.800575,5,0.0,0.0,17:00,"{""type"":""MultiPoint"",""coordinates"":[]}"
20260422T18,2026-04-22,2026-04-22 18:00,20.249102,85.800575,5,0.0,0.0,18:00,"{""type"":""MultiPoint"",""coordinates"":[]}"
20260422T19,2026-04-22,2026-04-22 19:00,20.249102,85.800575,5,0.0,0.0,19:00,"{""type"":""MultiPoint"",""coordinates"":[]}"
20260422T20,2026-04-22,2026-04-22 20:00,20.249102,85.800575,5,0.0,0.0,20:00,"{""type"":""MultiPoint"",""coordinates"":[]}"
20260422T21,2026-04-22,2026-04-22 21:00,20.249102,85.800575,5,0.0,0.0,21:00,"{""type"":""MultiPoint"",""coordinates"":[]}"
20260422T22,2026-04-22,2026-04-22 22:00,20.249102,85.800575,5,0.0,0.0,22:00,"{""type"":""MultiPoint"",""coordinates"":[]}"
20260422T23,2026-04-22,2026-04-22 23:00,20.249102,85.800575,5,0.0,0.0,23:00,"{""type"":""MultiPoint"",""coordinates"":[]}"
20260423T00,2026-04-23,2026-04-23 00:00,20.249102,85.800575,5,520.3294117647058,1.4453594771241828E-4,00:00,"{""type"":""MultiPoint"",""coordinates"":[]}"
20260423T01,2026-04-23,2026-04-23 01:00,20.249102,85.800575,5,264578.9470588235,0.0734941519607843,01:00,"{""type"":""MultiPoint"",""coordinates"":[]}"
20260423T02,2026-04-23,2026-04-23 02:00,20.249102,85.800575,5,982066.3647058823,0.27279621241830065,02:00,"{""type"":""MultiPoint"",""coordinates"":[]}"
20260423T03,2026-04-23,2026-04-23 03:00,20.249102,85.800575,5,1818596.2176470584,0.5051656160130717,03:00,"{""type"":""MultiPoint"",""coordinates"":[]}"
20260423T04,2026-04-23,2026-04-23 04:00,20.249102,85.800575,5,2576576.764705882,0.715715767973856,04:00,"{""type"":""MultiPoint"",""coordinates"":[]}"
20260423T05,2026-04-23,2026-04-23 05:00,20.249102,85.800575,5,3137977.8588235294,0.8716605163398693,05:00,"{""type"":""MultiPoint"",""coordinates"":[]}"
20260423T06,2026-04-23,2026-04-23 06:00,20.249102,85.800575,5,3470060.2235294115,0.9639056176470587,06:00,"{""type"":""MultiPoint"",""coordinates"":[]}"
20260423T07,2026-04-23,2026-04-23 07:00,20.249102,85.800575,5,3564500.2588235294,0.9901389607843137,07:00,"{""type"":""MultiPoint"",""coordinates"":[]}"
20260423T08,2026-04-23,2026-04-23 08:00,20.249102,85.800575,5,3378125.152941176,0.9383680980392156,08:00,"{""type"":""MultiPoint"",""coordinates"":[]}"
20260423T09,2026-04-23,2026-04-23 09:00,20.249102,85.800575,5,2570089.694117647,0.7139138039215687,09:00,"{""type"":""MultiPoint"",""coordinates"":[]}"
20260423T10,2026-04-23,2026-04-23 10:00,20.249102,85.800575,5,2070106.2352941176,0.5750295098039215,10:00,"{""type"":""MultiPoint"",""coordinates"":[]}"
20260423T11,2026-04-23,2026-04-23 11:00,20.249102,85.800575,5,1244755.576470588,0.3457654379084967,11:00,"{""type"":""MultiPoint"",""coordinates"":[]}"
20260423T12,2026-04-23,2026-04-23 12:00,20.249102,85.800575,5,534121.8823529412,0.14836718954248368,12:00,"{""type"":""MultiPoint"",""coordinates"":[]}"
20260423T13,2026-04-23,2026-04-23 13:00,20.249102,85.800575,5,58417.552941176466,0.016227098039215685,13:00,"{""type"":""MultiPoint"",""coordinates"":[]}"
20260423T14,2026-04-23,2026-04-23 14:00,20.249102,85.800575,5,0.0,0.0,14:00,"{""type"":""MultiPoint"",""coordinates"":[]}"
20260423T15,2026-04-23,2026-04-23 15:00,20.249102,85.800575,5,0.0,0.0,15:00,"{""type"":""MultiPoint"",""coordinates"":[]}"
20260423T16,2026-04-23,2026-04-23 16:00,20.249102,85.800575,5,0.0,0.0,16:00,"{""type"":""MultiPoint"",""coordinates"":[]}"
20260423T17,2026-04-23,2026-04-23 17:00,20.249102,85.800575,5,0.0,0.0,17:00,"{""type"":""MultiPoint"",""coordinates"":[]}"
20260423T18,2026-04-23,2026-04-23 18:00,20.249102,85.800575,5,0.0,0.0,18:00,"{""type"":""MultiPoint"",""coordinates"":[]}"
20260423T19,2026-04-23,2026-04-23 19:00,20.249102,85.800575,5,0.0,0.0,19:00,"{""type"":""MultiPoint"",""coordinates"":[]}"
20260423T20,2026-04-23,2026-04-23 20:00,20.249102,85.800575,5,0.0,0.0,20:00,"{""type"":""MultiPoint"",""coordinates"":[]}"
20260423T21,2026-04-23,2026-04-23 21:00,20.249102,85.800575,5,0.0,0.0,21:00,"{""type"":""MultiPoint"",""coordinates"":[]}"
20260423T22,2026-04-23,2026-04-23 22:00,20.249102,85.800575,5,0.0,0.0,22:00,"{""type"":""MultiPoint"",""coordinates"":[]}"
20260423T23,2026-04-23,2026-04-23 23:00,20.249102,85.800575,5,0.0,0.0,23:00,"{""type"":""MultiPoint"",""coordinates"":[]}"
20260424T00,2026-04-24,2026-04-24 00:00,20.249102,85.800575,5,731.8588235294117,2.0329411764705878E-4,00:00,"{""type"":""MultiPoint"",""coordinates"":[]}"
20260424T01,2026-04-24,2026-04-24 01:00,20.249102,85.800575,5,273700.6764705882,0.0760279656862745,01:00,"{""type"":""MultiPoint"",""coordinates"":[]}"
20260424T02,2026-04-24,2026-04-24 02:00,20.249102,85.800575,5,997119.0647058822,0.27697751797385617,02:00,"{""type"":""MultiPoint"",""coordinates"":[]}"
20260424T03,2026-04-24,2026-04-24 03:00,20.249102,85.800575,5,1814928.3882352938,0.5041467745098038,03:00,"{""type"":""MultiPoint"",""coordinates"":[]}"
20260424T04,2026-04-24,2026-04-24 04:00,20.249102,85.800575,5,2570032.5411764705,0.7138979281045751,04:00,"{""type"":""MultiPoint"",""coordinates"":[]}"
20260424T05,2026-04-24,2026-04-24 05:00,20.249102,85.800575,5,3132533.470588235,0.8701481862745097,05:00,"{""type"":""MultiPoint"",""coordinates"":[]}"
20260424T06,2026-04-24,2026-04-24 06:00,20.249102,85.800575,5,3467085.7176470584,0.9630793660130718,06:00,"{""type"":""MultiPoint"",""coordinates"":[]}"
20260424T07,2026-04-24,2026-04-24 07:00,20.249102,85.800575,5,3558143.576470588,0.9883732156862745,07:00,"{""type"":""MultiPoint"",""coordinates"":[]}"
20260424T08,2026-04-24,2026-04-24 08:00,20.249102,85.800575,5,3360682.988235294,0.9335230522875816,08:00,"{""type"":""MultiPoint"",""coordinates"":[]}"
20260424T09,2026-04-24,2026-04-24 09:00,20.249102,85.800575,5,2868126.988235294,0.7967019411764705,09:00,"{""type"":""MultiPoint"",""coordinates"":[]}"
20260424T10,2026-04-24,2026-04-24 10:00,20.249102,85.800575,5,2127670.9411764704,0.5910197058823529,10:00,"{""type"":""MultiPoint"",""coordinates"":[]}"
20260424T11,2026-04-24,2026-04-24 11:00,20.249102,85.800575,5,1352416.7529411763,0.37567132026143785,11:00,"{""type"":""MultiPoint"",""coordinates"":[]}"
20260424T12,2026-04-24,2026-04-24 12:00,20.249102,85.800575,5,569597.3176470587,0.158221477124183,12:00,"{""type"":""MultiPoint"",""coordinates"":[]}"
20260424T13,2026-04-24,2026-04-24 13:00,20.249102,85.800575,5,60810.02352941175,0.016891673202614376,13:00,"{""type"":""MultiPoint"",""coordinates"":[]}"
20260424T14,2026-04-24,2026-04-24 14:00,20.249102,85.800575,5,0.0,0.0,14:00,"{""type"":""MultiPoint"",""coordinates"":[]}"
20260424T15,2026-04-24,2026-04-24 15:00,20.249102,85.800575,5,0.0,0.0,15:00,"{""type"":""MultiPoint"",""coordinates"":[]}"
20260424T16,2026-04-24,2026-04-24 16:00,20.249102,85.800575,5,0.0,0.0,16:00,"{""type"":""MultiPoint"",""coordinates"":[]}"
20260424T17,2026-04-24,2026-04-24 17:00,20.249102,85.800575,5,0.0,0.0,17:00,"{""type"":""MultiPoint"",""coordinates"":[]}"
20260424T18,2026-04-24,2026-04-24 18:00,20.249102,85.800575,5,0.0,0.0,18:00,"{""type"":""MultiPoint"",""coordinates"":[]}"
20260424T19,2026-04-24,2026-04-24 19:00,20.249102,85.800575,5,0.0,0.0,19:00,"{""type"":""MultiPoint"",""coordinates"":[]}"
20260424T20,2026-04-24,2026-04-24 20:00,20.249102,85.800575,5,0.0,0.0,20:00,"{""type"":""MultiPoint"",""coordinates"":[]}"
20260424T21,2026-04-24,2026-04-24 21:00,20.249102,85.800575,5,0.0,0.0,21:00,"{""type"":""MultiPoint"",""coordinates"":[]}"
20260424T22,2026-04-24,2026-04-24 22:00,20.249102,85.800575,5,0.0,0.0,22:00,"{""type"":""MultiPoint"",""coordinates"":[]}"
20260424T23,2026-04-24,2026-04-24 23:00,20.249102,85.800575,5,0.0,0.0,23:00,"{""type"":""MultiPoint"",""coordinates"":[]}"
20260425T00,2026-04-25,2026-04-25 00:00,20.249102,85.800575,5,899.7176470588233,2.499215686274509E-4,00:00,"{""type"":""MultiPoint"",""coordinates"":[]}"
20260425T01,2026-04-25,2026-04-25 01:00,20.249102,85.800575,5,211913.42647058822,0.058864840686274504,01:00,"{""type"":""MultiPoint"",""coordinates"":[]}"
20260425T02,2026-04-25,2026-04-25 02:00,20.249102,85.800575,5,778449.5029411764,0.21623597303921566,02:00,"{""type"":""MultiPoint"",""coordinates"":[]}"
20260425T03,2026-04-25,2026-04-25 03:00,20.249102,85.800575,5,1659207.858823529,0.4608910718954247,03:00,"{""type"":""MultiPoint"",""coordinates"":[]}"
20260425T04,2026-04-25,2026-04-25 04:00,20.249102,85.800575,5,2331153.6235294114,0.6475426732026143,04:00,"{""type"":""MultiPoint"",""coordinates"":[]}"
20260425T05,2026-04-25,2026-04-25 05:00,20.249102,85.800575,5,3049353.8470588233,0.8470427352941176,05:00,"{""type"":""MultiPoint"",""coordinates"":[]}"
20260425T06,2026-04-25,2026-04-25 06:00,20.249102,85.800575,5,3392698.3294117646,0.9424162026143791,06:00,"{""type"":""MultiPoint"",""coordinates"":[]}"
20260425T07,2026-04-25,2026-04-25 07:00,20.249102,85.800575,5,3475440.164705882,0.9654000457516339,07:00,"{""type"":""MultiPoint"",""coordinates"":[]}"
20260425T08,2026-04-25,2026-04-25 08:00,20.249102,85.800575,5,3234994.6352941175,0.8986096209150326,08:00,"{""type"":""MultiPoint"",""coordinates"":[]}"
20260425T09,2026-04-25,2026-04-25 09:00,20.249102,85.800575,5,2631889.1294117644,0.7310803137254901,09:00,"{""type"":""MultiPoint"",""coordinates"":[]}"
20260425T10,2026-04-25,2026-04-25 10:00,20.249102,85.800575,5,2007847.5529411766,0.557735431372549,10:00,"{""type"":""MultiPoint"",""coordinates"":[]}"
20260425T11,2026-04-25,2026-04-25 11:00,20.249102,85.800575,5,1265429.882352941,0.35150830065359473,11:00,"{""type"":""MultiPoint"",""coordinates"":[]}"
20260425T12,2026-04-25,2026-04-25 12:00,20.249102,85.800575,5,502685.6470588235,0.1396349019607843,12:00,"{""type"":""MultiPoint"",""coordinates"":[]}"
20260425T13,2026-04-25,2026-04-25 13:00,20.249102,85.800575,5,50869.85882352941,0.01413051633986928,13:00,"{""type"":""MultiPoint"",""coordinates"":[]}"
20260425T14,2026-04-25,2026-04-25 14:00,20.249102,85.800575,5,0.0,0.0,14:00,"{""type"":""MultiPoint"",""coordinates"":[]}"
20260425T15,2026-04-25,2026-04-25 15:00,20.249102,85.800575,5,0.0,0.0,15:00,"{""type"":""MultiPoint"",""coordinates"":[]}"
20260425T16,2026-04-25,2026-04-25 16:00,20.249102,85.800575,5,0.0,0.0,16:00,"{""type"":""MultiPoint"",""coordinates"":[]}"
20260425T17,2026-04-25,2026-04-25 17:00,20.249102,85.800575,5,0.0,0.0,17:00,"{""type"":""MultiPoint"",""coordinates"":[]}"
20260425T18,2026-04-25,2026-04-25 18:00,20.249102,85.800575,5,0.0,0.0,18:00,"{""type"":""MultiPoint"",""coordinates"":[]}"
20260425T19,2026-04-25,2026-04-25 19:00,20.249102,85.800575,5,0.0,0.0,19:00,"{""type"":""MultiPoint"",""coordinates"":[]}"
20260425T20,2026-04-25,2026-04-25 20:00,20.249102,85.800575,5,0.0,0.0,20:00,"{""type"":""MultiPoint"",""coordinates"":[]}"
20260425T21,2026-04-25,2026-04-25 21:00,20.249102,85.800575,5,0.0,0.0,21:00,"{""type"":""MultiPoint"",""coordinates"":[]}"
20260425T22,2026-04-25,2026-04-25 22:00,20.249102,85.800575,5,0.0,0.0,22:00,"{""type"":""MultiPoint"",""coordinates"":[]}"
20260425T23,2026-04-25,2026-04-25 23:00,20.249102,85.800575,5,0.0,0.0,23:00,"{""type"":""MultiPoint"",""coordinates"":[]}"
20260426T00,2026-04-26,2026-04-26 00:00,20.249102,85.800575,5,1125.7176470588233,3.126993464052287E-4,00:00,"{""type"":""MultiPoint"",""coordinates"":[]}"
20260426T01,2026-04-26,2026-04-26 01:00,20.249102,85.800575,5,211890.45882352936,0.05885846078431371,01:00,"{""type"":""MultiPoint"",""coordinates"":[]}"
20260426T02,2026-04-26,2026-04-26 02:00,20.249102,85.800575,5,823303.6411764704,0.2286954558823529,02:00,"{""type"":""MultiPoint"",""coordinates"":[]}"
20260426T03,2026-04-26,2026-04-26 03:00,20.249102,85.800575,5,1619111.0647058825,0.4497530735294118,03:00,"{""type"":""MultiPoint"",""coordinates"":[]}"
20260426T04,2026-04-26,2026-04-26 04:00,20.249102,85.800575,5,2409992.282352941,0.6694423006535948,04:00,"{""type"":""MultiPoint"",""coordinates"":[]}"
20260426T05,2026-04-26,2026-04-26 05:00,20.249102,85.800575,5,2978371.7294117645,0.8273254803921568,05:00,"{""type"":""MultiPoint"",""coordinates"":[]}"
20260426T06,2026-04-26,2026-04-26 06:00,20.249102,85.800575,5,3278179.505882352,0.9106054183006533,06:00,"{""type"":""MultiPoint"",""coordinates"":[]}"
20260426T07,2026-04-26,2026-04-26 07:00,20.249102,85.800575,5,3203667.7411764706,0.8899077058823529,07:00,"{""type"":""MultiPoint"",""coordinates"":[]}"
20260426T08,2026-04-26,2026-04-26 08:00,20.249102,85.800575,5,2375093.458823529,0.6597481830065358,08:00,"{""type"":""MultiPoint"",""coordinates"":[]}"
20260426T09,2026-04-26,2026-04-26 09:00,20.249102,85.800575,5,2646609.882352941,0.7351694117647058,09:00,"{""type"":""MultiPoint"",""coordinates"":[]}"
20260426T10,2026-04-26,2026-04-26 10:00,20.249102,85.800575,5,2106257.458823529,0.5850715163398692,10:00,"{""type"":""MultiPoint"",""coordinates"":[]}"
20260426T11,2026-04-26,2026-04-26 11:00,20.249102,85.800575,5,1444668.0941176468,0.40129669281045743,11:00,"{""type"":""MultiPoint"",""coordinates"":[]}"
20260426T12,2026-04-26,2026-04-26 12:00,20.249102,85.800575,5,618022.7529411763,0.17167298692810454,12:00,"{""type"":""MultiPoint"",""coordinates"":[]}"
20260426T13,2026-04-26,2026-04-26 13:00,20.249102,85.800575,5,58278.870588235295,0.016188575163398694,13:00,"{""type"":""MultiPoint"",""coordinates"":[]}"
20260426T14,2026-04-26,2026-04-26 14:00,20.249102,85.800575,5,0.0,0.0,14:00,"{""type"":""MultiPoint"",""coordinates"":[]}"
20260426T15,2026-04-26,2026-04-26 15:00,20.249102,85.800575,5,0.0,0.0,15:00,"{""type"":""MultiPoint"",""coordinates"":[]}"
20260426T16,2026-04-26,2026-04-26 16:00,20.249102,85.800575,5,0.0,0.0,16:00,"{""type"":""MultiPoint"",""coordinates"":[]}"
20260426T17,2026-04-26,2026-04-26 17:00,20.249102,85.800575,5,0.0,0.0,17:00,"{""type"":""MultiPoint"",""coordinates"":[]}"
20260426T18,2026-04-26,2026-04-26 18:00,20.249102,85.800575,5,0.0,0.0,18:00,"{""type"":""MultiPoint"",""coordinates"":[]}"
20260426T19,2026-04-26,2026-04-26 19:00,20.249102,85.800575,5,0.0,0.0,19:00,"{""type"":""MultiPoint"",""coordinates"":[]}"
20260426T20,2026-04-26,2026-04-26 20:00,20.249102,85.800575,5,0.0,0.0,20:00,"{""type"":""MultiPoint"",""coordinates"":[]}"
20260426T21,2026-04-26,2026-04-26 21:00,20.249102,85.800575,5,0.0,0.0,21:00,"{""type"":""MultiPoint"",""coordinates"":[]}"
20260426T22,2026-04-26,2026-04-26 22:00,20.249102,85.800575,5,0.0,0.0,22:00,"{""type"":""MultiPoint"",""coordinates"":[]}"
20260426T23,2026-04-26,2026-04-26 23:00,20.249102,85.800575,5,0.0,0.0,23:00,"{""type"":""MultiPoint"",""coordinates"":[]}"
20260427T00,2026-04-27,2026-04-27 00:00,20.249102,85.800575,5,1574.7529411764706,4.374313725490196E-4,00:00,"{""type"":""MultiPoint"",""coordinates"":[]}"
20260427T01,2026-04-27,2026-04-27 01:00,20.249102,85.800575,5,268320.53529411764,0.0745334820261438,01:00,"{""type"":""MultiPoint"",""coordinates"":[]}"
20260427T02,2026-04-27,2026-04-27 02:00,20.249102,85.800575,5,980801.6235294117,0.2724448954248366,02:00,"{""type"":""MultiPoint"",""coordinates"":[]}"
20260427T03,2026-04-27,2026-04-27 03:00,20.249102,85.800575,5,1802035.3941176469,0.5005653872549019,03:00,"{""type"":""MultiPoint"",""coordinates"":[]}"
20260427T04,2026-04-27,2026-04-27 04:00,20.249102,85.800575,5,2416535.282352941,0.6712598006535948,04:00,"{""type"":""MultiPoint"",""coordinates"":[]}"
20260427T05,2026-04-27,2026-04-27 05:00,20.249102,85.800575,5,3084038.1647058823,0.8566772679738562,05:00,"{""type"":""MultiPoint"",""coordinates"":[]}"
20260427T06,2026-04-27,2026-04-27 06:00,20.249102,85.800575,5,3413367.0941176466,0.9481575261437907,06:00,"{""type"":""MultiPoint"",""coordinates"":[]}"
20260427T07,2026-04-27,2026-04-27 07:00,20.249102,85.800575,5,3434867.2941176468,0.9541298039215685,07:00,"{""type"":""MultiPoint"",""coordinates"":[]}"
20260427T08,2026-04-27,2026-04-27 08:00,20.249102,85.800575,5,3260180.0705882353,0.9056055751633987,08:00,"{""type"":""MultiPoint"",""coordinates"":[]}"
20260427T09,2026-04-27,2026-04-27 09:00,20.249102,85.800575,5,2799890.282352941,0.7777473006535948,09:00,"{""type"":""MultiPoint"",""coordinates"":[]}"
20260427T10,2026-04-27,2026-04-27 10:00,20.249102,85.800575,5,2002631.8588235292,0.5562866274509803,10:00,"{""type"":""MultiPoint"",""coordinates"":[]}"
20260427T11,2026-04-27,2026-04-27 11:00,20.249102,85.800575,5,1398024.7529411765,0.3883402091503268,11:00,"{""type"":""MultiPoint"",""coordinates"":[]}"
20260427T12,2026-04-27,2026-04-27 12:00,20.249102,85.800575,5,549394.9882352941,0.15260971895424838,12:00,"{""type"":""MultiPoint"",""coordinates"":[]}"
20260427T13,2026-04-27,2026-04-27 13:00,20.249102,85.800575,5,50524.94117647059,0.01403470588235294,13:00,"{""type"":""MultiPoint"",""coordinates"":[]}"
20260427T14,2026-04-27,2026-04-27 14:00,20.249102,85.800575,5,0.0,0.0,14:00,"{""type"":""MultiPoint"",""coordinates"":[]}"
20260427T15,2026-04-27,2026-04-27 15:00,20.249102,85.800575,5,0.0,0.0,15:00,"{""type"":""MultiPoint"",""coordinates"":[]}"
20260427T16,2026-04-27,2026-04-27 16:00,20.249102,85.800575,5,0.0,0.0,16:00,"{""type"":""MultiPoint"",""coordinates"":[]}"
20260427T17,2026-04-27,2026-04-27 17:00,20.249102,85.800575,5,0.0,0.0,17:00,"{""type"":""MultiPoint"",""coordinates"":[]}"
20260427T18,2026-04-27,2026-04-27 18:00,20.249102,85.800575,5,0.0,0.0,18:00,"{""type"":""MultiPoint"",""coordinates"":[]}"
20260427T19,2026-04-27,2026-04-27 19:00,20.249102,85.800575,5,0.0,0.0,19:00,"{""type"":""MultiPoint"",""coordinates"":[]}"
20260427T20,2026-04-27,2026-04-27 20:00,20.249102,85.800575,5,0.0,0.0,20:00,"{""type"":""MultiPoint"",""coordinates"":[]}"
20260427T21,2026-04-27,2026-04-27 21:00,20.249102,85.800575,5,0.0,0.0,21:00,"{""type"":""MultiPoint"",""coordinates"":[]}"
20260427T22,2026-04-27,2026-04-27 22:00,20.249102,85.800575,5,0.0,0.0,22:00,"{""type"":""MultiPoint"",""coordinates"":[]}"
20260427T23,2026-04-27,2026-04-27 23:00,20.249102,85.800575,5,0.0,0.0,23:00,"{""type"":""MultiPoint"",""coordinates"":[]}"
20260428T00,2026-04-28,2026-04-28 00:00,20.249102,85.800575,5,1727.2705882352939,4.79797385620915E-4,00:00,"{""type"":""MultiPoint"",""coordinates"":[]}"
20260428T01,2026-04-28,2026-04-28 01:00,20.249102,85.800575,5,270148.43235294113,0.07504123120915031,01:00,"{""type"":""MultiPoint"",""coordinates"":[]}"
20260428T02,2026-04-28,2026-04-28 02:00,20.249102,85.800575,5,976272.038235294,0.27118667728758167,02:00,"{""type"":""MultiPoint"",""coordinates"":[]}"
20260428T03,2026-04-28,2026-04-28 03:00,20.249102,85.800575,5,1712018.0235294118,0.47556056209150327,03:00,"{""type"":""MultiPoint"",""coordinates"":[]}"
20260428T04,2026-04-28,2026-04-28 04:00,20.249102,85.800575,5,2118276.811764706,0.5884102254901961,04:00,"{""type"":""MultiPoint"",""coordinates"":[]}"
20260428T05,2026-04-28,2026-04-28 05:00,20.249102,85.800575,5,2625354.2941176468,0.7292650816993463,05:00,"{""type"":""MultiPoint"",""coordinates"":[]}"
20260428T06,2026-04-28,2026-04-28 06:00,20.249102,85.800575,5,2474876.0,0.6874655555555556,06:00,"{""type"":""MultiPoint"",""coordinates"":[]}"
20260428T07,2026-04-28,2026-04-28 07:00,20.249102,85.800575,5,2945700.047058823,0.8182500130718953,07:00,"{""type"":""MultiPoint"",""coordinates"":[]}"
20260428T08,2026-04-28,2026-04-28 08:00,20.249102,85.800575,5,2760582.235294117,0.7668283986928103,08:00,"{""type"":""MultiPoint"",""coordinates"":[]}"
20260428T09,2026-04-28,2026-04-28 09:00,20.249102,85.800575,5,2185488.0941176466,0.6070800261437908,09:00,"{""type"":""MultiPoint"",""coordinates"":[]}"
20260428T10,2026-04-28,2026-04-28 10:00,20.249102,85.800575,5,1587771.5294117643,0.44104764705882343,10:00,"{""type"":""MultiPoint"",""coordinates"":[]}"
20260428T11,2026-04-28,2026-04-28 11:00,20.249102,85.800575,5,1249229.5294117646,0.34700820261437904,11:00,"{""type"":""MultiPoint"",""coordinates"":[]}"
20260428T12,2026-04-28,2026-04-28 12:00,20.249102,85.800575,5,517016.6823529412,0.14361574509803923,12:00,"{""type"":""MultiPoint"",""coordinates"":[]}"
20260428T13,2026-04-28,2026-04-28 13:00,20.249102,85.800575,5,60116.18823529412,0.016698941176470587,13:00,"{""type"":""MultiPoint"",""coordinates"":[]}"
20260428T14,2026-04-28,2026-04-28 14:00,20.249102,85.800575,5,0.0,0.0,14:00,"{""type"":""MultiPoint"",""coordinates"":[]}"
20260428T15,2026-04-28,2026-04-28 15:00,20.249102,85.800575,5,0.0,0.0,15:00,"{""type"":""MultiPoint"",""coordinates"":[]}"
20260428T16,2026-04-28,2026-04-28 16:00,20.249102,85.800575,5,0.0,0.0,16:00,"{""type"":""MultiPoint"",""coordinates"":[]}"
20260428T17,2026-04-28,2026-04-28 17:00,20.249102,85.800575,5,0.0,0.0,17:00,"{""type"":""MultiPoint"",""coordinates"":[]}"
20260428T18,2026-04-28,2026-04-28 18:00,20.249102,85.800575,5,0.0,0.0,18:00,"{""type"":""MultiPoint"",""coordinates"":[]}"
20260428T19,2026-04-28,2026-04-28 19:00,20.249102,85.800575,5,0.0,0.0,19:00,"{""type"":""MultiPoint"",""coordinates"":[]}"
20260428T20,2026-04-28,2026-04-28 20:00,20.249102,85.800575,5,0.0,0.0,20:00,"{""type"":""MultiPoint"",""coordinates"":[]}"
20260428T21,2026-04-28,2026-04-28 21:00,20.249102,85.800575,5,0.0,0.0,21:00,"{""type"":""MultiPoint"",""coordinates"":[]}"
20260428T22,2026-04-28,2026-04-28 22:00,20.249102,85.800575,5,0.0,0.0,22:00,"{""type"":""MultiPoint"",""coordinates"":[]}"
20260428T23,2026-04-28,2026-04-28 23:00,20.249102,85.800575,5,0.0,0.0,23:00,"{""type"":""MultiPoint"",""coordinates"":[]}"
20260429T00,2026-04-29,2026-04-29 00:00,20.249102,85.800575,5,2191.7411764705876,6.088169934640521E-4,00:00,"{""type"":""MultiPoint"",""coordinates"":[]}"
20260429T01,2026-04-29,2026-04-29 01:00,20.249102,85.800575,5,288340.2147058823,0.08009450408496731,01:00,"{""type"":""MultiPoint"",""coordinates"":[]}"
20260429T02,2026-04-29,2026-04-29 02:00,20.249102,85.800575,5,975684.1323529412,0.27102337009803923,02:00,"{""type"":""MultiPoint"",""coordinates"":[]}"
20260429T03,2026-04-29,2026-04-29 03:00,20.249102,85.800575,5,1754781.370588235,0.48743926960784306,03:00,"{""type"":""MultiPoint"",""coordinates"":[]}"
20260429T04,2026-04-29,2026-04-29 04:00,20.249102,85.800575,5,2542709.0117647056,0.7063080588235293,04:00,"{""type"":""MultiPoint"",""coordinates"":[]}"
20260429T05,2026-04-29,2026-04-29 05:00,20.249102,85.800575,5,3054893.8117647055,0.8485816143790849,05:00,"{""type"":""MultiPoint"",""coordinates"":[]}"
20260429T06,2026-04-29,2026-04-29 06:00,20.249102,85.800575,5,3408446.4235294107,0.9467906732026141,06:00,"{""type"":""MultiPoint"",""coordinates"":[]}"
20260429T07,2026-04-29,2026-04-29 07:00,20.249102,85.800575,5,3455989.0588235287,0.9599969607843135,07:00,"{""type"":""MultiPoint"",""coordinates"":[]}"
20260429T08,2026-04-29,2026-04-29 08:00,20.249102,85.800575,5,3249905.2235294115,0.9027514509803921,08:00,"{""type"":""MultiPoint"",""coordinates"":[]}"
20260429T09,2026-04-29,2026-04-29 09:00,20.249102,85.800575,5,2809793.6941176467,0.780498248366013,09:00,"{""type"":""MultiPoint"",""coordinates"":[]}"
20260429T10,2026-04-29,2026-04-29 10:00,20.249102,85.800575,5,1992895.1294117647,0.5535819803921569,10:00,"{""type"":""MultiPoint"",""coordinates"":[]}"
20260429T11,2026-04-29,2026-04-29 11:00,20.249102,85.800575,5,1059784.988235294,0.2943847189542483,11:00,"{""type"":""MultiPoint"",""coordinates"":[]}"
20260429T12,2026-04-29,2026-04-29 12:00,20.249102,85.800575,5,424225.788235294,0.11784049673202611,12:00,"{""type"":""MultiPoint"",""coordinates"":[]}"
20260429T13,2026-04-29,2026-04-29 13:00,20.249102,85.800575,5,62378.6588235294,0.017327405228758166,13:00,"{""type"":""MultiPoint"",""coordinates"":[]}"
20260429T14,2026-04-29,2026-04-29 14:00,20.249102,85.800575,5,0.0,0.0,14:00,"{""type"":""MultiPoint"",""coordinates"":[]}"
20260429T15,2026-04-29,2026-04-29 15:00,20.249102,85.800575,5,0.0,0.0,15:00,"{""type"":""MultiPoint"",""coordinates"":[]}"
20260429T16,2026-04-29,2026-04-29 16:00,20.249102,85.800575,5,0.0,0.0,16:00,"{""type"":""MultiPoint"",""coordinates"":[]}"
20260429T17,2026-04-29,2026-04-29 17:00,20.249102,85.800575,5,0.0,0.0,17:00,"{""type"":""MultiPoint"",""coordinates"":[]}"
20260429T18,2026-04-29,2026-04-29 18:00,20.249102,85.800575,5,0.0,0.0,18:00,"{""type"":""MultiPoint"",""coordinates"":[]}"
20260429T19,2026-04-29,2026-04-29 19:00,20.249102,85.800575,5,0.0,0.0,19:00,"{""type"":""MultiPoint"",""coordinates"":[]}"
20260429T20,2026-04-29,2026-04-29 20:00,20.249102,85.800575,5,0.0,0.0,20:00,"{""type"":""MultiPoint"",""coordinates"":[]}"
20260429T21,2026-04-29,2026-04-29 21:00,20.249102,85.800575,5,0.0,0.0,21:00,"{""type"":""MultiPoint"",""coordinates"":[]}"
20260429T22,2026-04-29,2026-04-29 22:00,20.249102,85.800575,5,0.0,0.0,22:00,"{""type"":""MultiPoint"",""coordinates"":[]}"
20260429T23,2026-04-29,2026-04-29 23:00,20.249102,85.800575,5,0.0,0.0,23:00,"{""type"":""MultiPoint"",""coordinates"":[]}"
20260430T00,2026-04-30,2026-04-30 00:00,20.249102,85.800575,5,2340.9882352941177,6.502745098039216E-4,00:00,"{""type"":""MultiPoint"",""coordinates"":[]}"
20260430T01,2026-04-30,2026-04-30 01:00,20.249102,85.800575,5,267412.7205882353,0.0742813112745098,01:00,"{""type"":""MultiPoint"",""coordinates"":[]}"
20260430T02,2026-04-30,2026-04-30 02:00,20.249102,85.800575,5,870929.6029411763,0.2419248897058823,02:00,"{""type"":""MultiPoint"",""coordinates"":[]}"
20260430T03,2026-04-30,2026-04-30 03:00,20.249102,85.800575,5,1627655.5588235294,0.4521265441176471,03:00,"{""type"":""MultiPoint"",""coordinates"":[]}"
20260430T04,2026-04-30,2026-04-30 04:00,20.249102,85.800575,5,2366914.7529411763,0.6574763202614379,04:00,"{""type"":""MultiPoint"",""coordinates"":[]}"
20260430T05,2026-04-30,2026-04-30 05:00,20.249102,85.800575,5,3005153.564705882,0.8347648790849673,05:00,"{""type"":""MultiPoint"",""coordinates"":[]}"
20260430T06,2026-04-30,2026-04-30 06:00,20.249102,85.800575,5,3378306.764705882,0.9384185457516339,06:00,"{""type"":""MultiPoint"",""coordinates"":[]}"
20260430T07,2026-04-30,2026-04-30 07:00,20.249102,85.800575,5,2825975.152941176,0.7849930980392156,07:00,"{""type"":""MultiPoint"",""coordinates"":[]}"
20260430T08,2026-04-30,2026-04-30 08:00,20.249102,85.800575,5,2345387.74117647,0.6514965947712417,08:00,"{""type"":""MultiPoint"",""coordinates"":[]}"
20260430T09,2026-04-30,2026-04-30 09:00,20.249102,85.800575,5,2311460.4,0.6420723333333334,09:00,"{""type"":""MultiPoint"",""coordinates"":[]}"
20260430T10,2026-04-30,2026-04-30 10:00,20.249102,85.800575,5,1706128.1647058823,0.4739244901960784,10:00,"{""type"":""MultiPoint"",""coordinates"":[]}"
20260430T11,2026-04-30,2026-04-30 11:00,20.249102,85.800575,5,985098.2588235292,0.2736384052287581,11:00,"{""type"":""MultiPoint"",""coordinates"":[]}"
20260430T12,2026-04-30,2026-04-30 12:00,20.249102,85.800575,5,438395.92941176466,0.12177664705882352,12:00,"{""type"":""MultiPoint"",""coordinates"":[]}"
20260430T13,2026-04-30,2026-04-30 13:00,20.249102,85.800575,5,57063.43529411765,0.015850954248366012,13:00,"{""type"":""MultiPoint"",""coordinates"":[]}"
20260430T14,2026-04-30,2026-04-30 14:00,20.249102,85.800575,5,0.0,0.0,14:00,"{""type"":""MultiPoint"",""coordinates"":[]}"
20260430T15,2026-04-30,2026-04-30 15:00,20.249102,85.800575,5,0.0,0.0,15:00,"{""type"":""MultiPoint"",""coordinates"":[]}"
20260430T16,2026-04-30,2026-04-30 16:00,20.249102,85.800575,5,0.0,0.0,16:00,"{""type"":""MultiPoint"",""coordinates"":[]}"
20260430T17,2026-04-30,2026-04-30 17:00,20.249102,85.800575,5,0.0,0.0,17:00,"{""type"":""MultiPoint"",""coordinates"":[]}"
20260430T18,2026-04-30,2026-04-30 18:00,20.249102,85.800575,5,0.0,0.0,18:00,"{""type"":""MultiPoint"",""coordinates"":[]}"
20260430T19,2026-04-30,2026-04-30 19:00,20.249102,85.800575,5,0.0,0.0,19:00,"{""type"":""MultiPoint"",""coordinates"":[]}"
20260430T20,2026-04-30,2026-04-30 20:00,20.249102,85.800575,5,0.0,0.0,20:00,"{""type"":""MultiPoint"",""coordinates"":[]}"
20260430T21,2026-04-30,2026-04-30 21:00,20.249102,85.800575,5,0.0,0.0,21:00,"{""type"":""MultiPoint"",""coordinates"":[]}"
20260430T22,2026-04-30,2026-04-30 22:00,20.249102,85.800575,5,0.0,0.0,22:00,"{""type"":""MultiPoint"",""coordinates"":[]}"
20260430T23,2026-04-30,2026-04-30 23:00,20.249102,85.800575,5,0.0,0.0,23:00,"{""type"":""MultiPoint"",""coordinates"":[]}"
20260501T00,2026-05-01,2026-05-01 00:00,20.249102,85.800575,5,2445.741176470588,6.793725490196078E-4,00:00,"{""type"":""MultiPoint"",""coordinates"":[]}"
20260501T01,2026-05-01,2026-05-01 01:00,20.249102,85.800575,5,189565.7794117647,0.05265716094771242,01:00,"{""type"":""MultiPoint"",""coordinates"":[]}"
20260501T02,2026-05-01,2026-05-01 02:00,20.249102,85.800575,5,649652.7088235294,0.18045908578431372,02:00,"{""type"":""MultiPoint"",""coordinates"":[]}"
20260501T03,2026-05-01,2026-05-01 03:00,20.249102,85.800575,5,1368143.6764705882,0.3800399101307189,03:00,"{""type"":""MultiPoint"",""coordinates"":[]}"
20260501T04,2026-05-01,2026-05-01 04:00,20.249102,85.800575,5,2104397.7529411763,0.584554931372549,04:00,"{""type"":""MultiPoint"",""coordinates"":[]}"
20260501T05,2026-05-01,2026-05-01 05:00,20.249102,85.800575,5,2916489.7411764706,0.8101360392156863,05:00,"{""type"":""MultiPoint"",""coordinates"":[]}"
20260501T06,2026-05-01,2026-05-01 06:00,20.249102,85.800575,5,3252617.988235294,0.9035049967320261,06:00,"{""type"":""MultiPoint"",""coordinates"":[]}"
20260501T07,2026-05-01,2026-05-01 07:00,20.249102,85.800575,5,3010535.647058823,0.8362599019607843,07:00,"{""type"":""MultiPoint"",""coordinates"":[]}"
20260501T08,2026-05-01,2026-05-01 08:00,20.249102,85.800575,5,2911048.7529411763,0.8086246535947712,08:00,"{""type"":""MultiPoint"",""coordinates"":[]}"
20260501T09,2026-05-01,2026-05-01 09:00,20.249102,85.800575,5,2558373.670588235,0.7106593529411763,09:00,"{""type"":""MultiPoint"",""coordinates"":[]}"
20260501T10,2026-05-01,2026-05-01 10:00,20.249102,85.800575,5,1818428.9176470586,0.5051191437908497,10:00,"{""type"":""MultiPoint"",""coordinates"":[]}"
20260501T11,2026-05-01,2026-05-01 11:00,20.249102,85.800575,5,1145764.4470588234,0.3182679019607843,11:00,"{""type"":""MultiPoint"",""coordinates"":[]}"
20260501T12,2026-05-01,2026-05-01 12:00,20.249102,85.800575,5,378340.8,0.10509466666666667,12:00,"{""type"":""MultiPoint"",""coordinates"":[]}"
20260501T13,2026-05-01,2026-05-01 13:00,20.249102,85.800575,5,60745.08235294117,0.016873633986928104,13:00,"{""type"":""MultiPoint"",""coordinates"":[]}"
20260501T14,2026-05-01,2026-05-01 14:00,20.249102,85.800575,5,0.0,0.0,14:00,"{""type"":""MultiPoint"",""coordinates"":[]}"
20260501T15,2026-05-01,2026-05-01 15:00,20.249102,85.800575,5,0.0,0.0,15:00,"{""type"":""MultiPoint"",""coordinates"":[]}"
20260501T16,2026-05-01,2026-05-01 16:00,20.249102,85.800575,5,0.0,0.0,16:00,"{""type"":""MultiPoint"",""coordinates"":[]}"
20260501T17,2026-05-01,2026-05-01 17:00,20.249102,85.800575,5,0.0,0.0,17:00,"{""type"":""MultiPoint"",""coordinates"":[]}"
20260501T18,2026-05-01,2026-05-01 18:00,20.249102,85.800575,5,0.0,0.0,18:00,"{""type"":""MultiPoint"",""coordinates"":[]}"
20260501T19,2026-05-01,2026-05-01 19:00,20.249102,85.800575,5,0.0,0.0,19:00,"{""type"":""MultiPoint"",""coordinates"":[]}"
20260501T20,2026-05-01,2026-05-01 20:00,20.249102,85.800575,5,0.0,0.0,20:00,"{""type"":""MultiPoint"",""coordinates"":[]}"
20260501T21,2026-05-01,2026-05-01 21:00,20.249102,85.800575,5,0.0,0.0,21:00,"{""type"":""MultiPoint"",""coordinates"":[]}"
20260501T22,2026-05-01,2026-05-01 22:00,20.249102,85.800575,5,0.0,0.0,22:00,"{""type"":""MultiPoint"",""coordinates"":[]}"
20260501T23,2026-05-01,2026-05-01 23:00,20.249102,85.800575,5,0.0,0.0,23:00,"{""type"":""MultiPoint"",""coordinates"":[]}"
20260502T00,2026-05-02,2026-05-02 00:00,20.249102,85.800575,5,3177.8352941176468,8.827320261437908E-4,00:00,"{""type"":""MultiPoint"",""coordinates"":[]}"
20260502T01,2026-05-02,2026-05-02 01:00,20.249102,85.800575,5,264207.40294117643,0.0733909452614379,01:00,"{""type"":""MultiPoint"",""coordinates"":[]}"
20260502T02,2026-05-02,2026-05-02 02:00,20.249102,85.800575,5,900257.0794117646,0.2500714109477124,02:00,"{""type"":""MultiPoint"",""coordinates"":[]}"
20260502T03,2026-05-02,2026-05-02 03:00,20.249102,85.800575,5,1655987.6588235293,0.4599965718954248,03:00,"{""type"":""MultiPoint"",""coordinates"":[]}"
20260502T04,2026-05-02,2026-05-02 04:00,20.249102,85.800575,5,2392351.3176470585,0.6645420326797384,04:00,"{""type"":""MultiPoint"",""coordinates"":[]}"
20260502T05,2026-05-02,2026-05-02 05:00,20.249102,85.800575,5,3072851.1411764706,0.8535697614379085,05:00,"{""type"":""MultiPoint"",""coordinates"":[]}"
20260502T06,2026-05-02,2026-05-02 06:00,20.249102,85.800575,5,3404444.952941176,0.9456791535947711,06:00,"{""type"":""MultiPoint"",""coordinates"":[]}"
20260502T07,2026-05-02,2026-05-02 07:00,20.249102,85.800575,5,3468426.2117647054,0.963451725490196,07:00,"{""type"":""MultiPoint"",""coordinates"":[]}"
20260502T08,2026-05-02,2026-05-02 08:00,20.249102,85.800575,5,3153873.1999999997,0.8760758888888888,08:00,"{""type"":""MultiPoint"",""coordinates"":[]}"
20260502T09,2026-05-02,2026-05-02 09:00,20.249102,85.800575,5,2629296.352941176,0.7303600980392155,09:00,"{""type"":""MultiPoint"",""coordinates"":[]}"
20260502T10,2026-05-02,2026-05-02 10:00,20.249102,85.800575,5,2144737.082352941,0.5957603006535948,10:00,"{""type"":""MultiPoint"",""coordinates"":[]}"
20260502T11,2026-05-02,2026-05-02 11:00,20.249102,85.800575,5,1291607.2,0.35877977777777775,11:00,"{""type"":""MultiPoint"",""coordinates"":[]}"
20260502T12,2026-05-02,2026-05-02 12:00,20.249102,85.800575,5,522230.7058823529,0.14506408496732026,12:00,"{""type"":""MultiPoint"",""coordinates"":[]}"
20260502T13,2026-05-02,2026-05-02 13:00,20.249102,85.800575,5,62199.67058823528,0.0172776862745098,13:00,"{""type"":""MultiPoint"",""coordinates"":[]}"
20260502T14,2026-05-02,2026-05-02 14:00,20.249102,85.800575,5,0.0,0.0,14:00,"{""type"":""MultiPoint"",""coordinates"":[]}"
20260502T15,2026-05-02,2026-05-02 15:00,20.249102,85.800575,5,0.0,0.0,15:00,"{""type"":""MultiPoint"",""coordinates"":[]}"
20260502T16,2026-05-02,2026-05-02 16:00,20.249102,85.800575,5,0.0,0.0,16:00,"{""type"":""MultiPoint"",""coordinates"":[]}"
20260502T17,2026-05-02,2026-05-02 17:00,20.249102,85.800575,5,0.0,0.0,17:00,"{""type"":""MultiPoint"",""coordinates"":[]}"
20260502T18,2026-05-02,2026-05-02 18:00,20.249102,85.800575,5,0.0,0.0,18:00,"{""type"":""MultiPoint"",""coordinates"":[]}"
20260502T19,2026-05-02,2026-05-02 19:00,20.249102,85.800575,5,0.0,0.0,19:00,"{""type"":""MultiPoint"",""coordinates"":[]}"
20260502T20,2026-05-02,2026-05-02 20:00,20.249102,85.800575,5,0.0,0.0,20:00,"{""type"":""MultiPoint"",""coordinates"":[]}"
20260502T21,2026-05-02,2026-05-02 21:00,20.249102,85.800575,5,0.0,0.0,21:00,"{""type"":""MultiPoint"",""coordinates"":[]}"
20260502T22,2026-05-02,2026-05-02 22:00,20.249102,85.800575,5,0.0,0.0,22:00,"{""type"":""MultiPoint"",""coordinates"":[]}"
20260502T23,2026-05-02,2026-05-02 23:00,20.249102,85.800575,5,0.0,0.0,23:00,"{""type"":""MultiPoint"",""coordinates"":[]}"
20260503T00,2026-05-03,2026-05-03 00:00,20.249102,85.800575,5,2160.376470588235,6.001045751633986E-4,00:00,"{""type"":""MultiPoint"",""coordinates"":[]}"
20260503T01,2026-05-03,2026-05-03 01:00,20.249102,85.800575,5,144399.26470588235,0.0401109068627451,01:00,"{""type"":""MultiPoint"",""coordinates"":[]}"
20260503T02,2026-05-03,2026-05-03 02:00,20.249102,85.800575,5,477424.08823529416,0.13261780228758172,02:00,"{""type"":""MultiPoint"",""coordinates"":[]}"
20260503T03,2026-05-03,2026-05-03 03:00,20.249102,85.800575,5,916948.3411764705,0.2547078725490196,03:00,"{""type"":""MultiPoint"",""coordinates"":[]}"
20260503T04,2026-05-03,2026-05-03 04:00,20.249102,85.800575,5,1385551.9411764704,0.38487553921568624,04:00,"{""type"":""MultiPoint"",""coordinates"":[]}"
20260503T05,2026-05-03,2026-05-03 05:00,20.249102,85.800575,5,1950264.4823529408,0.541740133986928,05:00,"{""type"":""MultiPoint"",""coordinates"":[]}"
20260503T06,2026-05-03,2026-05-03 06:00,20.249102,85.800575,5,2375971.7176470584,0.6599921437908496,06:00,"{""type"":""MultiPoint"",""coordinates"":[]}"
20260503T07,2026-05-03,2026-05-03 07:00,20.249102,85.800575,5,2590719.482352941,0.7196443006535946,07:00,"{""type"":""MultiPoint"",""coordinates"":[]}"
20260503T08,2026-05-03,2026-05-03 08:00,20.249102,85.800575,5,2335984.5411764705,0.6488845947712418,08:00,"{""type"":""MultiPoint"",""coordinates"":[]}"
20260503T09,2026-05-03,2026-05-03 09:00,20.249102,85.800575,5,2391221.1058823527,0.6642280849673202,09:00,"{""type"":""MultiPoint"",""coordinates"":[]}"
20260503T10,2026-05-03,2026-05-03 10:00,20.249102,85.800575,5,2011887.082352941,0.5588575228758169,10:00,"{""type"":""MultiPoint"",""coordinates"":[]}"
20260503T11,2026-05-03,2026-05-03 11:00,20.249102,85.800575,5,1399398.1176470586,0.38872169934640516,11:00,"{""type"":""MultiPoint"",""coordinates"":[]}"
20260503T12,2026-05-03,2026-05-03 12:00,20.249102,85.800575,5,594597.082352941,0.16516585620915028,12:00,"{""type"":""MultiPoint"",""coordinates"":[]}"
20260503T13,2026-05-03,2026-05-03 13:00,20.249102,85.800575,5,69809.31764705882,0.019391477124183005,13:00,"{""type"":""MultiPoint"",""coordinates"":[]}"
20260503T14,2026-05-03,2026-05-03 14:00,20.249102,85.800575,5,0.0,0.0,14:00,"{""type"":""MultiPoint"",""coordinates"":[]}"
20260503T15,2026-05-03,2026-05-03 15:00,20.249102,85.800575,5,0.0,0.0,15:00,"{""type"":""MultiPoint"",""coordinates"":[]}"
20260503T16,2026-05-03,2026-05-03 16:00,20.249102,85.800575,5,0.0,0.0,16:00,"{""type"":""MultiPoint"",""coordinates"":[]}"
20260503T17,2026-05-03,2026-05-03 17:00,20.249102,85.800575,5,0.0,0.0,17:00,"{""type"":""MultiPoint"",""coordinates"":[]}"
20260503T18,2026-05-03,2026-05-03 18:00,20.249102,85.800575,5,0.0,0.0,18:00,"{""type"":""MultiPoint"",""coordinates"":[]}"
20260503T19,2026-05-03,2026-05-03 19:00,20.249102,85.800575,5,0.0,0.0,19:00,"{""type"":""MultiPoint"",""coordinates"":[]}"
20260503T20,2026-05-03,2026-05-03 20:00,20.249102,85.800575,5,0.0,0.0,20:00,"{""type"":""MultiPoint"",""coordinates"":[]}"
20260503T21,2026-05-03,2026-05-03 21:00,20.249102,85.800575,5,0.0,0.0,21:00,"{""type"":""MultiPoint"",""coordinates"":[]}"
20260503T22,2026-05-03,2026-05-03 22:00,20.249102,85.800575,5,0.0,0.0,22:00,"{""type"":""MultiPoint"",""coordinates"":[]}"
20260503T23,2026-05-03,2026-05-03 23:00,20.249102,85.800575,5,0.0,0.0,23:00,"{""type"":""MultiPoint"",""coordinates"":[]}"
20260504T00,2026-05-04,2026-05-04 00:00,20.249102,85.800575,5,3207.576470588235,8.909934640522876E-4,00:00,"{""type"":""MultiPoint"",""coordinates"":[]}"
20260504T01,2026-05-04,2026-05-04 01:00,20.249102,85.800575,5,251689.98823529406,0.06991388562091502,01:00,"{""type"":""MultiPoint"",""coordinates"":[]}"
20260504T02,2026-05-04,2026-05-04 02:00,20.249102,85.800575,5,897873.3294117647,0.24940925816993464,02:00,"{""type"":""MultiPoint"",""coordinates"":[]}"
20260504T03,2026-05-04,2026-05-04 03:00,20.249102,85.800575,5,1644837.7411764706,0.45689937254901963,03:00,"{""type"":""MultiPoint"",""coordinates"":[]}"
20260504T04,2026-05-04,2026-05-04 04:00,20.249102,85.800575,5,2067862.0117647054,0.5744061143790848,04:00,"{""type"":""MultiPoint"",""coordinates"":[]}"
20260504T05,2026-05-04,2026-05-04 05:00,20.249102,85.800575,5,2857056.2941176468,0.793626748366013,05:00,"{""type"":""MultiPoint"",""coordinates"":[]}"
20260504T06,2026-05-04,2026-05-04 06:00,20.249102,85.800575,5,3038656.376470588,0.8440712156862745,06:00,"{""type"":""MultiPoint"",""coordinates"":[]}"
20260504T07,2026-05-04,2026-05-04 07:00,20.249102,85.800575,5,3111830.305882353,0.8643973071895424,07:00,"{""type"":""MultiPoint"",""coordinates"":[]}"
20260504T08,2026-05-04,2026-05-04 08:00,20.249102,85.800575,5,2651285.576470588,0.7364682156862744,08:00,"{""type"":""MultiPoint"",""coordinates"":[]}"
20260504T09,2026-05-04,2026-05-04 09:00,20.249102,85.800575,5,2420116.282352941,0.672254522875817,09:00,"{""type"":""MultiPoint"",""coordinates"":[]}"
20260504T10,2026-05-04,2026-05-04 10:00,20.249102,85.800575,5,1858736.3058823529,0.5163156405228758,10:00,"{""type"":""MultiPoint"",""coordinates"":[]}"
20260504T11,2026-05-04,2026-05-04 11:00,20.249102,85.800575,5,1236888.0235294115,0.34358000653594767,11:00,"{""type"":""MultiPoint"",""coordinates"":[]}"
20260504T12,2026-05-04,2026-05-04 12:00,20.249102,85.800575,5,526959.8588235293,0.1463777385620915,12:00,"{""type"":""MultiPoint"",""coordinates"":[]}"
20260504T13,2026-05-04,2026-05-04 13:00,20.249102,85.800575,5,63839.43529411764,0.017733176470588235,13:00,"{""type"":""MultiPoint"",""coordinates"":[]}"
20260504T14,2026-05-04,2026-05-04 14:00,20.249102,85.800575,5,0.0,0.0,14:00,"{""type"":""MultiPoint"",""coordinates"":[]}"
20260504T15,2026-05-04,2026-05-04 15:00,20.249102,85.800575,5,0.0,0.0,15:00,"{""type"":""MultiPoint"",""coordinates"":[]}"
20260504T16,2026-05-04,2026-05-04 16:00,20.249102,85.800575,5,0.0,0.0,16:00,"{""type"":""MultiPoint"",""coordinates"":[]}"
20260504T17,2026-05-04,2026-05-04 17:00,20.249102,85.800575,5,0.0,0.0,17:00,"{""type"":""MultiPoint"",""coordinates"":[]}"
20260504T18,2026-05-04,2026-05-04 18:00,20.249102,85.800575,5,0.0,0.0,18:00,"{""type"":""MultiPoint"",""coordinates"":[]}"
20260504T19,2026-05-04,2026-05-04 19:00,20.249102,85.800575,5,0.0,0.0,19:00,"{""type"":""MultiPoint"",""coordinates"":[]}"
20260504T20,2026-05-04,2026-05-04 20:00,20.249102,85.800575,5,0.0,0.0,20:00,"{""type"":""MultiPoint"",""coordinates"":[]}"
20260504T21,2026-05-04,2026-05-04 21:00,20.249102,85.800575,5,0.0,0.0,21:00,"{""type"":""MultiPoint"",""coordinates"":[]}"
20260504T22,2026-05-04,2026-05-04 22:00,20.249102,85.800575,5,0.0,0.0,22:00,"{""type"":""MultiPoint"",""coordinates"":[]}"
20260504T23,2026-05-04,2026-05-04 23:00,20.249102,85.800575,5,0.0,0.0,23:00,"{""type"":""MultiPoint"",""coordinates"":[]}"
20260505T00,2026-05-05,2026-05-05 00:00,20.249102,85.800575,5,4300.7058823529405,0.0011946405228758167,00:00,"{""type"":""MultiPoint"",""coordinates"":[]}"
20260505T01,2026-05-05,2026-05-05 01:00,20.249102,85.800575,5,246205.3794117647,0.06839038316993463,01:00,"{""type"":""MultiPoint"",""coordinates"":[]}"
20260505T02,2026-05-05,2026-05-05 02:00,20.249102,85.800575,5,698006.0558823529,0.19389057107843136,02:00,"{""type"":""MultiPoint"",""coordinates"":[]}"
20260505T03,2026-05-05,2026-05-05 03:00,20.249102,85.800575,5,1541253.7882352942,0.4281260522875817,03:00,"{""type"":""MultiPoint"",""coordinates"":[]}"
20260505T04,2026-05-05,2026-05-05 04:00,20.249102,85.800575,5,2184334.2588235294,0.6067595163398692,04:00,"{""type"":""MultiPoint"",""coordinates"":[]}"
20260505T05,2026-05-05,2026-05-05 05:00,20.249102,85.800575,5,2711711.5999999996,0.7532532222222221,05:00,"{""type"":""MultiPoint"",""coordinates"":[]}"
20260505T06,2026-05-05,2026-05-05 06:00,20.249102,85.800575,5,2998017.8117647055,0.8327827254901959,06:00,"{""type"":""MultiPoint"",""coordinates"":[]}"
20260505T07,2026-05-05,2026-05-05 07:00,20.249102,85.800575,5,3026050.470588235,0.8405695751633987,07:00,"{""type"":""MultiPoint"",""coordinates"":[]}"
20260505T08,2026-05-05,2026-05-05 08:00,20.249102,85.800575,5,2966266.3294117646,0.8239628692810458,08:00,"{""type"":""MultiPoint"",""coordinates"":[]}"
20260505T09,2026-05-05,2026-05-05 09:00,20.249102,85.800575,5,2635046.0235294118,0.7319572287581699,09:00,"{""type"":""MultiPoint"",""coordinates"":[]}"
20260505T10,2026-05-05,2026-05-05 10:00,20.249102,85.800575,5,1789063.2470588235,0.4969620130718954,10:00,"{""type"":""MultiPoint"",""coordinates"":[]}"
20260505T11,2026-05-05,2026-05-05 11:00,20.249102,85.800575,5,817352.7529411764,0.227042431372549,11:00,"{""type"":""MultiPoint"",""coordinates"":[]}"
20260505T12,2026-05-05,2026-05-05 12:00,20.249102,85.800575,5,471088.77647058823,0.13085799346405227,12:00,"{""type"":""MultiPoint"",""coordinates"":[]}"
20260505T13,2026-05-05,2026-05-05 13:00,20.249102,85.800575,5,61990.49411764705,0.017219581699346405,13:00,"{""type"":""MultiPoint"",""coordinates"":[]}"
20260505T14,2026-05-05,2026-05-05 14:00,20.249102,85.800575,5,0.0,0.0,14:00,"{""type"":""MultiPoint"",""coordinates"":[]}"
20260505T15,2026-05-05,2026-05-05 15:00,20.249102,85.800575,5,0.0,0.0,15:00,"{""type"":""MultiPoint"",""coordinates"":[]}"
20260505T16,2026-05-05,2026-05-05 16:00,20.249102,85.800575,5,0.0,0.0,16:00,"{""type"":""MultiPoint"",""coordinates"":[]}"
20260505T17,2026-05-05,2026-05-05 17:00,20.249102,85.800575,5,0.0,0.0,17:00,"{""type"":""MultiPoint"",""coordinates"":[]}"
20260505T18,2026-05-05,2026-05-05 18:00,20.249102,85.800575,5,0.0,0.0,18:00,"{""type"":""MultiPoint"",""coordinates"":[]}"
20260505T19,2026-05-05,2026-05-05 19:00,20.249102,85.800575,5,0.0,0.0,19:00,"{""type"":""MultiPoint"",""coordinates"":[]}"
20260505T20,2026-05-05,2026-05-05 20:00,20.249102,85.800575,5,0.0,0.0,20:00,"{""type"":""MultiPoint"",""coordinates"":[]}"
20260505T21,2026-05-05,2026-05-05 21:00,20.249102,85.800575,5,0.0,0.0,21:00,"{""type"":""MultiPoint"",""coordinates"":[]}"
20260505T22,2026-05-05,2026-05-05 22:00,20.249102,85.800575,5,0.0,0.0,22:00,"{""type"":""MultiPoint"",""coordinates"":[]}"
20260505T23,2026-05-05,2026-05-05 23:00,20.249102,85.800575,5,0.0,0.0,23:00,"{""type"":""MultiPoint"",""coordinates"":[]}"
20260506T00,2026-05-06,2026-05-06 00:00,20.249102,85.800575,5,4707.199999999999,0.0013075555555555553,00:00,"{""type"":""MultiPoint"",""coordinates"":[]}"
20260506T01,2026-05-06,2026-05-06 01:00,20.249102,85.800575,5,258797.5882352941,0.07188821895424836,01:00,"{""type"":""MultiPoint"",""coordinates"":[]}"
20260506T02,2026-05-06,2026-05-06 02:00,20.249102,85.800575,5,957522.6529411764,0.26597851470588235,02:00,"{""type"":""MultiPoint"",""coordinates"":[]}"
20260506T03,2026-05-06,2026-05-06 03:00,20.249102,85.800575,5,1618078.4999999998,0.44946624999999996,03:00,"{""type"":""MultiPoint"",""coordinates"":[]}"
20260506T04,2026-05-06,2026-05-06 04:00,20.249102,85.800575,5,2329053.788235294,0.646959385620915,04:00,"{""type"":""MultiPoint"",""coordinates"":[]}"
20260506T05,2026-05-06,2026-05-06 05:00,20.249102,85.800575,5,2927777.9058823525,0.8132716405228757,05:00,"{""type"":""MultiPoint"",""coordinates"":[]}"
20260506T06,2026-05-06,2026-05-06 06:00,20.249102,85.800575,5,3327857.470588235,0.9244048529411765,06:00,"{""type"":""MultiPoint"",""coordinates"":[]}"
20260506T07,2026-05-06,2026-05-06 07:00,20.249102,85.800575,5,3132003.8352941177,0.8700010653594772,07:00,"{""type"":""MultiPoint"",""coordinates"":[]}"
20260506T08,2026-05-06,2026-05-06 08:00,20.249102,85.800575,5,2933617.082352941,0.814893633986928,08:00,"{""type"":""MultiPoint"",""coordinates"":[]}"
20260506T09,2026-05-06,2026-05-06 09:00,20.249102,85.800575,5,2427174.2117647054,0.6742150588235293,09:00,"{""type"":""MultiPoint"",""coordinates"":[]}"
20260506T10,2026-05-06,2026-05-06 10:00,20.249102,85.800575,5,1910129.5999999999,0.5305915555555555,10:00,"{""type"":""MultiPoint"",""coordinates"":[]}"
20260506T11,2026-05-06,2026-05-06 11:00,20.249102,85.800575,5,858307.6235294116,0.23841878431372546,11:00,"{""type"":""MultiPoint"",""coordinates"":[]}"
20260506T12,2026-05-06,2026-05-06 12:00,20.249102,85.800575,5,444759.9764705881,0.1235444379084967,12:00,"{""type"":""MultiPoint"",""coordinates"":[]}"
20260506T13,2026-05-06,2026-05-06 13:00,20.249102,85.800575,5,50498.84705882353,0.014027457516339869,13:00,"{""type"":""MultiPoint"",""coordinates"":[]}"
20260506T14,2026-05-06,2026-05-06 14:00,20.249102,85.800575,5,0.0,0.0,14:00,"{""type"":""MultiPoint"",""coordinates"":[]}"
20260506T15,2026-05-06,2026-05-06 15:00,20.249102,85.800575,5,0.0,0.0,15:00,"{""type"":""MultiPoint"",""coordinates"":[]}"
20260506T16,2026-05-06,2026-05-06 16:00,20.249102,85.800575,5,0.0,0.0,16:00,"{""type"":""MultiPoint"",""coordinates"":[]}"
20260506T17,2026-05-06,2026-05-06 17:00,20.249102,85.800575,5,0.0,0.0,17:00,"{""type"":""MultiPoint"",""coordinates"":[]}"
20260506T18,2026-05-06,2026-05-06 18:00,20.249102,85.800575,5,0.0,0.0,18:00,"{""type"":""MultiPoint"",""coordinates"":[]}"
20260506T19,2026-05-06,2026-05-06 19:00,20.249102,85.800575,5,0.0,0.0,19:00,"{""type"":""MultiPoint"",""coordinates"":[]}"
20260506T20,2026-05-06,2026-05-06 20:00,20.249102,85.800575,5,0.0,0.0,20:00,"{""type"":""MultiPoint"",""coordinates"":[]}"
20260506T21,2026-05-06,2026-05-06 21:00,20.249102,85.800575,5,0.0,0.0,21:00,"{""type"":""MultiPoint"",""coordinates"":[]}"
20260506T22,2026-05-06,2026-05-06 22:00,20.249102,85.800575,5,0.0,0.0,22:00,"{""type"":""MultiPoint"",""coordinates"":[]}"
20260506T23,2026-05-06,2026-05-06 23:00,20.249102,85.800575,5,0.0,0.0,23:00,"{""type"":""MultiPoint"",""coordinates"":[]}"
20260507T00,2026-05-07,2026-05-07 00:00,20.249102,85.800575,5,5627.788235294117,0.0015632745098039214,00:00,"{""type"":""MultiPoint"",""coordinates"":[]}"
20260507T01,2026-05-07,2026-05-07 01:00,20.249102,85.800575,5,318137.6088235294,0.08837155800653594,01:00,"{""type"":""MultiPoint"",""coordinates"":[]}"
20260507T02,2026-05-07,2026-05-07 02:00,20.249102,85.800575,5,1015195.6147058824,0.28199878186274513,02:00,"{""type"":""MultiPoint"",""coordinates"":[]}"
20260507T03,2026-05-07,2026-05-07 03:00,20.249102,85.800575,5,1741238.0,0.4836772222222222,03:00,"{""type"":""MultiPoint"",""coordinates"":[]}"
20260507T04,2026-05-07,2026-05-07 04:00,20.249102,85.800575,5,2531453.647058823,0.7031815686274508,04:00,"{""type"":""MultiPoint"",""coordinates"":[]}"
20260507T05,2026-05-07,2026-05-07 05:00,20.249102,85.800575,5,3070893.835294117,0.853026065359477,05:00,"{""type"":""MultiPoint"",""coordinates"":[]}"
20260507T06,2026-05-07,2026-05-07 06:00,20.249102,85.800575,5,3359040.7999999993,0.9330668888888887,06:00,"{""type"":""MultiPoint"",""coordinates"":[]}"
20260507T07,2026-05-07,2026-05-07 07:00,20.249102,85.800575,5,3340785.4352941173,0.9279959542483659,07:00,"{""type"":""MultiPoint"",""coordinates"":[]}"
20260507T08,2026-05-07,2026-05-07 08:00,20.249102,85.800575,5,3226338.0235294113,0.8962050065359476,08:00,"{""type"":""MultiPoint"",""coordinates"":[]}"
20260507T09,2026-05-07,2026-05-07 09:00,20.249102,85.800575,5,2741146.588235294,0.7614296078431372,09:00,"{""type"":""MultiPoint"",""coordinates"":[]}"
20260507T10,2026-05-07,2026-05-07 10:00,20.249102,85.800575,5,2178902.894117647,0.6052508039215686,10:00,"{""type"":""MultiPoint"",""coordinates"":[]}"
20260507T11,2026-05-07,2026-05-07 11:00,20.249102,85.800575,5,1405357.2705882352,0.3903770196078431,11:00,"{""type"":""MultiPoint"",""coordinates"":[]}"
20260507T12,2026-05-07,2026-05-07 12:00,20.249102,85.800575,5,576427.4352941175,0.16011873202614377,12:00,"{""type"":""MultiPoint"",""coordinates"":[]}"
20260507T13,2026-05-07,2026-05-07 13:00,20.249102,85.800575,5,81203.08235294116,0.022556411764705877,13:00,"{""type"":""MultiPoint"",""coordinates"":[]}"
20260507T14,2026-05-07,2026-05-07 14:00,20.249102,85.800575,5,0.0,0.0,14:00,"{""type"":""MultiPoint"",""coordinates"":[]}"
20260507T15,2026-05-07,2026-05-07 15:00,20.249102,85.800575,5,0.0,0.0,15:00,"{""type"":""MultiPoint"",""coordinates"":[]}"
20260507T16,2026-05-07,2026-05-07 16:00,20.249102,85.800575,5,0.0,0.0,16:00,"{""type"":""MultiPoint"",""coordinates"":[]}"
20260507T17,2026-05-07,2026-05-07 17:00,20.249102,85.800575,5,0.0,0.0,17:00,"{""type"":""MultiPoint"",""coordinates"":[]}"
20260507T18,2026-05-07,2026-05-07 18:00,20.249102,85.800575,5,0.0,0.0,18:00,"{""type"":""MultiPoint"",""coordinates"":[]}"
20260507T19,2026-05-07,2026-05-07 19:00,20.249102,85.800575,5,0.0,0.0,19:00,"{""type"":""MultiPoint"",""coordinates"":[]}"
20260507T20,2026-05-07,2026-05-07 20:00,20.249102,85.800575,5,0.0,0.0,20:00,"{""type"":""MultiPoint"",""coordinates"":[]}"
20260507T21,2026-05-07,2026-05-07 21:00,20.249102,85.800575,5,0.0,0.0,21:00,"{""type"":""MultiPoint"",""coordinates"":[]}"
20260507T22,2026-05-07,2026-05-07 22:00,20.249102,85.800575,5,0.0,0.0,22:00,"{""type"":""MultiPoint"",""coordinates"":[]}"
20260507T23,2026-05-07,2026-05-07 23:00,20.249102,85.800575,5,0.0,0.0,23:00,"{""type"":""MultiPoint"",""coordinates"":[]}"
20260508T00,2026-05-08,2026-05-08 00:00,20.249102,85.800575,5,5732.470588235294,0.0015923529411764705,00:00,"{""type"":""MultiPoint"",""coordinates"":[]}"
20260508T01,2026-05-08,2026-05-08 01:00,20.249102,85.800575,5,273606.4411764706,0.07600178921568627,01:00,"{""type"":""MultiPoint"",""coordinates"":[]}"
20260508T02,2026-05-08,2026-05-08 02:00,20.249102,85.800575,5,940664.8764705881,0.2612957990196078,02:00,"{""type"":""MultiPoint"",""coordinates"":[]}"
20260508T03,2026-05-08,2026-05-08 03:00,20.249102,85.800575,5,1701403.3529411764,0.4726120424836601,03:00,"{""type"":""MultiPoint"",""coordinates"":[]}"
20260508T04,2026-05-08,2026-05-08 04:00,20.249102,85.800575,5,2219607.176470588,0.6165575490196078,04:00,"{""type"":""MultiPoint"",""coordinates"":[]}"
20260508T05,2026-05-08,2026-05-08 05:00,20.249102,85.800575,5,2990480.8823529407,0.830689133986928,05:00,"{""type"":""MultiPoint"",""coordinates"":[]}"
20260508T06,2026-05-08,2026-05-08 06:00,20.249102,85.800575,5,3343557.2470588232,0.9287659019607842,06:00,"{""type"":""MultiPoint"",""coordinates"":[]}"
20260508T07,2026-05-08,2026-05-08 07:00,20.249102,85.800575,5,3342706.588235294,0.9285296078431372,07:00,"{""type"":""MultiPoint"",""coordinates"":[]}"
20260508T08,2026-05-08,2026-05-08 08:00,20.249102,85.800575,5,3114298.0705882353,0.8650827973856209,08:00,"{""type"":""MultiPoint"",""coordinates"":[]}"
20260508T09,2026-05-08,2026-05-08 09:00,20.249102,85.800575,5,2596654.4,0.7212928888888889,09:00,"{""type"":""MultiPoint"",""coordinates"":[]}"
20260508T10,2026-05-08,2026-05-08 10:00,20.249102,85.800575,5,1989253.388235294,0.552570385620915,10:00,"{""type"":""MultiPoint"",""coordinates"":[]}"
20260508T11,2026-05-08,2026-05-08 11:00,20.249102,85.800575,5,1300815.0588235292,0.3613375163398692,11:00,"{""type"":""MultiPoint"",""coordinates"":[]}"
20260508T12,2026-05-08,2026-05-08 12:00,20.249102,85.800575,5,491655.7176470588,0.13657103267973855,12:00,"{""type"":""MultiPoint"",""coordinates"":[]}"
20260508T13,2026-05-08,2026-05-08 13:00,20.249102,85.800575,5,78875.85882352942,0.021909960784313728,13:00,"{""type"":""MultiPoint"",""coordinates"":[]}"
20260508T14,2026-05-08,2026-05-08 14:00,20.249102,85.800575,5,0.0,0.0,14:00,"{""type"":""MultiPoint"",""coordinates"":[]}"
20260508T15,2026-05-08,2026-05-08 15:00,20.249102,85.800575,5,0.0,0.0,15:00,"{""type"":""MultiPoint"",""coordinates"":[]}"
20260508T16,2026-05-08,2026-05-08 16:00,20.249102,85.800575,5,0.0,0.0,16:00,"{""type"":""MultiPoint"",""coordinates"":[]}"
20260508T17,2026-05-08,2026-05-08 17:00,20.249102,85.800575,5,0.0,0.0,17:00,"{""type"":""MultiPoint"",""coordinates"":[]}"
20260508T18,2026-05-08,2026-05-08 18:00,20.249102,85.800575,5,0.0,0.0,18:00,"{""type"":""MultiPoint"",""coordinates"":[]}"
20260508T19,2026-05-08,2026-05-08 19:00,20.249102,85.800575,5,0.0,0.0,19:00,"{""type"":""MultiPoint"",""coordinates"":[]}"
20260508T20,2026-05-08,2026-05-08 20:00,20.249102,85.800575,5,0.0,0.0,20:00,"{""type"":""MultiPoint"",""coordinates"":[]}"
20260508T21,2026-05-08,2026-05-08 21:00,20.249102,85.800575,5,0.0,0.0,21:00,"{""type"":""MultiPoint"",""coordinates"":[]}"
20260508T22,2026-05-08,2026-05-08 22:00,20.249102,85.800575,5,0.0,0.0,22:00,"{""type"":""MultiPoint"",""coordinates"":[]}"
20260508T23,2026-05-08,2026-05-08 23:00,20.249102,85.800575,5,0.0,0.0,23:00,"{""type"":""MultiPoint"",""coordinates"":[]}"
20260509T00,2026-05-09,2026-05-09 00:00,20.249102,85.800575,5,6302.823529411764,0.00175078431372549,00:00,"{""type"":""MultiPoint"",""coordinates"":[]}"
20260509T01,2026-05-09,2026-05-09 01:00,20.249102,85.800575,5,310947.4264705882,0.08637428513071894,01:00,"{""type"":""MultiPoint"",""coordinates"":[]}"
20260509T02,2026-05-09,2026-05-09 02:00,20.249102,85.800575,5,1014638.1558823528,0.28184393218954246,02:00,"{""type"":""MultiPoint"",""coordinates"":[]}"
20260509T03,2026-05-09,2026-05-09 03:00,20.249102,85.800575,5,1739327.1352941173,0.48314642647058814,03:00,"{""type"":""MultiPoint"",""coordinates"":[]}"
20260509T04,2026-05-09,2026-05-09 04:00,20.249102,85.800575,5,2496293.0117647056,0.693414725490196,04:00,"{""type"":""MultiPoint"",""coordinates"":[]}"
20260509T05,2026-05-09,2026-05-09 05:00,20.249102,85.800575,5,3023898.1058823527,0.8399716960784313,05:00,"{""type"":""MultiPoint"",""coordinates"":[]}"
20260509T06,2026-05-09,2026-05-09 06:00,20.249102,85.800575,5,3317099.388235294,0.9214164967320261,06:00,"{""type"":""MultiPoint"",""coordinates"":[]}"
20260509T07,2026-05-09,2026-05-09 07:00,20.249102,85.800575,5,3436107.5764705883,0.9544743267973856,07:00,"{""type"":""MultiPoint"",""coordinates"":[]}"
20260509T08,2026-05-09,2026-05-09 08:00,20.249102,85.800575,5,3164544.2117647054,0.8790400588235293,08:00,"{""type"":""MultiPoint"",""coordinates"":[]}"
20260509T09,2026-05-09,2026-05-09 09:00,20.249102,85.800575,5,2794502.282352941,0.7762506339869281,09:00,"{""type"":""MultiPoint"",""coordinates"":[]}"
20260509T10,2026-05-09,2026-05-09 10:00,20.249102,85.800575,5,2108542.6352941175,0.5857062875816993,10:00,"{""type"":""MultiPoint"",""coordinates"":[]}"
20260509T11,2026-05-09,2026-05-09 11:00,20.249102,85.800575,5,1266184.094117647,0.3517178039215686,11:00,"{""type"":""MultiPoint"",""coordinates"":[]}"
20260509T12,2026-05-09,2026-05-09 12:00,20.249102,85.800575,5,511010.8,0.14194744444444443,12:00,"{""type"":""MultiPoint"",""coordinates"":[]}"
20260509T13,2026-05-09,2026-05-09 13:00,20.249102,85.800575,5,71513.22352941176,0.019864784313725486,13:00,"{""type"":""MultiPoint"",""coordinates"":[]}"
20260509T14,2026-05-09,2026-05-09 14:00,20.249102,85.800575,5,0.0,0.0,14:00,"{""type"":""MultiPoint"",""coordinates"":[]}"
20260509T15,2026-05-09,2026-05-09 15:00,20.249102,85.800575,5,0.0,0.0,15:00,"{""type"":""MultiPoint"",""coordinates"":[]}"
20260509T16,2026-05-09,2026-05-09 16:00,20.249102,85.800575,5,0.0,0.0,16:00,"{""type"":""MultiPoint"",""coordinates"":[]}"
20260509T17,2026-05-09,2026-05-09 17:00,20.249102,85.800575,5,0.0,0.0,17:00,"{""type"":""MultiPoint"",""coordinates"":[]}"
20260509T18,2026-05-09,2026-05-09 18:00,20.249102,85.800575,5,0.0,0.0,18:00,"{""type"":""MultiPoint"",""coordinates"":[]}"
20260509T19,2026-05-09,2026-05-09 19:00,20.249102,85.800575,5,0.0,0.0,19:00,"{""type"":""MultiPoint"",""coordinates"":[]}"
20260509T20,2026-05-09,2026-05-09 20:00,20.249102,85.800575,5,0.0,0.0,20:00,"{""type"":""MultiPoint"",""coordinates"":[]}"
20260509T21,2026-05-09,2026-05-09 21:00,20.249102,85.800575,5,0.0,0.0,21:00,"{""type"":""MultiPoint"",""coordinates"":[]}"
20260509T22,2026-05-09,2026-05-09 22:00,20.249102,85.800575,5,0.0,0.0,22:00,"{""type"":""MultiPoint"",""coordinates"":[]}"
20260509T23,2026-05-09,2026-05-09 23:00,20.249102,85.800575,5,0.0,0.0,23:00,"{""type"":""MultiPoint"",""coordinates"":[]}"
20260510T00,2026-05-10,2026-05-10 00:00,20.249102,85.800575,5,7426.823529411765,0.0020630065359477125,00:00,"{""type"":""MultiPoint"",""coordinates"":[]}"
20260510T01,2026-05-10,2026-05-10 01:00,20.249102,85.800575,5,343137.8617647058,0.09531607271241828,01:00,"{""type"":""MultiPoint"",""coordinates"":[]}"
20260510T02,2026-05-10,2026-05-10 02:00,20.249102,85.800575,5,1058408.5735294116,0.29400238153594765,02:00,"{""type"":""MultiPoint"",""coordinates"":[]}"
20260510T03,2026-05-10,2026-05-10 03:00,20.249102,85.800575,5,1737674.7176470587,0.48268742156862743,03:00,"{""type"":""MultiPoint"",""coordinates"":[]}"
20260510T04,2026-05-10,2026-05-10 04:00,20.249102,85.800575,5,2344724.188235294,0.6513122745098039,04:00,"{""type"":""MultiPoint"",""coordinates"":[]}"
20260510T05,2026-05-10,2026-05-10 05:00,20.249102,85.800575,5,2999531.2470588232,0.8332031241830065,05:00,"{""type"":""MultiPoint"",""coordinates"":[]}"
20260510T06,2026-05-10,2026-05-10 06:00,20.249102,85.800575,5,3237540.94117647,0.899316928104575,06:00,"{""type"":""MultiPoint"",""coordinates"":[]}"
20260510T07,2026-05-10,2026-05-10 07:00,20.249102,85.800575,5,3125929.435294118,0.8683137320261438,07:00,"{""type"":""MultiPoint"",""coordinates"":[]}"
20260510T08,2026-05-10,2026-05-10 08:00,20.249102,85.800575,5,2636560.870588235,0.7323780196078431,08:00,"{""type"":""MultiPoint"",""coordinates"":[]}"
20260510T09,2026-05-10,2026-05-10 09:00,20.249102,85.800575,5,2638868.8235294116,0.7330191176470587,09:00,"{""type"":""MultiPoint"",""coordinates"":[]}"
20260510T10,2026-05-10,2026-05-10 10:00,20.249102,85.800575,5,1970947.6705882354,0.5474854640522876,10:00,"{""type"":""MultiPoint"",""coordinates"":[]}"
20260510T11,2026-05-10,2026-05-10 11:00,20.249102,85.800575,5,1139317.7411764704,0.31647715032679735,11:00,"{""type"":""MultiPoint"",""coordinates"":[]}"
20260510T12,2026-05-10,2026-05-10 12:00,20.249102,85.800575,5,522700.5647058823,0.14519460130718953,12:00,"{""type"":""MultiPoint"",""coordinates"":[]}"
20260510T13,2026-05-10,2026-05-10 13:00,20.249102,85.800575,5,72873.9294117647,0.020242758169934635,13:00,"{""type"":""MultiPoint"",""coordinates"":[]}"
20260510T14,2026-05-10,2026-05-10 14:00,20.249102,85.800575,5,0.0,0.0,14:00,"{""type"":""MultiPoint"",""coordinates"":[]}"
20260510T15,2026-05-10,2026-05-10 15:00,20.249102,85.800575,5,0.0,0.0,15:00,"{""type"":""MultiPoint"",""coordinates"":[]}"
20260510T16,2026-05-10,2026-05-10 16:00,20.249102,85.800575,5,0.0,0.0,16:00,"{""type"":""MultiPoint"",""coordinates"":[]}"
20260510T17,2026-05-10,2026-05-10 17:00,20.249102,85.800575,5,0.0,0.0,17:00,"{""type"":""MultiPoint"",""coordinates"":[]}"
20260510T18,2026-05-10,2026-05-10 18:00,20.249102,85.800575,5,0.0,0.0,18:00,"{""type"":""MultiPoint"",""coordinates"":[]}"
20260510T19,2026-05-10,2026-05-10 19:00,20.249102,85.800575,5,0.0,0.0,19:00,"{""type"":""MultiPoint"",""coordinates"":[]}"
20260510T20,2026-05-10,2026-05-10 20:00,20.249102,85.800575,5,0.0,0.0,20:00,"{""type"":""MultiPoint"",""coordinates"":[]}"
20260510T21,2026-05-10,2026-05-10 21:00,20.249102,85.800575,5,0.0,0.0,21:00,"{""type"":""MultiPoint"",""coordinates"":[]}"
20260510T22,2026-05-10,2026-05-10 22:00,20.249102,85.800575,5,0.0,0.0,22:00,"{""type"":""MultiPoint"",""coordinates"":[]}"
20260510T23,2026-05-10,2026-05-10 23:00,20.249102,85.800575,5,0.0,0.0,23:00,"{""type"":""MultiPoint"",""coordinates"":[]}"
20260511T00,2026-05-11,2026-05-11 00:00,20.249102,85.800575,5,7426.541176470588,0.002062928104575163,00:00,"{""type"":""MultiPoint"",""coordinates"":[]}"
20260511T01,2026-05-11,2026-05-11 01:00,20.249102,85.800575,5,321450.8588235294,0.08929190522875816,01:00,"{""type"":""MultiPoint"",""coordinates"":[]}"
20260511T02,2026-05-11,2026-05-11 02:00,20.249102,85.800575,5,1002454.9529411765,0.2784597091503268,02:00,"{""type"":""MultiPoint"",""coordinates"":[]}"
20260511T03,2026-05-11,2026-05-11 03:00,20.249102,85.800575,5,1572983.482352941,0.43693985620915027,03:00,"{""type"":""MultiPoint"",""coordinates"":[]}"
20260511T04,2026-05-11,2026-05-11 04:00,20.249102,85.800575,5,2144541.235294117,0.5957058986928103,04:00,"{""type"":""MultiPoint"",""coordinates"":[]}"
20260511T05,2026-05-11,2026-05-11 05:00,20.249102,85.800575,5,2806747.682352941,0.779652133986928,05:00,"{""type"":""MultiPoint"",""coordinates"":[]}"
20260511T06,2026-05-11,2026-05-11 06:00,20.249102,85.800575,5,3028603.0588235287,0.8412786274509801,06:00,"{""type"":""MultiPoint"",""coordinates"":[]}"
20260511T07,2026-05-11,2026-05-11 07:00,20.249102,85.800575,5,3362464.282352941,0.9340178562091503,07:00,"{""type"":""MultiPoint"",""coordinates"":[]}"
20260511T08,2026-05-11,2026-05-11 08:00,20.249102,85.800575,5,2708536.117647059,0.7523711437908497,08:00,"{""type"":""MultiPoint"",""coordinates"":[]}"
20260511T09,2026-05-11,2026-05-11 09:00,20.249102,85.800575,5,2530643.3411764703,0.7029564836601306,09:00,"{""type"":""MultiPoint"",""coordinates"":[]}"
20260511T10,2026-05-11,2026-05-11 10:00,20.249102,85.800575,5,1949233.5294117648,0.5414537581699347,10:00,"{""type"":""MultiPoint"",""coordinates"":[]}"
20260511T11,2026-05-11,2026-05-11 11:00,20.249102,85.800575,5,1288707.9294117645,0.35797442483660125,11:00,"{""type"":""MultiPoint"",""coordinates"":[]}"
20260511T12,2026-05-11,2026-05-11 12:00,20.249102,85.800575,5,395752.35294117645,0.1099312091503268,12:00,"{""type"":""MultiPoint"",""coordinates"":[]}"
20260511T13,2026-05-11,2026-05-11 13:00,20.249102,85.800575,5,78383.2,0.02177311111111111,13:00,"{""type"":""MultiPoint"",""coordinates"":[]}"
20260511T14,2026-05-11,2026-05-11 14:00,20.249102,85.800575,5,0.0,0.0,14:00,"{""type"":""MultiPoint"",""coordinates"":[]}"
20260511T15,2026-05-11,2026-05-11 15:00,20.249102,85.800575,5,0.0,0.0,15:00,"{""type"":""MultiPoint"",""coordinates"":[]}"
20260511T16,2026-05-11,2026-05-11 16:00,20.249102,85.800575,5,0.0,0.0,16:00,"{""type"":""MultiPoint"",""coordinates"":[]}"
20260511T17,2026-05-11,2026-05-11 17:00,20.249102,85.800575,5,0.0,0.0,17:00,"{""type"":""MultiPoint"",""coordinates"":[]}"
20260511T18,2026-05-11,2026-05-11 18:00,20.249102,85.800575,5,0.0,0.0,18:00,"{""type"":""MultiPoint"",""coordinates"":[]}"
20260511T19,2026-05-11,2026-05-11 19:00,20.249102,85.800575,5,0.0,0.0,19:00,"{""type"":""MultiPoint"",""coordinates"":[]}"
20260511T20,2026-05-11,2026-05-11 20:00,20.249102,85.800575,5,0.0,0.0,20:00,"{""type"":""MultiPoint"",""coordinates"":[]}"
20260511T21,2026-05-11,2026-05-11 21:00,20.249102,85.800575,5,0.0,0.0,21:00,"{""type"":""MultiPoint"",""coordinates"":[]}"
20260511T22,2026-05-11,2026-05-11 22:00,20.249102,85.800575,5,0.0,0.0,22:00,"{""type"":""MultiPoint"",""coordinates"":[]}"
20260511T23,2026-05-11,2026-05-11 23:00,20.249102,85.800575,5,0.0,0.0,23:00,"{""type"":""MultiPoint"",""coordinates"":[]}"
20260512T00,2026-05-12,2026-05-12 00:00,20.249102,85.800575,5,7771.905882352941,0.0021588627450980394,00:00,"{""type"":""MultiPoint"",""coordinates"":[]}"
20260512T01,2026-05-12,2026-05-12 01:00,20.249102,85.800575,5,324953.944117647,0.09026498447712417,01:00,"{""type"":""MultiPoint"",""coordinates"":[]}"
20260512T02,2026-05-12,2026-05-12 02:00,20.249102,85.800575,5,986601.0264705883,0.27405584068627453,02:00,"{""type"":""MultiPoint"",""coordinates"":[]}"
20260512T03,2026-05-12,2026-05-12 03:00,20.249102,85.800575,5,1563046.1235294116,0.43417947875816987,03:00,"{""type"":""MultiPoint"",""coordinates"":[]}"
20260512T04,2026-05-12,2026-05-12 04:00,20.249102,85.800575,5,2203540.176470588,0.6120944934640522,04:00,"{""type"":""MultiPoint"",""coordinates"":[]}"
20260512T05,2026-05-12,2026-05-12 05:00,20.249102,85.800575,5,2856310.905882353,0.7934196960784313,05:00,"{""type"":""MultiPoint"",""coordinates"":[]}"
20260512T06,2026-05-12,2026-05-12 06:00,20.249102,85.800575,5,3236803.4470588234,0.899112068627451,06:00,"{""type"":""MultiPoint"",""coordinates"":[]}"
20260512T07,2026-05-12,2026-05-12 07:00,20.249102,85.800575,5,3020625.388235294,0.8390626078431371,07:00,"{""type"":""MultiPoint"",""coordinates"":[]}"
20260512T08,2026-05-12,2026-05-12 08:00,20.249102,85.800575,5,3191505.788235294,0.8865293856209151,08:00,"{""type"":""MultiPoint"",""coordinates"":[]}"
20260512T09,2026-05-12,2026-05-12 09:00,20.249102,85.800575,5,2813313.5294117643,0.7814759803921567,09:00,"{""type"":""MultiPoint"",""coordinates"":[]}"
20260512T10,2026-05-12,2026-05-12 10:00,20.249102,85.800575,5,2121692.0470588235,0.5893589019607843,10:00,"{""type"":""MultiPoint"",""coordinates"":[]}"
20260512T11,2026-05-12,2026-05-12 11:00,20.249102,85.800575,5,1308122.7529411763,0.36336743137254895,11:00,"{""type"":""MultiPoint"",""coordinates"":[]}"
20260512T12,2026-05-12,2026-05-12 12:00,20.249102,85.800575,5,643395.9294117646,0.17872109150326795,12:00,"{""type"":""MultiPoint"",""coordinates"":[]}"
20260512T13,2026-05-12,2026-05-12 13:00,20.249102,85.800575,5,83756.04705882352,0.023265568627450977,13:00,"{""type"":""MultiPoint"",""coordinates"":[]}"
20260512T14,2026-05-12,2026-05-12 14:00,20.249102,85.800575,5,0.0,0.0,14:00,"{""type"":""MultiPoint"",""coordinates"":[]}"
20260512T15,2026-05-12,2026-05-12 15:00,20.249102,85.800575,5,0.0,0.0,15:00,"{""type"":""MultiPoint"",""coordinates"":[]}"
20260512T16,2026-05-12,2026-05-12 16:00,20.249102,85.800575,5,0.0,0.0,16:00,"{""type"":""MultiPoint"",""coordinates"":[]}"
20260512T17,2026-05-12,2026-05-12 17:00,20.249102,85.800575,5,0.0,0.0,17:00,"{""type"":""MultiPoint"",""coordinates"":[]}"
20260512T18,2026-05-12,2026-05-12 18:00,20.249102,85.800575,5,0.0,0.0,18:00,"{""type"":""MultiPoint"",""coordinates"":[]}"
20260512T19,2026-05-12,2026-05-12 19:00,20.249102,85.800575,5,0.0,0.0,19:00,"{""type"":""MultiPoint"",""coordinates"":[]}"
20260512T20,2026-05-12,2026-05-12 20:00,20.249102,85.800575,5,0.0,0.0,20:00,"{""type"":""MultiPoint"",""coordinates"":[]}"
20260512T21,2026-05-12,2026-05-12 21:00,20.249102,85.800575,5,0.0,0.0,21:00,"{""type"":""MultiPoint"",""coordinates"":[]}"
20260512T22,2026-05-12,2026-05-12 22:00,20.249102,85.800575,5,0.0,0.0,22:00,"{""type"":""MultiPoint"",""coordinates"":[]}"
20260512T23,2026-05-12,2026-05-12 23:00,20.249102,85.800575,5,0.0,0.0,23:00,"{""type"":""MultiPoint"",""coordinates"":[]}"
20260513T00,2026-05-13,2026-05-13 00:00,20.249102,85.800575,5,8496.61176470588,0.002360169934640522,00:00,"{""type"":""MultiPoint"",""coordinates"":[]}"
20260513T01,2026-05-13,2026-05-13 01:00,20.249102,85.800575,5,338075.0294117647,0.09390973039215686,01:00,"{""type"":""MultiPoint"",""coordinates"":[]}"
20260513T02,2026-05-13,2026-05-13 02:00,20.249102,85.800575,5,965223.7352941177,0.268117704248366,02:00,"{""type"":""MultiPoint"",""coordinates"":[]}"
20260513T03,2026-05-13,2026-05-13 03:00,20.249102,85.800575,5,1677897.8823529412,0.4660827450980392,03:00,"{""type"":""MultiPoint"",""coordinates"":[]}"
20260513T04,2026-05-13,2026-05-13 04:00,20.249102,85.800575,5,2497856.588235294,0.6938490522875816,04:00,"{""type"":""MultiPoint"",""coordinates"":[]}"
20260513T05,2026-05-13,2026-05-13 05:00,20.249102,85.800575,5,2981263.0235294113,0.8281286176470587,05:00,"{""type"":""MultiPoint"",""coordinates"":[]}"
20260513T06,2026-05-13,2026-05-13 06:00,20.249102,85.800575,5,3287212.1647058823,0.9131144901960784,06:00,"{""type"":""MultiPoint"",""coordinates"":[]}"
20260513T07,2026-05-13,2026-05-13 07:00,20.249102,85.800575,5,3454106.823529412,0.9594741176470589,07:00,"{""type"":""MultiPoint"",""coordinates"":[]}"
20260513T08,2026-05-13,2026-05-13 08:00,20.249102,85.800575,5,3234149.458823529,0.8983748496732025,08:00,"{""type"":""MultiPoint"",""coordinates"":[]}"
20260513T09,2026-05-13,2026-05-13 09:00,20.249102,85.800575,5,2656084.9176470586,0.7378013660130719,09:00,"{""type"":""MultiPoint"",""coordinates"":[]}"
20260513T10,2026-05-13,2026-05-13 10:00,20.249102,85.800575,5,2202211.4588235295,0.6117254052287582,10:00,"{""type"":""MultiPoint"",""coordinates"":[]}"
20260513T11,2026-05-13,2026-05-13 11:00,20.249102,85.800575,5,1422527.482352941,0.395146522875817,11:00,"{""type"":""MultiPoint"",""coordinates"":[]}"
20260513T12,2026-05-13,2026-05-13 12:00,20.249102,85.800575,5,644894.5176470588,0.1791373660130719,12:00,"{""type"":""MultiPoint"",""coordinates"":[]}"
20260513T13,2026-05-13,2026-05-13 13:00,20.249102,85.800575,5,91519.97647058823,0.025422215686274507,13:00,"{""type"":""MultiPoint"",""coordinates"":[]}"
20260513T14,2026-05-13,2026-05-13 14:00,20.249102,85.800575,5,0.0,0.0,14:00,"{""type"":""MultiPoint"",""coordinates"":[]}"
20260513T15,2026-05-13,2026-05-13 15:00,20.249102,85.800575,5,0.0,0.0,15:00,"{""type"":""MultiPoint"",""coordinates"":[]}"
20260513T16,2026-05-13,2026-05-13 16:00,20.249102,85.800575,5,0.0,0.0,16:00,"{""type"":""MultiPoint"",""coordinates"":[]}"
20260513T17,2026-05-13,2026-05-13 17:00,20.249102,85.800575,5,0.0,0.0,17:00,"{""type"":""MultiPoint"",""coordinates"":[]}"
20260513T18,2026-05-13,2026-05-13 18:00,20.249102,85.800575,5,0.0,0.0,18:00,"{""type"":""MultiPoint"",""coordinates"":[]}"
20260513T19,2026-05-13,2026-05-13 19:00,20.249102,85.800575,5,0.0,0.0,19:00,"{""type"":""MultiPoint"",""coordinates"":[]}"
20260513T20,2026-05-13,2026-05-13 20:00,20.249102,85.800575,5,0.0,0.0,20:00,"{""type"":""MultiPoint"",""coordinates"":[]}"
20260513T21,2026-05-13,2026-05-13 21:00,20.249102,85.800575,5,0.0,0.0,21:00,"{""type"":""MultiPoint"",""coordinates"":[]}"
20260513T22,2026-05-13,2026-05-13 22:00,20.249102,85.800575,5,0.0,0.0,22:00,"{""type"":""MultiPoint"",""coordinates"":[]}"
20260513T23,2026-05-13,2026-05-13 23:00,20.249102,85.800575,5,0.0,0.0,23:00,"{""type"":""MultiPoint"",""coordinates"":[]}"
20260514T00,2026-05-14,2026-05-14 00:00,20.249102,85.800575,5,9562.541176470588,0.0026562614379084964,00:00,"{""type"":""MultiPoint"",""coordinates"":[]}"
20260514T01,2026-05-14,2026-05-14 01:00,20.249102,85.800575,5,341183.0764705882,0.09477307679738561,01:00,"{""type"":""MultiPoint"",""coordinates"":[]}"
20260514T02,2026-05-14,2026-05-14 02:00,20.249102,85.800575,5,1014672.5117647056,0.281853475490196,02:00,"{""type"":""MultiPoint"",""coordinates"":[]}"
20260514T03,2026-05-14,2026-05-14 03:00,20.249102,85.800575,5,1749027.5999999996,0.4858409999999999,03:00,"{""type"":""MultiPoint"",""coordinates"":[]}"
20260514T04,2026-05-14,2026-05-14 04:00,20.249102,85.800575,5,2430599.647058823,0.6751665686274508,04:00,"{""type"":""MultiPoint"",""coordinates"":[]}"
20260514T05,2026-05-14,2026-05-14 05:00,20.249102,85.800575,5,2969811.447058823,0.8249476241830064,05:00,"{""type"":""MultiPoint"",""coordinates"":[]}"
20260514T06,2026-05-14,2026-05-14 06:00,20.249102,85.800575,5,3408356.376470588,0.946765660130719,06:00,"{""type"":""MultiPoint"",""coordinates"":[]}"
20260514T07,2026-05-14,2026-05-14 07:00,20.249102,85.800575,5,3441613.6470588236,0.9560037908496732,07:00,"{""type"":""MultiPoint"",""coordinates"":[]}"
20260514T08,2026-05-14,2026-05-14 08:00,20.249102,85.800575,5,3239154.8705882356,0.8997652418300655,08:00,"{""type"":""MultiPoint"",""coordinates"":[]}"
20260514T09,2026-05-14,2026-05-14 09:00,20.249102,85.800575,5,2791952.9411764704,0.7755424836601307,09:00,"{""type"":""MultiPoint"",""coordinates"":[]}"
20260514T10,2026-05-14,2026-05-14 10:00,20.249102,85.800575,5,2160338.6117647057,0.6000940588235294,10:00,"{""type"":""MultiPoint"",""coordinates"":[]}"
20260514T11,2026-05-14,2026-05-14 11:00,20.249102,85.800575,5,1332862.3294117646,0.3702395359477124,11:00,"{""type"":""MultiPoint"",""coordinates"":[]}"
20260514T12,2026-05-14,2026-05-14 12:00,20.249102,85.800575,5,571213.3176470587,0.15867036601307188,12:00,"{""type"":""MultiPoint"",""coordinates"":[]}"
20260514T13,2026-05-14,2026-05-14 13:00,20.249102,85.800575,5,83163.31764705882,0.02310092156862745,13:00,"{""type"":""MultiPoint"",""coordinates"":[]}"
20260514T14,2026-05-14,2026-05-14 14:00,20.249102,85.800575,5,0.0,0.0,14:00,"{""type"":""MultiPoint"",""coordinates"":[]}"
20260514T15,2026-05-14,2026-05-14 15:00,20.249102,85.800575,5,0.0,0.0,15:00,"{""type"":""MultiPoint"",""coordinates"":[]}"
20260514T16,2026-05-14,2026-05-14 16:00,20.249102,85.800575,5,0.0,0.0,16:00,"{""type"":""MultiPoint"",""coordinates"":[]}"
20260514T17,2026-05-14,2026-05-14 17:00,20.249102,85.800575,5,0.0,0.0,17:00,"{""type"":""MultiPoint"",""coordinates"":[]}"
20260514T18,2026-05-14,2026-05-14 18:00,20.249102,85.800575,5,0.0,0.0,18:00,"{""type"":""MultiPoint"",""coordinates"":[]}"
20260514T19,2026-05-14,2026-05-14 19:00,20.249102,85.800575,5,0.0,0.0,19:00,"{""type"":""MultiPoint"",""coordinates"":[]}"
20260514T20,2026-05-14,2026-05-14 20:00,20.249102,85.800575,5,0.0,0.0,20:00,"{""type"":""MultiPoint"",""coordinates"":[]}"
20260514T21,2026-05-14,2026-05-14 21:00,20.249102,85.800575,5,0.0,0.0,21:00,"{""type"":""MultiPoint"",""coordinates"":[]}"
20260514T22,2026-05-14,2026-05-14 22:00,20.249102,85.800575,5,0.0,0.0,22:00,"{""type"":""MultiPoint"",""coordinates"":[]}"
20260514T23,2026-05-14,2026-05-14 23:00,20.249102,85.800575,5,0.0,0.0,23:00,"{""type"":""MultiPoint"",""coordinates"":[]}"
20260515T00,2026-05-15,2026-05-15 00:00,20.249102,85.800575,5,9050.4,0.0025139999999999997,00:00,"{""type"":""MultiPoint"",""coordinates"":[]}"
20260515T01,2026-05-15,2026-05-15 01:00,20.249102,85.800575,5,334163.6470588235,0.09282323529411764,01:00,"{""type"":""MultiPoint"",""coordinates"":[]}"
20260515T02,2026-05-15,2026-05-15 02:00,20.249102,85.800575,5,1059107.2411764704,0.2941964558823529,02:00,"{""type"":""MultiPoint"",""coordinates"":[]}"
20260515T03,2026-05-15,2026-05-15 03:00,20.249102,85.800575,5,1839612.782352941,0.5110035506535947,03:00,"{""type"":""MultiPoint"",""coordinates"":[]}"
20260515T04,2026-05-15,2026-05-15 04:00,20.249102,85.800575,5,2562024.635294117,0.7116735098039214,04:00,"{""type"":""MultiPoint"",""coordinates"":[]}"
20260515T05,2026-05-15,2026-05-15 05:00,20.249102,85.800575,5,3089009.5999999996,0.8580582222222222,05:00,"{""type"":""MultiPoint"",""coordinates"":[]}"
20260515T06,2026-05-15,2026-05-15 06:00,20.249102,85.800575,5,3387241.34117647,0.9409003725490194,06:00,"{""type"":""MultiPoint"",""coordinates"":[]}"
20260515T07,2026-05-15,2026-05-15 07:00,20.249102,85.800575,5,3444660.5647058818,0.9568501568627449,07:00,"{""type"":""MultiPoint"",""coordinates"":[]}"
20260515T08,2026-05-15,2026-05-15 08:00,20.249102,85.800575,5,3245269.34117647,0.9014637058823527,08:00,"{""type"":""MultiPoint"",""coordinates"":[]}"
20260515T09,2026-05-15,2026-05-15 09:00,20.249102,85.800575,5,2733091.364705882,0.7591920457516339,09:00,"{""type"":""MultiPoint"",""coordinates"":[]}"
20260515T10,2026-05-15,2026-05-15 10:00,20.249102,85.800575,5,2052008.870588235,0.5700024640522875,10:00,"{""type"":""MultiPoint"",""coordinates"":[]}"
20260515T11,2026-05-15,2026-05-15 11:00,20.249102,85.800575,5,1237251.4117647058,0.34368094771241825,11:00,"{""type"":""MultiPoint"",""coordinates"":[]}"
20260515T12,2026-05-15,2026-05-15 12:00,20.249102,85.800575,5,659539.0117647059,0.18320528104575162,12:00,"{""type"":""MultiPoint"",""coordinates"":[]}"
20260515T13,2026-05-15,2026-05-15 13:00,20.249102,85.800575,5,78952.94117647059,0.02193137254901961,13:00,"{""type"":""MultiPoint"",""coordinates"":[]}"
20260515T14,2026-05-15,2026-05-15 14:00,20.249102,85.800575,5,0.0,0.0,14:00,"{""type"":""MultiPoint"",""coordinates"":[]}"
20260515T15,2026-05-15,2026-05-15 15:00,20.249102,85.800575,5,0.0,0.0,15:00,"{""type"":""MultiPoint"",""coordinates"":[]}"
20260515T16,2026-05-15,2026-05-15 16:00,20.249102,85.800575,5,0.0,0.0,16:00,"{""type"":""MultiPoint"",""coordinates"":[]}"
20260515T17,2026-05-15,2026-05-15 17:00,20.249102,85.800575,5,0.0,0.0,17:00,"{""type"":""MultiPoint"",""coordinates"":[]}"
20260515T18,2026-05-15,2026-05-15 18:00,20.249102,85.800575,5,0.0,0.0,18:00,"{""type"":""MultiPoint"",""coordinates"":[]}"
20260515T19,2026-05-15,2026-05-15 19:00,20.249102,85.800575,5,0.0,0.0,19:00,"{""type"":""MultiPoint"",""coordinates"":[]}"
20260515T20,2026-05-15,2026-05-15 20:00,20.249102,85.800575,5,0.0,0.0,20:00,"{""type"":""MultiPoint"",""coordinates"":[]}"
20260515T21,2026-05-15,2026-05-15 21:00,20.249102,85.800575,5,0.0,0.0,21:00,"{""type"":""MultiPoint"",""coordinates"":[]}"
20260515T22,2026-05-15,2026-05-15 22:00,20.249102,85.800575,5,0.0,0.0,22:00,"{""type"":""MultiPoint"",""coordinates"":[]}"
20260515T23,2026-05-15,2026-05-15 23:00,20.249102,85.800575,5,0.0,0.0,23:00,"{""type"":""MultiPoint"",""coordinates"":[]}"
20260516T00,2026-05-16,2026-05-16 00:00,20.249102,85.800575,5,8850.164705882351,0.0024583790849673198,00:00,"{""type"":""MultiPoint"",""coordinates"":[]}"
20260516T01,2026-05-16,2026-05-16 01:00,20.249102,85.800575,5,266928.63235294115,0.07414684232026143,01:00,"{""type"":""MultiPoint"",""coordinates"":[]}"
20260516T02,2026-05-16,2026-05-16 02:00,20.249102,85.800575,5,962244.4205882353,0.26729011683006537,02:00,"{""type"":""MultiPoint"",""coordinates"":[]}"
20260516T03,2026-05-16,2026-05-16 03:00,20.249102,85.800575,5,1736085.0294117648,0.482245841503268,03:00,"{""type"":""MultiPoint"",""coordinates"":[]}"
20260516T04,2026-05-16,2026-05-16 04:00,20.249102,85.800575,5,2284910.576470588,0.634697382352941,04:00,"{""type"":""MultiPoint"",""coordinates"":[]}"
20260516T05,2026-05-16,2026-05-16 05:00,20.249102,85.800575,5,2961579.082352941,0.8226608562091503,05:00,"{""type"":""MultiPoint"",""coordinates"":[]}"
20260516T06,2026-05-16,2026-05-16 06:00,20.249102,85.800575,5,3212953.435294117,0.8924870653594769,06:00,"{""type"":""MultiPoint"",""coordinates"":[]}"
20260516T07,2026-05-16,2026-05-16 07:00,20.249102,85.800575,5,3389712.423529411,0.9415867843137253,07:00,"{""type"":""MultiPoint"",""coordinates"":[]}"
20260516T08,2026-05-16,2026-05-16 08:00,20.249102,85.800575,5,3154794.752941176,0.8763318758169932,08:00,"{""type"":""MultiPoint"",""coordinates"":[]}"
20260516T09,2026-05-16,2026-05-16 09:00,20.249102,85.800575,5,2423462.964705882,0.673184156862745,09:00,"{""type"":""MultiPoint"",""coordinates"":[]}"
20260516T10,2026-05-16,2026-05-16 10:00,20.249102,85.800575,5,2085442.4000000001,0.5792895555555556,10:00,"{""type"":""MultiPoint"",""coordinates"":[]}"
20260516T11,2026-05-16,2026-05-16 11:00,20.249102,85.800575,5,1311949.576470588,0.3644304379084967,11:00,"{""type"":""MultiPoint"",""coordinates"":[]}"
20260516T12,2026-05-16,2026-05-16 12:00,20.249102,85.800575,5,638014.494117647,0.17722624836601303,12:00,"{""type"":""MultiPoint"",""coordinates"":[]}"
20260516T13,2026-05-16,2026-05-16 13:00,20.249102,85.800575,5,95133.83529411764,0.026426065359477124,13:00,"{""type"":""MultiPoint"",""coordinates"":[]}"
20260516T14,2026-05-16,2026-05-16 14:00,20.249102,85.800575,5,0.0,0.0,14:00,"{""type"":""MultiPoint"",""coordinates"":[]}"
20260516T15,2026-05-16,2026-05-16 15:00,20.249102,85.800575,5,0.0,0.0,15:00,"{""type"":""MultiPoint"",""coordinates"":[]}"
20260516T16,2026-05-16,2026-05-16 16:00,20.249102,85.800575,5,0.0,0.0,16:00,"{""type"":""MultiPoint"",""coordinates"":[]}"
20260516T17,2026-05-16,2026-05-16 17:00,20.249102,85.800575,5,0.0,0.0,17:00,"{""type"":""MultiPoint"",""coordinates"":[]}"
20260516T18,2026-05-16,2026-05-16 18:00,20.249102,85.800575,5,0.0,0.0,18:00,"{""type"":""MultiPoint"",""coordinates"":[]}"
20260516T19,2026-05-16,2026-05-16 19:00,20.249102,85.800575,5,0.0,0.0,19:00,"{""type"":""MultiPoint"",""coordinates"":[]}"
20260516T20,2026-05-16,2026-05-16 20:00,20.249102,85.800575,5,0.0,0.0,20:00,"{""type"":""MultiPoint"",""coordinates"":[]}"
20260516T21,2026-05-16,2026-05-16 21:00,20.249102,85.800575,5,0.0,0.0,21:00,"{""type"":""MultiPoint"",""coordinates"":[]}"
20260516T22,2026-05-16,2026-05-16 22:00,20.249102,85.800575,5,0.0,0.0,22:00,"{""type"":""MultiPoint"",""coordinates"":[]}"
20260516T23,2026-05-16,2026-05-16 23:00,20.249102,85.800575,5,0.0,0.0,23:00,"{""type"":""MultiPoint"",""coordinates"":[]}"
20260517T00,2026-05-17,2026-05-17 00:00,20.249102,85.800575,5,9895.388235294116,0.0027487189542483655,00:00,"{""type"":""MultiPoint"",""coordinates"":[]}"
20260517T01,2026-05-17,2026-05-17 01:00,20.249102,85.800575,5,350703.3088235294,0.09741758578431373,01:00,"{""type"":""MultiPoint"",""coordinates"":[]}"
20260517T02,2026-05-17,2026-05-17 02:00,20.249102,85.800575,5,1020139.2147058824,0.2833720040849673,02:00,"{""type"":""MultiPoint"",""coordinates"":[]}"
20260517T03,2026-05-17,2026-05-17 03:00,20.249102,85.800575,5,1717901.594117647,0.47719488725490194,03:00,"{""type"":""MultiPoint"",""coordinates"":[]}"
20260517T04,2026-05-17,2026-05-17 04:00,20.249102,85.800575,5,2510871.529411765,0.6974643137254902,04:00,"{""type"":""MultiPoint"",""coordinates"":[]}"
20260517T05,2026-05-17,2026-05-17 05:00,20.249102,85.800575,5,2973724.7294117645,0.8260346470588235,05:00,"{""type"":""MultiPoint"",""coordinates"":[]}"
20260517T06,2026-05-17,2026-05-17 06:00,20.249102,85.800575,5,3370850.4470588234,0.9363473464052288,06:00,"{""type"":""MultiPoint"",""coordinates"":[]}"
20260517T07,2026-05-17,2026-05-17 07:00,20.249102,85.800575,5,3227351.647058823,0.8964865686274509,07:00,"{""type"":""MultiPoint"",""coordinates"":[]}"
20260517T08,2026-05-17,2026-05-17 08:00,20.249102,85.800575,5,3098578.5411764705,0.8607162614379085,08:00,"{""type"":""MultiPoint"",""coordinates"":[]}"
20260517T09,2026-05-17,2026-05-17 09:00,20.249102,85.800575,5,2812528.894117647,0.7812580261437908,09:00,"{""type"":""MultiPoint"",""coordinates"":[]}"
20260517T10,2026-05-17,2026-05-17 10:00,20.249102,85.800575,5,2153672.8470588233,0.5982424575163399,10:00,"{""type"":""MultiPoint"",""coordinates"":[]}"
20260517T11,2026-05-17,2026-05-17 11:00,20.249102,85.800575,5,1425024.0235294115,0.39584000653594764,11:00,"{""type"":""MultiPoint"",""coordinates"":[]}"
20260517T12,2026-05-17,2026-05-17 12:00,20.249102,85.800575,5,664485.5058823529,0.1845793071895425,12:00,"{""type"":""MultiPoint"",""coordinates"":[]}"
20260517T13,2026-05-17,2026-05-17 13:00,20.249102,85.800575,5,84280.75294117647,0.02341132026143791,13:00,"{""type"":""MultiPoint"",""coordinates"":[]}"
20260517T14,2026-05-17,2026-05-17 14:00,20.249102,85.800575,5,0.0,0.0,14:00,"{""type"":""MultiPoint"",""coordinates"":[]}"
20260517T15,2026-05-17,2026-05-17 15:00,20.249102,85.800575,5,0.0,0.0,15:00,"{""type"":""MultiPoint"",""coordinates"":[]}"
20260517T16,2026-05-17,2026-05-17 16:00,20.249102,85.800575,5,0.0,0.0,16:00,"{""type"":""MultiPoint"",""coordinates"":[]}"
20260517T17,2026-05-17,2026-05-17 17:00,20.249102,85.800575,5,0.0,0.0,17:00,"{""type"":""MultiPoint"",""coordinates"":[]}"
20260517T18,2026-05-17,2026-05-17 18:00,20.249102,85.800575,5,0.0,0.0,18:00,"{""type"":""MultiPoint"",""coordinates"":[]}"
20260517T19,2026-05-17,2026-05-17 19:00,20.249102,85.800575,5,0.0,0.0,19:00,"{""type"":""MultiPoint"",""coordinates"":[]}"
20260517T20,2026-05-17,2026-05-17 20:00,20.249102,85.800575,5,0.0,0.0,20:00,"{""type"":""MultiPoint"",""coordinates"":[]}"
20260517T21,2026-05-17,2026-05-17 21:00,20.249102,85.800575,5,0.0,0.0,21:00,"{""type"":""MultiPoint"",""coordinates"":[]}"
20260517T22,2026-05-17,2026-05-17 22:00,20.249102,85.800575,5,0.0,0.0,22:00,"{""type"":""MultiPoint"",""coordinates"":[]}"
20260517T23,2026-05-17,2026-05-17 23:00,20.249102,85.800575,5,0.0,0.0,23:00,"{""type"":""MultiPoint"",""coordinates"":[]}"
20260518T00,2026-05-18,2026-05-18 00:00,20.249102,85.800575,5,11360.70588235294,0.003155751633986928,00:00,"{""type"":""MultiPoint"",""coordinates"":[]}"
20260518T01,2026-05-18,2026-05-18 01:00,20.249102,85.800575,5,359285.54411764705,0.09980154003267974,01:00,"{""type"":""MultiPoint"",""coordinates"":[]}"
20260518T02,2026-05-18,2026-05-18 02:00,20.249102,85.800575,5,952066.6794117646,0.26446296650326795,02:00,"{""type"":""MultiPoint"",""coordinates"":[]}"
20260518T03,2026-05-18,2026-05-18 03:00,20.249102,85.800575,5,1747854.5294117643,0.4855151470588234,03:00,"{""type"":""MultiPoint"",""coordinates"":[]}"
20260518T04,2026-05-18,2026-05-18 04:00,20.249102,85.800575,5,2553047.74117647,0.7091799281045751,04:00,"{""type"":""MultiPoint"",""coordinates"":[]}"
20260518T05,2026-05-18,2026-05-18 05:00,20.249102,85.800575,5,3063932.564705882,0.8510923790849673,05:00,"{""type"":""MultiPoint"",""coordinates"":[]}"
20260518T06,2026-05-18,2026-05-18 06:00,20.249102,85.800575,5,3381939.858823529,0.9394277385620914,06:00,"{""type"":""MultiPoint"",""coordinates"":[]}"
20260518T07,2026-05-18,2026-05-18 07:00,20.249102,85.800575,5,3436912.588235294,0.9546979411764706,07:00,"{""type"":""MultiPoint"",""coordinates"":[]}"
20260518T08,2026-05-18,2026-05-18 08:00,20.249102,85.800575,5,3231551.2941176468,0.8976531372549019,08:00,"{""type"":""MultiPoint"",""coordinates"":[]}"
20260518T09,2026-05-18,2026-05-18 09:00,20.249102,85.800575,5,2821769.9294117643,0.7838249803921568,09:00,"{""type"":""MultiPoint"",""coordinates"":[]}"
20260518T10,2026-05-18,2026-05-18 10:00,20.249102,85.800575,5,2175709.1294117644,0.6043636470588235,10:00,"{""type"":""MultiPoint"",""coordinates"":[]}"
20260518T11,2026-05-18,2026-05-18 11:00,20.249102,85.800575,5,1316534.6117647057,0.36570405882352935,11:00,"{""type"":""MultiPoint"",""coordinates"":[]}"
20260518T12,2026-05-18,2026-05-18 12:00,20.249102,85.800575,5,644769.7411764705,0.17910270588235291,12:00,"{""type"":""MultiPoint"",""coordinates"":[]}"
20260518T13,2026-05-18,2026-05-18 13:00,20.249102,85.800575,5,93028.42352941175,0.02584122875816993,13:00,"{""type"":""MultiPoint"",""coordinates"":[]}"
20260518T14,2026-05-18,2026-05-18 14:00,20.249102,85.800575,5,0.0,0.0,14:00,"{""type"":""MultiPoint"",""coordinates"":[]}"
20260518T15,2026-05-18,2026-05-18 15:00,20.249102,85.800575,5,0.0,0.0,15:00,"{""type"":""MultiPoint"",""coordinates"":[]}"
20260518T16,2026-05-18,2026-05-18 16:00,20.249102,85.800575,5,0.0,0.0,16:00,"{""type"":""MultiPoint"",""coordinates"":[]}"
20260518T17,2026-05-18,2026-05-18 17:00,20.249102,85.800575,5,0.0,0.0,17:00,"{""type"":""MultiPoint"",""coordinates"":[]}"
20260518T18,2026-05-18,2026-05-18 18:00,20.249102,85.800575,5,0.0,0.0,18:00,"{""type"":""MultiPoint"",""coordinates"":[]}"
20260518T19,2026-05-18,2026-05-18 19:00,20.249102,85.800575,5,0.0,0.0,19:00,"{""type"":""MultiPoint"",""coordinates"":[]}"
20260518T20,2026-05-18,2026-05-18 20:00,20.249102,85.800575,5,0.0,0.0,20:00,"{""type"":""MultiPoint"",""coordinates"":[]}"
20260518T21,2026-05-18,2026-05-18 21:00,20.249102,85.800575,5,0.0,0.0,21:00,"{""type"":""MultiPoint"",""coordinates"":[]}"
20260518T22,2026-05-18,2026-05-18 22:00,20.249102,85.800575,5,0.0,0.0,22:00,"{""type"":""MultiPoint"",""coordinates"":[]}"
20260518T23,2026-05-18,2026-05-18 23:00,20.249102,85.800575,5,0.0,0.0,23:00,"{""type"":""MultiPoint"",""coordinates"":[]}"
20260519T00,2026-05-19,2026-05-19 00:00,20.249102,85.800575,5,11252.470588235294,0.0031256862745098037,00:00,"{""type"":""MultiPoint"",""coordinates"":[]}"
20260519T01,2026-05-19,2026-05-19 01:00,20.249102,85.800575,5,347394.15294117643,0.09649837581699346,01:00,"{""type"":""MultiPoint"",""coordinates"":[]}"
20260519T02,2026-05-19,2026-05-19 02:00,20.249102,85.800575,5,1034114.0647058823,0.2872539068627451,02:00,"{""type"":""MultiPoint"",""coordinates"":[]}"
20260519T03,2026-05-19,2026-05-19 03:00,20.249102,85.800575,5,1776848.5235294118,0.4935690343137255,03:00,"{""type"":""MultiPoint"",""coordinates"":[]}"
20260519T04,2026-05-19,2026-05-19 04:00,20.249102,85.800575,5,2454312.776470588,0.6817535490196078,04:00,"{""type"":""MultiPoint"",""coordinates"":[]}"
20260519T05,2026-05-19,2026-05-19 05:00,20.249102,85.800575,5,2866010.3411764703,0.7961139836601306,05:00,"{""type"":""MultiPoint"",""coordinates"":[]}"
20260519T06,2026-05-19,2026-05-19 06:00,20.249102,85.800575,5,3077828.9176470586,0.854952477124183,06:00,"{""type"":""MultiPoint"",""coordinates"":[]}"
20260519T07,2026-05-19,2026-05-19 07:00,20.249102,85.800575,5,3193786.1647058823,0.8871628235294118,07:00,"{""type"":""MultiPoint"",""coordinates"":[]}"
20260519T08,2026-05-19,2026-05-19 08:00,20.249102,85.800575,5,3223481.2235294115,0.8954114509803921,08:00,"{""type"":""MultiPoint"",""coordinates"":[]}"
20260519T09,2026-05-19,2026-05-19 09:00,20.249102,85.800575,5,2755185.905882353,0.7653294183006536,09:00,"{""type"":""MultiPoint"",""coordinates"":[]}"
20260519T10,2026-05-19,2026-05-19 10:00,20.249102,85.800575,5,2075910.9882352941,0.5766419411764706,10:00,"{""type"":""MultiPoint"",""coordinates"":[]}"
20260519T11,2026-05-19,2026-05-19 11:00,20.249102,85.800575,5,1402479.0117647056,0.3895775032679738,11:00,"{""type"":""MultiPoint"",""coordinates"":[]}"
20260519T12,2026-05-19,2026-05-19 12:00,20.249102,85.800575,5,590596.1176470588,0.164054477124183,12:00,"{""type"":""MultiPoint"",""coordinates"":[]}"
20260519T13,2026-05-19,2026-05-19 13:00,20.249102,85.800575,5,82129.31764705881,0.022813699346405224,13:00,"{""type"":""MultiPoint"",""coordinates"":[]}"
20260519T14,2026-05-19,2026-05-19 14:00,20.249102,85.800575,5,0.0,0.0,14:00,"{""type"":""MultiPoint"",""coordinates"":[]}"
20260519T15,2026-05-19,2026-05-19 15:00,20.249102,85.800575,5,0.0,0.0,15:00,"{""type"":""MultiPoint"",""coordinates"":[]}"
20260519T16,2026-05-19,2026-05-19 16:00,20.249102,85.800575,5,0.0,0.0,16:00,"{""type"":""MultiPoint"",""coordinates"":[]}"
20260519T17,2026-05-19,2026-05-19 17:00,20.249102,85.800575,5,0.0,0.0,17:00,"{""type"":""MultiPoint"",""coordinates"":[]}"
20260519T18,2026-05-19,2026-05-19 18:00,20.249102,85.800575,5,0.0,0.0,18:00,"{""type"":""MultiPoint"",""coordinates"":[]}"
20260519T19,2026-05-19,2026-05-19 19:00,20.249102,85.800575,5,0.0,0.0,19:00,"{""type"":""MultiPoint"",""coordinates"":[]}"
20260519T20,2026-05-19,2026-05-19 20:00,20.249102,85.800575,5,0.0,0.0,20:00,"{""type"":""MultiPoint"",""coordinates"":[]}"
20260519T21,2026-05-19,2026-05-19 21:00,20.249102,85.800575,5,0.0,0.0,21:00,"{""type"":""MultiPoint"",""coordinates"":[]}"
20260519T22,2026-05-19,2026-05-19 22:00,20.249102,85.800575,5,0.0,0.0,22:00,"{""type"":""MultiPoint"",""coordinates"":[]}"
20260519T23,2026-05-19,2026-05-19 23:00,20.249102,85.800575,5,0.0,0.0,23:00,"{""type"":""MultiPoint"",""coordinates"":[]}"
20260520T00,2026-05-20,2026-05-20 00:00,20.249102,85.800575,5,12303.05882352941,0.003417516339869281,00:00,"{""type"":""MultiPoint"",""coordinates"":[]}"
20260520T01,2026-05-20,2026-05-20 01:00,20.249102,85.800575,5,366828.8882352941,0.1018969133986928,01:00,"{""type"":""MultiPoint"",""coordinates"":[]}"
20260520T02,2026-05-20,2026-05-20 02:00,20.249102,85.800575,5,1023008.2294117647,0.2841689526143791,02:00,"{""type"":""MultiPoint"",""coordinates"":[]}"
20260520T03,2026-05-20,2026-05-20 03:00,20.249102,85.800575,5,1857590.694117647,0.5159974150326797,03:00,"{""type"":""MultiPoint"",""coordinates"":[]}"
20260520T04,2026-05-20,2026-05-20 04:00,20.249102,85.800575,5,2563719.9176470586,0.7121444215686273,04:00,"{""type"":""MultiPoint"",""coordinates"":[]}"
20260520T05,2026-05-20,2026-05-20 05:00,20.249102,85.800575,5,3090254.9058823525,0.8584041405228757,05:00,"{""type"":""MultiPoint"",""coordinates"":[]}"
20260520T06,2026-05-20,2026-05-20 06:00,20.249102,85.800575,5,3397437.9294117647,0.9437327581699346,06:00,"{""type"":""MultiPoint"",""coordinates"":[]}"
20260520T07,2026-05-20,2026-05-20 07:00,20.249102,85.800575,5,3447342.8705882346,0.9575952418300652,07:00,"{""type"":""MultiPoint"",""coordinates"":[]}"
20260520T08,2026-05-20,2026-05-20 08:00,20.249102,85.800575,5,3230049.0352941174,0.8972358431372548,08:00,"{""type"":""MultiPoint"",""coordinates"":[]}"
20260520T09,2026-05-20,2026-05-20 09:00,20.249102,85.800575,5,2623024.3294117646,0.7286178692810458,09:00,"{""type"":""MultiPoint"",""coordinates"":[]}"
20260520T10,2026-05-20,2026-05-20 10:00,20.249102,85.800575,5,1980485.2470588235,0.5501347908496732,10:00,"{""type"":""MultiPoint"",""coordinates"":[]}"
20260520T11,2026-05-20,2026-05-20 11:00,20.249102,85.800575,5,1060267.4352941175,0.29451873202614376,11:00,"{""type"":""MultiPoint"",""coordinates"":[]}"
20260520T12,2026-05-20,2026-05-20 12:00,20.249102,85.800575,5,542971.294117647,0.15082535947712417,12:00,"{""type"":""MultiPoint"",""coordinates"":[]}"
20260520T13,2026-05-20,2026-05-20 13:00,20.249102,85.800575,5,93818.18823529412,0.026060607843137254,13:00,"{""type"":""MultiPoint"",""coordinates"":[]}"
20260520T14,2026-05-20,2026-05-20 14:00,20.249102,85.800575,5,0.0,0.0,14:00,"{""type"":""MultiPoint"",""coordinates"":[]}"
20260520T15,2026-05-20,2026-05-20 15:00,20.249102,85.800575,5,0.0,0.0,15:00,"{""type"":""MultiPoint"",""coordinates"":[]}"
20260520T16,2026-05-20,2026-05-20 16:00,20.249102,85.800575,5,0.0,0.0,16:00,"{""type"":""MultiPoint"",""coordinates"":[]}"
20260520T17,2026-05-20,2026-05-20 17:00,20.249102,85.800575,5,0.0,0.0,17:00,"{""type"":""MultiPoint"",""coordinates"":[]}"
20260520T18,2026-05-20,2026-05-20 18:00,20.249102,85.800575,5,0.0,0.0,18:00,"{""type"":""MultiPoint"",""coordinates"":[]}"
20260520T19,2026-05-20,2026-05-20 19:00,20.249102,85.800575,5,0.0,0.0,19:00,"{""type"":""MultiPoint"",""coordinates"":[]}"
20260520T20,2026-05-20,2026-05-20 20:00,20.249102,85.800575,5,0.0,0.0,20:00,"{""type"":""MultiPoint"",""coordinates"":[]}"
20260520T21,2026-05-20,2026-05-20 21:00,20.249102,85.800575,5,0.0,0.0,21:00,"{""type"":""MultiPoint"",""coordinates"":[]}"
20260520T22,2026-05-20,2026-05-20 22:00,20.249102,85.800575,5,0.0,0.0,22:00,"{""type"":""MultiPoint"",""coordinates"":[]}"
20260520T23,2026-05-20,2026-05-20 23:00,20.249102,85.800575,5,0.0,0.0,23:00,"{""type"":""MultiPoint"",""coordinates"":[]}"
20260521T00,2026-05-21,2026-05-21 00:00,20.249102,85.800575,5,13139.05882352941,0.003649738562091503,00:00,"{""type"":""MultiPoint"",""coordinates"":[]}"
20260521T01,2026-05-21,2026-05-21 01:00,20.249102,85.800575,5,378855.8882352941,0.10523774673202614,01:00,"{""type"":""MultiPoint"",""coordinates"":[]}"
20260521T02,2026-05-21,2026-05-21 02:00,20.249102,85.800575,5,1104650.3588235292,0.3068473218954248,02:00,"{""type"":""MultiPoint"",""coordinates"":[]}"
20260521T03,2026-05-21,2026-05-21 03:00,20.249102,85.800575,5,1882929.1058823527,0.523035862745098,03:00,"{""type"":""MultiPoint"",""coordinates"":[]}"
20260521T04,2026-05-21,2026-05-21 04:00,20.249102,85.800575,5,2534577.647058823,0.7040493464052286,04:00,"{""type"":""MultiPoint"",""coordinates"":[]}"
20260521T05,2026-05-21,2026-05-21 05:00,20.249102,85.800575,5,2833633.623529412,0.7871204509803922,05:00,"{""type"":""MultiPoint"",""coordinates"":[]}"
20260521T06,2026-05-21,2026-05-21 06:00,20.249102,85.800575,5,3124789.4,0.8679970555555555,06:00,"{""type"":""MultiPoint"",""coordinates"":[]}"
20260521T07,2026-05-21,2026-05-21 07:00,20.249102,85.800575,5,3326681.576470588,0.9240782156862745,07:00,"{""type"":""MultiPoint"",""coordinates"":[]}"
20260521T08,2026-05-21,2026-05-21 08:00,20.249102,85.800575,5,3218666.894117647,0.8940741372549019,08:00,"{""type"":""MultiPoint"",""coordinates"":[]}"
20260521T09,2026-05-21,2026-05-21 09:00,20.249102,85.800575,5,2832894.352941176,0.7869150980392156,09:00,"{""type"":""MultiPoint"",""coordinates"":[]}"
20260521T10,2026-05-21,2026-05-21 10:00,20.249102,85.800575,5,2227877.5294117643,0.6188548692810456,10:00,"{""type"":""MultiPoint"",""coordinates"":[]}"
20260521T11,2026-05-21,2026-05-21 11:00,20.249102,85.800575,5,1417770.6352941175,0.3938251764705882,11:00,"{""type"":""MultiPoint"",""coordinates"":[]}"
20260521T12,2026-05-21,2026-05-21 12:00,20.249102,85.800575,5,617127.0588235293,0.17142418300653592,12:00,"{""type"":""MultiPoint"",""coordinates"":[]}"
20260521T13,2026-05-21,2026-05-21 13:00,20.249102,85.800575,5,83496.6588235294,0.02319351633986928,13:00,"{""type"":""MultiPoint"",""coordinates"":[]}"
20260521T14,2026-05-21,2026-05-21 14:00,20.249102,85.800575,5,0.0,0.0,14:00,"{""type"":""MultiPoint"",""coordinates"":[]}"
20260521T15,2026-05-21,2026-05-21 15:00,20.249102,85.800575,5,0.0,0.0,15:00,"{""type"":""MultiPoint"",""coordinates"":[]}"
20260521T16,2026-05-21,2026-05-21 16:00,20.249102,85.800575,5,0.0,0.0,16:00,"{""type"":""MultiPoint"",""coordinates"":[]}"
20260521T17,2026-05-21,2026-05-21 17:00,20.249102,85.800575,5,0.0,0.0,17:00,"{""type"":""MultiPoint"",""coordinates"":[]}"
20260521T18,2026-05-21,2026-05-21 18:00,20.249102,85.800575,5,0.0,0.0,18:00,"{""type"":""MultiPoint"",""coordinates"":[]}"
20260521T19,2026-05-21,2026-05-21 19:00,20.249102,85.800575,5,0.0,0.0,19:00,"{""type"":""MultiPoint"",""coordinates"":[]}"
20260521T20,2026-05-21,2026-05-21 20:00,20.249102,85.800575,5,0.0,0.0,20:00,"{""type"":""MultiPoint"",""coordinates"":[]}"
20260521T21,2026-05-21,2026-05-21 21:00,20.249102,85.800575,5,0.0,0.0,21:00,"{""type"":""MultiPoint"",""coordinates"":[]}"
20260521T22,2026-05-21,2026-05-21 22:00,20.249102,85.800575,5,0.0,0.0,22:00,"{""type"":""MultiPoint"",""coordinates"":[]}"
20260521T23,2026-05-21,2026-05-21 23:00,20.249102,85.800575,5,0.0,0.0,23:00,"{""type"":""MultiPoint"",""coordinates"":[]}"
20260522T00,2026-05-22,2026-05-22 00:00,20.249102,85.800575,5,11759.199999999999,0.003266444444444444,00:00,"{""type"":""MultiPoint"",""coordinates"":[]}"
20260522T01,2026-05-22,2026-05-22 01:00,20.249102,85.800575,5,286550.46176470583,0.07959735049019606,01:00,"{""type"":""MultiPoint"",""coordinates"":[]}"
20260522T02,2026-05-22,2026-05-22 02:00,20.249102,85.800575,5,786555.3794117647,0.21848760539215686,02:00,"{""type"":""MultiPoint"",""coordinates"":[]}"
20260522T03,2026-05-22,2026-05-22 03:00,20.249102,85.800575,5,1486081.6058823527,0.4128004460784313,03:00,"{""type"":""MultiPoint"",""coordinates"":[]}"
20260522T04,2026-05-22,2026-05-22 04:00,20.249102,85.800575,5,1835421.3411764703,0.5098392614379084,04:00,"{""type"":""MultiPoint"",""coordinates"":[]}"
20260522T05,2026-05-22,2026-05-22 05:00,20.249102,85.800575,5,2613593.2470588232,0.7259981241830065,05:00,"{""type"":""MultiPoint"",""coordinates"":[]}"
20260522T06,2026-05-22,2026-05-22 06:00,20.249102,85.800575,5,3007482.6235294114,0.8354118398692809,06:00,"{""type"":""MultiPoint"",""coordinates"":[]}"
20260522T07,2026-05-22,2026-05-22 07:00,20.249102,85.800575,5,2103646.6588235293,0.584346294117647,07:00,"{""type"":""MultiPoint"",""coordinates"":[]}"
20260522T08,2026-05-22,2026-05-22 08:00,20.249102,85.800575,5,2035235.5529411763,0.5653432091503268,08:00,"{""type"":""MultiPoint"",""coordinates"":[]}"
20260522T09,2026-05-22,2026-05-22 09:00,20.249102,85.800575,5,1957736.5411764705,0.543815705882353,09:00,"{""type"":""MultiPoint"",""coordinates"":[]}"
20260522T10,2026-05-22,2026-05-22 10:00,20.249102,85.800575,5,1803931.2470588235,0.5010920130718954,10:00,"{""type"":""MultiPoint"",""coordinates"":[]}"
20260522T11,2026-05-22,2026-05-22 11:00,20.249102,85.800575,5,1160505.4588235293,0.3223626274509804,11:00,"{""type"":""MultiPoint"",""coordinates"":[]}"
20260522T12,2026-05-22,2026-05-22 12:00,20.249102,85.800575,5,592420.9647058824,0.16456137908496732,12:00,"{""type"":""MultiPoint"",""coordinates"":[]}"
20260522T13,2026-05-22,2026-05-22 13:00,20.249102,85.800575,5,98607.83529411764,0.027391065359477124,13:00,"{""type"":""MultiPoint"",""coordinates"":[]}"
20260522T14,2026-05-22,2026-05-22 14:00,20.249102,85.800575,5,0.0,0.0,14:00,"{""type"":""MultiPoint"",""coordinates"":[]}"
20260522T15,2026-05-22,2026-05-22 15:00,20.249102,85.800575,5,0.0,0.0,15:00,"{""type"":""MultiPoint"",""coordinates"":[]}"
20260522T16,2026-05-22,2026-05-22 16:00,20.249102,85.800575,5,0.0,0.0,16:00,"{""type"":""MultiPoint"",""coordinates"":[]}"
20260522T17,2026-05-22,2026-05-22 17:00,20.249102,85.800575,5,0.0,0.0,17:00,"{""type"":""MultiPoint"",""coordinates"":[]}"
20260522T18,2026-05-22,2026-05-22 18:00,20.249102,85.800575,5,0.0,0.0,18:00,"{""type"":""MultiPoint"",""coordinates"":[]}"
20260522T19,2026-05-22,2026-05-22 19:00,20.249102,85.800575,5,0.0,0.0,19:00,"{""type"":""MultiPoint"",""coordinates"":[]}"
20260522T20,2026-05-22,2026-05-22 20:00,20.249102,85.800575,5,0.0,0.0,20:00,"{""type"":""MultiPoint"",""coordinates"":[]}"
20260522T21,2026-05-22,2026-05-22 21:00,20.249102,85.800575,5,0.0,0.0,21:00,"{""type"":""MultiPoint"",""coordinates"":[]}"
20260522T22,2026-05-22,2026-05-22 22:00,20.249102,85.800575,5,0.0,0.0,22:00,"{""type"":""MultiPoint"",""coordinates"":[]}"
20260522T23,2026-05-22,2026-05-22 23:00,20.249102,85.800575,5,0.0,0.0,23:00,"{""type"":""MultiPoint"",""coordinates"":[]}"
20260523T00,2026-05-23,2026-05-23 00:00,20.249102,85.800575,5,12884.682352941176,0.0035790784313725487,00:00,"{""type"":""MultiPoint"",""coordinates"":[]}"
20260523T01,2026-05-23,2026-05-23 01:00,20.249102,85.800575,5,347128.8382352941,0.0964246772875817,01:00,"{""type"":""MultiPoint"",""coordinates"":[]}"
20260523T02,2026-05-23,2026-05-23 02:00,20.249102,85.800575,5,719010.0676470587,0.19972501879084964,02:00,"{""type"":""MultiPoint"",""coordinates"":[]}"
20260523T03,2026-05-23,2026-05-23 03:00,20.249102,85.800575,5,1529462.5999999999,0.4248507222222222,03:00,"{""type"":""MultiPoint"",""coordinates"":[]}"
20260523T04,2026-05-23,2026-05-23 04:00,20.249102,85.800575,5,2420479.882352941,0.672355522875817,04:00,"{""type"":""MultiPoint"",""coordinates"":[]}"
20260523T05,2026-05-23,2026-05-23 05:00,20.249102,85.800575,5,3047007.7999999993,0.8463910555555554,05:00,"{""type"":""MultiPoint"",""coordinates"":[]}"
20260523T06,2026-05-23,2026-05-23 06:00,20.249102,85.800575,5,3372150.9529411765,0.9367085980392157,06:00,"{""type"":""MultiPoint"",""coordinates"":[]}"
20260523T07,2026-05-23,2026-05-23 07:00,20.249102,85.800575,5,3438775.1529411757,0.9552153202614377,07:00,"{""type"":""MultiPoint"",""coordinates"":[]}"
20260523T08,2026-05-23,2026-05-23 08:00,20.249102,85.800575,5,3249092.7294117645,0.9025257581699346,08:00,"{""type"":""MultiPoint"",""coordinates"":[]}"
20260523T09,2026-05-23,2026-05-23 09:00,20.249102,85.800575,5,2845577.0117647056,0.7904380588235294,09:00,"{""type"":""MultiPoint"",""coordinates"":[]}"
20260523T10,2026-05-23,2026-05-23 10:00,20.249102,85.800575,5,2249722.0470588235,0.6249227908496732,10:00,"{""type"":""MultiPoint"",""coordinates"":[]}"
20260523T11,2026-05-23,2026-05-23 11:00,20.249102,85.800575,5,1461018.6588235293,0.4058385163398692,11:00,"{""type"":""MultiPoint"",""coordinates"":[]}"
20260523T12,2026-05-23,2026-05-23 12:00,20.249102,85.800575,5,679268.5647058823,0.18868571241830065,12:00,"{""type"":""MultiPoint"",""coordinates"":[]}"
20260523T13,2026-05-23,2026-05-23 13:00,20.249102,85.800575,5,105084.79999999997,0.029190222222222215,13:00,"{""type"":""MultiPoint"",""coordinates"":[]}"
20260523T14,2026-05-23,2026-05-23 14:00,20.249102,85.800575,5,0.0,0.0,14:00,"{""type"":""MultiPoint"",""coordinates"":[]}"
20260523T15,2026-05-23,2026-05-23 15:00,20.249102,85.800575,5,0.0,0.0,15:00,"{""type"":""MultiPoint"",""coordinates"":[]}"
20260523T16,2026-05-23,2026-05-23 16:00,20.249102,85.800575,5,0.0,0.0,16:00,"{""type"":""MultiPoint"",""coordinates"":[]}"
20260523T17,2026-05-23,2026-05-23 17:00,20.249102,85.800575,5,0.0,0.0,17:00,"{""type"":""MultiPoint"",""coordinates"":[]}"
20260523T18,2026-05-23,2026-05-23 18:00,20.249102,85.800575,5,0.0,0.0,18:00,"{""type"":""MultiPoint"",""coordinates"":[]}"
20260523T19,2026-05-23,2026-05-23 19:00,20.249102,85.800575,5,0.0,0.0,19:00,"{""type"":""MultiPoint"",""coordinates"":[]}"
20260523T20,2026-05-23,2026-05-23 20:00,20.249102,85.800575,5,0.0,0.0,20:00,"{""type"":""MultiPoint"",""coordinates"":[]}"
20260523T21,2026-05-23,2026-05-23 21:00,20.249102,85.800575,5,0.0,0.0,21:00,"{""type"":""MultiPoint"",""coordinates"":[]}"
20260523T22,2026-05-23,2026-05-23 22:00,20.249102,85.800575,5,0.0,0.0,22:00,"{""type"":""MultiPoint"",""coordinates"":[]}"
20260523T23,2026-05-23,2026-05-23 23:00,20.249102,85.800575,5,0.0,0.0,23:00,"{""type"":""MultiPoint"",""coordinates"":[]}"
20260524T00,2026-05-24,2026-05-24 00:00,20.249102,85.800575,5,13132.282352941176,0.003647856209150327,00:00,"{""type"":""MultiPoint"",""coordinates"":[]}"
20260524T01,2026-05-24,2026-05-24 01:00,20.249102,85.800575,5,335363.3617647058,0.09315648937908494,01:00,"{""type"":""MultiPoint"",""coordinates"":[]}"
20260524T02,2026-05-24,2026-05-24 02:00,20.249102,85.800575,5,856268.5852941177,0.23785238480392157,02:00,"{""type"":""MultiPoint"",""coordinates"":[]}"
20260524T03,2026-05-24,2026-05-24 03:00,20.249102,85.800575,5,1763839.6058823527,0.4899554460784313,03:00,"{""type"":""MultiPoint"",""coordinates"":[]}"
20260524T04,2026-05-24,2026-05-24 04:00,20.249102,85.800575,5,2268549.6,0.6301526666666667,04:00,"{""type"":""MultiPoint"",""coordinates"":[]}"
20260524T05,2026-05-24,2026-05-24 05:00,20.249102,85.800575,5,2912899.682352941,0.8091388006535948,05:00,"{""type"":""MultiPoint"",""coordinates"":[]}"
20260524T06,2026-05-24,2026-05-24 06:00,20.249102,85.800575,5,3215675.376470588,0.8932431601307189,06:00,"{""type"":""MultiPoint"",""coordinates"":[]}"
20260524T07,2026-05-24,2026-05-24 07:00,20.249102,85.800575,5,3408647.0117647056,0.9468463921568627,07:00,"{""type"":""MultiPoint"",""coordinates"":[]}"
20260524T08,2026-05-24,2026-05-24 08:00,20.249102,85.800575,5,3221800.705882353,0.8949446405228758,08:00,"{""type"":""MultiPoint"",""coordinates"":[]}"
20260524T09,2026-05-24,2026-05-24 09:00,20.249102,85.800575,5,2809532.6588235293,0.7804257385620914,09:00,"{""type"":""MultiPoint"",""coordinates"":[]}"
20260524T10,2026-05-24,2026-05-24 10:00,20.249102,85.800575,5,2212496.094117647,0.614582248366013,10:00,"{""type"":""MultiPoint"",""coordinates"":[]}"
20260524T11,2026-05-24,2026-05-24 11:00,20.249102,85.800575,5,1436212.094117647,0.39894780392156864,11:00,"{""type"":""MultiPoint"",""coordinates"":[]}"
20260524T12,2026-05-24,2026-05-24 12:00,20.249102,85.800575,5,689999.3647058823,0.1916664901960784,12:00,"{""type"":""MultiPoint"",""coordinates"":[]}"
20260524T13,2026-05-24,2026-05-24 13:00,20.249102,85.800575,5,108988.84705882352,0.03027467973856209,13:00,"{""type"":""MultiPoint"",""coordinates"":[]}"
20260524T14,2026-05-24,2026-05-24 14:00,20.249102,85.800575,5,-1.0352941176470587,-2.875816993464052E-7,14:00,"{""type"":""MultiPoint"",""coordinates"":[]}"
20260524T15,2026-05-24,2026-05-24 15:00,20.249102,85.800575,5,0.0,0.0,15:00,"{""type"":""MultiPoint"",""coordinates"":[]}"
20260524T16,2026-05-24,2026-05-24 16:00,20.249102,85.800575,5,0.0,0.0,16:00,"{""type"":""MultiPoint"",""coordinates"":[]}"
20260524T17,2026-05-24,2026-05-24 17:00,20.249102,85.800575,5,0.0,0.0,17:00,"{""type"":""MultiPoint"",""coordinates"":[]}"
20260524T18,2026-05-24,2026-05-24 18:00,20.249102,85.800575,5,0.0,0.0,18:00,"{""type"":""MultiPoint"",""coordinates"":[]}"
20260524T19,2026-05-24,2026-05-24 19:00,20.249102,85.800575,5,0.0,0.0,19:00,"{""type"":""MultiPoint"",""coordinates"":[]}"
20260524T20,2026-05-24,2026-05-24 20:00,20.249102,85.800575,5,0.0,0.0,20:00,"{""type"":""MultiPoint"",""coordinates"":[]}"
20260524T21,2026-05-24,2026-05-24 21:00,20.249102,85.800575,5,0.0,0.0,21:00,"{""type"":""MultiPoint"",""coordinates"":[]}"
20260524T22,2026-05-24,2026-05-24 22:00,20.249102,85.800575,5,0.0,0.0,22:00,"{""type"":""MultiPoint"",""coordinates"":[]}"
20260524T23,2026-05-24,2026-05-24 23:00,20.249102,85.800575,5,0.0,0.0,23:00,"{""type"":""MultiPoint"",""coordinates"":[]}"
20260525T00,2026-05-25,2026-05-25 00:00,20.249102,85.800575,5,12539.247058823528,0.0034831241830065355,00:00,"{""type"":""MultiPoint"",""coordinates"":[]}"
20260525T01,2026-05-25,2026-05-25 01:00,20.249102,85.800575,5,320491.0676470588,0.08902529656862744,01:00,"{""type"":""MultiPoint"",""coordinates"":[]}"
20260525T02,2026-05-25,2026-05-25 02:00,20.249102,85.800575,5,903632.9264705882,0.2510091462418301,02:00,"{""type"":""MultiPoint"",""coordinates"":[]}"
20260525T03,2026-05-25,2026-05-25 03:00,20.249102,85.800575,5,1527006.4764705882,0.42416846568627453,03:00,"{""type"":""MultiPoint"",""coordinates"":[]}"
20260525T04,2026-05-25,2026-05-25 04:00,20.249102,85.800575,5,2447488.5999999996,0.6798579444444444,04:00,"{""type"":""MultiPoint"",""coordinates"":[]}"
20260525T05,2026-05-25,2026-05-25 05:00,20.249102,85.800575,5,2973551.8,0.825986611111111,05:00,"{""type"":""MultiPoint"",""coordinates"":[]}"
20260525T06,2026-05-25,2026-05-25 06:00,20.249102,85.800575,5,3308436.0235294113,0.9190100065359476,06:00,"{""type"":""MultiPoint"",""coordinates"":[]}"
20260525T07,2026-05-25,2026-05-25 07:00,20.249102,85.800575,5,3438017.2941176468,0.9550048039215685,07:00,"{""type"":""MultiPoint"",""coordinates"":[]}"
20260525T08,2026-05-25,2026-05-25 08:00,20.249102,85.800575,5,3246027.3411764703,0.9016742614379084,08:00,"{""type"":""MultiPoint"",""coordinates"":[]}"
20260525T09,2026-05-25,2026-05-25 09:00,20.249102,85.800575,5,2826371.1294117644,0.7851030915032678,09:00,"{""type"":""MultiPoint"",""coordinates"":[]}"
20260525T10,2026-05-25,2026-05-25 10:00,20.249102,85.800575,5,2213450.094117647,0.614847248366013,10:00,"{""type"":""MultiPoint"",""coordinates"":[]}"
20260525T11,2026-05-25,2026-05-25 11:00,20.249102,85.800575,5,1475500.4,0.4098612222222222,11:00,"{""type"":""MultiPoint"",""coordinates"":[]}"
20260525T12,2026-05-25,2026-05-25 12:00,20.249102,85.800575,5,703257.294117647,0.19534924836601306,12:00,"{""type"":""MultiPoint"",""coordinates"":[]}"
20260525T13,2026-05-25,2026-05-25 13:00,20.249102,85.800575,5,113594.77647058823,0.031554104575163396,13:00,"{""type"":""MultiPoint"",""coordinates"":[]}"
20260525T14,2026-05-25,2026-05-25 14:00,20.249102,85.800575,5,1.0352941176470587,2.875816993464052E-7,14:00,"{""type"":""MultiPoint"",""coordinates"":[]}"
20260525T15,2026-05-25,2026-05-25 15:00,20.249102,85.800575,5,0.0,0.0,15:00,"{""type"":""MultiPoint"",""coordinates"":[]}"
20260525T16,2026-05-25,2026-05-25 16:00,20.249102,85.800575,5,0.0,0.0,16:00,"{""type"":""MultiPoint"",""coordinates"":[]}"
20260525T17,2026-05-25,2026-05-25 17:00,20.249102,85.800575,5,0.0,0.0,17:00,"{""type"":""MultiPoint"",""coordinates"":[]}"
20260525T18,2026-05-25,2026-05-25 18:00,20.249102,85.800575,5,0.0,0.0,18:00,"{""type"":""MultiPoint"",""coordinates"":[]}"
20260525T19,2026-05-25,2026-05-25 19:00,20.249102,85.800575,5,0.0,0.0,19:00,"{""type"":""MultiPoint"",""coordinates"":[]}"
20260525T20,2026-05-25,2026-05-25 20:00,20.249102,85.800575,5,0.0,0.0,20:00,"{""type"":""MultiPoint"",""coordinates"":[]}"
20260525T21,2026-05-25,2026-05-25 21:00,20.249102,85.800575,5,0.0,0.0,21:00,"{""type"":""MultiPoint"",""coordinates"":[]}"
20260525T22,2026-05-25,2026-05-25 22:00,20.249102,85.800575,5,0.0,0.0,22:00,"{""type"":""MultiPoint"",""coordinates"":[]}"
20260525T23,2026-05-25,2026-05-25 23:00,20.249102,85.800575,5,0.0,0.0,23:00,"{""type"":""MultiPoint"",""coordinates"":[]}"
20260526T00,2026-05-26,2026-05-26 00:00,20.249102,85.800575,5,13676.047058823526,0.0037989019607843127,00:00,"{""type"":""MultiPoint"",""coordinates"":[]}"
20260526T01,2026-05-26,2026-05-26 01:00,20.249102,85.800575,5,317922.98529411765,0.08831194035947712,01:00,"{""type"":""MultiPoint"",""coordinates"":[]}"
20260526T02,2026-05-26,2026-05-26 02:00,20.249102,85.800575,5,1012233.9264705881,0.28117609068627447,02:00,"{""type"":""MultiPoint"",""coordinates"":[]}"
20260526T03,2026-05-26,2026-05-26 03:00,20.249102,85.800575,5,1795143.9705882352,0.4986511029411764,03:00,"{""type"":""MultiPoint"",""coordinates"":[]}"
20260526T04,2026-05-26,2026-05-26 04:00,20.249102,85.800575,5,2174860.1999999997,0.6041278333333333,04:00,"{""type"":""MultiPoint"",""coordinates"":[]}"
20260526T05,2026-05-26,2026-05-26 05:00,20.249102,85.800575,5,2990044.435294118,0.8305678986928104,05:00,"{""type"":""MultiPoint"",""coordinates"":[]}"
20260526T06,2026-05-26,2026-05-26 06:00,20.249102,85.800575,5,3250342.882352941,0.902873022875817,06:00,"{""type"":""MultiPoint"",""coordinates"":[]}"
20260526T07,2026-05-26,2026-05-26 07:00,20.249102,85.800575,5,3155823.176470588,0.8766175490196078,07:00,"{""type"":""MultiPoint"",""coordinates"":[]}"
20260526T08,2026-05-26,2026-05-26 08:00,20.249102,85.800575,5,3113089.552941176,0.8647470980392156,08:00,"{""type"":""MultiPoint"",""coordinates"":[]}"
20260526T09,2026-05-26,2026-05-26 09:00,20.249102,85.800575,5,2793604.211764706,0.7760011699346405,09:00,"{""type"":""MultiPoint"",""coordinates"":[]}"
20260526T10,2026-05-26,2026-05-26 10:00,20.249102,85.800575,5,2116631.082352941,0.5879530784313725,10:00,"{""type"":""MultiPoint"",""coordinates"":[]}"
20260526T11,2026-05-26,2026-05-26 11:00,20.249102,85.800575,5,1228550.282352941,0.34126396732026143,11:00,"{""type"":""MultiPoint"",""coordinates"":[]}"
20260526T12,2026-05-26,2026-05-26 12:00,20.249102,85.800575,5,651966.0941176469,0.1811016928104575,12:00,"{""type"":""MultiPoint"",""coordinates"":[]}"
20260526T13,2026-05-26,2026-05-26 13:00,20.249102,85.800575,5,104411.57647058823,0.02900321568627451,13:00,"{""type"":""MultiPoint"",""coordinates"":[]}"
20260526T14,2026-05-26,2026-05-26 14:00,20.249102,85.800575,5,0.0,0.0,14:00,"{""type"":""MultiPoint"",""coordinates"":[]}"
20260526T15,2026-05-26,2026-05-26 15:00,20.249102,85.800575,5,0.0,0.0,15:00,"{""type"":""MultiPoint"",""coordinates"":[]}"
20260526T16,2026-05-26,2026-05-26 16:00,20.249102,85.800575,5,0.0,0.0,16:00,"{""type"":""MultiPoint"",""coordinates"":[]}"
20260526T17,2026-05-26,2026-05-26 17:00,20.249102,85.800575,5,0.0,0.0,17:00,"{""type"":""MultiPoint"",""coordinates"":[]}"
20260526T18,2026-05-26,2026-05-26 18:00,20.249102,85.800575,5,0.0,0.0,18:00,"{""type"":""MultiPoint"",""coordinates"":[]}"
20260526T19,2026-05-26,2026-05-26 19:00,20.249102,85.800575,5,0.0,0.0,19:00,"{""type"":""MultiPoint"",""coordinates"":[]}"
20260526T20,2026-05-26,2026-05-26 20:00,20.249102,85.800575,5,0.0,0.0,20:00,"{""type"":""MultiPoint"",""coordinates"":[]}"
20260526T21,2026-05-26,2026-05-26 21:00,20.249102,85.800575,5,0.0,0.0,21:00,"{""type"":""MultiPoint"",""coordinates"":[]}"
20260526T22,2026-05-26,2026-05-26 22:00,20.249102,85.800575,5,0.0,0.0,22:00,"{""type"":""MultiPoint"",""coordinates"":[]}"
20260526T23,2026-05-26,2026-05-26 23:00,20.249102,85.800575,5,0.0,0.0,23:00,"{""type"":""MultiPoint"",""coordinates"":[]}"
20260527T00,2026-05-27,2026-05-27 00:00,20.249102,85.800575,5,11746.729411764705,0.0032629803921568625,00:00,"{""type"":""MultiPoint"",""coordinates"":[]}"
20260527T01,2026-05-27,2026-05-27 01:00,20.249102,85.800575,5,296370.8882352941,0.08232524673202614,01:00,"{""type"":""MultiPoint"",""coordinates"":[]}"
20260527T02,2026-05-27,2026-05-27 02:00,20.249102,85.800575,5,917914.2823529411,0.25497618954248363,02:00,"{""type"":""MultiPoint"",""coordinates"":[]}"
20260527T03,2026-05-27,2026-05-27 03:00,20.249102,85.800575,5,1716463.194117647,0.47679533169934635,03:00,"{""type"":""MultiPoint"",""coordinates"":[]}"
20260527T04,2026-05-27,2026-05-27 04:00,20.249102,85.800575,5,2247526.7529411763,0.6243129869281046,04:00,"{""type"":""MultiPoint"",""coordinates"":[]}"
20260527T05,2026-05-27,2026-05-27 05:00,20.249102,85.800575,5,3036732.070588235,0.8435366862745096,05:00,"{""type"":""MultiPoint"",""coordinates"":[]}"
20260527T06,2026-05-27,2026-05-27 06:00,20.249102,85.800575,5,3328228.2705882345,0.9245078529411762,06:00,"{""type"":""MultiPoint"",""coordinates"":[]}"
20260527T07,2026-05-27,2026-05-27 07:00,20.249102,85.800575,5,3354117.4352941173,0.9316992875816993,07:00,"{""type"":""MultiPoint"",""coordinates"":[]}"
20260527T08,2026-05-27,2026-05-27 08:00,20.249102,85.800575,5,3202577.0352941174,0.8896047320261438,08:00,"{""type"":""MultiPoint"",""coordinates"":[]}"
20260527T09,2026-05-27,2026-05-27 09:00,20.249102,85.800575,5,2793285.7411764706,0.775912705882353,09:00,"{""type"":""MultiPoint"",""coordinates"":[]}"
20260527T10,2026-05-27,2026-05-27 10:00,20.249102,85.800575,5,2163535.882352941,0.6009821895424836,10:00,"{""type"":""MultiPoint"",""coordinates"":[]}"
20260527T11,2026-05-27,2026-05-27 11:00,20.249102,85.800575,5,1366651.3411764705,0.37962537254901957,11:00,"{""type"":""MultiPoint"",""coordinates"":[]}"
20260527T12,2026-05-27,2026-05-27 12:00,20.249102,85.800575,5,680620.3529411764,0.1890612091503268,12:00,"{""type"":""MultiPoint"",""coordinates"":[]}"
20260527T13,2026-05-27,2026-05-27 13:00,20.249102,85.800575,5,112805.22352941176,0.03133478431372549,13:00,"{""type"":""MultiPoint"",""coordinates"":[]}"
20260527T14,2026-05-27,2026-05-27 14:00,20.249102,85.800575,5,0.0,0.0,14:00,"{""type"":""MultiPoint"",""coordinates"":[]}"
20260527T15,2026-05-27,2026-05-27 15:00,20.249102,85.800575,5,0.0,0.0,15:00,"{""type"":""MultiPoint"",""coordinates"":[]}"
20260527T16,2026-05-27,2026-05-27 16:00,20.249102,85.800575,5,0.0,0.0,16:00,"{""type"":""MultiPoint"",""coordinates"":[]}"
20260527T17,2026-05-27,2026-05-27 17:00,20.249102,85.800575,5,0.0,0.0,17:00,"{""type"":""MultiPoint"",""coordinates"":[]}"
20260527T18,2026-05-27,2026-05-27 18:00,20.249102,85.800575,5,0.0,0.0,18:00,"{""type"":""MultiPoint"",""coordinates"":[]}"
20260527T19,2026-05-27,2026-05-27 19:00,20.249102,85.800575,5,0.0,0.0,19:00,"{""type"":""MultiPoint"",""coordinates"":[]}"
20260527T20,2026-05-27,2026-05-27 20:00,20.249102,85.800575,5,0.0,0.0,20:00,"{""type"":""MultiPoint"",""coordinates"":[]}"
20260527T21,2026-05-27,2026-05-27 21:00,20.249102,85.800575,5,0.0,0.0,21:00,"{""type"":""MultiPoint"",""coordinates"":[]}"
20260527T22,2026-05-27,2026-05-27 22:00,20.249102,85.800575,5,0.0,0.0,22:00,"{""type"":""MultiPoint"",""coordinates"":[]}"
20260527T23,2026-05-27,2026-05-27 23:00,20.249102,85.800575,5,0.0,0.0,23:00,"{""type"":""MultiPoint"",""coordinates"":[]}"
20260528T00,2026-05-28,2026-05-28 00:00,20.249102,85.800575,5,13952.188235294117,0.003875607843137255,00:00,"{""type"":""MultiPoint"",""coordinates"":[]}"
20260528T01,2026-05-28,2026-05-28 01:00,20.249102,85.800575,5,333434.81176470587,0.09262078104575162,01:00,"{""type"":""MultiPoint"",""coordinates"":[]}"
20260528T02,2026-05-28,2026-05-28 02:00,20.249102,85.800575,5,873555.6588235294,0.2426543496732026,02:00,"{""type"":""MultiPoint"",""coordinates"":[]}"
20260528T03,2026-05-28,2026-05-28 03:00,20.249102,85.800575,5,1740363.8705882349,0.4834344084967319,03:00,"{""type"":""MultiPoint"",""coordinates"":[]}"
20260528T04,2026-05-28,2026-05-28 04:00,20.249102,85.800575,5,2476014.952941176,0.6877819313725488,04:00,"{""type"":""MultiPoint"",""coordinates"":[]}"
20260528T05,2026-05-28,2026-05-28 05:00,20.249102,85.800575,5,2973581.1411764706,0.8259947614379085,05:00,"{""type"":""MultiPoint"",""coordinates"":[]}"
20260528T06,2026-05-28,2026-05-28 06:00,20.249102,85.800575,5,3211397.6117647057,0.8920548921568627,06:00,"{""type"":""MultiPoint"",""coordinates"":[]}"
20260528T07,2026-05-28,2026-05-28 07:00,20.249102,85.800575,5,3403177.411764706,0.9453270588235294,07:00,"{""type"":""MultiPoint"",""coordinates"":[]}"
20260528T08,2026-05-28,2026-05-28 08:00,20.249102,85.800575,5,3236287.435294118,0.8989687320261438,08:00,"{""type"":""MultiPoint"",""coordinates"":[]}"
20260528T09,2026-05-28,2026-05-28 09:00,20.249102,85.800575,5,2824820.776470588,0.7846724379084967,09:00,"{""type"":""MultiPoint"",""coordinates"":[]}"
20260528T10,2026-05-28,2026-05-28 10:00,20.249102,85.800575,5,2226529.694117647,0.6184804705882353,10:00,"{""type"":""MultiPoint"",""coordinates"":[]}"
20260528T11,2026-05-28,2026-05-28 11:00,20.249102,85.800575,5,1476519.5058823528,0.4101443071895425,11:00,"{""type"":""MultiPoint"",""coordinates"":[]}"
20260528T12,2026-05-28,2026-05-28 12:00,20.249102,85.800575,5,712598.6823529411,0.19794407843137254,12:00,"{""type"":""MultiPoint"",""coordinates"":[]}"
20260528T13,2026-05-28,2026-05-28 13:00,20.249102,85.800575,5,118794.35294117646,0.032998431372549014,13:00,"{""type"":""MultiPoint"",""coordinates"":[]}"
20260528T14,2026-05-28,2026-05-28 14:00,20.249102,85.800575,5,0.0,0.0,14:00,"{""type"":""MultiPoint"",""coordinates"":[]}"
20260528T15,2026-05-28,2026-05-28 15:00,20.249102,85.800575,5,0.0,0.0,15:00,"{""type"":""MultiPoint"",""coordinates"":[]}"
20260528T16,2026-05-28,2026-05-28 16:00,20.249102,85.800575,5,0.0,0.0,16:00,"{""type"":""MultiPoint"",""coordinates"":[]}"
20260528T17,2026-05-28,2026-05-28 17:00,20.249102,85.800575,5,0.0,0.0,17:00,"{""type"":""MultiPoint"",""coordinates"":[]}"
20260528T18,2026-05-28,2026-05-28 18:00,20.249102,85.800575,5,0.0,0.0,18:00,"{""type"":""MultiPoint"",""coordinates"":[]}"
20260528T19,2026-05-28,2026-05-28 19:00,20.249102,85.800575,5,0.0,0.0,19:00,"{""type"":""MultiPoint"",""coordinates"":[]}"
20260528T20,2026-05-28,2026-05-28 20:00,20.249102,85.800575,5,0.0,0.0,20:00,"{""type"":""MultiPoint"",""coordinates"":[]}"
20260528T21,2026-05-28,2026-05-28 21:00,20.249102,85.800575,5,0.0,0.0,21:00,"{""type"":""MultiPoint"",""coordinates"":[]}"
20260528T22,2026-05-28,2026-05-28 22:00,20.249102,85.800575,5,0.0,0.0,22:00,"{""type"":""MultiPoint"",""coordinates"":[]}"
20260528T23,2026-05-28,2026-05-28 23:00,20.249102,85.800575,5,0.0,0.0,23:00,"{""type"":""MultiPoint"",""coordinates"":[]}"
20260529T00,2026-05-29,2026-05-29 00:00,20.249102,85.800575,5,13612.094117647059,0.0037811372549019606,00:00,"{""type"":""MultiPoint"",""coordinates"":[]}"
20260529T01,2026-05-29,2026-05-29 01:00,20.249102,85.800575,5,270924.28235294117,0.07525674509803922,01:00,"{""type"":""MultiPoint"",""coordinates"":[]}"
20260529T02,2026-05-29,2026-05-29 02:00,20.249102,85.800575,5,772727.2294117647,0.21464645261437906,02:00,"{""type"":""MultiPoint"",""coordinates"":[]}"
20260529T03,2026-05-29,2026-05-29 03:00,20.249102,85.800575,5,1335048.6764705882,0.37084685457516336,03:00,"{""type"":""MultiPoint"",""coordinates"":[]}"
20260529T04,2026-05-29,2026-05-29 04:00,20.249102,85.800575,5,1885229.0235294118,0.5236747287581699,04:00,"{""type"":""MultiPoint"",""coordinates"":[]}"
20260529T05,2026-05-29,2026-05-29 05:00,20.249102,85.800575,5,2406913.564705882,0.6685871013071895,05:00,"{""type"":""MultiPoint"",""coordinates"":[]}"
20260529T06,2026-05-29,2026-05-29 06:00,20.249102,85.800575,5,2475126.164705882,0.6875350457516338,06:00,"{""type"":""MultiPoint"",""coordinates"":[]}"
20260529T07,2026-05-29,2026-05-29 07:00,20.249102,85.800575,5,2746481.482352941,0.7629115228758169,07:00,"{""type"":""MultiPoint"",""coordinates"":[]}"
20260529T08,2026-05-29,2026-05-29 08:00,20.249102,85.800575,5,2466571.3411764703,0.6851587058823528,08:00,"{""type"":""MultiPoint"",""coordinates"":[]}"
20260529T09,2026-05-29,2026-05-29 09:00,20.249102,85.800575,5,2147803.5764705883,0.5966121045751634,09:00,"{""type"":""MultiPoint"",""coordinates"":[]}"
20260529T10,2026-05-29,2026-05-29 10:00,20.249102,85.800575,5,1554214.7058823528,0.4317263071895424,10:00,"{""type"":""MultiPoint"",""coordinates"":[]}"
20260529T11,2026-05-29,2026-05-29 11:00,20.249102,85.800575,5,1001032.9411764706,0.27806470588235294,11:00,"{""type"":""MultiPoint"",""coordinates"":[]}"
20260529T12,2026-05-29,2026-05-29 12:00,20.249102,85.800575,5,504982.3764705882,0.14027288235294116,12:00,"{""type"":""MultiPoint"",""coordinates"":[]}"
20260529T13,2026-05-29,2026-05-29 13:00,20.249102,85.800575,5,106029.01176470587,0.029452503267973853,13:00,"{""type"":""MultiPoint"",""coordinates"":[]}"
20260529T14,2026-05-29,2026-05-29 14:00,20.249102,85.800575,5,0.0,0.0,14:00,"{""type"":""MultiPoint"",""coordinates"":[]}"
20260529T15,2026-05-29,2026-05-29 15:00,20.249102,85.800575,5,0.0,0.0,15:00,"{""type"":""MultiPoint"",""coordinates"":[]}"
20260529T16,2026-05-29,2026-05-29 16:00,20.249102,85.800575,5,0.0,0.0,16:00,"{""type"":""MultiPoint"",""coordinates"":[]}"
20260529T17,2026-05-29,2026-05-29 17:00,20.249102,85.800575,5,0.0,0.0,17:00,"{""type"":""MultiPoint"",""coordinates"":[]}"
20260529T18,2026-05-29,2026-05-29 18:00,20.249102,85.800575,5,0.0,0.0,18:00,"{""type"":""MultiPoint"",""coordinates"":[]}"
20260529T19,2026-05-29,2026-05-29 19:00,20.249102,85.800575,5,0.0,0.0,19:00,"{""type"":""MultiPoint"",""coordinates"":[]}"
20260529T20,2026-05-29,2026-05-29 20:00,20.249102,85.800575,5,0.0,0.0,20:00,"{""type"":""MultiPoint"",""coordinates"":[]}"
20260529T21,2026-05-29,2026-05-29 21:00,20.249102,85.800575,5,0.0,0.0,21:00,"{""type"":""MultiPoint"",""coordinates"":[]}"
20260529T22,2026-05-29,2026-05-29 22:00,20.249102,85.800575,5,0.0,0.0,22:00,"{""type"":""MultiPoint"",""coordinates"":[]}"
20260529T23,2026-05-29,2026-05-29 23:00,20.249102,85.800575,5,0.0,0.0,23:00,"{""type"":""MultiPoint"",""coordinates"":[]}"
20260530T00,2026-05-30,2026-05-30 00:00,20.249102,85.800575,5,12477.176470588234,0.0034658823529411763,00:00,"{""type"":""MultiPoint"",""coordinates"":[]}"
20260530T01,2026-05-30,2026-05-30 01:00,20.249102,85.800575,5,331068.5117647059,0.09196347549019608,01:00,"{""type"":""MultiPoint"",""coordinates"":[]}"
20260530T02,2026-05-30,2026-05-30 02:00,20.249102,85.800575,5,846467.9117647058,0.23512997549019604,02:00,"{""type"":""MultiPoint"",""coordinates"":[]}"
20260530T03,2026-05-30,2026-05-30 03:00,20.249102,85.800575,5,1561434.6823529413,0.43373185620915033,03:00,"{""type"":""MultiPoint"",""coordinates"":[]}"
20260530T04,2026-05-30,2026-05-30 04:00,20.249102,85.800575,5,2263712.7529411763,0.6288090980392156,04:00,"{""type"":""MultiPoint"",""coordinates"":[]}"
20260530T05,2026-05-30,2026-05-30 05:00,20.249102,85.800575,5,2440448.964705882,0.6779024901960784,05:00,"{""type"":""MultiPoint"",""coordinates"":[]}"
20260530T06,2026-05-30,2026-05-30 06:00,20.249102,85.800575,5,2794474.0,0.7762427777777777,06:00,"{""type"":""MultiPoint"",""coordinates"":[]}"
20260530T07,2026-05-30,2026-05-30 07:00,20.249102,85.800575,5,2926652.211764706,0.8129589477124183,07:00,"{""type"":""MultiPoint"",""coordinates"":[]}"
20260530T08,2026-05-30,2026-05-30 08:00,20.249102,85.800575,5,2931093.152941176,0.81419254248366,08:00,"{""type"":""MultiPoint"",""coordinates"":[]}"
20260530T09,2026-05-30,2026-05-30 09:00,20.249102,85.800575,5,2642510.282352941,0.7340306339869281,09:00,"{""type"":""MultiPoint"",""coordinates"":[]}"
20260530T10,2026-05-30,2026-05-30 10:00,20.249102,85.800575,5,2019314.0470588235,0.560920568627451,10:00,"{""type"":""MultiPoint"",""coordinates"":[]}"
20260530T11,2026-05-30,2026-05-30 11:00,20.249102,85.800575,5,1370937.3882352938,0.3808159411764705,11:00,"{""type"":""MultiPoint"",""coordinates"":[]}"
20260530T12,2026-05-30,2026-05-30 12:00,20.249102,85.800575,5,683728.4705882352,0.18992457516339867,12:00,"{""type"":""MultiPoint"",""coordinates"":[]}"
20260530T13,2026-05-30,2026-05-30 13:00,20.249102,85.800575,5,115925.48235294115,0.032201522875816985,13:00,"{""type"":""MultiPoint"",""coordinates"":[]}"
20260530T14,2026-05-30,2026-05-30 14:00,20.249102,85.800575,5,0.0,0.0,14:00,"{""type"":""MultiPoint"",""coordinates"":[]}"
20260530T15,2026-05-30,2026-05-30 15:00,20.249102,85.800575,5,0.0,0.0,15:00,"{""type"":""MultiPoint"",""coordinates"":[]}"
20260530T16,2026-05-30,2026-05-30 16:00,20.249102,85.800575,5,0.0,0.0,16:00,"{""type"":""MultiPoint"",""coordinates"":[]}"
20260530T17,2026-05-30,2026-05-30 17:00,20.249102,85.800575,5,0.0,0.0,17:00,"{""type"":""MultiPoint"",""coordinates"":[]}"
20260530T18,2026-05-30,2026-05-30 18:00,20.249102,85.800575,5,0.0,0.0,18:00,"{""type"":""MultiPoint"",""coordinates"":[]}"
20260530T19,2026-05-30,2026-05-30 19:00,20.249102,85.800575,5,0.0,0.0,19:00,"{""type"":""MultiPoint"",""coordinates"":[]}"
20260530T20,2026-05-30,2026-05-30 20:00,20.249102,85.800575,5,0.0,0.0,20:00,"{""type"":""MultiPoint"",""coordinates"":[]}"
20260530T21,2026-05-30,2026-05-30 21:00,20.249102,85.800575,5,0.0,0.0,21:00,"{""type"":""MultiPoint"",""coordinates"":[]}"
20260530T22,2026-05-30,2026-05-30 22:00,20.249102,85.800575,5,0.0,0.0,22:00,"{""type"":""MultiPoint"",""coordinates"":[]}"
20260530T23,2026-05-30,2026-05-30 23:00,20.249102,85.800575,5,0.0,0.0,23:00,"{""type"":""MultiPoint"",""coordinates"":[]}"
20260531T00,2026-05-31,2026-05-31 00:00,20.249102,85.800575,5,12538.023529411765,0.00348278431372549,00:00,"{""type"":""MultiPoint"",""coordinates"":[]}"
20260531T01,2026-05-31,2026-05-31 01:00,20.249102,85.800575,5,235917.03823529408,0.06553251062091502,01:00,"{""type"":""MultiPoint"",""coordinates"":[]}"
20260531T02,2026-05-31,2026-05-31 02:00,20.249102,85.800575,5,803592.9617647057,0.2232202671568627,02:00,"{""type"":""MultiPoint"",""coordinates"":[]}"
20260531T03,2026-05-31,2026-05-31 03:00,20.249102,85.800575,5,1373466.5176470587,0.38151847712418296,03:00,"{""type"":""MultiPoint"",""coordinates"":[]}"
20260531T04,2026-05-31,2026-05-31 04:00,20.249102,85.800575,5,1835429.6117647057,0.5098415588235293,04:00,"{""type"":""MultiPoint"",""coordinates"":[]}"
20260531T05,2026-05-31,2026-05-31 05:00,20.249102,85.800575,5,1605085.2352941176,0.44585700980392157,05:00,"{""type"":""MultiPoint"",""coordinates"":[]}"
20260531T06,2026-05-31,2026-05-31 06:00,20.249102,85.800575,5,1901558.988235294,0.5282108300653594,06:00,"{""type"":""MultiPoint"",""coordinates"":[]}"
20260531T07,2026-05-31,2026-05-31 07:00,20.249102,85.800575,5,2450785.5058823526,0.6807737516339868,07:00,"{""type"":""MultiPoint"",""coordinates"":[]}"
20260531T08,2026-05-31,2026-05-31 08:00,20.249102,85.800575,5,2651335.1058823527,0.7364819738562091,08:00,"{""type"":""MultiPoint"",""coordinates"":[]}"
20260531T09,2026-05-31,2026-05-31 09:00,20.249102,85.800575,5,2519060.894117647,0.6997391372549019,09:00,"{""type"":""MultiPoint"",""coordinates"":[]}"
20260531T10,2026-05-31,2026-05-31 10:00,20.249102,85.800575,5,2027212.3294117646,0.5631145359477124,10:00,"{""type"":""MultiPoint"",""coordinates"":[]}"
20260531T11,2026-05-31,2026-05-31 11:00,20.249102,85.800575,5,1365104.3294117646,0.3791956470588235,11:00,"{""type"":""MultiPoint"",""coordinates"":[]}"
20260531T12,2026-05-31,2026-05-31 12:00,20.249102,85.800575,5,556071.8823529411,0.15446441176470585,12:00,"{""type"":""MultiPoint"",""coordinates"":[]}"
20260531T13,2026-05-31,2026-05-31 13:00,20.249102,85.800575,5,99657.67058823528,0.027682686274509802,13:00,"{""type"":""MultiPoint"",""coordinates"":[]}"
20260531T14,2026-05-31,2026-05-31 14:00,20.249102,85.800575,5,0.0,0.0,14:00,"{""type"":""MultiPoint"",""coordinates"":[]}"
20260531T15,2026-05-31,2026-05-31 15:00,20.249102,85.800575,5,0.0,0.0,15:00,"{""type"":""MultiPoint"",""coordinates"":[]}"
20260531T16,2026-05-31,2026-05-31 16:00,20.249102,85.800575,5,0.0,0.0,16:00,"{""type"":""MultiPoint"",""coordinates"":[]}"
20260531T17,2026-05-31,2026-05-31 17:00,20.249102,85.800575,5,0.0,0.0,17:00,"{""type"":""MultiPoint"",""coordinates"":[]}"
20260531T18,2026-05-31,2026-05-31 18:00,20.249102,85.800575,5,0.0,0.0,18:00,"{""type"":""MultiPoint"",""coordinates"":[]}"
20260531T19,2026-05-31,2026-05-31 19:00,20.249102,85.800575,5,0.0,0.0,19:00,"{""type"":""MultiPoint"",""coordinates"":[]}"
20260531T20,2026-05-31,2026-05-31 20:00,20.249102,85.800575,5,0.0,0.0,20:00,"{""type"":""MultiPoint"",""coordinates"":[]}"
20260531T21,2026-05-31,2026-05-31 21:00,20.249102,85.800575,5,0.0,0.0,21:00,"{""type"":""MultiPoint"",""coordinates"":[]}"
20260531T22,2026-05-31,2026-05-31 22:00,20.249102,85.800575,5,0.0,0.0,22:00,"{""type"":""MultiPoint"",""coordinates"":[]}"
20260531T23,2026-05-31,2026-05-31 23:00,20.249102,85.800575,5,0.0,0.0,23:00,"{""type"":""MultiPoint"",""coordinates"":[]}"
