YEAR,MO,DY,HR,WS2M,Source,Source_URL,Parameter,Study_Area,Period
2026,3,1,0,3.38,NASA POWER,https://power.larc.nasa.gov/,WS2M - Wind Speed at 2 m (m/s),SOA ITER neighbouring area (representative point),2026-03-01 to 2026-05-31
2026,3,1,1,3.17,NASA POWER,https://power.larc.nasa.gov/,WS2M - Wind Speed at 2 m (m/s),SOA ITER neighbouring area (representative point),2026-03-01 to 2026-05-31
2026,3,1,2,2.96,NASA POWER,https://power.larc.nasa.gov/,WS2M - Wind Speed at 2 m (m/s),SOA ITER neighbouring area (representative point),2026-03-01 to 2026-05-31
2026,3,1,3,2.77,NASA POWER,https://power.larc.nasa.gov/,WS2M - Wind Speed at 2 m (m/s),SOA ITER neighbouring area (representative point),2026-03-01 to 2026-05-31
2026,3,1,4,2.55,NASA POWER,https://power.larc.nasa.gov/,WS2M - Wind Speed at 2 m (m/s),SOA ITER neighbouring area (representative point),2026-03-01 to 2026-05-31
2026,3,1,5,2.3,NASA POWER,https://power.larc.nasa.gov/,WS2M - Wind Speed at 2 m (m/s),SOA ITER neighbouring area (representative point),2026-03-01 to 2026-05-31
2026,3,1,6,2.09,NASA POWER,https://power.larc.nasa.gov/,WS2M - Wind Speed at 2 m (m/s),SOA ITER neighbouring area (representative point),2026-03-01 to 2026-05-31
2026,3,1,7,2.59,NASA POWER,https://power.larc.nasa.gov/,WS2M - Wind Speed at 2 m (m/s),SOA ITER neighbouring area (representative point),2026-03-01 to 2026-05-31
2026,3,1,8,2.54,NASA POWER,https://power.larc.nasa.gov/,WS2M - Wind Speed at 2 m (m/s),SOA ITER neighbouring area (representative point),2026-03-01 to 2026-05-31
2026,3,1,9,2.26,NASA POWER,https://power.larc.nasa.gov/,WS2M - Wind Speed at 2 m (m/s),SOA ITER neighbouring area (representative point),2026-03-01 to 2026-05-31
2026,3,1,10,1.71,NASA POWER,https://power.larc.nasa.gov/,WS2M - Wind Speed at 2 m (m/s),SOA ITER neighbouring area (representative point),2026-03-01 to 2026-05-31
2026,3,1,11,1.25,NASA POWER,https://power.larc.nasa.gov/,WS2M - Wind Speed at 2 m (m/s),SOA ITER neighbouring area (representative point),2026-03-01 to 2026-05-31
2026,3,1,12,0.87,NASA POWER,https://power.larc.nasa.gov/,WS2M - Wind Speed at 2 m (m/s),SOA ITER neighbouring area (representative point),2026-03-01 to 2026-05-31
2026,3,1,13,0.55,NASA POWER,https://power.larc.nasa.gov/,WS2M - Wind Speed at 2 m (m/s),SOA ITER neighbouring area (representative point),2026-03-01 to 2026-05-31
2026,3,1,14,0.45,NASA POWER,https://power.larc.nasa.gov/,WS2M - Wind Speed at 2 m (m/s),SOA ITER neighbouring area (representative point),2026-03-01 to 2026-05-31
2026,3,1,15,0.62,NASA POWER,https://power.larc.nasa.gov/,WS2M - Wind Speed at 2 m (m/s),SOA ITER neighbouring area (representative point),2026-03-01 to 2026-05-31
2026,3,1,16,1.09,NASA POWER,https://power.larc.nasa.gov/,WS2M - Wind Speed at 2 m (m/s),SOA ITER neighbouring area (representative point),2026-03-01 to 2026-05-31
2026,3,1,17,2.07,NASA POWER,https://power.larc.nasa.gov/,WS2M - Wind Speed at 2 m (m/s),SOA ITER neighbouring area (representative point),2026-03-01 to 2026-05-31
2026,3,1,18,3.17,NASA POWER,https://power.larc.nasa.gov/,WS2M - Wind Speed at 2 m (m/s),SOA ITER neighbouring area (representative point),2026-03-01 to 2026-05-31
2026,3,1,19,3.84,NASA POWER,https://power.larc.nasa.gov/,WS2M - Wind Speed at 2 m (m/s),SOA ITER neighbouring area (representative point),2026-03-01 to 2026-05-31
2026,3,1,20,4.26,NASA POWER,https://power.larc.nasa.gov/,WS2M - Wind Speed at 2 m (m/s),SOA ITER neighbouring area (representative point),2026-03-01 to 2026-05-31
2026,3,1,21,4.36,NASA POWER,https://power.larc.nasa.gov/,WS2M - Wind Speed at 2 m (m/s),SOA ITER neighbouring area (representative point),2026-03-01 to 2026-05-31
2026,3,1,22,4.13,NASA POWER,https://power.larc.nasa.gov/,WS2M - Wind Speed at 2 m (m/s),SOA ITER neighbouring area (representative point),2026-03-01 to 2026-05-31
2026,3,1,23,3.85,NASA POWER,https://power.larc.nasa.gov/,WS2M - Wind Speed at 2 m (m/s),SOA ITER neighbouring area (representative point),2026-03-01 to 2026-05-31
2026,3,2,0,3.54,NASA POWER,https://power.larc.nasa.gov/,WS2M - Wind Speed at 2 m (m/s),SOA ITER neighbouring area (representative point),2026-03-01 to 2026-05-31
2026,3,2,1,3.16,NASA POWER,https://power.larc.nasa.gov/,WS2M - Wind Speed at 2 m (m/s),SOA ITER neighbouring area (representative point),2026-03-01 to 2026-05-31
2026,3,2,2,2.83,NASA POWER,https://power.larc.nasa.gov/,WS2M - Wind Speed at 2 m (m/s),SOA ITER neighbouring area (representative point),2026-03-01 to 2026-05-31
2026,3,2,3,2.55,NASA POWER,https://power.larc.nasa.gov/,WS2M - Wind Speed at 2 m (m/s),SOA ITER neighbouring area (representative point),2026-03-01 to 2026-05-31
2026,3,2,4,2.32,NASA POWER,https://power.larc.nasa.gov/,WS2M - Wind Speed at 2 m (m/s),SOA ITER neighbouring area (representative point),2026-03-01 to 2026-05-31
2026,3,2,5,2.13,NASA POWER,https://power.larc.nasa.gov/,WS2M - Wind Speed at 2 m (m/s),SOA ITER neighbouring area (representative point),2026-03-01 to 2026-05-31
2026,3,2,6,2.03,NASA POWER,https://power.larc.nasa.gov/,WS2M - Wind Speed at 2 m (m/s),SOA ITER neighbouring area (representative point),2026-03-01 to 2026-05-31
2026,3,2,7,2.81,NASA POWER,https://power.larc.nasa.gov/,WS2M - Wind Speed at 2 m (m/s),SOA ITER neighbouring area (representative point),2026-03-01 to 2026-05-31
2026,3,2,8,2.87,NASA POWER,https://power.larc.nasa.gov/,WS2M - Wind Speed at 2 m (m/s),SOA ITER neighbouring area (representative point),2026-03-01 to 2026-05-31
2026,3,2,9,2.75,NASA POWER,https://power.larc.nasa.gov/,WS2M - Wind Speed at 2 m (m/s),SOA ITER neighbouring area (representative point),2026-03-01 to 2026-05-31
2026,3,2,10,2.62,NASA POWER,https://power.larc.nasa.gov/,WS2M - Wind Speed at 2 m (m/s),SOA ITER neighbouring area (representative point),2026-03-01 to 2026-05-31
2026,3,2,11,2.51,NASA POWER,https://power.larc.nasa.gov/,WS2M - Wind Speed at 2 m (m/s),SOA ITER neighbouring area (representative point),2026-03-01 to 2026-05-31
2026,3,2,12,2.45,NASA POWER,https://power.larc.nasa.gov/,WS2M - Wind Speed at 2 m (m/s),SOA ITER neighbouring area (representative point),2026-03-01 to 2026-05-31
2026,3,2,13,2.39,NASA POWER,https://power.larc.nasa.gov/,WS2M - Wind Speed at 2 m (m/s),SOA ITER neighbouring area (representative point),2026-03-01 to 2026-05-31
2026,3,2,14,2.25,NASA POWER,https://power.larc.nasa.gov/,WS2M - Wind Speed at 2 m (m/s),SOA ITER neighbouring area (representative point),2026-03-01 to 2026-05-31
2026,3,2,15,2.08,NASA POWER,https://power.larc.nasa.gov/,WS2M - Wind Speed at 2 m (m/s),SOA ITER neighbouring area (representative point),2026-03-01 to 2026-05-31
2026,3,2,16,1.82,NASA POWER,https://power.larc.nasa.gov/,WS2M - Wind Speed at 2 m (m/s),SOA ITER neighbouring area (representative point),2026-03-01 to 2026-05-31
2026,3,2,17,1.02,NASA POWER,https://power.larc.nasa.gov/,WS2M - Wind Speed at 2 m (m/s),SOA ITER neighbouring area (representative point),2026-03-01 to 2026-05-31
2026,3,2,18,1.1,NASA POWER,https://power.larc.nasa.gov/,WS2M - Wind Speed at 2 m (m/s),SOA ITER neighbouring area (representative point),2026-03-01 to 2026-05-31
2026,3,2,19,1.65,NASA POWER,https://power.larc.nasa.gov/,WS2M - Wind Speed at 2 m (m/s),SOA ITER neighbouring area (representative point),2026-03-01 to 2026-05-31
2026,3,2,20,2.1,NASA POWER,https://power.larc.nasa.gov/,WS2M - Wind Speed at 2 m (m/s),SOA ITER neighbouring area (representative point),2026-03-01 to 2026-05-31
2026,3,2,21,2.19,NASA POWER,https://power.larc.nasa.gov/,WS2M - Wind Speed at 2 m (m/s),SOA ITER neighbouring area (representative point),2026-03-01 to 2026-05-31
2026,3,2,22,2.04,NASA POWER,https://power.larc.nasa.gov/,WS2M - Wind Speed at 2 m (m/s),SOA ITER neighbouring area (representative point),2026-03-01 to 2026-05-31
2026,3,2,23,1.81,NASA POWER,https://power.larc.nasa.gov/,WS2M - Wind Speed at 2 m (m/s),SOA ITER neighbouring area (representative point),2026-03-01 to 2026-05-31
2026,3,3,0,1.71,NASA POWER,https://power.larc.nasa.gov/,WS2M - Wind Speed at 2 m (m/s),SOA ITER neighbouring area (representative point),2026-03-01 to 2026-05-31
2026,3,3,1,1.96,NASA POWER,https://power.larc.nasa.gov/,WS2M - Wind Speed at 2 m (m/s),SOA ITER neighbouring area (representative point),2026-03-01 to 2026-05-31
2026,3,3,2,2.42,NASA POWER,https://power.larc.nasa.gov/,WS2M - Wind Speed at 2 m (m/s),SOA ITER neighbouring area (representative point),2026-03-01 to 2026-05-31
2026,3,3,3,2.8,NASA POWER,https://power.larc.nasa.gov/,WS2M - Wind Speed at 2 m (m/s),SOA ITER neighbouring area (representative point),2026-03-01 to 2026-05-31
2026,3,3,4,3.01,NASA POWER,https://power.larc.nasa.gov/,WS2M - Wind Speed at 2 m (m/s),SOA ITER neighbouring area (representative point),2026-03-01 to 2026-05-31
2026,3,3,5,3.06,NASA POWER,https://power.larc.nasa.gov/,WS2M - Wind Speed at 2 m (m/s),SOA ITER neighbouring area (representative point),2026-03-01 to 2026-05-31
2026,3,3,6,3.09,NASA POWER,https://power.larc.nasa.gov/,WS2M - Wind Speed at 2 m (m/s),SOA ITER neighbouring area (representative point),2026-03-01 to 2026-05-31
2026,3,3,7,4.03,NASA POWER,https://power.larc.nasa.gov/,WS2M - Wind Speed at 2 m (m/s),SOA ITER neighbouring area (representative point),2026-03-01 to 2026-05-31
2026,3,3,8,3.57,NASA POWER,https://power.larc.nasa.gov/,WS2M - Wind Speed at 2 m (m/s),SOA ITER neighbouring area (representative point),2026-03-01 to 2026-05-31
2026,3,3,9,3.73,NASA POWER,https://power.larc.nasa.gov/,WS2M - Wind Speed at 2 m (m/s),SOA ITER neighbouring area (representative point),2026-03-01 to 2026-05-31
2026,3,3,10,3.5,NASA POWER,https://power.larc.nasa.gov/,WS2M - Wind Speed at 2 m (m/s),SOA ITER neighbouring area (representative point),2026-03-01 to 2026-05-31
2026,3,3,11,2.92,NASA POWER,https://power.larc.nasa.gov/,WS2M - Wind Speed at 2 m (m/s),SOA ITER neighbouring area (representative point),2026-03-01 to 2026-05-31
2026,3,3,12,2.54,NASA POWER,https://power.larc.nasa.gov/,WS2M - Wind Speed at 2 m (m/s),SOA ITER neighbouring area (representative point),2026-03-01 to 2026-05-31
2026,3,3,13,2.3,NASA POWER,https://power.larc.nasa.gov/,WS2M - Wind Speed at 2 m (m/s),SOA ITER neighbouring area (representative point),2026-03-01 to 2026-05-31
2026,3,3,14,2.08,NASA POWER,https://power.larc.nasa.gov/,WS2M - Wind Speed at 2 m (m/s),SOA ITER neighbouring area (representative point),2026-03-01 to 2026-05-31
2026,3,3,15,1.82,NASA POWER,https://power.larc.nasa.gov/,WS2M - Wind Speed at 2 m (m/s),SOA ITER neighbouring area (representative point),2026-03-01 to 2026-05-31
2026,3,3,16,1.3,NASA POWER,https://power.larc.nasa.gov/,WS2M - Wind Speed at 2 m (m/s),SOA ITER neighbouring area (representative point),2026-03-01 to 2026-05-31
2026,3,3,17,0.27,NASA POWER,https://power.larc.nasa.gov/,WS2M - Wind Speed at 2 m (m/s),SOA ITER neighbouring area (representative point),2026-03-01 to 2026-05-31
2026,3,3,18,0.37,NASA POWER,https://power.larc.nasa.gov/,WS2M - Wind Speed at 2 m (m/s),SOA ITER neighbouring area (representative point),2026-03-01 to 2026-05-31
2026,3,3,19,0.94,NASA POWER,https://power.larc.nasa.gov/,WS2M - Wind Speed at 2 m (m/s),SOA ITER neighbouring area (representative point),2026-03-01 to 2026-05-31
2026,3,3,20,1.11,NASA POWER,https://power.larc.nasa.gov/,WS2M - Wind Speed at 2 m (m/s),SOA ITER neighbouring area (representative point),2026-03-01 to 2026-05-31
2026,3,3,21,1.36,NASA POWER,https://power.larc.nasa.gov/,WS2M - Wind Speed at 2 m (m/s),SOA ITER neighbouring area (representative point),2026-03-01 to 2026-05-31
2026,3,3,22,1.66,NASA POWER,https://power.larc.nasa.gov/,WS2M - Wind Speed at 2 m (m/s),SOA ITER neighbouring area (representative point),2026-03-01 to 2026-05-31
2026,3,3,23,1.83,NASA POWER,https://power.larc.nasa.gov/,WS2M - Wind Speed at 2 m (m/s),SOA ITER neighbouring area (representative point),2026-03-01 to 2026-05-31
2026,3,4,0,1.83,NASA POWER,https://power.larc.nasa.gov/,WS2M - Wind Speed at 2 m (m/s),SOA ITER neighbouring area (representative point),2026-03-01 to 2026-05-31
2026,3,4,1,1.65,NASA POWER,https://power.larc.nasa.gov/,WS2M - Wind Speed at 2 m (m/s),SOA ITER neighbouring area (representative point),2026-03-01 to 2026-05-31
2026,3,4,2,1.35,NASA POWER,https://power.larc.nasa.gov/,WS2M - Wind Speed at 2 m (m/s),SOA ITER neighbouring area (representative point),2026-03-01 to 2026-05-31
2026,3,4,3,1.16,NASA POWER,https://power.larc.nasa.gov/,WS2M - Wind Speed at 2 m (m/s),SOA ITER neighbouring area (representative point),2026-03-01 to 2026-05-31
2026,3,4,4,1.26,NASA POWER,https://power.larc.nasa.gov/,WS2M - Wind Speed at 2 m (m/s),SOA ITER neighbouring area (representative point),2026-03-01 to 2026-05-31
2026,3,4,5,1.41,NASA POWER,https://power.larc.nasa.gov/,WS2M - Wind Speed at 2 m (m/s),SOA ITER neighbouring area (representative point),2026-03-01 to 2026-05-31
2026,3,4,6,1.47,NASA POWER,https://power.larc.nasa.gov/,WS2M - Wind Speed at 2 m (m/s),SOA ITER neighbouring area (representative point),2026-03-01 to 2026-05-31
2026,3,4,7,2.16,NASA POWER,https://power.larc.nasa.gov/,WS2M - Wind Speed at 2 m (m/s),SOA ITER neighbouring area (representative point),2026-03-01 to 2026-05-31
2026,3,4,8,1.73,NASA POWER,https://power.larc.nasa.gov/,WS2M - Wind Speed at 2 m (m/s),SOA ITER neighbouring area (representative point),2026-03-01 to 2026-05-31
2026,3,4,9,1.4,NASA POWER,https://power.larc.nasa.gov/,WS2M - Wind Speed at 2 m (m/s),SOA ITER neighbouring area (representative point),2026-03-01 to 2026-05-31
2026,3,4,10,1.37,NASA POWER,https://power.larc.nasa.gov/,WS2M - Wind Speed at 2 m (m/s),SOA ITER neighbouring area (representative point),2026-03-01 to 2026-05-31
2026,3,4,11,1.5,NASA POWER,https://power.larc.nasa.gov/,WS2M - Wind Speed at 2 m (m/s),SOA ITER neighbouring area (representative point),2026-03-01 to 2026-05-31
2026,3,4,12,1.66,NASA POWER,https://power.larc.nasa.gov/,WS2M - Wind Speed at 2 m (m/s),SOA ITER neighbouring area (representative point),2026-03-01 to 2026-05-31
2026,3,4,13,1.77,NASA POWER,https://power.larc.nasa.gov/,WS2M - Wind Speed at 2 m (m/s),SOA ITER neighbouring area (representative point),2026-03-01 to 2026-05-31
2026,3,4,14,1.77,NASA POWER,https://power.larc.nasa.gov/,WS2M - Wind Speed at 2 m (m/s),SOA ITER neighbouring area (representative point),2026-03-01 to 2026-05-31
2026,3,4,15,1.6,NASA POWER,https://power.larc.nasa.gov/,WS2M - Wind Speed at 2 m (m/s),SOA ITER neighbouring area (representative point),2026-03-01 to 2026-05-31
2026,3,4,16,1.24,NASA POWER,https://power.larc.nasa.gov/,WS2M - Wind Speed at 2 m (m/s),SOA ITER neighbouring area (representative point),2026-03-01 to 2026-05-31
2026,3,4,17,0.28,NASA POWER,https://power.larc.nasa.gov/,WS2M - Wind Speed at 2 m (m/s),SOA ITER neighbouring area (representative point),2026-03-01 to 2026-05-31
2026,3,4,18,0.48,NASA POWER,https://power.larc.nasa.gov/,WS2M - Wind Speed at 2 m (m/s),SOA ITER neighbouring area (representative point),2026-03-01 to 2026-05-31
2026,3,4,19,0.94,NASA POWER,https://power.larc.nasa.gov/,WS2M - Wind Speed at 2 m (m/s),SOA ITER neighbouring area (representative point),2026-03-01 to 2026-05-31
2026,3,4,20,1.49,NASA POWER,https://power.larc.nasa.gov/,WS2M - Wind Speed at 2 m (m/s),SOA ITER neighbouring area (representative point),2026-03-01 to 2026-05-31
2026,3,4,21,2.0,NASA POWER,https://power.larc.nasa.gov/,WS2M - Wind Speed at 2 m (m/s),SOA ITER neighbouring area (representative point),2026-03-01 to 2026-05-31
2026,3,4,22,2.19,NASA POWER,https://power.larc.nasa.gov/,WS2M - Wind Speed at 2 m (m/s),SOA ITER neighbouring area (representative point),2026-03-01 to 2026-05-31
2026,3,4,23,2.06,NASA POWER,https://power.larc.nasa.gov/,WS2M - Wind Speed at 2 m (m/s),SOA ITER neighbouring area (representative point),2026-03-01 to 2026-05-31
2026,3,5,0,1.78,NASA POWER,https://power.larc.nasa.gov/,WS2M - Wind Speed at 2 m (m/s),SOA ITER neighbouring area (representative point),2026-03-01 to 2026-05-31
2026,3,5,1,1.59,NASA POWER,https://power.larc.nasa.gov/,WS2M - Wind Speed at 2 m (m/s),SOA ITER neighbouring area (representative point),2026-03-01 to 2026-05-31
2026,3,5,2,1.66,NASA POWER,https://power.larc.nasa.gov/,WS2M - Wind Speed at 2 m (m/s),SOA ITER neighbouring area (representative point),2026-03-01 to 2026-05-31
2026,3,5,3,1.96,NASA POWER,https://power.larc.nasa.gov/,WS2M - Wind Speed at 2 m (m/s),SOA ITER neighbouring area (representative point),2026-03-01 to 2026-05-31
2026,3,5,4,2.23,NASA POWER,https://power.larc.nasa.gov/,WS2M - Wind Speed at 2 m (m/s),SOA ITER neighbouring area (representative point),2026-03-01 to 2026-05-31
2026,3,5,5,2.33,NASA POWER,https://power.larc.nasa.gov/,WS2M - Wind Speed at 2 m (m/s),SOA ITER neighbouring area (representative point),2026-03-01 to 2026-05-31
2026,3,5,6,2.37,NASA POWER,https://power.larc.nasa.gov/,WS2M - Wind Speed at 2 m (m/s),SOA ITER neighbouring area (representative point),2026-03-01 to 2026-05-31
2026,3,5,7,3.48,NASA POWER,https://power.larc.nasa.gov/,WS2M - Wind Speed at 2 m (m/s),SOA ITER neighbouring area (representative point),2026-03-01 to 2026-05-31
2026,3,5,8,3.25,NASA POWER,https://power.larc.nasa.gov/,WS2M - Wind Speed at 2 m (m/s),SOA ITER neighbouring area (representative point),2026-03-01 to 2026-05-31
2026,3,5,9,2.93,NASA POWER,https://power.larc.nasa.gov/,WS2M - Wind Speed at 2 m (m/s),SOA ITER neighbouring area (representative point),2026-03-01 to 2026-05-31
2026,3,5,10,2.83,NASA POWER,https://power.larc.nasa.gov/,WS2M - Wind Speed at 2 m (m/s),SOA ITER neighbouring area (representative point),2026-03-01 to 2026-05-31
2026,3,5,11,2.64,NASA POWER,https://power.larc.nasa.gov/,WS2M - Wind Speed at 2 m (m/s),SOA ITER neighbouring area (representative point),2026-03-01 to 2026-05-31
2026,3,5,12,2.55,NASA POWER,https://power.larc.nasa.gov/,WS2M - Wind Speed at 2 m (m/s),SOA ITER neighbouring area (representative point),2026-03-01 to 2026-05-31
2026,3,5,13,2.44,NASA POWER,https://power.larc.nasa.gov/,WS2M - Wind Speed at 2 m (m/s),SOA ITER neighbouring area (representative point),2026-03-01 to 2026-05-31
2026,3,5,14,2.28,NASA POWER,https://power.larc.nasa.gov/,WS2M - Wind Speed at 2 m (m/s),SOA ITER neighbouring area (representative point),2026-03-01 to 2026-05-31
2026,3,5,15,2.0,NASA POWER,https://power.larc.nasa.gov/,WS2M - Wind Speed at 2 m (m/s),SOA ITER neighbouring area (representative point),2026-03-01 to 2026-05-31
2026,3,5,16,1.46,NASA POWER,https://power.larc.nasa.gov/,WS2M - Wind Speed at 2 m (m/s),SOA ITER neighbouring area (representative point),2026-03-01 to 2026-05-31
2026,3,5,17,0.85,NASA POWER,https://power.larc.nasa.gov/,WS2M - Wind Speed at 2 m (m/s),SOA ITER neighbouring area (representative point),2026-03-01 to 2026-05-31
2026,3,5,18,1.19,NASA POWER,https://power.larc.nasa.gov/,WS2M - Wind Speed at 2 m (m/s),SOA ITER neighbouring area (representative point),2026-03-01 to 2026-05-31
2026,3,5,19,1.92,NASA POWER,https://power.larc.nasa.gov/,WS2M - Wind Speed at 2 m (m/s),SOA ITER neighbouring area (representative point),2026-03-01 to 2026-05-31
2026,3,5,20,2.34,NASA POWER,https://power.larc.nasa.gov/,WS2M - Wind Speed at 2 m (m/s),SOA ITER neighbouring area (representative point),2026-03-01 to 2026-05-31
2026,3,5,21,2.63,NASA POWER,https://power.larc.nasa.gov/,WS2M - Wind Speed at 2 m (m/s),SOA ITER neighbouring area (representative point),2026-03-01 to 2026-05-31
2026,3,5,22,2.6,NASA POWER,https://power.larc.nasa.gov/,WS2M - Wind Speed at 2 m (m/s),SOA ITER neighbouring area (representative point),2026-03-01 to 2026-05-31
2026,3,5,23,2.33,NASA POWER,https://power.larc.nasa.gov/,WS2M - Wind Speed at 2 m (m/s),SOA ITER neighbouring area (representative point),2026-03-01 to 2026-05-31
2026,3,6,0,1.96,NASA POWER,https://power.larc.nasa.gov/,WS2M - Wind Speed at 2 m (m/s),SOA ITER neighbouring area (representative point),2026-03-01 to 2026-05-31
2026,3,6,1,1.63,NASA POWER,https://power.larc.nasa.gov/,WS2M - Wind Speed at 2 m (m/s),SOA ITER neighbouring area (representative point),2026-03-01 to 2026-05-31
2026,3,6,2,1.31,NASA POWER,https://power.larc.nasa.gov/,WS2M - Wind Speed at 2 m (m/s),SOA ITER neighbouring area (representative point),2026-03-01 to 2026-05-31
2026,3,6,3,1.06,NASA POWER,https://power.larc.nasa.gov/,WS2M - Wind Speed at 2 m (m/s),SOA ITER neighbouring area (representative point),2026-03-01 to 2026-05-31
2026,3,6,4,0.89,NASA POWER,https://power.larc.nasa.gov/,WS2M - Wind Speed at 2 m (m/s),SOA ITER neighbouring area (representative point),2026-03-01 to 2026-05-31
2026,3,6,5,0.78,NASA POWER,https://power.larc.nasa.gov/,WS2M - Wind Speed at 2 m (m/s),SOA ITER neighbouring area (representative point),2026-03-01 to 2026-05-31
2026,3,6,6,0.75,NASA POWER,https://power.larc.nasa.gov/,WS2M - Wind Speed at 2 m (m/s),SOA ITER neighbouring area (representative point),2026-03-01 to 2026-05-31
2026,3,6,7,1.09,NASA POWER,https://power.larc.nasa.gov/,WS2M - Wind Speed at 2 m (m/s),SOA ITER neighbouring area (representative point),2026-03-01 to 2026-05-31
2026,3,6,8,1.6,NASA POWER,https://power.larc.nasa.gov/,WS2M - Wind Speed at 2 m (m/s),SOA ITER neighbouring area (representative point),2026-03-01 to 2026-05-31
2026,3,6,9,1.76,NASA POWER,https://power.larc.nasa.gov/,WS2M - Wind Speed at 2 m (m/s),SOA ITER neighbouring area (representative point),2026-03-01 to 2026-05-31
2026,3,6,10,1.77,NASA POWER,https://power.larc.nasa.gov/,WS2M - Wind Speed at 2 m (m/s),SOA ITER neighbouring area (representative point),2026-03-01 to 2026-05-31
2026,3,6,11,2.03,NASA POWER,https://power.larc.nasa.gov/,WS2M - Wind Speed at 2 m (m/s),SOA ITER neighbouring area (representative point),2026-03-01 to 2026-05-31
2026,3,6,12,2.53,NASA POWER,https://power.larc.nasa.gov/,WS2M - Wind Speed at 2 m (m/s),SOA ITER neighbouring area (representative point),2026-03-01 to 2026-05-31
2026,3,6,13,3.1,NASA POWER,https://power.larc.nasa.gov/,WS2M - Wind Speed at 2 m (m/s),SOA ITER neighbouring area (representative point),2026-03-01 to 2026-05-31
2026,3,6,14,3.67,NASA POWER,https://power.larc.nasa.gov/,WS2M - Wind Speed at 2 m (m/s),SOA ITER neighbouring area (representative point),2026-03-01 to 2026-05-31
2026,3,6,15,4.1,NASA POWER,https://power.larc.nasa.gov/,WS2M - Wind Speed at 2 m (m/s),SOA ITER neighbouring area (representative point),2026-03-01 to 2026-05-31
2026,3,6,16,4.42,NASA POWER,https://power.larc.nasa.gov/,WS2M - Wind Speed at 2 m (m/s),SOA ITER neighbouring area (representative point),2026-03-01 to 2026-05-31
2026,3,6,17,4.61,NASA POWER,https://power.larc.nasa.gov/,WS2M - Wind Speed at 2 m (m/s),SOA ITER neighbouring area (representative point),2026-03-01 to 2026-05-31
2026,3,6,18,4.58,NASA POWER,https://power.larc.nasa.gov/,WS2M - Wind Speed at 2 m (m/s),SOA ITER neighbouring area (representative point),2026-03-01 to 2026-05-31
2026,3,6,19,4.44,NASA POWER,https://power.larc.nasa.gov/,WS2M - Wind Speed at 2 m (m/s),SOA ITER neighbouring area (representative point),2026-03-01 to 2026-05-31
2026,3,6,20,3.95,NASA POWER,https://power.larc.nasa.gov/,WS2M - Wind Speed at 2 m (m/s),SOA ITER neighbouring area (representative point),2026-03-01 to 2026-05-31
2026,3,6,21,3.38,NASA POWER,https://power.larc.nasa.gov/,WS2M - Wind Speed at 2 m (m/s),SOA ITER neighbouring area (representative point),2026-03-01 to 2026-05-31
2026,3,6,22,2.83,NASA POWER,https://power.larc.nasa.gov/,WS2M - Wind Speed at 2 m (m/s),SOA ITER neighbouring area (representative point),2026-03-01 to 2026-05-31
2026,3,6,23,2.48,NASA POWER,https://power.larc.nasa.gov/,WS2M - Wind Speed at 2 m (m/s),SOA ITER neighbouring area (representative point),2026-03-01 to 2026-05-31
2026,3,7,0,1.98,NASA POWER,https://power.larc.nasa.gov/,WS2M - Wind Speed at 2 m (m/s),SOA ITER neighbouring area (representative point),2026-03-01 to 2026-05-31
2026,3,7,1,1.67,NASA POWER,https://power.larc.nasa.gov/,WS2M - Wind Speed at 2 m (m/s),SOA ITER neighbouring area (representative point),2026-03-01 to 2026-05-31
2026,3,7,2,1.44,NASA POWER,https://power.larc.nasa.gov/,WS2M - Wind Speed at 2 m (m/s),SOA ITER neighbouring area (representative point),2026-03-01 to 2026-05-31
2026,3,7,3,1.31,NASA POWER,https://power.larc.nasa.gov/,WS2M - Wind Speed at 2 m (m/s),SOA ITER neighbouring area (representative point),2026-03-01 to 2026-05-31
2026,3,7,4,1.27,NASA POWER,https://power.larc.nasa.gov/,WS2M - Wind Speed at 2 m (m/s),SOA ITER neighbouring area (representative point),2026-03-01 to 2026-05-31
2026,3,7,5,1.3,NASA POWER,https://power.larc.nasa.gov/,WS2M - Wind Speed at 2 m (m/s),SOA ITER neighbouring area (representative point),2026-03-01 to 2026-05-31
2026,3,7,6,1.4,NASA POWER,https://power.larc.nasa.gov/,WS2M - Wind Speed at 2 m (m/s),SOA ITER neighbouring area (representative point),2026-03-01 to 2026-05-31
2026,3,7,7,2.49,NASA POWER,https://power.larc.nasa.gov/,WS2M - Wind Speed at 2 m (m/s),SOA ITER neighbouring area (representative point),2026-03-01 to 2026-05-31
2026,3,7,8,2.93,NASA POWER,https://power.larc.nasa.gov/,WS2M - Wind Speed at 2 m (m/s),SOA ITER neighbouring area (representative point),2026-03-01 to 2026-05-31
2026,3,7,9,3.32,NASA POWER,https://power.larc.nasa.gov/,WS2M - Wind Speed at 2 m (m/s),SOA ITER neighbouring area (representative point),2026-03-01 to 2026-05-31
2026,3,7,10,3.75,NASA POWER,https://power.larc.nasa.gov/,WS2M - Wind Speed at 2 m (m/s),SOA ITER neighbouring area (representative point),2026-03-01 to 2026-05-31
2026,3,7,11,4.07,NASA POWER,https://power.larc.nasa.gov/,WS2M - Wind Speed at 2 m (m/s),SOA ITER neighbouring area (representative point),2026-03-01 to 2026-05-31
2026,3,7,12,4.37,NASA POWER,https://power.larc.nasa.gov/,WS2M - Wind Speed at 2 m (m/s),SOA ITER neighbouring area (representative point),2026-03-01 to 2026-05-31
2026,3,7,13,4.64,NASA POWER,https://power.larc.nasa.gov/,WS2M - Wind Speed at 2 m (m/s),SOA ITER neighbouring area (representative point),2026-03-01 to 2026-05-31
2026,3,7,14,4.86,NASA POWER,https://power.larc.nasa.gov/,WS2M - Wind Speed at 2 m (m/s),SOA ITER neighbouring area (representative point),2026-03-01 to 2026-05-31
2026,3,7,15,4.91,NASA POWER,https://power.larc.nasa.gov/,WS2M - Wind Speed at 2 m (m/s),SOA ITER neighbouring area (representative point),2026-03-01 to 2026-05-31
2026,3,7,16,4.86,NASA POWER,https://power.larc.nasa.gov/,WS2M - Wind Speed at 2 m (m/s),SOA ITER neighbouring area (representative point),2026-03-01 to 2026-05-31
2026,3,7,17,4.81,NASA POWER,https://power.larc.nasa.gov/,WS2M - Wind Speed at 2 m (m/s),SOA ITER neighbouring area (representative point),2026-03-01 to 2026-05-31
2026,3,7,18,4.55,NASA POWER,https://power.larc.nasa.gov/,WS2M - Wind Speed at 2 m (m/s),SOA ITER neighbouring area (representative point),2026-03-01 to 2026-05-31
2026,3,7,19,4.29,NASA POWER,https://power.larc.nasa.gov/,WS2M - Wind Speed at 2 m (m/s),SOA ITER neighbouring area (representative point),2026-03-01 to 2026-05-31
2026,3,7,20,3.98,NASA POWER,https://power.larc.nasa.gov/,WS2M - Wind Speed at 2 m (m/s),SOA ITER neighbouring area (representative point),2026-03-01 to 2026-05-31
2026,3,7,21,3.83,NASA POWER,https://power.larc.nasa.gov/,WS2M - Wind Speed at 2 m (m/s),SOA ITER neighbouring area (representative point),2026-03-01 to 2026-05-31
2026,3,7,22,3.6,NASA POWER,https://power.larc.nasa.gov/,WS2M - Wind Speed at 2 m (m/s),SOA ITER neighbouring area (representative point),2026-03-01 to 2026-05-31
2026,3,7,23,3.58,NASA POWER,https://power.larc.nasa.gov/,WS2M - Wind Speed at 2 m (m/s),SOA ITER neighbouring area (representative point),2026-03-01 to 2026-05-31
2026,3,8,0,3.49,NASA POWER,https://power.larc.nasa.gov/,WS2M - Wind Speed at 2 m (m/s),SOA ITER neighbouring area (representative point),2026-03-01 to 2026-05-31
2026,3,8,1,3.34,NASA POWER,https://power.larc.nasa.gov/,WS2M - Wind Speed at 2 m (m/s),SOA ITER neighbouring area (representative point),2026-03-01 to 2026-05-31
2026,3,8,2,3.05,NASA POWER,https://power.larc.nasa.gov/,WS2M - Wind Speed at 2 m (m/s),SOA ITER neighbouring area (representative point),2026-03-01 to 2026-05-31
2026,3,8,3,2.79,NASA POWER,https://power.larc.nasa.gov/,WS2M - Wind Speed at 2 m (m/s),SOA ITER neighbouring area (representative point),2026-03-01 to 2026-05-31
2026,3,8,4,2.49,NASA POWER,https://power.larc.nasa.gov/,WS2M - Wind Speed at 2 m (m/s),SOA ITER neighbouring area (representative point),2026-03-01 to 2026-05-31
2026,3,8,5,2.27,NASA POWER,https://power.larc.nasa.gov/,WS2M - Wind Speed at 2 m (m/s),SOA ITER neighbouring area (representative point),2026-03-01 to 2026-05-31
2026,3,8,6,2.27,NASA POWER,https://power.larc.nasa.gov/,WS2M - Wind Speed at 2 m (m/s),SOA ITER neighbouring area (representative point),2026-03-01 to 2026-05-31
2026,3,8,7,3.44,NASA POWER,https://power.larc.nasa.gov/,WS2M - Wind Speed at 2 m (m/s),SOA ITER neighbouring area (representative point),2026-03-01 to 2026-05-31
2026,3,8,8,3.81,NASA POWER,https://power.larc.nasa.gov/,WS2M - Wind Speed at 2 m (m/s),SOA ITER neighbouring area (representative point),2026-03-01 to 2026-05-31
2026,3,8,9,3.97,NASA POWER,https://power.larc.nasa.gov/,WS2M - Wind Speed at 2 m (m/s),SOA ITER neighbouring area (representative point),2026-03-01 to 2026-05-31
2026,3,8,10,4.16,NASA POWER,https://power.larc.nasa.gov/,WS2M - Wind Speed at 2 m (m/s),SOA ITER neighbouring area (representative point),2026-03-01 to 2026-05-31
2026,3,8,11,4.34,NASA POWER,https://power.larc.nasa.gov/,WS2M - Wind Speed at 2 m (m/s),SOA ITER neighbouring area (representative point),2026-03-01 to 2026-05-31
2026,3,8,12,4.47,NASA POWER,https://power.larc.nasa.gov/,WS2M - Wind Speed at 2 m (m/s),SOA ITER neighbouring area (representative point),2026-03-01 to 2026-05-31
2026,3,8,13,4.55,NASA POWER,https://power.larc.nasa.gov/,WS2M - Wind Speed at 2 m (m/s),SOA ITER neighbouring area (representative point),2026-03-01 to 2026-05-31
2026,3,8,14,4.62,NASA POWER,https://power.larc.nasa.gov/,WS2M - Wind Speed at 2 m (m/s),SOA ITER neighbouring area (representative point),2026-03-01 to 2026-05-31
2026,3,8,15,4.69,NASA POWER,https://power.larc.nasa.gov/,WS2M - Wind Speed at 2 m (m/s),SOA ITER neighbouring area (representative point),2026-03-01 to 2026-05-31
2026,3,8,16,4.78,NASA POWER,https://power.larc.nasa.gov/,WS2M - Wind Speed at 2 m (m/s),SOA ITER neighbouring area (representative point),2026-03-01 to 2026-05-31
2026,3,8,17,4.75,NASA POWER,https://power.larc.nasa.gov/,WS2M - Wind Speed at 2 m (m/s),SOA ITER neighbouring area (representative point),2026-03-01 to 2026-05-31
2026,3,8,18,4.52,NASA POWER,https://power.larc.nasa.gov/,WS2M - Wind Speed at 2 m (m/s),SOA ITER neighbouring area (representative point),2026-03-01 to 2026-05-31
2026,3,8,19,4.42,NASA POWER,https://power.larc.nasa.gov/,WS2M - Wind Speed at 2 m (m/s),SOA ITER neighbouring area (representative point),2026-03-01 to 2026-05-31
2026,3,8,20,4.24,NASA POWER,https://power.larc.nasa.gov/,WS2M - Wind Speed at 2 m (m/s),SOA ITER neighbouring area (representative point),2026-03-01 to 2026-05-31
2026,3,8,21,4.02,NASA POWER,https://power.larc.nasa.gov/,WS2M - Wind Speed at 2 m (m/s),SOA ITER neighbouring area (representative point),2026-03-01 to 2026-05-31
2026,3,8,22,3.82,NASA POWER,https://power.larc.nasa.gov/,WS2M - Wind Speed at 2 m (m/s),SOA ITER neighbouring area (representative point),2026-03-01 to 2026-05-31
2026,3,8,23,3.57,NASA POWER,https://power.larc.nasa.gov/,WS2M - Wind Speed at 2 m (m/s),SOA ITER neighbouring area (representative point),2026-03-01 to 2026-05-31
2026,3,9,0,3.35,NASA POWER,https://power.larc.nasa.gov/,WS2M - Wind Speed at 2 m (m/s),SOA ITER neighbouring area (representative point),2026-03-01 to 2026-05-31
2026,3,9,1,3.18,NASA POWER,https://power.larc.nasa.gov/,WS2M - Wind Speed at 2 m (m/s),SOA ITER neighbouring area (representative point),2026-03-01 to 2026-05-31
2026,3,9,2,2.99,NASA POWER,https://power.larc.nasa.gov/,WS2M - Wind Speed at 2 m (m/s),SOA ITER neighbouring area (representative point),2026-03-01 to 2026-05-31
2026,3,9,3,2.89,NASA POWER,https://power.larc.nasa.gov/,WS2M - Wind Speed at 2 m (m/s),SOA ITER neighbouring area (representative point),2026-03-01 to 2026-05-31
2026,3,9,4,2.81,NASA POWER,https://power.larc.nasa.gov/,WS2M - Wind Speed at 2 m (m/s),SOA ITER neighbouring area (representative point),2026-03-01 to 2026-05-31
2026,3,9,5,2.75,NASA POWER,https://power.larc.nasa.gov/,WS2M - Wind Speed at 2 m (m/s),SOA ITER neighbouring area (representative point),2026-03-01 to 2026-05-31
2026,3,9,6,2.85,NASA POWER,https://power.larc.nasa.gov/,WS2M - Wind Speed at 2 m (m/s),SOA ITER neighbouring area (representative point),2026-03-01 to 2026-05-31
2026,3,9,7,4.02,NASA POWER,https://power.larc.nasa.gov/,WS2M - Wind Speed at 2 m (m/s),SOA ITER neighbouring area (representative point),2026-03-01 to 2026-05-31
2026,3,9,8,4.29,NASA POWER,https://power.larc.nasa.gov/,WS2M - Wind Speed at 2 m (m/s),SOA ITER neighbouring area (representative point),2026-03-01 to 2026-05-31
2026,3,9,9,4.47,NASA POWER,https://power.larc.nasa.gov/,WS2M - Wind Speed at 2 m (m/s),SOA ITER neighbouring area (representative point),2026-03-01 to 2026-05-31
2026,3,9,10,4.74,NASA POWER,https://power.larc.nasa.gov/,WS2M - Wind Speed at 2 m (m/s),SOA ITER neighbouring area (representative point),2026-03-01 to 2026-05-31
2026,3,9,11,4.96,NASA POWER,https://power.larc.nasa.gov/,WS2M - Wind Speed at 2 m (m/s),SOA ITER neighbouring area (representative point),2026-03-01 to 2026-05-31
2026,3,9,12,5.14,NASA POWER,https://power.larc.nasa.gov/,WS2M - Wind Speed at 2 m (m/s),SOA ITER neighbouring area (representative point),2026-03-01 to 2026-05-31
2026,3,9,13,5.29,NASA POWER,https://power.larc.nasa.gov/,WS2M - Wind Speed at 2 m (m/s),SOA ITER neighbouring area (representative point),2026-03-01 to 2026-05-31
2026,3,9,14,5.42,NASA POWER,https://power.larc.nasa.gov/,WS2M - Wind Speed at 2 m (m/s),SOA ITER neighbouring area (representative point),2026-03-01 to 2026-05-31
2026,3,9,15,5.38,NASA POWER,https://power.larc.nasa.gov/,WS2M - Wind Speed at 2 m (m/s),SOA ITER neighbouring area (representative point),2026-03-01 to 2026-05-31
2026,3,9,16,5.3,NASA POWER,https://power.larc.nasa.gov/,WS2M - Wind Speed at 2 m (m/s),SOA ITER neighbouring area (representative point),2026-03-01 to 2026-05-31
2026,3,9,17,5.16,NASA POWER,https://power.larc.nasa.gov/,WS2M - Wind Speed at 2 m (m/s),SOA ITER neighbouring area (representative point),2026-03-01 to 2026-05-31
2026,3,9,18,4.92,NASA POWER,https://power.larc.nasa.gov/,WS2M - Wind Speed at 2 m (m/s),SOA ITER neighbouring area (representative point),2026-03-01 to 2026-05-31
2026,3,9,19,4.8,NASA POWER,https://power.larc.nasa.gov/,WS2M - Wind Speed at 2 m (m/s),SOA ITER neighbouring area (representative point),2026-03-01 to 2026-05-31
2026,3,9,20,4.57,NASA POWER,https://power.larc.nasa.gov/,WS2M - Wind Speed at 2 m (m/s),SOA ITER neighbouring area (representative point),2026-03-01 to 2026-05-31
2026,3,9,21,4.31,NASA POWER,https://power.larc.nasa.gov/,WS2M - Wind Speed at 2 m (m/s),SOA ITER neighbouring area (representative point),2026-03-01 to 2026-05-31
2026,3,9,22,3.9,NASA POWER,https://power.larc.nasa.gov/,WS2M - Wind Speed at 2 m (m/s),SOA ITER neighbouring area (representative point),2026-03-01 to 2026-05-31
2026,3,9,23,3.46,NASA POWER,https://power.larc.nasa.gov/,WS2M - Wind Speed at 2 m (m/s),SOA ITER neighbouring area (representative point),2026-03-01 to 2026-05-31
2026,3,10,0,3.01,NASA POWER,https://power.larc.nasa.gov/,WS2M - Wind Speed at 2 m (m/s),SOA ITER neighbouring area (representative point),2026-03-01 to 2026-05-31
2026,3,10,1,2.67,NASA POWER,https://power.larc.nasa.gov/,WS2M - Wind Speed at 2 m (m/s),SOA ITER neighbouring area (representative point),2026-03-01 to 2026-05-31
2026,3,10,2,2.41,NASA POWER,https://power.larc.nasa.gov/,WS2M - Wind Speed at 2 m (m/s),SOA ITER neighbouring area (representative point),2026-03-01 to 2026-05-31
2026,3,10,3,2.3,NASA POWER,https://power.larc.nasa.gov/,WS2M - Wind Speed at 2 m (m/s),SOA ITER neighbouring area (representative point),2026-03-01 to 2026-05-31
2026,3,10,4,2.27,NASA POWER,https://power.larc.nasa.gov/,WS2M - Wind Speed at 2 m (m/s),SOA ITER neighbouring area (representative point),2026-03-01 to 2026-05-31
2026,3,10,5,2.27,NASA POWER,https://power.larc.nasa.gov/,WS2M - Wind Speed at 2 m (m/s),SOA ITER neighbouring area (representative point),2026-03-01 to 2026-05-31
2026,3,10,6,2.39,NASA POWER,https://power.larc.nasa.gov/,WS2M - Wind Speed at 2 m (m/s),SOA ITER neighbouring area (representative point),2026-03-01 to 2026-05-31
2026,3,10,7,3.66,NASA POWER,https://power.larc.nasa.gov/,WS2M - Wind Speed at 2 m (m/s),SOA ITER neighbouring area (representative point),2026-03-01 to 2026-05-31
2026,3,10,8,3.95,NASA POWER,https://power.larc.nasa.gov/,WS2M - Wind Speed at 2 m (m/s),SOA ITER neighbouring area (representative point),2026-03-01 to 2026-05-31
2026,3,10,9,4.02,NASA POWER,https://power.larc.nasa.gov/,WS2M - Wind Speed at 2 m (m/s),SOA ITER neighbouring area (representative point),2026-03-01 to 2026-05-31
2026,3,10,10,4.15,NASA POWER,https://power.larc.nasa.gov/,WS2M - Wind Speed at 2 m (m/s),SOA ITER neighbouring area (representative point),2026-03-01 to 2026-05-31
2026,3,10,11,4.31,NASA POWER,https://power.larc.nasa.gov/,WS2M - Wind Speed at 2 m (m/s),SOA ITER neighbouring area (representative point),2026-03-01 to 2026-05-31
2026,3,10,12,4.47,NASA POWER,https://power.larc.nasa.gov/,WS2M - Wind Speed at 2 m (m/s),SOA ITER neighbouring area (representative point),2026-03-01 to 2026-05-31
2026,3,10,13,4.63,NASA POWER,https://power.larc.nasa.gov/,WS2M - Wind Speed at 2 m (m/s),SOA ITER neighbouring area (representative point),2026-03-01 to 2026-05-31
2026,3,10,14,4.78,NASA POWER,https://power.larc.nasa.gov/,WS2M - Wind Speed at 2 m (m/s),SOA ITER neighbouring area (representative point),2026-03-01 to 2026-05-31
2026,3,10,15,4.84,NASA POWER,https://power.larc.nasa.gov/,WS2M - Wind Speed at 2 m (m/s),SOA ITER neighbouring area (representative point),2026-03-01 to 2026-05-31
2026,3,10,16,4.89,NASA POWER,https://power.larc.nasa.gov/,WS2M - Wind Speed at 2 m (m/s),SOA ITER neighbouring area (representative point),2026-03-01 to 2026-05-31
2026,3,10,17,4.87,NASA POWER,https://power.larc.nasa.gov/,WS2M - Wind Speed at 2 m (m/s),SOA ITER neighbouring area (representative point),2026-03-01 to 2026-05-31
2026,3,10,18,4.6,NASA POWER,https://power.larc.nasa.gov/,WS2M - Wind Speed at 2 m (m/s),SOA ITER neighbouring area (representative point),2026-03-01 to 2026-05-31
2026,3,10,19,4.46,NASA POWER,https://power.larc.nasa.gov/,WS2M - Wind Speed at 2 m (m/s),SOA ITER neighbouring area (representative point),2026-03-01 to 2026-05-31
2026,3,10,20,4.21,NASA POWER,https://power.larc.nasa.gov/,WS2M - Wind Speed at 2 m (m/s),SOA ITER neighbouring area (representative point),2026-03-01 to 2026-05-31
2026,3,10,21,3.97,NASA POWER,https://power.larc.nasa.gov/,WS2M - Wind Speed at 2 m (m/s),SOA ITER neighbouring area (representative point),2026-03-01 to 2026-05-31
2026,3,10,22,3.65,NASA POWER,https://power.larc.nasa.gov/,WS2M - Wind Speed at 2 m (m/s),SOA ITER neighbouring area (representative point),2026-03-01 to 2026-05-31
2026,3,10,23,3.42,NASA POWER,https://power.larc.nasa.gov/,WS2M - Wind Speed at 2 m (m/s),SOA ITER neighbouring area (representative point),2026-03-01 to 2026-05-31
2026,3,11,0,3.51,NASA POWER,https://power.larc.nasa.gov/,WS2M - Wind Speed at 2 m (m/s),SOA ITER neighbouring area (representative point),2026-03-01 to 2026-05-31
2026,3,11,1,3.62,NASA POWER,https://power.larc.nasa.gov/,WS2M - Wind Speed at 2 m (m/s),SOA ITER neighbouring area (representative point),2026-03-01 to 2026-05-31
2026,3,11,2,3.51,NASA POWER,https://power.larc.nasa.gov/,WS2M - Wind Speed at 2 m (m/s),SOA ITER neighbouring area (representative point),2026-03-01 to 2026-05-31
2026,3,11,3,3.43,NASA POWER,https://power.larc.nasa.gov/,WS2M - Wind Speed at 2 m (m/s),SOA ITER neighbouring area (representative point),2026-03-01 to 2026-05-31
2026,3,11,4,3.37,NASA POWER,https://power.larc.nasa.gov/,WS2M - Wind Speed at 2 m (m/s),SOA ITER neighbouring area (representative point),2026-03-01 to 2026-05-31
2026,3,11,5,3.3,NASA POWER,https://power.larc.nasa.gov/,WS2M - Wind Speed at 2 m (m/s),SOA ITER neighbouring area (representative point),2026-03-01 to 2026-05-31
2026,3,11,6,3.37,NASA POWER,https://power.larc.nasa.gov/,WS2M - Wind Speed at 2 m (m/s),SOA ITER neighbouring area (representative point),2026-03-01 to 2026-05-31
2026,3,11,7,4.52,NASA POWER,https://power.larc.nasa.gov/,WS2M - Wind Speed at 2 m (m/s),SOA ITER neighbouring area (representative point),2026-03-01 to 2026-05-31
2026,3,11,8,4.82,NASA POWER,https://power.larc.nasa.gov/,WS2M - Wind Speed at 2 m (m/s),SOA ITER neighbouring area (representative point),2026-03-01 to 2026-05-31
2026,3,11,9,4.7,NASA POWER,https://power.larc.nasa.gov/,WS2M - Wind Speed at 2 m (m/s),SOA ITER neighbouring area (representative point),2026-03-01 to 2026-05-31
2026,3,11,10,4.37,NASA POWER,https://power.larc.nasa.gov/,WS2M - Wind Speed at 2 m (m/s),SOA ITER neighbouring area (representative point),2026-03-01 to 2026-05-31
2026,3,11,11,3.94,NASA POWER,https://power.larc.nasa.gov/,WS2M - Wind Speed at 2 m (m/s),SOA ITER neighbouring area (representative point),2026-03-01 to 2026-05-31
2026,3,11,12,3.78,NASA POWER,https://power.larc.nasa.gov/,WS2M - Wind Speed at 2 m (m/s),SOA ITER neighbouring area (representative point),2026-03-01 to 2026-05-31
2026,3,11,13,3.94,NASA POWER,https://power.larc.nasa.gov/,WS2M - Wind Speed at 2 m (m/s),SOA ITER neighbouring area (representative point),2026-03-01 to 2026-05-31
2026,3,11,14,4.3,NASA POWER,https://power.larc.nasa.gov/,WS2M - Wind Speed at 2 m (m/s),SOA ITER neighbouring area (representative point),2026-03-01 to 2026-05-31
2026,3,11,15,4.66,NASA POWER,https://power.larc.nasa.gov/,WS2M - Wind Speed at 2 m (m/s),SOA ITER neighbouring area (representative point),2026-03-01 to 2026-05-31
2026,3,11,16,5.08,NASA POWER,https://power.larc.nasa.gov/,WS2M - Wind Speed at 2 m (m/s),SOA ITER neighbouring area (representative point),2026-03-01 to 2026-05-31
2026,3,11,17,5.36,NASA POWER,https://power.larc.nasa.gov/,WS2M - Wind Speed at 2 m (m/s),SOA ITER neighbouring area (representative point),2026-03-01 to 2026-05-31
2026,3,11,18,5.28,NASA POWER,https://power.larc.nasa.gov/,WS2M - Wind Speed at 2 m (m/s),SOA ITER neighbouring area (representative point),2026-03-01 to 2026-05-31
2026,3,11,19,4.96,NASA POWER,https://power.larc.nasa.gov/,WS2M - Wind Speed at 2 m (m/s),SOA ITER neighbouring area (representative point),2026-03-01 to 2026-05-31
2026,3,11,20,4.48,NASA POWER,https://power.larc.nasa.gov/,WS2M - Wind Speed at 2 m (m/s),SOA ITER neighbouring area (representative point),2026-03-01 to 2026-05-31
2026,3,11,21,4.0,NASA POWER,https://power.larc.nasa.gov/,WS2M - Wind Speed at 2 m (m/s),SOA ITER neighbouring area (representative point),2026-03-01 to 2026-05-31
2026,3,11,22,3.7,NASA POWER,https://power.larc.nasa.gov/,WS2M - Wind Speed at 2 m (m/s),SOA ITER neighbouring area (representative point),2026-03-01 to 2026-05-31
2026,3,11,23,3.47,NASA POWER,https://power.larc.nasa.gov/,WS2M - Wind Speed at 2 m (m/s),SOA ITER neighbouring area (representative point),2026-03-01 to 2026-05-31
2026,3,12,0,3.28,NASA POWER,https://power.larc.nasa.gov/,WS2M - Wind Speed at 2 m (m/s),SOA ITER neighbouring area (representative point),2026-03-01 to 2026-05-31
2026,3,12,1,3.04,NASA POWER,https://power.larc.nasa.gov/,WS2M - Wind Speed at 2 m (m/s),SOA ITER neighbouring area (representative point),2026-03-01 to 2026-05-31
2026,3,12,2,2.77,NASA POWER,https://power.larc.nasa.gov/,WS2M - Wind Speed at 2 m (m/s),SOA ITER neighbouring area (representative point),2026-03-01 to 2026-05-31
2026,3,12,3,2.48,NASA POWER,https://power.larc.nasa.gov/,WS2M - Wind Speed at 2 m (m/s),SOA ITER neighbouring area (representative point),2026-03-01 to 2026-05-31
2026,3,12,4,2.21,NASA POWER,https://power.larc.nasa.gov/,WS2M - Wind Speed at 2 m (m/s),SOA ITER neighbouring area (representative point),2026-03-01 to 2026-05-31
2026,3,12,5,2.04,NASA POWER,https://power.larc.nasa.gov/,WS2M - Wind Speed at 2 m (m/s),SOA ITER neighbouring area (representative point),2026-03-01 to 2026-05-31
2026,3,12,6,1.93,NASA POWER,https://power.larc.nasa.gov/,WS2M - Wind Speed at 2 m (m/s),SOA ITER neighbouring area (representative point),2026-03-01 to 2026-05-31
2026,3,12,7,2.62,NASA POWER,https://power.larc.nasa.gov/,WS2M - Wind Speed at 2 m (m/s),SOA ITER neighbouring area (representative point),2026-03-01 to 2026-05-31
2026,3,12,8,2.37,NASA POWER,https://power.larc.nasa.gov/,WS2M - Wind Speed at 2 m (m/s),SOA ITER neighbouring area (representative point),2026-03-01 to 2026-05-31
2026,3,12,9,2.23,NASA POWER,https://power.larc.nasa.gov/,WS2M - Wind Speed at 2 m (m/s),SOA ITER neighbouring area (representative point),2026-03-01 to 2026-05-31
2026,3,12,10,2.46,NASA POWER,https://power.larc.nasa.gov/,WS2M - Wind Speed at 2 m (m/s),SOA ITER neighbouring area (representative point),2026-03-01 to 2026-05-31
2026,3,12,11,2.07,NASA POWER,https://power.larc.nasa.gov/,WS2M - Wind Speed at 2 m (m/s),SOA ITER neighbouring area (representative point),2026-03-01 to 2026-05-31
2026,3,12,12,1.32,NASA POWER,https://power.larc.nasa.gov/,WS2M - Wind Speed at 2 m (m/s),SOA ITER neighbouring area (representative point),2026-03-01 to 2026-05-31
2026,3,12,13,0.64,NASA POWER,https://power.larc.nasa.gov/,WS2M - Wind Speed at 2 m (m/s),SOA ITER neighbouring area (representative point),2026-03-01 to 2026-05-31
2026,3,12,14,0.36,NASA POWER,https://power.larc.nasa.gov/,WS2M - Wind Speed at 2 m (m/s),SOA ITER neighbouring area (representative point),2026-03-01 to 2026-05-31
2026,3,12,15,0.74,NASA POWER,https://power.larc.nasa.gov/,WS2M - Wind Speed at 2 m (m/s),SOA ITER neighbouring area (representative point),2026-03-01 to 2026-05-31
2026,3,12,16,1.57,NASA POWER,https://power.larc.nasa.gov/,WS2M - Wind Speed at 2 m (m/s),SOA ITER neighbouring area (representative point),2026-03-01 to 2026-05-31
2026,3,12,17,2.92,NASA POWER,https://power.larc.nasa.gov/,WS2M - Wind Speed at 2 m (m/s),SOA ITER neighbouring area (representative point),2026-03-01 to 2026-05-31
2026,3,12,18,4.39,NASA POWER,https://power.larc.nasa.gov/,WS2M - Wind Speed at 2 m (m/s),SOA ITER neighbouring area (representative point),2026-03-01 to 2026-05-31
2026,3,12,19,5.23,NASA POWER,https://power.larc.nasa.gov/,WS2M - Wind Speed at 2 m (m/s),SOA ITER neighbouring area (representative point),2026-03-01 to 2026-05-31
2026,3,12,20,5.17,NASA POWER,https://power.larc.nasa.gov/,WS2M - Wind Speed at 2 m (m/s),SOA ITER neighbouring area (representative point),2026-03-01 to 2026-05-31
2026,3,12,21,4.86,NASA POWER,https://power.larc.nasa.gov/,WS2M - Wind Speed at 2 m (m/s),SOA ITER neighbouring area (representative point),2026-03-01 to 2026-05-31
2026,3,12,22,4.53,NASA POWER,https://power.larc.nasa.gov/,WS2M - Wind Speed at 2 m (m/s),SOA ITER neighbouring area (representative point),2026-03-01 to 2026-05-31
2026,3,12,23,4.16,NASA POWER,https://power.larc.nasa.gov/,WS2M - Wind Speed at 2 m (m/s),SOA ITER neighbouring area (representative point),2026-03-01 to 2026-05-31
2026,3,13,0,3.67,NASA POWER,https://power.larc.nasa.gov/,WS2M - Wind Speed at 2 m (m/s),SOA ITER neighbouring area (representative point),2026-03-01 to 2026-05-31
2026,3,13,1,3.16,NASA POWER,https://power.larc.nasa.gov/,WS2M - Wind Speed at 2 m (m/s),SOA ITER neighbouring area (representative point),2026-03-01 to 2026-05-31
2026,3,13,2,2.8,NASA POWER,https://power.larc.nasa.gov/,WS2M - Wind Speed at 2 m (m/s),SOA ITER neighbouring area (representative point),2026-03-01 to 2026-05-31
2026,3,13,3,2.57,NASA POWER,https://power.larc.nasa.gov/,WS2M - Wind Speed at 2 m (m/s),SOA ITER neighbouring area (representative point),2026-03-01 to 2026-05-31
2026,3,13,4,2.41,NASA POWER,https://power.larc.nasa.gov/,WS2M - Wind Speed at 2 m (m/s),SOA ITER neighbouring area (representative point),2026-03-01 to 2026-05-31
2026,3,13,5,2.3,NASA POWER,https://power.larc.nasa.gov/,WS2M - Wind Speed at 2 m (m/s),SOA ITER neighbouring area (representative point),2026-03-01 to 2026-05-31
2026,3,13,6,2.28,NASA POWER,https://power.larc.nasa.gov/,WS2M - Wind Speed at 2 m (m/s),SOA ITER neighbouring area (representative point),2026-03-01 to 2026-05-31
2026,3,13,7,3.18,NASA POWER,https://power.larc.nasa.gov/,WS2M - Wind Speed at 2 m (m/s),SOA ITER neighbouring area (representative point),2026-03-01 to 2026-05-31
2026,3,13,8,3.43,NASA POWER,https://power.larc.nasa.gov/,WS2M - Wind Speed at 2 m (m/s),SOA ITER neighbouring area (representative point),2026-03-01 to 2026-05-31
2026,3,13,9,3.3,NASA POWER,https://power.larc.nasa.gov/,WS2M - Wind Speed at 2 m (m/s),SOA ITER neighbouring area (representative point),2026-03-01 to 2026-05-31
2026,3,13,10,2.81,NASA POWER,https://power.larc.nasa.gov/,WS2M - Wind Speed at 2 m (m/s),SOA ITER neighbouring area (representative point),2026-03-01 to 2026-05-31
2026,3,13,11,2.49,NASA POWER,https://power.larc.nasa.gov/,WS2M - Wind Speed at 2 m (m/s),SOA ITER neighbouring area (representative point),2026-03-01 to 2026-05-31
2026,3,13,12,2.45,NASA POWER,https://power.larc.nasa.gov/,WS2M - Wind Speed at 2 m (m/s),SOA ITER neighbouring area (representative point),2026-03-01 to 2026-05-31
2026,3,13,13,2.62,NASA POWER,https://power.larc.nasa.gov/,WS2M - Wind Speed at 2 m (m/s),SOA ITER neighbouring area (representative point),2026-03-01 to 2026-05-31
2026,3,13,14,2.98,NASA POWER,https://power.larc.nasa.gov/,WS2M - Wind Speed at 2 m (m/s),SOA ITER neighbouring area (representative point),2026-03-01 to 2026-05-31
2026,3,13,15,3.54,NASA POWER,https://power.larc.nasa.gov/,WS2M - Wind Speed at 2 m (m/s),SOA ITER neighbouring area (representative point),2026-03-01 to 2026-05-31
2026,3,13,16,4.15,NASA POWER,https://power.larc.nasa.gov/,WS2M - Wind Speed at 2 m (m/s),SOA ITER neighbouring area (representative point),2026-03-01 to 2026-05-31
2026,3,13,17,4.82,NASA POWER,https://power.larc.nasa.gov/,WS2M - Wind Speed at 2 m (m/s),SOA ITER neighbouring area (representative point),2026-03-01 to 2026-05-31
2026,3,13,18,5.45,NASA POWER,https://power.larc.nasa.gov/,WS2M - Wind Speed at 2 m (m/s),SOA ITER neighbouring area (representative point),2026-03-01 to 2026-05-31
2026,3,13,19,5.51,NASA POWER,https://power.larc.nasa.gov/,WS2M - Wind Speed at 2 m (m/s),SOA ITER neighbouring area (representative point),2026-03-01 to 2026-05-31
2026,3,13,20,5.24,NASA POWER,https://power.larc.nasa.gov/,WS2M - Wind Speed at 2 m (m/s),SOA ITER neighbouring area (representative point),2026-03-01 to 2026-05-31
2026,3,13,21,5.05,NASA POWER,https://power.larc.nasa.gov/,WS2M - Wind Speed at 2 m (m/s),SOA ITER neighbouring area (representative point),2026-03-01 to 2026-05-31
2026,3,13,22,4.85,NASA POWER,https://power.larc.nasa.gov/,WS2M - Wind Speed at 2 m (m/s),SOA ITER neighbouring area (representative point),2026-03-01 to 2026-05-31
2026,3,13,23,4.61,NASA POWER,https://power.larc.nasa.gov/,WS2M - Wind Speed at 2 m (m/s),SOA ITER neighbouring area (representative point),2026-03-01 to 2026-05-31
2026,3,14,0,4.48,NASA POWER,https://power.larc.nasa.gov/,WS2M - Wind Speed at 2 m (m/s),SOA ITER neighbouring area (representative point),2026-03-01 to 2026-05-31
2026,3,14,1,4.46,NASA POWER,https://power.larc.nasa.gov/,WS2M - Wind Speed at 2 m (m/s),SOA ITER neighbouring area (representative point),2026-03-01 to 2026-05-31
2026,3,14,2,4.53,NASA POWER,https://power.larc.nasa.gov/,WS2M - Wind Speed at 2 m (m/s),SOA ITER neighbouring area (representative point),2026-03-01 to 2026-05-31
2026,3,14,3,4.64,NASA POWER,https://power.larc.nasa.gov/,WS2M - Wind Speed at 2 m (m/s),SOA ITER neighbouring area (representative point),2026-03-01 to 2026-05-31
2026,3,14,4,4.74,NASA POWER,https://power.larc.nasa.gov/,WS2M - Wind Speed at 2 m (m/s),SOA ITER neighbouring area (representative point),2026-03-01 to 2026-05-31
2026,3,14,5,4.91,NASA POWER,https://power.larc.nasa.gov/,WS2M - Wind Speed at 2 m (m/s),SOA ITER neighbouring area (representative point),2026-03-01 to 2026-05-31
2026,3,14,6,4.92,NASA POWER,https://power.larc.nasa.gov/,WS2M - Wind Speed at 2 m (m/s),SOA ITER neighbouring area (representative point),2026-03-01 to 2026-05-31
2026,3,14,7,5.8,NASA POWER,https://power.larc.nasa.gov/,WS2M - Wind Speed at 2 m (m/s),SOA ITER neighbouring area (representative point),2026-03-01 to 2026-05-31
2026,3,14,8,6.23,NASA POWER,https://power.larc.nasa.gov/,WS2M - Wind Speed at 2 m (m/s),SOA ITER neighbouring area (representative point),2026-03-01 to 2026-05-31
2026,3,14,9,6.19,NASA POWER,https://power.larc.nasa.gov/,WS2M - Wind Speed at 2 m (m/s),SOA ITER neighbouring area (representative point),2026-03-01 to 2026-05-31
2026,3,14,10,5.97,NASA POWER,https://power.larc.nasa.gov/,WS2M - Wind Speed at 2 m (m/s),SOA ITER neighbouring area (representative point),2026-03-01 to 2026-05-31
2026,3,14,11,5.72,NASA POWER,https://power.larc.nasa.gov/,WS2M - Wind Speed at 2 m (m/s),SOA ITER neighbouring area (representative point),2026-03-01 to 2026-05-31
2026,3,14,12,5.54,NASA POWER,https://power.larc.nasa.gov/,WS2M - Wind Speed at 2 m (m/s),SOA ITER neighbouring area (representative point),2026-03-01 to 2026-05-31
2026,3,14,13,5.49,NASA POWER,https://power.larc.nasa.gov/,WS2M - Wind Speed at 2 m (m/s),SOA ITER neighbouring area (representative point),2026-03-01 to 2026-05-31
2026,3,14,14,5.59,NASA POWER,https://power.larc.nasa.gov/,WS2M - Wind Speed at 2 m (m/s),SOA ITER neighbouring area (representative point),2026-03-01 to 2026-05-31
2026,3,14,15,5.78,NASA POWER,https://power.larc.nasa.gov/,WS2M - Wind Speed at 2 m (m/s),SOA ITER neighbouring area (representative point),2026-03-01 to 2026-05-31
2026,3,14,16,6.07,NASA POWER,https://power.larc.nasa.gov/,WS2M - Wind Speed at 2 m (m/s),SOA ITER neighbouring area (representative point),2026-03-01 to 2026-05-31
2026,3,14,17,6.3,NASA POWER,https://power.larc.nasa.gov/,WS2M - Wind Speed at 2 m (m/s),SOA ITER neighbouring area (representative point),2026-03-01 to 2026-05-31
2026,3,14,18,6.04,NASA POWER,https://power.larc.nasa.gov/,WS2M - Wind Speed at 2 m (m/s),SOA ITER neighbouring area (representative point),2026-03-01 to 2026-05-31
2026,3,14,19,5.77,NASA POWER,https://power.larc.nasa.gov/,WS2M - Wind Speed at 2 m (m/s),SOA ITER neighbouring area (representative point),2026-03-01 to 2026-05-31
2026,3,14,20,5.5,NASA POWER,https://power.larc.nasa.gov/,WS2M - Wind Speed at 2 m (m/s),SOA ITER neighbouring area (representative point),2026-03-01 to 2026-05-31
2026,3,14,21,5.34,NASA POWER,https://power.larc.nasa.gov/,WS2M - Wind Speed at 2 m (m/s),SOA ITER neighbouring area (representative point),2026-03-01 to 2026-05-31
2026,3,14,22,5.17,NASA POWER,https://power.larc.nasa.gov/,WS2M - Wind Speed at 2 m (m/s),SOA ITER neighbouring area (representative point),2026-03-01 to 2026-05-31
2026,3,14,23,5.12,NASA POWER,https://power.larc.nasa.gov/,WS2M - Wind Speed at 2 m (m/s),SOA ITER neighbouring area (representative point),2026-03-01 to 2026-05-31
2026,3,15,0,5.19,NASA POWER,https://power.larc.nasa.gov/,WS2M - Wind Speed at 2 m (m/s),SOA ITER neighbouring area (representative point),2026-03-01 to 2026-05-31
2026,3,15,1,5.13,NASA POWER,https://power.larc.nasa.gov/,WS2M - Wind Speed at 2 m (m/s),SOA ITER neighbouring area (representative point),2026-03-01 to 2026-05-31
2026,3,15,2,4.97,NASA POWER,https://power.larc.nasa.gov/,WS2M - Wind Speed at 2 m (m/s),SOA ITER neighbouring area (representative point),2026-03-01 to 2026-05-31
2026,3,15,3,4.95,NASA POWER,https://power.larc.nasa.gov/,WS2M - Wind Speed at 2 m (m/s),SOA ITER neighbouring area (representative point),2026-03-01 to 2026-05-31
2026,3,15,4,5.02,NASA POWER,https://power.larc.nasa.gov/,WS2M - Wind Speed at 2 m (m/s),SOA ITER neighbouring area (representative point),2026-03-01 to 2026-05-31
2026,3,15,5,5.15,NASA POWER,https://power.larc.nasa.gov/,WS2M - Wind Speed at 2 m (m/s),SOA ITER neighbouring area (representative point),2026-03-01 to 2026-05-31
2026,3,15,6,5.46,NASA POWER,https://power.larc.nasa.gov/,WS2M - Wind Speed at 2 m (m/s),SOA ITER neighbouring area (representative point),2026-03-01 to 2026-05-31
2026,3,15,7,6.51,NASA POWER,https://power.larc.nasa.gov/,WS2M - Wind Speed at 2 m (m/s),SOA ITER neighbouring area (representative point),2026-03-01 to 2026-05-31
2026,3,15,8,7.41,NASA POWER,https://power.larc.nasa.gov/,WS2M - Wind Speed at 2 m (m/s),SOA ITER neighbouring area (representative point),2026-03-01 to 2026-05-31
2026,3,15,9,7.63,NASA POWER,https://power.larc.nasa.gov/,WS2M - Wind Speed at 2 m (m/s),SOA ITER neighbouring area (representative point),2026-03-01 to 2026-05-31
2026,3,15,10,7.61,NASA POWER,https://power.larc.nasa.gov/,WS2M - Wind Speed at 2 m (m/s),SOA ITER neighbouring area (representative point),2026-03-01 to 2026-05-31
2026,3,15,11,7.49,NASA POWER,https://power.larc.nasa.gov/,WS2M - Wind Speed at 2 m (m/s),SOA ITER neighbouring area (representative point),2026-03-01 to 2026-05-31
2026,3,15,12,7.38,NASA POWER,https://power.larc.nasa.gov/,WS2M - Wind Speed at 2 m (m/s),SOA ITER neighbouring area (representative point),2026-03-01 to 2026-05-31
2026,3,15,13,7.36,NASA POWER,https://power.larc.nasa.gov/,WS2M - Wind Speed at 2 m (m/s),SOA ITER neighbouring area (representative point),2026-03-01 to 2026-05-31
2026,3,15,14,7.42,NASA POWER,https://power.larc.nasa.gov/,WS2M - Wind Speed at 2 m (m/s),SOA ITER neighbouring area (representative point),2026-03-01 to 2026-05-31
2026,3,15,15,7.54,NASA POWER,https://power.larc.nasa.gov/,WS2M - Wind Speed at 2 m (m/s),SOA ITER neighbouring area (representative point),2026-03-01 to 2026-05-31
2026,3,15,16,7.6,NASA POWER,https://power.larc.nasa.gov/,WS2M - Wind Speed at 2 m (m/s),SOA ITER neighbouring area (representative point),2026-03-01 to 2026-05-31
2026,3,15,17,7.29,NASA POWER,https://power.larc.nasa.gov/,WS2M - Wind Speed at 2 m (m/s),SOA ITER neighbouring area (representative point),2026-03-01 to 2026-05-31
2026,3,15,18,6.63,NASA POWER,https://power.larc.nasa.gov/,WS2M - Wind Speed at 2 m (m/s),SOA ITER neighbouring area (representative point),2026-03-01 to 2026-05-31
2026,3,15,19,6.32,NASA POWER,https://power.larc.nasa.gov/,WS2M - Wind Speed at 2 m (m/s),SOA ITER neighbouring area (representative point),2026-03-01 to 2026-05-31
2026,3,15,20,6.4,NASA POWER,https://power.larc.nasa.gov/,WS2M - Wind Speed at 2 m (m/s),SOA ITER neighbouring area (representative point),2026-03-01 to 2026-05-31
2026,3,15,21,6.56,NASA POWER,https://power.larc.nasa.gov/,WS2M - Wind Speed at 2 m (m/s),SOA ITER neighbouring area (representative point),2026-03-01 to 2026-05-31
2026,3,15,22,6.63,NASA POWER,https://power.larc.nasa.gov/,WS2M - Wind Speed at 2 m (m/s),SOA ITER neighbouring area (representative point),2026-03-01 to 2026-05-31
2026,3,15,23,6.52,NASA POWER,https://power.larc.nasa.gov/,WS2M - Wind Speed at 2 m (m/s),SOA ITER neighbouring area (representative point),2026-03-01 to 2026-05-31
2026,3,16,0,6.11,NASA POWER,https://power.larc.nasa.gov/,WS2M - Wind Speed at 2 m (m/s),SOA ITER neighbouring area (representative point),2026-03-01 to 2026-05-31
2026,3,16,1,5.63,NASA POWER,https://power.larc.nasa.gov/,WS2M - Wind Speed at 2 m (m/s),SOA ITER neighbouring area (representative point),2026-03-01 to 2026-05-31
2026,3,16,2,5.26,NASA POWER,https://power.larc.nasa.gov/,WS2M - Wind Speed at 2 m (m/s),SOA ITER neighbouring area (representative point),2026-03-01 to 2026-05-31
2026,3,16,3,5.09,NASA POWER,https://power.larc.nasa.gov/,WS2M - Wind Speed at 2 m (m/s),SOA ITER neighbouring area (representative point),2026-03-01 to 2026-05-31
2026,3,16,4,5.05,NASA POWER,https://power.larc.nasa.gov/,WS2M - Wind Speed at 2 m (m/s),SOA ITER neighbouring area (representative point),2026-03-01 to 2026-05-31
2026,3,16,5,5.02,NASA POWER,https://power.larc.nasa.gov/,WS2M - Wind Speed at 2 m (m/s),SOA ITER neighbouring area (representative point),2026-03-01 to 2026-05-31
2026,3,16,6,5.15,NASA POWER,https://power.larc.nasa.gov/,WS2M - Wind Speed at 2 m (m/s),SOA ITER neighbouring area (representative point),2026-03-01 to 2026-05-31
2026,3,16,7,6.12,NASA POWER,https://power.larc.nasa.gov/,WS2M - Wind Speed at 2 m (m/s),SOA ITER neighbouring area (representative point),2026-03-01 to 2026-05-31
2026,3,16,8,6.77,NASA POWER,https://power.larc.nasa.gov/,WS2M - Wind Speed at 2 m (m/s),SOA ITER neighbouring area (representative point),2026-03-01 to 2026-05-31
2026,3,16,9,6.7,NASA POWER,https://power.larc.nasa.gov/,WS2M - Wind Speed at 2 m (m/s),SOA ITER neighbouring area (representative point),2026-03-01 to 2026-05-31
2026,3,16,10,6.25,NASA POWER,https://power.larc.nasa.gov/,WS2M - Wind Speed at 2 m (m/s),SOA ITER neighbouring area (representative point),2026-03-01 to 2026-05-31
2026,3,16,11,5.86,NASA POWER,https://power.larc.nasa.gov/,WS2M - Wind Speed at 2 m (m/s),SOA ITER neighbouring area (representative point),2026-03-01 to 2026-05-31
2026,3,16,12,5.54,NASA POWER,https://power.larc.nasa.gov/,WS2M - Wind Speed at 2 m (m/s),SOA ITER neighbouring area (representative point),2026-03-01 to 2026-05-31
2026,3,16,13,5.34,NASA POWER,https://power.larc.nasa.gov/,WS2M - Wind Speed at 2 m (m/s),SOA ITER neighbouring area (representative point),2026-03-01 to 2026-05-31
2026,3,16,14,5.32,NASA POWER,https://power.larc.nasa.gov/,WS2M - Wind Speed at 2 m (m/s),SOA ITER neighbouring area (representative point),2026-03-01 to 2026-05-31
2026,3,16,15,5.61,NASA POWER,https://power.larc.nasa.gov/,WS2M - Wind Speed at 2 m (m/s),SOA ITER neighbouring area (representative point),2026-03-01 to 2026-05-31
2026,3,16,16,6.05,NASA POWER,https://power.larc.nasa.gov/,WS2M - Wind Speed at 2 m (m/s),SOA ITER neighbouring area (representative point),2026-03-01 to 2026-05-31
2026,3,16,17,6.19,NASA POWER,https://power.larc.nasa.gov/,WS2M - Wind Speed at 2 m (m/s),SOA ITER neighbouring area (representative point),2026-03-01 to 2026-05-31
2026,3,16,18,5.96,NASA POWER,https://power.larc.nasa.gov/,WS2M - Wind Speed at 2 m (m/s),SOA ITER neighbouring area (representative point),2026-03-01 to 2026-05-31
2026,3,16,19,5.9,NASA POWER,https://power.larc.nasa.gov/,WS2M - Wind Speed at 2 m (m/s),SOA ITER neighbouring area (representative point),2026-03-01 to 2026-05-31
2026,3,16,20,5.98,NASA POWER,https://power.larc.nasa.gov/,WS2M - Wind Speed at 2 m (m/s),SOA ITER neighbouring area (representative point),2026-03-01 to 2026-05-31
2026,3,16,21,6.05,NASA POWER,https://power.larc.nasa.gov/,WS2M - Wind Speed at 2 m (m/s),SOA ITER neighbouring area (representative point),2026-03-01 to 2026-05-31
2026,3,16,22,6.01,NASA POWER,https://power.larc.nasa.gov/,WS2M - Wind Speed at 2 m (m/s),SOA ITER neighbouring area (representative point),2026-03-01 to 2026-05-31
2026,3,16,23,5.84,NASA POWER,https://power.larc.nasa.gov/,WS2M - Wind Speed at 2 m (m/s),SOA ITER neighbouring area (representative point),2026-03-01 to 2026-05-31
2026,3,17,0,5.62,NASA POWER,https://power.larc.nasa.gov/,WS2M - Wind Speed at 2 m (m/s),SOA ITER neighbouring area (representative point),2026-03-01 to 2026-05-31
2026,3,17,1,5.33,NASA POWER,https://power.larc.nasa.gov/,WS2M - Wind Speed at 2 m (m/s),SOA ITER neighbouring area (representative point),2026-03-01 to 2026-05-31
2026,3,17,2,5.11,NASA POWER,https://power.larc.nasa.gov/,WS2M - Wind Speed at 2 m (m/s),SOA ITER neighbouring area (representative point),2026-03-01 to 2026-05-31
2026,3,17,3,5.07,NASA POWER,https://power.larc.nasa.gov/,WS2M - Wind Speed at 2 m (m/s),SOA ITER neighbouring area (representative point),2026-03-01 to 2026-05-31
2026,3,17,4,4.87,NASA POWER,https://power.larc.nasa.gov/,WS2M - Wind Speed at 2 m (m/s),SOA ITER neighbouring area (representative point),2026-03-01 to 2026-05-31
2026,3,17,5,4.6,NASA POWER,https://power.larc.nasa.gov/,WS2M - Wind Speed at 2 m (m/s),SOA ITER neighbouring area (representative point),2026-03-01 to 2026-05-31
2026,3,17,6,4.58,NASA POWER,https://power.larc.nasa.gov/,WS2M - Wind Speed at 2 m (m/s),SOA ITER neighbouring area (representative point),2026-03-01 to 2026-05-31
2026,3,17,7,5.23,NASA POWER,https://power.larc.nasa.gov/,WS2M - Wind Speed at 2 m (m/s),SOA ITER neighbouring area (representative point),2026-03-01 to 2026-05-31
2026,3,17,8,5.96,NASA POWER,https://power.larc.nasa.gov/,WS2M - Wind Speed at 2 m (m/s),SOA ITER neighbouring area (representative point),2026-03-01 to 2026-05-31
2026,3,17,9,6.28,NASA POWER,https://power.larc.nasa.gov/,WS2M - Wind Speed at 2 m (m/s),SOA ITER neighbouring area (representative point),2026-03-01 to 2026-05-31
2026,3,17,10,6.31,NASA POWER,https://power.larc.nasa.gov/,WS2M - Wind Speed at 2 m (m/s),SOA ITER neighbouring area (representative point),2026-03-01 to 2026-05-31
2026,3,17,11,6.18,NASA POWER,https://power.larc.nasa.gov/,WS2M - Wind Speed at 2 m (m/s),SOA ITER neighbouring area (representative point),2026-03-01 to 2026-05-31
2026,3,17,12,6.06,NASA POWER,https://power.larc.nasa.gov/,WS2M - Wind Speed at 2 m (m/s),SOA ITER neighbouring area (representative point),2026-03-01 to 2026-05-31
2026,3,17,13,5.98,NASA POWER,https://power.larc.nasa.gov/,WS2M - Wind Speed at 2 m (m/s),SOA ITER neighbouring area (representative point),2026-03-01 to 2026-05-31
2026,3,17,14,6.04,NASA POWER,https://power.larc.nasa.gov/,WS2M - Wind Speed at 2 m (m/s),SOA ITER neighbouring area (representative point),2026-03-01 to 2026-05-31
2026,3,17,15,6.19,NASA POWER,https://power.larc.nasa.gov/,WS2M - Wind Speed at 2 m (m/s),SOA ITER neighbouring area (representative point),2026-03-01 to 2026-05-31
2026,3,17,16,6.21,NASA POWER,https://power.larc.nasa.gov/,WS2M - Wind Speed at 2 m (m/s),SOA ITER neighbouring area (representative point),2026-03-01 to 2026-05-31
2026,3,17,17,5.97,NASA POWER,https://power.larc.nasa.gov/,WS2M - Wind Speed at 2 m (m/s),SOA ITER neighbouring area (representative point),2026-03-01 to 2026-05-31
2026,3,17,18,5.38,NASA POWER,https://power.larc.nasa.gov/,WS2M - Wind Speed at 2 m (m/s),SOA ITER neighbouring area (representative point),2026-03-01 to 2026-05-31
2026,3,17,19,5.13,NASA POWER,https://power.larc.nasa.gov/,WS2M - Wind Speed at 2 m (m/s),SOA ITER neighbouring area (representative point),2026-03-01 to 2026-05-31
2026,3,17,20,5.2,NASA POWER,https://power.larc.nasa.gov/,WS2M - Wind Speed at 2 m (m/s),SOA ITER neighbouring area (representative point),2026-03-01 to 2026-05-31
2026,3,17,21,5.14,NASA POWER,https://power.larc.nasa.gov/,WS2M - Wind Speed at 2 m (m/s),SOA ITER neighbouring area (representative point),2026-03-01 to 2026-05-31
2026,3,17,22,4.97,NASA POWER,https://power.larc.nasa.gov/,WS2M - Wind Speed at 2 m (m/s),SOA ITER neighbouring area (representative point),2026-03-01 to 2026-05-31
2026,3,17,23,4.78,NASA POWER,https://power.larc.nasa.gov/,WS2M - Wind Speed at 2 m (m/s),SOA ITER neighbouring area (representative point),2026-03-01 to 2026-05-31
2026,3,18,0,4.49,NASA POWER,https://power.larc.nasa.gov/,WS2M - Wind Speed at 2 m (m/s),SOA ITER neighbouring area (representative point),2026-03-01 to 2026-05-31
2026,3,18,1,4.11,NASA POWER,https://power.larc.nasa.gov/,WS2M - Wind Speed at 2 m (m/s),SOA ITER neighbouring area (representative point),2026-03-01 to 2026-05-31
2026,3,18,2,3.93,NASA POWER,https://power.larc.nasa.gov/,WS2M - Wind Speed at 2 m (m/s),SOA ITER neighbouring area (representative point),2026-03-01 to 2026-05-31
2026,3,18,3,3.72,NASA POWER,https://power.larc.nasa.gov/,WS2M - Wind Speed at 2 m (m/s),SOA ITER neighbouring area (representative point),2026-03-01 to 2026-05-31
2026,3,18,4,3.79,NASA POWER,https://power.larc.nasa.gov/,WS2M - Wind Speed at 2 m (m/s),SOA ITER neighbouring area (representative point),2026-03-01 to 2026-05-31
2026,3,18,5,3.98,NASA POWER,https://power.larc.nasa.gov/,WS2M - Wind Speed at 2 m (m/s),SOA ITER neighbouring area (representative point),2026-03-01 to 2026-05-31
2026,3,18,6,4.08,NASA POWER,https://power.larc.nasa.gov/,WS2M - Wind Speed at 2 m (m/s),SOA ITER neighbouring area (representative point),2026-03-01 to 2026-05-31
2026,3,18,7,4.99,NASA POWER,https://power.larc.nasa.gov/,WS2M - Wind Speed at 2 m (m/s),SOA ITER neighbouring area (representative point),2026-03-01 to 2026-05-31
2026,3,18,8,5.08,NASA POWER,https://power.larc.nasa.gov/,WS2M - Wind Speed at 2 m (m/s),SOA ITER neighbouring area (representative point),2026-03-01 to 2026-05-31
2026,3,18,9,4.7,NASA POWER,https://power.larc.nasa.gov/,WS2M - Wind Speed at 2 m (m/s),SOA ITER neighbouring area (representative point),2026-03-01 to 2026-05-31
2026,3,18,10,3.82,NASA POWER,https://power.larc.nasa.gov/,WS2M - Wind Speed at 2 m (m/s),SOA ITER neighbouring area (representative point),2026-03-01 to 2026-05-31
2026,3,18,11,2.77,NASA POWER,https://power.larc.nasa.gov/,WS2M - Wind Speed at 2 m (m/s),SOA ITER neighbouring area (representative point),2026-03-01 to 2026-05-31
2026,3,18,12,1.96,NASA POWER,https://power.larc.nasa.gov/,WS2M - Wind Speed at 2 m (m/s),SOA ITER neighbouring area (representative point),2026-03-01 to 2026-05-31
2026,3,18,13,1.61,NASA POWER,https://power.larc.nasa.gov/,WS2M - Wind Speed at 2 m (m/s),SOA ITER neighbouring area (representative point),2026-03-01 to 2026-05-31
2026,3,18,14,1.74,NASA POWER,https://power.larc.nasa.gov/,WS2M - Wind Speed at 2 m (m/s),SOA ITER neighbouring area (representative point),2026-03-01 to 2026-05-31
2026,3,18,15,2.17,NASA POWER,https://power.larc.nasa.gov/,WS2M - Wind Speed at 2 m (m/s),SOA ITER neighbouring area (representative point),2026-03-01 to 2026-05-31
2026,3,18,16,2.85,NASA POWER,https://power.larc.nasa.gov/,WS2M - Wind Speed at 2 m (m/s),SOA ITER neighbouring area (representative point),2026-03-01 to 2026-05-31
2026,3,18,17,3.18,NASA POWER,https://power.larc.nasa.gov/,WS2M - Wind Speed at 2 m (m/s),SOA ITER neighbouring area (representative point),2026-03-01 to 2026-05-31
2026,3,18,18,3.4,NASA POWER,https://power.larc.nasa.gov/,WS2M - Wind Speed at 2 m (m/s),SOA ITER neighbouring area (representative point),2026-03-01 to 2026-05-31
2026,3,18,19,3.79,NASA POWER,https://power.larc.nasa.gov/,WS2M - Wind Speed at 2 m (m/s),SOA ITER neighbouring area (representative point),2026-03-01 to 2026-05-31
2026,3,18,20,3.87,NASA POWER,https://power.larc.nasa.gov/,WS2M - Wind Speed at 2 m (m/s),SOA ITER neighbouring area (representative point),2026-03-01 to 2026-05-31
2026,3,18,21,3.24,NASA POWER,https://power.larc.nasa.gov/,WS2M - Wind Speed at 2 m (m/s),SOA ITER neighbouring area (representative point),2026-03-01 to 2026-05-31
2026,3,18,22,2.21,NASA POWER,https://power.larc.nasa.gov/,WS2M - Wind Speed at 2 m (m/s),SOA ITER neighbouring area (representative point),2026-03-01 to 2026-05-31
2026,3,18,23,1.71,NASA POWER,https://power.larc.nasa.gov/,WS2M - Wind Speed at 2 m (m/s),SOA ITER neighbouring area (representative point),2026-03-01 to 2026-05-31
2026,3,19,0,1.78,NASA POWER,https://power.larc.nasa.gov/,WS2M - Wind Speed at 2 m (m/s),SOA ITER neighbouring area (representative point),2026-03-01 to 2026-05-31
2026,3,19,1,2.11,NASA POWER,https://power.larc.nasa.gov/,WS2M - Wind Speed at 2 m (m/s),SOA ITER neighbouring area (representative point),2026-03-01 to 2026-05-31
2026,3,19,2,2.42,NASA POWER,https://power.larc.nasa.gov/,WS2M - Wind Speed at 2 m (m/s),SOA ITER neighbouring area (representative point),2026-03-01 to 2026-05-31
2026,3,19,3,2.39,NASA POWER,https://power.larc.nasa.gov/,WS2M - Wind Speed at 2 m (m/s),SOA ITER neighbouring area (representative point),2026-03-01 to 2026-05-31
2026,3,19,4,2.23,NASA POWER,https://power.larc.nasa.gov/,WS2M - Wind Speed at 2 m (m/s),SOA ITER neighbouring area (representative point),2026-03-01 to 2026-05-31
2026,3,19,5,2.14,NASA POWER,https://power.larc.nasa.gov/,WS2M - Wind Speed at 2 m (m/s),SOA ITER neighbouring area (representative point),2026-03-01 to 2026-05-31
2026,3,19,6,2.14,NASA POWER,https://power.larc.nasa.gov/,WS2M - Wind Speed at 2 m (m/s),SOA ITER neighbouring area (representative point),2026-03-01 to 2026-05-31
2026,3,19,7,3.2,NASA POWER,https://power.larc.nasa.gov/,WS2M - Wind Speed at 2 m (m/s),SOA ITER neighbouring area (representative point),2026-03-01 to 2026-05-31
2026,3,19,8,3.6,NASA POWER,https://power.larc.nasa.gov/,WS2M - Wind Speed at 2 m (m/s),SOA ITER neighbouring area (representative point),2026-03-01 to 2026-05-31
2026,3,19,9,3.66,NASA POWER,https://power.larc.nasa.gov/,WS2M - Wind Speed at 2 m (m/s),SOA ITER neighbouring area (representative point),2026-03-01 to 2026-05-31
2026,3,19,10,3.6,NASA POWER,https://power.larc.nasa.gov/,WS2M - Wind Speed at 2 m (m/s),SOA ITER neighbouring area (representative point),2026-03-01 to 2026-05-31
2026,3,19,11,3.89,NASA POWER,https://power.larc.nasa.gov/,WS2M - Wind Speed at 2 m (m/s),SOA ITER neighbouring area (representative point),2026-03-01 to 2026-05-31
2026,3,19,12,4.46,NASA POWER,https://power.larc.nasa.gov/,WS2M - Wind Speed at 2 m (m/s),SOA ITER neighbouring area (representative point),2026-03-01 to 2026-05-31
2026,3,19,13,5.01,NASA POWER,https://power.larc.nasa.gov/,WS2M - Wind Speed at 2 m (m/s),SOA ITER neighbouring area (representative point),2026-03-01 to 2026-05-31
2026,3,19,14,5.38,NASA POWER,https://power.larc.nasa.gov/,WS2M - Wind Speed at 2 m (m/s),SOA ITER neighbouring area (representative point),2026-03-01 to 2026-05-31
2026,3,19,15,5.66,NASA POWER,https://power.larc.nasa.gov/,WS2M - Wind Speed at 2 m (m/s),SOA ITER neighbouring area (representative point),2026-03-01 to 2026-05-31
2026,3,19,16,5.8,NASA POWER,https://power.larc.nasa.gov/,WS2M - Wind Speed at 2 m (m/s),SOA ITER neighbouring area (representative point),2026-03-01 to 2026-05-31
2026,3,19,17,5.6,NASA POWER,https://power.larc.nasa.gov/,WS2M - Wind Speed at 2 m (m/s),SOA ITER neighbouring area (representative point),2026-03-01 to 2026-05-31
2026,3,19,18,5.14,NASA POWER,https://power.larc.nasa.gov/,WS2M - Wind Speed at 2 m (m/s),SOA ITER neighbouring area (representative point),2026-03-01 to 2026-05-31
2026,3,19,19,4.98,NASA POWER,https://power.larc.nasa.gov/,WS2M - Wind Speed at 2 m (m/s),SOA ITER neighbouring area (representative point),2026-03-01 to 2026-05-31
2026,3,19,20,4.79,NASA POWER,https://power.larc.nasa.gov/,WS2M - Wind Speed at 2 m (m/s),SOA ITER neighbouring area (representative point),2026-03-01 to 2026-05-31
2026,3,19,21,4.59,NASA POWER,https://power.larc.nasa.gov/,WS2M - Wind Speed at 2 m (m/s),SOA ITER neighbouring area (representative point),2026-03-01 to 2026-05-31
2026,3,19,22,4.29,NASA POWER,https://power.larc.nasa.gov/,WS2M - Wind Speed at 2 m (m/s),SOA ITER neighbouring area (representative point),2026-03-01 to 2026-05-31
2026,3,19,23,3.75,NASA POWER,https://power.larc.nasa.gov/,WS2M - Wind Speed at 2 m (m/s),SOA ITER neighbouring area (representative point),2026-03-01 to 2026-05-31
2026,3,20,0,3.16,NASA POWER,https://power.larc.nasa.gov/,WS2M - Wind Speed at 2 m (m/s),SOA ITER neighbouring area (representative point),2026-03-01 to 2026-05-31
2026,3,20,1,2.64,NASA POWER,https://power.larc.nasa.gov/,WS2M - Wind Speed at 2 m (m/s),SOA ITER neighbouring area (representative point),2026-03-01 to 2026-05-31
2026,3,20,2,2.23,NASA POWER,https://power.larc.nasa.gov/,WS2M - Wind Speed at 2 m (m/s),SOA ITER neighbouring area (representative point),2026-03-01 to 2026-05-31
2026,3,20,3,1.68,NASA POWER,https://power.larc.nasa.gov/,WS2M - Wind Speed at 2 m (m/s),SOA ITER neighbouring area (representative point),2026-03-01 to 2026-05-31
2026,3,20,4,0.75,NASA POWER,https://power.larc.nasa.gov/,WS2M - Wind Speed at 2 m (m/s),SOA ITER neighbouring area (representative point),2026-03-01 to 2026-05-31
2026,3,20,5,0.17,NASA POWER,https://power.larc.nasa.gov/,WS2M - Wind Speed at 2 m (m/s),SOA ITER neighbouring area (representative point),2026-03-01 to 2026-05-31
2026,3,20,6,0.93,NASA POWER,https://power.larc.nasa.gov/,WS2M - Wind Speed at 2 m (m/s),SOA ITER neighbouring area (representative point),2026-03-01 to 2026-05-31
2026,3,20,7,1.95,NASA POWER,https://power.larc.nasa.gov/,WS2M - Wind Speed at 2 m (m/s),SOA ITER neighbouring area (representative point),2026-03-01 to 2026-05-31
2026,3,20,8,1.89,NASA POWER,https://power.larc.nasa.gov/,WS2M - Wind Speed at 2 m (m/s),SOA ITER neighbouring area (representative point),2026-03-01 to 2026-05-31
2026,3,20,9,2.37,NASA POWER,https://power.larc.nasa.gov/,WS2M - Wind Speed at 2 m (m/s),SOA ITER neighbouring area (representative point),2026-03-01 to 2026-05-31
2026,3,20,10,3.14,NASA POWER,https://power.larc.nasa.gov/,WS2M - Wind Speed at 2 m (m/s),SOA ITER neighbouring area (representative point),2026-03-01 to 2026-05-31
2026,3,20,11,3.71,NASA POWER,https://power.larc.nasa.gov/,WS2M - Wind Speed at 2 m (m/s),SOA ITER neighbouring area (representative point),2026-03-01 to 2026-05-31
2026,3,20,12,4.3,NASA POWER,https://power.larc.nasa.gov/,WS2M - Wind Speed at 2 m (m/s),SOA ITER neighbouring area (representative point),2026-03-01 to 2026-05-31
2026,3,20,13,4.93,NASA POWER,https://power.larc.nasa.gov/,WS2M - Wind Speed at 2 m (m/s),SOA ITER neighbouring area (representative point),2026-03-01 to 2026-05-31
2026,3,20,14,5.51,NASA POWER,https://power.larc.nasa.gov/,WS2M - Wind Speed at 2 m (m/s),SOA ITER neighbouring area (representative point),2026-03-01 to 2026-05-31
2026,3,20,15,5.86,NASA POWER,https://power.larc.nasa.gov/,WS2M - Wind Speed at 2 m (m/s),SOA ITER neighbouring area (representative point),2026-03-01 to 2026-05-31
2026,3,20,16,6.07,NASA POWER,https://power.larc.nasa.gov/,WS2M - Wind Speed at 2 m (m/s),SOA ITER neighbouring area (representative point),2026-03-01 to 2026-05-31
2026,3,20,17,5.99,NASA POWER,https://power.larc.nasa.gov/,WS2M - Wind Speed at 2 m (m/s),SOA ITER neighbouring area (representative point),2026-03-01 to 2026-05-31
2026,3,20,18,5.61,NASA POWER,https://power.larc.nasa.gov/,WS2M - Wind Speed at 2 m (m/s),SOA ITER neighbouring area (representative point),2026-03-01 to 2026-05-31
2026,3,20,19,5.39,NASA POWER,https://power.larc.nasa.gov/,WS2M - Wind Speed at 2 m (m/s),SOA ITER neighbouring area (representative point),2026-03-01 to 2026-05-31
2026,3,20,20,5.32,NASA POWER,https://power.larc.nasa.gov/,WS2M - Wind Speed at 2 m (m/s),SOA ITER neighbouring area (representative point),2026-03-01 to 2026-05-31
2026,3,20,21,5.28,NASA POWER,https://power.larc.nasa.gov/,WS2M - Wind Speed at 2 m (m/s),SOA ITER neighbouring area (representative point),2026-03-01 to 2026-05-31
2026,3,20,22,4.85,NASA POWER,https://power.larc.nasa.gov/,WS2M - Wind Speed at 2 m (m/s),SOA ITER neighbouring area (representative point),2026-03-01 to 2026-05-31
2026,3,20,23,4.55,NASA POWER,https://power.larc.nasa.gov/,WS2M - Wind Speed at 2 m (m/s),SOA ITER neighbouring area (representative point),2026-03-01 to 2026-05-31
2026,3,21,0,4.3,NASA POWER,https://power.larc.nasa.gov/,WS2M - Wind Speed at 2 m (m/s),SOA ITER neighbouring area (representative point),2026-03-01 to 2026-05-31
2026,3,21,1,3.9,NASA POWER,https://power.larc.nasa.gov/,WS2M - Wind Speed at 2 m (m/s),SOA ITER neighbouring area (representative point),2026-03-01 to 2026-05-31
2026,3,21,2,3.35,NASA POWER,https://power.larc.nasa.gov/,WS2M - Wind Speed at 2 m (m/s),SOA ITER neighbouring area (representative point),2026-03-01 to 2026-05-31
2026,3,21,3,2.84,NASA POWER,https://power.larc.nasa.gov/,WS2M - Wind Speed at 2 m (m/s),SOA ITER neighbouring area (representative point),2026-03-01 to 2026-05-31
2026,3,21,4,2.5,NASA POWER,https://power.larc.nasa.gov/,WS2M - Wind Speed at 2 m (m/s),SOA ITER neighbouring area (representative point),2026-03-01 to 2026-05-31
2026,3,21,5,2.09,NASA POWER,https://power.larc.nasa.gov/,WS2M - Wind Speed at 2 m (m/s),SOA ITER neighbouring area (representative point),2026-03-01 to 2026-05-31
2026,3,21,6,1.84,NASA POWER,https://power.larc.nasa.gov/,WS2M - Wind Speed at 2 m (m/s),SOA ITER neighbouring area (representative point),2026-03-01 to 2026-05-31
2026,3,21,7,2.35,NASA POWER,https://power.larc.nasa.gov/,WS2M - Wind Speed at 2 m (m/s),SOA ITER neighbouring area (representative point),2026-03-01 to 2026-05-31
2026,3,21,8,2.24,NASA POWER,https://power.larc.nasa.gov/,WS2M - Wind Speed at 2 m (m/s),SOA ITER neighbouring area (representative point),2026-03-01 to 2026-05-31
2026,3,21,9,1.87,NASA POWER,https://power.larc.nasa.gov/,WS2M - Wind Speed at 2 m (m/s),SOA ITER neighbouring area (representative point),2026-03-01 to 2026-05-31
2026,3,21,10,1.72,NASA POWER,https://power.larc.nasa.gov/,WS2M - Wind Speed at 2 m (m/s),SOA ITER neighbouring area (representative point),2026-03-01 to 2026-05-31
2026,3,21,11,1.77,NASA POWER,https://power.larc.nasa.gov/,WS2M - Wind Speed at 2 m (m/s),SOA ITER neighbouring area (representative point),2026-03-01 to 2026-05-31
2026,3,21,12,1.76,NASA POWER,https://power.larc.nasa.gov/,WS2M - Wind Speed at 2 m (m/s),SOA ITER neighbouring area (representative point),2026-03-01 to 2026-05-31
2026,3,21,13,1.71,NASA POWER,https://power.larc.nasa.gov/,WS2M - Wind Speed at 2 m (m/s),SOA ITER neighbouring area (representative point),2026-03-01 to 2026-05-31
2026,3,21,14,1.81,NASA POWER,https://power.larc.nasa.gov/,WS2M - Wind Speed at 2 m (m/s),SOA ITER neighbouring area (representative point),2026-03-01 to 2026-05-31
2026,3,21,15,2.17,NASA POWER,https://power.larc.nasa.gov/,WS2M - Wind Speed at 2 m (m/s),SOA ITER neighbouring area (representative point),2026-03-01 to 2026-05-31
2026,3,21,16,2.76,NASA POWER,https://power.larc.nasa.gov/,WS2M - Wind Speed at 2 m (m/s),SOA ITER neighbouring area (representative point),2026-03-01 to 2026-05-31
2026,3,21,17,3.22,NASA POWER,https://power.larc.nasa.gov/,WS2M - Wind Speed at 2 m (m/s),SOA ITER neighbouring area (representative point),2026-03-01 to 2026-05-31
2026,3,21,18,3.47,NASA POWER,https://power.larc.nasa.gov/,WS2M - Wind Speed at 2 m (m/s),SOA ITER neighbouring area (representative point),2026-03-01 to 2026-05-31
2026,3,21,19,3.38,NASA POWER,https://power.larc.nasa.gov/,WS2M - Wind Speed at 2 m (m/s),SOA ITER neighbouring area (representative point),2026-03-01 to 2026-05-31
2026,3,21,20,2.96,NASA POWER,https://power.larc.nasa.gov/,WS2M - Wind Speed at 2 m (m/s),SOA ITER neighbouring area (representative point),2026-03-01 to 2026-05-31
2026,3,21,21,2.61,NASA POWER,https://power.larc.nasa.gov/,WS2M - Wind Speed at 2 m (m/s),SOA ITER neighbouring area (representative point),2026-03-01 to 2026-05-31
2026,3,21,22,2.42,NASA POWER,https://power.larc.nasa.gov/,WS2M - Wind Speed at 2 m (m/s),SOA ITER neighbouring area (representative point),2026-03-01 to 2026-05-31
2026,3,21,23,2.13,NASA POWER,https://power.larc.nasa.gov/,WS2M - Wind Speed at 2 m (m/s),SOA ITER neighbouring area (representative point),2026-03-01 to 2026-05-31
2026,3,22,0,1.77,NASA POWER,https://power.larc.nasa.gov/,WS2M - Wind Speed at 2 m (m/s),SOA ITER neighbouring area (representative point),2026-03-01 to 2026-05-31
2026,3,22,1,1.53,NASA POWER,https://power.larc.nasa.gov/,WS2M - Wind Speed at 2 m (m/s),SOA ITER neighbouring area (representative point),2026-03-01 to 2026-05-31
2026,3,22,2,1.32,NASA POWER,https://power.larc.nasa.gov/,WS2M - Wind Speed at 2 m (m/s),SOA ITER neighbouring area (representative point),2026-03-01 to 2026-05-31
2026,3,22,3,1.17,NASA POWER,https://power.larc.nasa.gov/,WS2M - Wind Speed at 2 m (m/s),SOA ITER neighbouring area (representative point),2026-03-01 to 2026-05-31
2026,3,22,4,0.83,NASA POWER,https://power.larc.nasa.gov/,WS2M - Wind Speed at 2 m (m/s),SOA ITER neighbouring area (representative point),2026-03-01 to 2026-05-31
2026,3,22,5,0.3,NASA POWER,https://power.larc.nasa.gov/,WS2M - Wind Speed at 2 m (m/s),SOA ITER neighbouring area (representative point),2026-03-01 to 2026-05-31
2026,3,22,6,0.66,NASA POWER,https://power.larc.nasa.gov/,WS2M - Wind Speed at 2 m (m/s),SOA ITER neighbouring area (representative point),2026-03-01 to 2026-05-31
2026,3,22,7,1.74,NASA POWER,https://power.larc.nasa.gov/,WS2M - Wind Speed at 2 m (m/s),SOA ITER neighbouring area (representative point),2026-03-01 to 2026-05-31
2026,3,22,8,2.12,NASA POWER,https://power.larc.nasa.gov/,WS2M - Wind Speed at 2 m (m/s),SOA ITER neighbouring area (representative point),2026-03-01 to 2026-05-31
2026,3,22,9,2.06,NASA POWER,https://power.larc.nasa.gov/,WS2M - Wind Speed at 2 m (m/s),SOA ITER neighbouring area (representative point),2026-03-01 to 2026-05-31
2026,3,22,10,1.55,NASA POWER,https://power.larc.nasa.gov/,WS2M - Wind Speed at 2 m (m/s),SOA ITER neighbouring area (representative point),2026-03-01 to 2026-05-31
2026,3,22,11,0.75,NASA POWER,https://power.larc.nasa.gov/,WS2M - Wind Speed at 2 m (m/s),SOA ITER neighbouring area (representative point),2026-03-01 to 2026-05-31
2026,3,22,12,0.44,NASA POWER,https://power.larc.nasa.gov/,WS2M - Wind Speed at 2 m (m/s),SOA ITER neighbouring area (representative point),2026-03-01 to 2026-05-31
2026,3,22,13,1.08,NASA POWER,https://power.larc.nasa.gov/,WS2M - Wind Speed at 2 m (m/s),SOA ITER neighbouring area (representative point),2026-03-01 to 2026-05-31
2026,3,22,14,1.4,NASA POWER,https://power.larc.nasa.gov/,WS2M - Wind Speed at 2 m (m/s),SOA ITER neighbouring area (representative point),2026-03-01 to 2026-05-31
2026,3,22,15,1.58,NASA POWER,https://power.larc.nasa.gov/,WS2M - Wind Speed at 2 m (m/s),SOA ITER neighbouring area (representative point),2026-03-01 to 2026-05-31
2026,3,22,16,1.89,NASA POWER,https://power.larc.nasa.gov/,WS2M - Wind Speed at 2 m (m/s),SOA ITER neighbouring area (representative point),2026-03-01 to 2026-05-31
2026,3,22,17,2.35,NASA POWER,https://power.larc.nasa.gov/,WS2M - Wind Speed at 2 m (m/s),SOA ITER neighbouring area (representative point),2026-03-01 to 2026-05-31
2026,3,22,18,2.8,NASA POWER,https://power.larc.nasa.gov/,WS2M - Wind Speed at 2 m (m/s),SOA ITER neighbouring area (representative point),2026-03-01 to 2026-05-31
2026,3,22,19,2.85,NASA POWER,https://power.larc.nasa.gov/,WS2M - Wind Speed at 2 m (m/s),SOA ITER neighbouring area (representative point),2026-03-01 to 2026-05-31
2026,3,22,20,2.68,NASA POWER,https://power.larc.nasa.gov/,WS2M - Wind Speed at 2 m (m/s),SOA ITER neighbouring area (representative point),2026-03-01 to 2026-05-31
2026,3,22,21,2.53,NASA POWER,https://power.larc.nasa.gov/,WS2M - Wind Speed at 2 m (m/s),SOA ITER neighbouring area (representative point),2026-03-01 to 2026-05-31
2026,3,22,22,2.36,NASA POWER,https://power.larc.nasa.gov/,WS2M - Wind Speed at 2 m (m/s),SOA ITER neighbouring area (representative point),2026-03-01 to 2026-05-31
2026,3,22,23,2.21,NASA POWER,https://power.larc.nasa.gov/,WS2M - Wind Speed at 2 m (m/s),SOA ITER neighbouring area (representative point),2026-03-01 to 2026-05-31
2026,3,23,0,2.01,NASA POWER,https://power.larc.nasa.gov/,WS2M - Wind Speed at 2 m (m/s),SOA ITER neighbouring area (representative point),2026-03-01 to 2026-05-31
2026,3,23,1,1.88,NASA POWER,https://power.larc.nasa.gov/,WS2M - Wind Speed at 2 m (m/s),SOA ITER neighbouring area (representative point),2026-03-01 to 2026-05-31
2026,3,23,2,1.81,NASA POWER,https://power.larc.nasa.gov/,WS2M - Wind Speed at 2 m (m/s),SOA ITER neighbouring area (representative point),2026-03-01 to 2026-05-31
2026,3,23,3,1.74,NASA POWER,https://power.larc.nasa.gov/,WS2M - Wind Speed at 2 m (m/s),SOA ITER neighbouring area (representative point),2026-03-01 to 2026-05-31
2026,3,23,4,1.61,NASA POWER,https://power.larc.nasa.gov/,WS2M - Wind Speed at 2 m (m/s),SOA ITER neighbouring area (representative point),2026-03-01 to 2026-05-31
2026,3,23,5,1.46,NASA POWER,https://power.larc.nasa.gov/,WS2M - Wind Speed at 2 m (m/s),SOA ITER neighbouring area (representative point),2026-03-01 to 2026-05-31
2026,3,23,6,1.35,NASA POWER,https://power.larc.nasa.gov/,WS2M - Wind Speed at 2 m (m/s),SOA ITER neighbouring area (representative point),2026-03-01 to 2026-05-31
2026,3,23,7,1.81,NASA POWER,https://power.larc.nasa.gov/,WS2M - Wind Speed at 2 m (m/s),SOA ITER neighbouring area (representative point),2026-03-01 to 2026-05-31
2026,3,23,8,1.72,NASA POWER,https://power.larc.nasa.gov/,WS2M - Wind Speed at 2 m (m/s),SOA ITER neighbouring area (representative point),2026-03-01 to 2026-05-31
2026,3,23,9,1.59,NASA POWER,https://power.larc.nasa.gov/,WS2M - Wind Speed at 2 m (m/s),SOA ITER neighbouring area (representative point),2026-03-01 to 2026-05-31
2026,3,23,10,1.43,NASA POWER,https://power.larc.nasa.gov/,WS2M - Wind Speed at 2 m (m/s),SOA ITER neighbouring area (representative point),2026-03-01 to 2026-05-31
2026,3,23,11,1.14,NASA POWER,https://power.larc.nasa.gov/,WS2M - Wind Speed at 2 m (m/s),SOA ITER neighbouring area (representative point),2026-03-01 to 2026-05-31
2026,3,23,12,1.11,NASA POWER,https://power.larc.nasa.gov/,WS2M - Wind Speed at 2 m (m/s),SOA ITER neighbouring area (representative point),2026-03-01 to 2026-05-31
2026,3,23,13,1.32,NASA POWER,https://power.larc.nasa.gov/,WS2M - Wind Speed at 2 m (m/s),SOA ITER neighbouring area (representative point),2026-03-01 to 2026-05-31
2026,3,23,14,1.59,NASA POWER,https://power.larc.nasa.gov/,WS2M - Wind Speed at 2 m (m/s),SOA ITER neighbouring area (representative point),2026-03-01 to 2026-05-31
2026,3,23,15,1.83,NASA POWER,https://power.larc.nasa.gov/,WS2M - Wind Speed at 2 m (m/s),SOA ITER neighbouring area (representative point),2026-03-01 to 2026-05-31
2026,3,23,16,2.4,NASA POWER,https://power.larc.nasa.gov/,WS2M - Wind Speed at 2 m (m/s),SOA ITER neighbouring area (representative point),2026-03-01 to 2026-05-31
2026,3,23,17,3.2,NASA POWER,https://power.larc.nasa.gov/,WS2M - Wind Speed at 2 m (m/s),SOA ITER neighbouring area (representative point),2026-03-01 to 2026-05-31
2026,3,23,18,3.78,NASA POWER,https://power.larc.nasa.gov/,WS2M - Wind Speed at 2 m (m/s),SOA ITER neighbouring area (representative point),2026-03-01 to 2026-05-31
2026,3,23,19,4.09,NASA POWER,https://power.larc.nasa.gov/,WS2M - Wind Speed at 2 m (m/s),SOA ITER neighbouring area (representative point),2026-03-01 to 2026-05-31
2026,3,23,20,4.31,NASA POWER,https://power.larc.nasa.gov/,WS2M - Wind Speed at 2 m (m/s),SOA ITER neighbouring area (representative point),2026-03-01 to 2026-05-31
2026,3,23,21,4.11,NASA POWER,https://power.larc.nasa.gov/,WS2M - Wind Speed at 2 m (m/s),SOA ITER neighbouring area (representative point),2026-03-01 to 2026-05-31
2026,3,23,22,3.64,NASA POWER,https://power.larc.nasa.gov/,WS2M - Wind Speed at 2 m (m/s),SOA ITER neighbouring area (representative point),2026-03-01 to 2026-05-31
2026,3,23,23,3.2,NASA POWER,https://power.larc.nasa.gov/,WS2M - Wind Speed at 2 m (m/s),SOA ITER neighbouring area (representative point),2026-03-01 to 2026-05-31
2026,3,24,0,2.78,NASA POWER,https://power.larc.nasa.gov/,WS2M - Wind Speed at 2 m (m/s),SOA ITER neighbouring area (representative point),2026-03-01 to 2026-05-31
2026,3,24,1,2.44,NASA POWER,https://power.larc.nasa.gov/,WS2M - Wind Speed at 2 m (m/s),SOA ITER neighbouring area (representative point),2026-03-01 to 2026-05-31
2026,3,24,2,2.21,NASA POWER,https://power.larc.nasa.gov/,WS2M - Wind Speed at 2 m (m/s),SOA ITER neighbouring area (representative point),2026-03-01 to 2026-05-31
2026,3,24,3,2.0,NASA POWER,https://power.larc.nasa.gov/,WS2M - Wind Speed at 2 m (m/s),SOA ITER neighbouring area (representative point),2026-03-01 to 2026-05-31
2026,3,24,4,1.81,NASA POWER,https://power.larc.nasa.gov/,WS2M - Wind Speed at 2 m (m/s),SOA ITER neighbouring area (representative point),2026-03-01 to 2026-05-31
2026,3,24,5,1.71,NASA POWER,https://power.larc.nasa.gov/,WS2M - Wind Speed at 2 m (m/s),SOA ITER neighbouring area (representative point),2026-03-01 to 2026-05-31
2026,3,24,6,1.77,NASA POWER,https://power.larc.nasa.gov/,WS2M - Wind Speed at 2 m (m/s),SOA ITER neighbouring area (representative point),2026-03-01 to 2026-05-31
2026,3,24,7,2.68,NASA POWER,https://power.larc.nasa.gov/,WS2M - Wind Speed at 2 m (m/s),SOA ITER neighbouring area (representative point),2026-03-01 to 2026-05-31
2026,3,24,8,2.84,NASA POWER,https://power.larc.nasa.gov/,WS2M - Wind Speed at 2 m (m/s),SOA ITER neighbouring area (representative point),2026-03-01 to 2026-05-31
2026,3,24,9,2.87,NASA POWER,https://power.larc.nasa.gov/,WS2M - Wind Speed at 2 m (m/s),SOA ITER neighbouring area (representative point),2026-03-01 to 2026-05-31
2026,3,24,10,2.89,NASA POWER,https://power.larc.nasa.gov/,WS2M - Wind Speed at 2 m (m/s),SOA ITER neighbouring area (representative point),2026-03-01 to 2026-05-31
2026,3,24,11,2.83,NASA POWER,https://power.larc.nasa.gov/,WS2M - Wind Speed at 2 m (m/s),SOA ITER neighbouring area (representative point),2026-03-01 to 2026-05-31
2026,3,24,12,2.85,NASA POWER,https://power.larc.nasa.gov/,WS2M - Wind Speed at 2 m (m/s),SOA ITER neighbouring area (representative point),2026-03-01 to 2026-05-31
2026,3,24,13,3.14,NASA POWER,https://power.larc.nasa.gov/,WS2M - Wind Speed at 2 m (m/s),SOA ITER neighbouring area (representative point),2026-03-01 to 2026-05-31
2026,3,24,14,3.74,NASA POWER,https://power.larc.nasa.gov/,WS2M - Wind Speed at 2 m (m/s),SOA ITER neighbouring area (representative point),2026-03-01 to 2026-05-31
2026,3,24,15,4.38,NASA POWER,https://power.larc.nasa.gov/,WS2M - Wind Speed at 2 m (m/s),SOA ITER neighbouring area (representative point),2026-03-01 to 2026-05-31
2026,3,24,16,5.09,NASA POWER,https://power.larc.nasa.gov/,WS2M - Wind Speed at 2 m (m/s),SOA ITER neighbouring area (representative point),2026-03-01 to 2026-05-31
2026,3,24,17,5.68,NASA POWER,https://power.larc.nasa.gov/,WS2M - Wind Speed at 2 m (m/s),SOA ITER neighbouring area (representative point),2026-03-01 to 2026-05-31
2026,3,24,18,5.8,NASA POWER,https://power.larc.nasa.gov/,WS2M - Wind Speed at 2 m (m/s),SOA ITER neighbouring area (representative point),2026-03-01 to 2026-05-31
2026,3,24,19,5.65,NASA POWER,https://power.larc.nasa.gov/,WS2M - Wind Speed at 2 m (m/s),SOA ITER neighbouring area (representative point),2026-03-01 to 2026-05-31
2026,3,24,20,5.31,NASA POWER,https://power.larc.nasa.gov/,WS2M - Wind Speed at 2 m (m/s),SOA ITER neighbouring area (representative point),2026-03-01 to 2026-05-31
2026,3,24,21,4.95,NASA POWER,https://power.larc.nasa.gov/,WS2M - Wind Speed at 2 m (m/s),SOA ITER neighbouring area (representative point),2026-03-01 to 2026-05-31
2026,3,24,22,4.71,NASA POWER,https://power.larc.nasa.gov/,WS2M - Wind Speed at 2 m (m/s),SOA ITER neighbouring area (representative point),2026-03-01 to 2026-05-31
2026,3,24,23,4.33,NASA POWER,https://power.larc.nasa.gov/,WS2M - Wind Speed at 2 m (m/s),SOA ITER neighbouring area (representative point),2026-03-01 to 2026-05-31
2026,3,25,0,4.04,NASA POWER,https://power.larc.nasa.gov/,WS2M - Wind Speed at 2 m (m/s),SOA ITER neighbouring area (representative point),2026-03-01 to 2026-05-31
2026,3,25,1,3.91,NASA POWER,https://power.larc.nasa.gov/,WS2M - Wind Speed at 2 m (m/s),SOA ITER neighbouring area (representative point),2026-03-01 to 2026-05-31
2026,3,25,2,3.79,NASA POWER,https://power.larc.nasa.gov/,WS2M - Wind Speed at 2 m (m/s),SOA ITER neighbouring area (representative point),2026-03-01 to 2026-05-31
2026,3,25,3,3.74,NASA POWER,https://power.larc.nasa.gov/,WS2M - Wind Speed at 2 m (m/s),SOA ITER neighbouring area (representative point),2026-03-01 to 2026-05-31
2026,3,25,4,3.78,NASA POWER,https://power.larc.nasa.gov/,WS2M - Wind Speed at 2 m (m/s),SOA ITER neighbouring area (representative point),2026-03-01 to 2026-05-31
2026,3,25,5,3.69,NASA POWER,https://power.larc.nasa.gov/,WS2M - Wind Speed at 2 m (m/s),SOA ITER neighbouring area (representative point),2026-03-01 to 2026-05-31
2026,3,25,6,3.74,NASA POWER,https://power.larc.nasa.gov/,WS2M - Wind Speed at 2 m (m/s),SOA ITER neighbouring area (representative point),2026-03-01 to 2026-05-31
2026,3,25,7,4.72,NASA POWER,https://power.larc.nasa.gov/,WS2M - Wind Speed at 2 m (m/s),SOA ITER neighbouring area (representative point),2026-03-01 to 2026-05-31
2026,3,25,8,4.96,NASA POWER,https://power.larc.nasa.gov/,WS2M - Wind Speed at 2 m (m/s),SOA ITER neighbouring area (representative point),2026-03-01 to 2026-05-31
2026,3,25,9,4.91,NASA POWER,https://power.larc.nasa.gov/,WS2M - Wind Speed at 2 m (m/s),SOA ITER neighbouring area (representative point),2026-03-01 to 2026-05-31
2026,3,25,10,4.6,NASA POWER,https://power.larc.nasa.gov/,WS2M - Wind Speed at 2 m (m/s),SOA ITER neighbouring area (representative point),2026-03-01 to 2026-05-31
2026,3,25,11,4.15,NASA POWER,https://power.larc.nasa.gov/,WS2M - Wind Speed at 2 m (m/s),SOA ITER neighbouring area (representative point),2026-03-01 to 2026-05-31
2026,3,25,12,3.87,NASA POWER,https://power.larc.nasa.gov/,WS2M - Wind Speed at 2 m (m/s),SOA ITER neighbouring area (representative point),2026-03-01 to 2026-05-31
2026,3,25,13,3.87,NASA POWER,https://power.larc.nasa.gov/,WS2M - Wind Speed at 2 m (m/s),SOA ITER neighbouring area (representative point),2026-03-01 to 2026-05-31
2026,3,25,14,4.13,NASA POWER,https://power.larc.nasa.gov/,WS2M - Wind Speed at 2 m (m/s),SOA ITER neighbouring area (representative point),2026-03-01 to 2026-05-31
2026,3,25,15,4.7,NASA POWER,https://power.larc.nasa.gov/,WS2M - Wind Speed at 2 m (m/s),SOA ITER neighbouring area (representative point),2026-03-01 to 2026-05-31
2026,3,25,16,5.46,NASA POWER,https://power.larc.nasa.gov/,WS2M - Wind Speed at 2 m (m/s),SOA ITER neighbouring area (representative point),2026-03-01 to 2026-05-31
2026,3,25,17,6.05,NASA POWER,https://power.larc.nasa.gov/,WS2M - Wind Speed at 2 m (m/s),SOA ITER neighbouring area (representative point),2026-03-01 to 2026-05-31
2026,3,25,18,6.1,NASA POWER,https://power.larc.nasa.gov/,WS2M - Wind Speed at 2 m (m/s),SOA ITER neighbouring area (representative point),2026-03-01 to 2026-05-31
2026,3,25,19,5.83,NASA POWER,https://power.larc.nasa.gov/,WS2M - Wind Speed at 2 m (m/s),SOA ITER neighbouring area (representative point),2026-03-01 to 2026-05-31
2026,3,25,20,5.35,NASA POWER,https://power.larc.nasa.gov/,WS2M - Wind Speed at 2 m (m/s),SOA ITER neighbouring area (representative point),2026-03-01 to 2026-05-31
2026,3,25,21,4.8,NASA POWER,https://power.larc.nasa.gov/,WS2M - Wind Speed at 2 m (m/s),SOA ITER neighbouring area (representative point),2026-03-01 to 2026-05-31
2026,3,25,22,4.27,NASA POWER,https://power.larc.nasa.gov/,WS2M - Wind Speed at 2 m (m/s),SOA ITER neighbouring area (representative point),2026-03-01 to 2026-05-31
2026,3,25,23,3.81,NASA POWER,https://power.larc.nasa.gov/,WS2M - Wind Speed at 2 m (m/s),SOA ITER neighbouring area (representative point),2026-03-01 to 2026-05-31
2026,3,26,0,3.43,NASA POWER,https://power.larc.nasa.gov/,WS2M - Wind Speed at 2 m (m/s),SOA ITER neighbouring area (representative point),2026-03-01 to 2026-05-31
2026,3,26,1,3.11,NASA POWER,https://power.larc.nasa.gov/,WS2M - Wind Speed at 2 m (m/s),SOA ITER neighbouring area (representative point),2026-03-01 to 2026-05-31
2026,3,26,2,2.75,NASA POWER,https://power.larc.nasa.gov/,WS2M - Wind Speed at 2 m (m/s),SOA ITER neighbouring area (representative point),2026-03-01 to 2026-05-31
2026,3,26,3,2.53,NASA POWER,https://power.larc.nasa.gov/,WS2M - Wind Speed at 2 m (m/s),SOA ITER neighbouring area (representative point),2026-03-01 to 2026-05-31
2026,3,26,4,2.38,NASA POWER,https://power.larc.nasa.gov/,WS2M - Wind Speed at 2 m (m/s),SOA ITER neighbouring area (representative point),2026-03-01 to 2026-05-31
2026,3,26,5,2.15,NASA POWER,https://power.larc.nasa.gov/,WS2M - Wind Speed at 2 m (m/s),SOA ITER neighbouring area (representative point),2026-03-01 to 2026-05-31
2026,3,26,6,2.06,NASA POWER,https://power.larc.nasa.gov/,WS2M - Wind Speed at 2 m (m/s),SOA ITER neighbouring area (representative point),2026-03-01 to 2026-05-31
2026,3,26,7,2.47,NASA POWER,https://power.larc.nasa.gov/,WS2M - Wind Speed at 2 m (m/s),SOA ITER neighbouring area (representative point),2026-03-01 to 2026-05-31
2026,3,26,8,1.9,NASA POWER,https://power.larc.nasa.gov/,WS2M - Wind Speed at 2 m (m/s),SOA ITER neighbouring area (representative point),2026-03-01 to 2026-05-31
2026,3,26,9,0.87,NASA POWER,https://power.larc.nasa.gov/,WS2M - Wind Speed at 2 m (m/s),SOA ITER neighbouring area (representative point),2026-03-01 to 2026-05-31
2026,3,26,10,0.74,NASA POWER,https://power.larc.nasa.gov/,WS2M - Wind Speed at 2 m (m/s),SOA ITER neighbouring area (representative point),2026-03-01 to 2026-05-31
2026,3,26,11,0.99,NASA POWER,https://power.larc.nasa.gov/,WS2M - Wind Speed at 2 m (m/s),SOA ITER neighbouring area (representative point),2026-03-01 to 2026-05-31
2026,3,26,12,1.26,NASA POWER,https://power.larc.nasa.gov/,WS2M - Wind Speed at 2 m (m/s),SOA ITER neighbouring area (representative point),2026-03-01 to 2026-05-31
2026,3,26,13,1.37,NASA POWER,https://power.larc.nasa.gov/,WS2M - Wind Speed at 2 m (m/s),SOA ITER neighbouring area (representative point),2026-03-01 to 2026-05-31
2026,3,26,14,1.39,NASA POWER,https://power.larc.nasa.gov/,WS2M - Wind Speed at 2 m (m/s),SOA ITER neighbouring area (representative point),2026-03-01 to 2026-05-31
2026,3,26,15,1.31,NASA POWER,https://power.larc.nasa.gov/,WS2M - Wind Speed at 2 m (m/s),SOA ITER neighbouring area (representative point),2026-03-01 to 2026-05-31
2026,3,26,16,1.06,NASA POWER,https://power.larc.nasa.gov/,WS2M - Wind Speed at 2 m (m/s),SOA ITER neighbouring area (representative point),2026-03-01 to 2026-05-31
2026,3,26,17,0.44,NASA POWER,https://power.larc.nasa.gov/,WS2M - Wind Speed at 2 m (m/s),SOA ITER neighbouring area (representative point),2026-03-01 to 2026-05-31
2026,3,26,18,1.12,NASA POWER,https://power.larc.nasa.gov/,WS2M - Wind Speed at 2 m (m/s),SOA ITER neighbouring area (representative point),2026-03-01 to 2026-05-31
2026,3,26,19,1.52,NASA POWER,https://power.larc.nasa.gov/,WS2M - Wind Speed at 2 m (m/s),SOA ITER neighbouring area (representative point),2026-03-01 to 2026-05-31
2026,3,26,20,1.72,NASA POWER,https://power.larc.nasa.gov/,WS2M - Wind Speed at 2 m (m/s),SOA ITER neighbouring area (representative point),2026-03-01 to 2026-05-31
2026,3,26,21,1.84,NASA POWER,https://power.larc.nasa.gov/,WS2M - Wind Speed at 2 m (m/s),SOA ITER neighbouring area (representative point),2026-03-01 to 2026-05-31
2026,3,26,22,2.02,NASA POWER,https://power.larc.nasa.gov/,WS2M - Wind Speed at 2 m (m/s),SOA ITER neighbouring area (representative point),2026-03-01 to 2026-05-31
2026,3,26,23,2.26,NASA POWER,https://power.larc.nasa.gov/,WS2M - Wind Speed at 2 m (m/s),SOA ITER neighbouring area (representative point),2026-03-01 to 2026-05-31
2026,3,27,0,2.35,NASA POWER,https://power.larc.nasa.gov/,WS2M - Wind Speed at 2 m (m/s),SOA ITER neighbouring area (representative point),2026-03-01 to 2026-05-31
2026,3,27,1,2.13,NASA POWER,https://power.larc.nasa.gov/,WS2M - Wind Speed at 2 m (m/s),SOA ITER neighbouring area (representative point),2026-03-01 to 2026-05-31
2026,3,27,2,1.7,NASA POWER,https://power.larc.nasa.gov/,WS2M - Wind Speed at 2 m (m/s),SOA ITER neighbouring area (representative point),2026-03-01 to 2026-05-31
2026,3,27,3,1.44,NASA POWER,https://power.larc.nasa.gov/,WS2M - Wind Speed at 2 m (m/s),SOA ITER neighbouring area (representative point),2026-03-01 to 2026-05-31
2026,3,27,4,1.33,NASA POWER,https://power.larc.nasa.gov/,WS2M - Wind Speed at 2 m (m/s),SOA ITER neighbouring area (representative point),2026-03-01 to 2026-05-31
2026,3,27,5,1.24,NASA POWER,https://power.larc.nasa.gov/,WS2M - Wind Speed at 2 m (m/s),SOA ITER neighbouring area (representative point),2026-03-01 to 2026-05-31
2026,3,27,6,1.2,NASA POWER,https://power.larc.nasa.gov/,WS2M - Wind Speed at 2 m (m/s),SOA ITER neighbouring area (representative point),2026-03-01 to 2026-05-31
2026,3,27,7,1.75,NASA POWER,https://power.larc.nasa.gov/,WS2M - Wind Speed at 2 m (m/s),SOA ITER neighbouring area (representative point),2026-03-01 to 2026-05-31
2026,3,27,8,2.02,NASA POWER,https://power.larc.nasa.gov/,WS2M - Wind Speed at 2 m (m/s),SOA ITER neighbouring area (representative point),2026-03-01 to 2026-05-31
2026,3,27,9,1.89,NASA POWER,https://power.larc.nasa.gov/,WS2M - Wind Speed at 2 m (m/s),SOA ITER neighbouring area (representative point),2026-03-01 to 2026-05-31
2026,3,27,10,1.53,NASA POWER,https://power.larc.nasa.gov/,WS2M - Wind Speed at 2 m (m/s),SOA ITER neighbouring area (representative point),2026-03-01 to 2026-05-31
2026,3,27,11,1.29,NASA POWER,https://power.larc.nasa.gov/,WS2M - Wind Speed at 2 m (m/s),SOA ITER neighbouring area (representative point),2026-03-01 to 2026-05-31
2026,3,27,12,1.16,NASA POWER,https://power.larc.nasa.gov/,WS2M - Wind Speed at 2 m (m/s),SOA ITER neighbouring area (representative point),2026-03-01 to 2026-05-31
2026,3,27,13,1.21,NASA POWER,https://power.larc.nasa.gov/,WS2M - Wind Speed at 2 m (m/s),SOA ITER neighbouring area (representative point),2026-03-01 to 2026-05-31
2026,3,27,14,1.45,NASA POWER,https://power.larc.nasa.gov/,WS2M - Wind Speed at 2 m (m/s),SOA ITER neighbouring area (representative point),2026-03-01 to 2026-05-31
2026,3,27,15,2.01,NASA POWER,https://power.larc.nasa.gov/,WS2M - Wind Speed at 2 m (m/s),SOA ITER neighbouring area (representative point),2026-03-01 to 2026-05-31
2026,3,27,16,3.06,NASA POWER,https://power.larc.nasa.gov/,WS2M - Wind Speed at 2 m (m/s),SOA ITER neighbouring area (representative point),2026-03-01 to 2026-05-31
2026,3,27,17,4.34,NASA POWER,https://power.larc.nasa.gov/,WS2M - Wind Speed at 2 m (m/s),SOA ITER neighbouring area (representative point),2026-03-01 to 2026-05-31
2026,3,27,18,5.57,NASA POWER,https://power.larc.nasa.gov/,WS2M - Wind Speed at 2 m (m/s),SOA ITER neighbouring area (representative point),2026-03-01 to 2026-05-31
2026,3,27,19,5.97,NASA POWER,https://power.larc.nasa.gov/,WS2M - Wind Speed at 2 m (m/s),SOA ITER neighbouring area (representative point),2026-03-01 to 2026-05-31
2026,3,27,20,5.57,NASA POWER,https://power.larc.nasa.gov/,WS2M - Wind Speed at 2 m (m/s),SOA ITER neighbouring area (representative point),2026-03-01 to 2026-05-31
2026,3,27,21,4.98,NASA POWER,https://power.larc.nasa.gov/,WS2M - Wind Speed at 2 m (m/s),SOA ITER neighbouring area (representative point),2026-03-01 to 2026-05-31
2026,3,27,22,4.56,NASA POWER,https://power.larc.nasa.gov/,WS2M - Wind Speed at 2 m (m/s),SOA ITER neighbouring area (representative point),2026-03-01 to 2026-05-31
2026,3,27,23,4.38,NASA POWER,https://power.larc.nasa.gov/,WS2M - Wind Speed at 2 m (m/s),SOA ITER neighbouring area (representative point),2026-03-01 to 2026-05-31
2026,3,28,0,4.27,NASA POWER,https://power.larc.nasa.gov/,WS2M - Wind Speed at 2 m (m/s),SOA ITER neighbouring area (representative point),2026-03-01 to 2026-05-31
2026,3,28,1,4.3,NASA POWER,https://power.larc.nasa.gov/,WS2M - Wind Speed at 2 m (m/s),SOA ITER neighbouring area (representative point),2026-03-01 to 2026-05-31
2026,3,28,2,4.56,NASA POWER,https://power.larc.nasa.gov/,WS2M - Wind Speed at 2 m (m/s),SOA ITER neighbouring area (representative point),2026-03-01 to 2026-05-31
2026,3,28,3,4.77,NASA POWER,https://power.larc.nasa.gov/,WS2M - Wind Speed at 2 m (m/s),SOA ITER neighbouring area (representative point),2026-03-01 to 2026-05-31
2026,3,28,4,4.76,NASA POWER,https://power.larc.nasa.gov/,WS2M - Wind Speed at 2 m (m/s),SOA ITER neighbouring area (representative point),2026-03-01 to 2026-05-31
2026,3,28,5,4.63,NASA POWER,https://power.larc.nasa.gov/,WS2M - Wind Speed at 2 m (m/s),SOA ITER neighbouring area (representative point),2026-03-01 to 2026-05-31
2026,3,28,6,4.68,NASA POWER,https://power.larc.nasa.gov/,WS2M - Wind Speed at 2 m (m/s),SOA ITER neighbouring area (representative point),2026-03-01 to 2026-05-31
2026,3,28,7,5.56,NASA POWER,https://power.larc.nasa.gov/,WS2M - Wind Speed at 2 m (m/s),SOA ITER neighbouring area (representative point),2026-03-01 to 2026-05-31
2026,3,28,8,6.02,NASA POWER,https://power.larc.nasa.gov/,WS2M - Wind Speed at 2 m (m/s),SOA ITER neighbouring area (representative point),2026-03-01 to 2026-05-31
2026,3,28,9,6.18,NASA POWER,https://power.larc.nasa.gov/,WS2M - Wind Speed at 2 m (m/s),SOA ITER neighbouring area (representative point),2026-03-01 to 2026-05-31
2026,3,28,10,6.05,NASA POWER,https://power.larc.nasa.gov/,WS2M - Wind Speed at 2 m (m/s),SOA ITER neighbouring area (representative point),2026-03-01 to 2026-05-31
2026,3,28,11,5.38,NASA POWER,https://power.larc.nasa.gov/,WS2M - Wind Speed at 2 m (m/s),SOA ITER neighbouring area (representative point),2026-03-01 to 2026-05-31
2026,3,28,12,4.63,NASA POWER,https://power.larc.nasa.gov/,WS2M - Wind Speed at 2 m (m/s),SOA ITER neighbouring area (representative point),2026-03-01 to 2026-05-31
2026,3,28,13,4.23,NASA POWER,https://power.larc.nasa.gov/,WS2M - Wind Speed at 2 m (m/s),SOA ITER neighbouring area (representative point),2026-03-01 to 2026-05-31
2026,3,28,14,4.37,NASA POWER,https://power.larc.nasa.gov/,WS2M - Wind Speed at 2 m (m/s),SOA ITER neighbouring area (representative point),2026-03-01 to 2026-05-31
2026,3,28,15,4.97,NASA POWER,https://power.larc.nasa.gov/,WS2M - Wind Speed at 2 m (m/s),SOA ITER neighbouring area (representative point),2026-03-01 to 2026-05-31
2026,3,28,16,5.48,NASA POWER,https://power.larc.nasa.gov/,WS2M - Wind Speed at 2 m (m/s),SOA ITER neighbouring area (representative point),2026-03-01 to 2026-05-31
2026,3,28,17,5.64,NASA POWER,https://power.larc.nasa.gov/,WS2M - Wind Speed at 2 m (m/s),SOA ITER neighbouring area (representative point),2026-03-01 to 2026-05-31
2026,3,28,18,5.5,NASA POWER,https://power.larc.nasa.gov/,WS2M - Wind Speed at 2 m (m/s),SOA ITER neighbouring area (representative point),2026-03-01 to 2026-05-31
2026,3,28,19,5.19,NASA POWER,https://power.larc.nasa.gov/,WS2M - Wind Speed at 2 m (m/s),SOA ITER neighbouring area (representative point),2026-03-01 to 2026-05-31
2026,3,28,20,4.87,NASA POWER,https://power.larc.nasa.gov/,WS2M - Wind Speed at 2 m (m/s),SOA ITER neighbouring area (representative point),2026-03-01 to 2026-05-31
2026,3,28,21,4.43,NASA POWER,https://power.larc.nasa.gov/,WS2M - Wind Speed at 2 m (m/s),SOA ITER neighbouring area (representative point),2026-03-01 to 2026-05-31
2026,3,28,22,4.09,NASA POWER,https://power.larc.nasa.gov/,WS2M - Wind Speed at 2 m (m/s),SOA ITER neighbouring area (representative point),2026-03-01 to 2026-05-31
2026,3,28,23,3.99,NASA POWER,https://power.larc.nasa.gov/,WS2M - Wind Speed at 2 m (m/s),SOA ITER neighbouring area (representative point),2026-03-01 to 2026-05-31
2026,3,29,0,3.96,NASA POWER,https://power.larc.nasa.gov/,WS2M - Wind Speed at 2 m (m/s),SOA ITER neighbouring area (representative point),2026-03-01 to 2026-05-31
2026,3,29,1,3.96,NASA POWER,https://power.larc.nasa.gov/,WS2M - Wind Speed at 2 m (m/s),SOA ITER neighbouring area (representative point),2026-03-01 to 2026-05-31
2026,3,29,2,4.0,NASA POWER,https://power.larc.nasa.gov/,WS2M - Wind Speed at 2 m (m/s),SOA ITER neighbouring area (representative point),2026-03-01 to 2026-05-31
2026,3,29,3,4.13,NASA POWER,https://power.larc.nasa.gov/,WS2M - Wind Speed at 2 m (m/s),SOA ITER neighbouring area (representative point),2026-03-01 to 2026-05-31
2026,3,29,4,4.24,NASA POWER,https://power.larc.nasa.gov/,WS2M - Wind Speed at 2 m (m/s),SOA ITER neighbouring area (representative point),2026-03-01 to 2026-05-31
2026,3,29,5,4.22,NASA POWER,https://power.larc.nasa.gov/,WS2M - Wind Speed at 2 m (m/s),SOA ITER neighbouring area (representative point),2026-03-01 to 2026-05-31
2026,3,29,6,4.53,NASA POWER,https://power.larc.nasa.gov/,WS2M - Wind Speed at 2 m (m/s),SOA ITER neighbouring area (representative point),2026-03-01 to 2026-05-31
2026,3,29,7,5.69,NASA POWER,https://power.larc.nasa.gov/,WS2M - Wind Speed at 2 m (m/s),SOA ITER neighbouring area (representative point),2026-03-01 to 2026-05-31
2026,3,29,8,6.26,NASA POWER,https://power.larc.nasa.gov/,WS2M - Wind Speed at 2 m (m/s),SOA ITER neighbouring area (representative point),2026-03-01 to 2026-05-31
2026,3,29,9,6.05,NASA POWER,https://power.larc.nasa.gov/,WS2M - Wind Speed at 2 m (m/s),SOA ITER neighbouring area (representative point),2026-03-01 to 2026-05-31
2026,3,29,10,5.45,NASA POWER,https://power.larc.nasa.gov/,WS2M - Wind Speed at 2 m (m/s),SOA ITER neighbouring area (representative point),2026-03-01 to 2026-05-31
2026,3,29,11,4.82,NASA POWER,https://power.larc.nasa.gov/,WS2M - Wind Speed at 2 m (m/s),SOA ITER neighbouring area (representative point),2026-03-01 to 2026-05-31
2026,3,29,12,4.35,NASA POWER,https://power.larc.nasa.gov/,WS2M - Wind Speed at 2 m (m/s),SOA ITER neighbouring area (representative point),2026-03-01 to 2026-05-31
2026,3,29,13,4.22,NASA POWER,https://power.larc.nasa.gov/,WS2M - Wind Speed at 2 m (m/s),SOA ITER neighbouring area (representative point),2026-03-01 to 2026-05-31
2026,3,29,14,4.43,NASA POWER,https://power.larc.nasa.gov/,WS2M - Wind Speed at 2 m (m/s),SOA ITER neighbouring area (representative point),2026-03-01 to 2026-05-31
2026,3,29,15,4.86,NASA POWER,https://power.larc.nasa.gov/,WS2M - Wind Speed at 2 m (m/s),SOA ITER neighbouring area (representative point),2026-03-01 to 2026-05-31
2026,3,29,16,5.43,NASA POWER,https://power.larc.nasa.gov/,WS2M - Wind Speed at 2 m (m/s),SOA ITER neighbouring area (representative point),2026-03-01 to 2026-05-31
2026,3,29,17,5.73,NASA POWER,https://power.larc.nasa.gov/,WS2M - Wind Speed at 2 m (m/s),SOA ITER neighbouring area (representative point),2026-03-01 to 2026-05-31
2026,3,29,18,5.68,NASA POWER,https://power.larc.nasa.gov/,WS2M - Wind Speed at 2 m (m/s),SOA ITER neighbouring area (representative point),2026-03-01 to 2026-05-31
2026,3,29,19,5.58,NASA POWER,https://power.larc.nasa.gov/,WS2M - Wind Speed at 2 m (m/s),SOA ITER neighbouring area (representative point),2026-03-01 to 2026-05-31
2026,3,29,20,5.11,NASA POWER,https://power.larc.nasa.gov/,WS2M - Wind Speed at 2 m (m/s),SOA ITER neighbouring area (representative point),2026-03-01 to 2026-05-31
2026,3,29,21,4.66,NASA POWER,https://power.larc.nasa.gov/,WS2M - Wind Speed at 2 m (m/s),SOA ITER neighbouring area (representative point),2026-03-01 to 2026-05-31
2026,3,29,22,4.22,NASA POWER,https://power.larc.nasa.gov/,WS2M - Wind Speed at 2 m (m/s),SOA ITER neighbouring area (representative point),2026-03-01 to 2026-05-31
2026,3,29,23,3.98,NASA POWER,https://power.larc.nasa.gov/,WS2M - Wind Speed at 2 m (m/s),SOA ITER neighbouring area (representative point),2026-03-01 to 2026-05-31
2026,3,30,0,3.92,NASA POWER,https://power.larc.nasa.gov/,WS2M - Wind Speed at 2 m (m/s),SOA ITER neighbouring area (representative point),2026-03-01 to 2026-05-31
2026,3,30,1,3.9,NASA POWER,https://power.larc.nasa.gov/,WS2M - Wind Speed at 2 m (m/s),SOA ITER neighbouring area (representative point),2026-03-01 to 2026-05-31
2026,3,30,2,3.91,NASA POWER,https://power.larc.nasa.gov/,WS2M - Wind Speed at 2 m (m/s),SOA ITER neighbouring area (representative point),2026-03-01 to 2026-05-31
2026,3,30,3,3.9,NASA POWER,https://power.larc.nasa.gov/,WS2M - Wind Speed at 2 m (m/s),SOA ITER neighbouring area (representative point),2026-03-01 to 2026-05-31
2026,3,30,4,3.85,NASA POWER,https://power.larc.nasa.gov/,WS2M - Wind Speed at 2 m (m/s),SOA ITER neighbouring area (representative point),2026-03-01 to 2026-05-31
2026,3,30,5,3.73,NASA POWER,https://power.larc.nasa.gov/,WS2M - Wind Speed at 2 m (m/s),SOA ITER neighbouring area (representative point),2026-03-01 to 2026-05-31
2026,3,30,6,4.03,NASA POWER,https://power.larc.nasa.gov/,WS2M - Wind Speed at 2 m (m/s),SOA ITER neighbouring area (representative point),2026-03-01 to 2026-05-31
2026,3,30,7,5.08,NASA POWER,https://power.larc.nasa.gov/,WS2M - Wind Speed at 2 m (m/s),SOA ITER neighbouring area (representative point),2026-03-01 to 2026-05-31
2026,3,30,8,5.59,NASA POWER,https://power.larc.nasa.gov/,WS2M - Wind Speed at 2 m (m/s),SOA ITER neighbouring area (representative point),2026-03-01 to 2026-05-31
2026,3,30,9,5.8,NASA POWER,https://power.larc.nasa.gov/,WS2M - Wind Speed at 2 m (m/s),SOA ITER neighbouring area (representative point),2026-03-01 to 2026-05-31
2026,3,30,10,5.9,NASA POWER,https://power.larc.nasa.gov/,WS2M - Wind Speed at 2 m (m/s),SOA ITER neighbouring area (representative point),2026-03-01 to 2026-05-31
2026,3,30,11,5.97,NASA POWER,https://power.larc.nasa.gov/,WS2M - Wind Speed at 2 m (m/s),SOA ITER neighbouring area (representative point),2026-03-01 to 2026-05-31
2026,3,30,12,6.05,NASA POWER,https://power.larc.nasa.gov/,WS2M - Wind Speed at 2 m (m/s),SOA ITER neighbouring area (representative point),2026-03-01 to 2026-05-31
2026,3,30,13,6.22,NASA POWER,https://power.larc.nasa.gov/,WS2M - Wind Speed at 2 m (m/s),SOA ITER neighbouring area (representative point),2026-03-01 to 2026-05-31
2026,3,30,14,6.45,NASA POWER,https://power.larc.nasa.gov/,WS2M - Wind Speed at 2 m (m/s),SOA ITER neighbouring area (representative point),2026-03-01 to 2026-05-31
2026,3,30,15,6.73,NASA POWER,https://power.larc.nasa.gov/,WS2M - Wind Speed at 2 m (m/s),SOA ITER neighbouring area (representative point),2026-03-01 to 2026-05-31
2026,3,30,16,6.99,NASA POWER,https://power.larc.nasa.gov/,WS2M - Wind Speed at 2 m (m/s),SOA ITER neighbouring area (representative point),2026-03-01 to 2026-05-31
2026,3,30,17,6.93,NASA POWER,https://power.larc.nasa.gov/,WS2M - Wind Speed at 2 m (m/s),SOA ITER neighbouring area (representative point),2026-03-01 to 2026-05-31
2026,3,30,18,6.48,NASA POWER,https://power.larc.nasa.gov/,WS2M - Wind Speed at 2 m (m/s),SOA ITER neighbouring area (representative point),2026-03-01 to 2026-05-31
2026,3,30,19,6.22,NASA POWER,https://power.larc.nasa.gov/,WS2M - Wind Speed at 2 m (m/s),SOA ITER neighbouring area (representative point),2026-03-01 to 2026-05-31
2026,3,30,20,6.24,NASA POWER,https://power.larc.nasa.gov/,WS2M - Wind Speed at 2 m (m/s),SOA ITER neighbouring area (representative point),2026-03-01 to 2026-05-31
2026,3,30,21,6.19,NASA POWER,https://power.larc.nasa.gov/,WS2M - Wind Speed at 2 m (m/s),SOA ITER neighbouring area (representative point),2026-03-01 to 2026-05-31
2026,3,30,22,6.01,NASA POWER,https://power.larc.nasa.gov/,WS2M - Wind Speed at 2 m (m/s),SOA ITER neighbouring area (representative point),2026-03-01 to 2026-05-31
2026,3,30,23,5.79,NASA POWER,https://power.larc.nasa.gov/,WS2M - Wind Speed at 2 m (m/s),SOA ITER neighbouring area (representative point),2026-03-01 to 2026-05-31
2026,3,31,0,5.41,NASA POWER,https://power.larc.nasa.gov/,WS2M - Wind Speed at 2 m (m/s),SOA ITER neighbouring area (representative point),2026-03-01 to 2026-05-31
2026,3,31,1,5.02,NASA POWER,https://power.larc.nasa.gov/,WS2M - Wind Speed at 2 m (m/s),SOA ITER neighbouring area (representative point),2026-03-01 to 2026-05-31
2026,3,31,2,4.75,NASA POWER,https://power.larc.nasa.gov/,WS2M - Wind Speed at 2 m (m/s),SOA ITER neighbouring area (representative point),2026-03-01 to 2026-05-31
2026,3,31,3,4.23,NASA POWER,https://power.larc.nasa.gov/,WS2M - Wind Speed at 2 m (m/s),SOA ITER neighbouring area (representative point),2026-03-01 to 2026-05-31
2026,3,31,4,3.74,NASA POWER,https://power.larc.nasa.gov/,WS2M - Wind Speed at 2 m (m/s),SOA ITER neighbouring area (representative point),2026-03-01 to 2026-05-31
2026,3,31,5,3.36,NASA POWER,https://power.larc.nasa.gov/,WS2M - Wind Speed at 2 m (m/s),SOA ITER neighbouring area (representative point),2026-03-01 to 2026-05-31
2026,3,31,6,3.47,NASA POWER,https://power.larc.nasa.gov/,WS2M - Wind Speed at 2 m (m/s),SOA ITER neighbouring area (representative point),2026-03-01 to 2026-05-31
2026,3,31,7,4.25,NASA POWER,https://power.larc.nasa.gov/,WS2M - Wind Speed at 2 m (m/s),SOA ITER neighbouring area (representative point),2026-03-01 to 2026-05-31
2026,3,31,8,4.24,NASA POWER,https://power.larc.nasa.gov/,WS2M - Wind Speed at 2 m (m/s),SOA ITER neighbouring area (representative point),2026-03-01 to 2026-05-31
2026,3,31,9,3.78,NASA POWER,https://power.larc.nasa.gov/,WS2M - Wind Speed at 2 m (m/s),SOA ITER neighbouring area (representative point),2026-03-01 to 2026-05-31
2026,3,31,10,3.16,NASA POWER,https://power.larc.nasa.gov/,WS2M - Wind Speed at 2 m (m/s),SOA ITER neighbouring area (representative point),2026-03-01 to 2026-05-31
2026,3,31,11,2.63,NASA POWER,https://power.larc.nasa.gov/,WS2M - Wind Speed at 2 m (m/s),SOA ITER neighbouring area (representative point),2026-03-01 to 2026-05-31
2026,3,31,12,2.49,NASA POWER,https://power.larc.nasa.gov/,WS2M - Wind Speed at 2 m (m/s),SOA ITER neighbouring area (representative point),2026-03-01 to 2026-05-31
2026,3,31,13,2.73,NASA POWER,https://power.larc.nasa.gov/,WS2M - Wind Speed at 2 m (m/s),SOA ITER neighbouring area (representative point),2026-03-01 to 2026-05-31
2026,3,31,14,3.16,NASA POWER,https://power.larc.nasa.gov/,WS2M - Wind Speed at 2 m (m/s),SOA ITER neighbouring area (representative point),2026-03-01 to 2026-05-31
2026,3,31,15,3.43,NASA POWER,https://power.larc.nasa.gov/,WS2M - Wind Speed at 2 m (m/s),SOA ITER neighbouring area (representative point),2026-03-01 to 2026-05-31
2026,3,31,16,3.64,NASA POWER,https://power.larc.nasa.gov/,WS2M - Wind Speed at 2 m (m/s),SOA ITER neighbouring area (representative point),2026-03-01 to 2026-05-31
2026,3,31,17,3.91,NASA POWER,https://power.larc.nasa.gov/,WS2M - Wind Speed at 2 m (m/s),SOA ITER neighbouring area (representative point),2026-03-01 to 2026-05-31
2026,3,31,18,4.42,NASA POWER,https://power.larc.nasa.gov/,WS2M - Wind Speed at 2 m (m/s),SOA ITER neighbouring area (representative point),2026-03-01 to 2026-05-31
2026,3,31,19,4.7,NASA POWER,https://power.larc.nasa.gov/,WS2M - Wind Speed at 2 m (m/s),SOA ITER neighbouring area (representative point),2026-03-01 to 2026-05-31
2026,3,31,20,4.65,NASA POWER,https://power.larc.nasa.gov/,WS2M - Wind Speed at 2 m (m/s),SOA ITER neighbouring area (representative point),2026-03-01 to 2026-05-31
2026,3,31,21,4.53,NASA POWER,https://power.larc.nasa.gov/,WS2M - Wind Speed at 2 m (m/s),SOA ITER neighbouring area (representative point),2026-03-01 to 2026-05-31
2026,3,31,22,4.34,NASA POWER,https://power.larc.nasa.gov/,WS2M - Wind Speed at 2 m (m/s),SOA ITER neighbouring area (representative point),2026-03-01 to 2026-05-31
2026,3,31,23,4.19,NASA POWER,https://power.larc.nasa.gov/,WS2M - Wind Speed at 2 m (m/s),SOA ITER neighbouring area (representative point),2026-03-01 to 2026-05-31
2026,4,1,0,4.07,NASA POWER,https://power.larc.nasa.gov/,WS2M - Wind Speed at 2 m (m/s),SOA ITER neighbouring area (representative point),2026-03-01 to 2026-05-31
2026,4,1,1,3.9,NASA POWER,https://power.larc.nasa.gov/,WS2M - Wind Speed at 2 m (m/s),SOA ITER neighbouring area (representative point),2026-03-01 to 2026-05-31
2026,4,1,2,3.76,NASA POWER,https://power.larc.nasa.gov/,WS2M - Wind Speed at 2 m (m/s),SOA ITER neighbouring area (representative point),2026-03-01 to 2026-05-31
2026,4,1,3,3.65,NASA POWER,https://power.larc.nasa.gov/,WS2M - Wind Speed at 2 m (m/s),SOA ITER neighbouring area (representative point),2026-03-01 to 2026-05-31
2026,4,1,4,3.56,NASA POWER,https://power.larc.nasa.gov/,WS2M - Wind Speed at 2 m (m/s),SOA ITER neighbouring area (representative point),2026-03-01 to 2026-05-31
2026,4,1,5,3.38,NASA POWER,https://power.larc.nasa.gov/,WS2M - Wind Speed at 2 m (m/s),SOA ITER neighbouring area (representative point),2026-03-01 to 2026-05-31
2026,4,1,6,3.56,NASA POWER,https://power.larc.nasa.gov/,WS2M - Wind Speed at 2 m (m/s),SOA ITER neighbouring area (representative point),2026-03-01 to 2026-05-31
2026,4,1,7,4.27,NASA POWER,https://power.larc.nasa.gov/,WS2M - Wind Speed at 2 m (m/s),SOA ITER neighbouring area (representative point),2026-03-01 to 2026-05-31
2026,4,1,8,4.33,NASA POWER,https://power.larc.nasa.gov/,WS2M - Wind Speed at 2 m (m/s),SOA ITER neighbouring area (representative point),2026-03-01 to 2026-05-31
2026,4,1,9,4.01,NASA POWER,https://power.larc.nasa.gov/,WS2M - Wind Speed at 2 m (m/s),SOA ITER neighbouring area (representative point),2026-03-01 to 2026-05-31
2026,4,1,10,3.3,NASA POWER,https://power.larc.nasa.gov/,WS2M - Wind Speed at 2 m (m/s),SOA ITER neighbouring area (representative point),2026-03-01 to 2026-05-31
2026,4,1,11,2.6,NASA POWER,https://power.larc.nasa.gov/,WS2M - Wind Speed at 2 m (m/s),SOA ITER neighbouring area (representative point),2026-03-01 to 2026-05-31
2026,4,1,12,2.35,NASA POWER,https://power.larc.nasa.gov/,WS2M - Wind Speed at 2 m (m/s),SOA ITER neighbouring area (representative point),2026-03-01 to 2026-05-31
2026,4,1,13,2.56,NASA POWER,https://power.larc.nasa.gov/,WS2M - Wind Speed at 2 m (m/s),SOA ITER neighbouring area (representative point),2026-03-01 to 2026-05-31
2026,4,1,14,2.91,NASA POWER,https://power.larc.nasa.gov/,WS2M - Wind Speed at 2 m (m/s),SOA ITER neighbouring area (representative point),2026-03-01 to 2026-05-31
2026,4,1,15,3.22,NASA POWER,https://power.larc.nasa.gov/,WS2M - Wind Speed at 2 m (m/s),SOA ITER neighbouring area (representative point),2026-03-01 to 2026-05-31
2026,4,1,16,3.5,NASA POWER,https://power.larc.nasa.gov/,WS2M - Wind Speed at 2 m (m/s),SOA ITER neighbouring area (representative point),2026-03-01 to 2026-05-31
2026,4,1,17,3.93,NASA POWER,https://power.larc.nasa.gov/,WS2M - Wind Speed at 2 m (m/s),SOA ITER neighbouring area (representative point),2026-03-01 to 2026-05-31
2026,4,1,18,4.32,NASA POWER,https://power.larc.nasa.gov/,WS2M - Wind Speed at 2 m (m/s),SOA ITER neighbouring area (representative point),2026-03-01 to 2026-05-31
2026,4,1,19,4.82,NASA POWER,https://power.larc.nasa.gov/,WS2M - Wind Speed at 2 m (m/s),SOA ITER neighbouring area (representative point),2026-03-01 to 2026-05-31
2026,4,1,20,4.72,NASA POWER,https://power.larc.nasa.gov/,WS2M - Wind Speed at 2 m (m/s),SOA ITER neighbouring area (representative point),2026-03-01 to 2026-05-31
2026,4,1,21,4.46,NASA POWER,https://power.larc.nasa.gov/,WS2M - Wind Speed at 2 m (m/s),SOA ITER neighbouring area (representative point),2026-03-01 to 2026-05-31
2026,4,1,22,4.25,NASA POWER,https://power.larc.nasa.gov/,WS2M - Wind Speed at 2 m (m/s),SOA ITER neighbouring area (representative point),2026-03-01 to 2026-05-31
2026,4,1,23,4.15,NASA POWER,https://power.larc.nasa.gov/,WS2M - Wind Speed at 2 m (m/s),SOA ITER neighbouring area (representative point),2026-03-01 to 2026-05-31
2026,4,2,0,3.97,NASA POWER,https://power.larc.nasa.gov/,WS2M - Wind Speed at 2 m (m/s),SOA ITER neighbouring area (representative point),2026-03-01 to 2026-05-31
2026,4,2,1,3.74,NASA POWER,https://power.larc.nasa.gov/,WS2M - Wind Speed at 2 m (m/s),SOA ITER neighbouring area (representative point),2026-03-01 to 2026-05-31
2026,4,2,2,3.47,NASA POWER,https://power.larc.nasa.gov/,WS2M - Wind Speed at 2 m (m/s),SOA ITER neighbouring area (representative point),2026-03-01 to 2026-05-31
2026,4,2,3,3.38,NASA POWER,https://power.larc.nasa.gov/,WS2M - Wind Speed at 2 m (m/s),SOA ITER neighbouring area (representative point),2026-03-01 to 2026-05-31
2026,4,2,4,3.41,NASA POWER,https://power.larc.nasa.gov/,WS2M - Wind Speed at 2 m (m/s),SOA ITER neighbouring area (representative point),2026-03-01 to 2026-05-31
2026,4,2,5,3.37,NASA POWER,https://power.larc.nasa.gov/,WS2M - Wind Speed at 2 m (m/s),SOA ITER neighbouring area (representative point),2026-03-01 to 2026-05-31
2026,4,2,6,3.81,NASA POWER,https://power.larc.nasa.gov/,WS2M - Wind Speed at 2 m (m/s),SOA ITER neighbouring area (representative point),2026-03-01 to 2026-05-31
2026,4,2,7,4.87,NASA POWER,https://power.larc.nasa.gov/,WS2M - Wind Speed at 2 m (m/s),SOA ITER neighbouring area (representative point),2026-03-01 to 2026-05-31
2026,4,2,8,5.16,NASA POWER,https://power.larc.nasa.gov/,WS2M - Wind Speed at 2 m (m/s),SOA ITER neighbouring area (representative point),2026-03-01 to 2026-05-31
2026,4,2,9,4.93,NASA POWER,https://power.larc.nasa.gov/,WS2M - Wind Speed at 2 m (m/s),SOA ITER neighbouring area (representative point),2026-03-01 to 2026-05-31
2026,4,2,10,4.4,NASA POWER,https://power.larc.nasa.gov/,WS2M - Wind Speed at 2 m (m/s),SOA ITER neighbouring area (representative point),2026-03-01 to 2026-05-31
2026,4,2,11,3.92,NASA POWER,https://power.larc.nasa.gov/,WS2M - Wind Speed at 2 m (m/s),SOA ITER neighbouring area (representative point),2026-03-01 to 2026-05-31
2026,4,2,12,3.7,NASA POWER,https://power.larc.nasa.gov/,WS2M - Wind Speed at 2 m (m/s),SOA ITER neighbouring area (representative point),2026-03-01 to 2026-05-31
2026,4,2,13,3.77,NASA POWER,https://power.larc.nasa.gov/,WS2M - Wind Speed at 2 m (m/s),SOA ITER neighbouring area (representative point),2026-03-01 to 2026-05-31
2026,4,2,14,4.11,NASA POWER,https://power.larc.nasa.gov/,WS2M - Wind Speed at 2 m (m/s),SOA ITER neighbouring area (representative point),2026-03-01 to 2026-05-31
2026,4,2,15,4.52,NASA POWER,https://power.larc.nasa.gov/,WS2M - Wind Speed at 2 m (m/s),SOA ITER neighbouring area (representative point),2026-03-01 to 2026-05-31
2026,4,2,16,4.94,NASA POWER,https://power.larc.nasa.gov/,WS2M - Wind Speed at 2 m (m/s),SOA ITER neighbouring area (representative point),2026-03-01 to 2026-05-31
2026,4,2,17,5.34,NASA POWER,https://power.larc.nasa.gov/,WS2M - Wind Speed at 2 m (m/s),SOA ITER neighbouring area (representative point),2026-03-01 to 2026-05-31
2026,4,2,18,5.41,NASA POWER,https://power.larc.nasa.gov/,WS2M - Wind Speed at 2 m (m/s),SOA ITER neighbouring area (representative point),2026-03-01 to 2026-05-31
2026,4,2,19,5.37,NASA POWER,https://power.larc.nasa.gov/,WS2M - Wind Speed at 2 m (m/s),SOA ITER neighbouring area (representative point),2026-03-01 to 2026-05-31
2026,4,2,20,5.04,NASA POWER,https://power.larc.nasa.gov/,WS2M - Wind Speed at 2 m (m/s),SOA ITER neighbouring area (representative point),2026-03-01 to 2026-05-31
2026,4,2,21,4.56,NASA POWER,https://power.larc.nasa.gov/,WS2M - Wind Speed at 2 m (m/s),SOA ITER neighbouring area (representative point),2026-03-01 to 2026-05-31
2026,4,2,22,4.16,NASA POWER,https://power.larc.nasa.gov/,WS2M - Wind Speed at 2 m (m/s),SOA ITER neighbouring area (representative point),2026-03-01 to 2026-05-31
2026,4,2,23,3.89,NASA POWER,https://power.larc.nasa.gov/,WS2M - Wind Speed at 2 m (m/s),SOA ITER neighbouring area (representative point),2026-03-01 to 2026-05-31
2026,4,3,0,3.66,NASA POWER,https://power.larc.nasa.gov/,WS2M - Wind Speed at 2 m (m/s),SOA ITER neighbouring area (representative point),2026-03-01 to 2026-05-31
2026,4,3,1,3.52,NASA POWER,https://power.larc.nasa.gov/,WS2M - Wind Speed at 2 m (m/s),SOA ITER neighbouring area (representative point),2026-03-01 to 2026-05-31
2026,4,3,2,3.38,NASA POWER,https://power.larc.nasa.gov/,WS2M - Wind Speed at 2 m (m/s),SOA ITER neighbouring area (representative point),2026-03-01 to 2026-05-31
2026,4,3,3,3.45,NASA POWER,https://power.larc.nasa.gov/,WS2M - Wind Speed at 2 m (m/s),SOA ITER neighbouring area (representative point),2026-03-01 to 2026-05-31
2026,4,3,4,3.45,NASA POWER,https://power.larc.nasa.gov/,WS2M - Wind Speed at 2 m (m/s),SOA ITER neighbouring area (representative point),2026-03-01 to 2026-05-31
2026,4,3,5,3.49,NASA POWER,https://power.larc.nasa.gov/,WS2M - Wind Speed at 2 m (m/s),SOA ITER neighbouring area (representative point),2026-03-01 to 2026-05-31
2026,4,3,6,3.81,NASA POWER,https://power.larc.nasa.gov/,WS2M - Wind Speed at 2 m (m/s),SOA ITER neighbouring area (representative point),2026-03-01 to 2026-05-31
2026,4,3,7,4.67,NASA POWER,https://power.larc.nasa.gov/,WS2M - Wind Speed at 2 m (m/s),SOA ITER neighbouring area (representative point),2026-03-01 to 2026-05-31
2026,4,3,8,4.82,NASA POWER,https://power.larc.nasa.gov/,WS2M - Wind Speed at 2 m (m/s),SOA ITER neighbouring area (representative point),2026-03-01 to 2026-05-31
2026,4,3,9,4.31,NASA POWER,https://power.larc.nasa.gov/,WS2M - Wind Speed at 2 m (m/s),SOA ITER neighbouring area (representative point),2026-03-01 to 2026-05-31
2026,4,3,10,3.43,NASA POWER,https://power.larc.nasa.gov/,WS2M - Wind Speed at 2 m (m/s),SOA ITER neighbouring area (representative point),2026-03-01 to 2026-05-31
2026,4,3,11,2.8,NASA POWER,https://power.larc.nasa.gov/,WS2M - Wind Speed at 2 m (m/s),SOA ITER neighbouring area (representative point),2026-03-01 to 2026-05-31
2026,4,3,12,2.52,NASA POWER,https://power.larc.nasa.gov/,WS2M - Wind Speed at 2 m (m/s),SOA ITER neighbouring area (representative point),2026-03-01 to 2026-05-31
2026,4,3,13,2.57,NASA POWER,https://power.larc.nasa.gov/,WS2M - Wind Speed at 2 m (m/s),SOA ITER neighbouring area (representative point),2026-03-01 to 2026-05-31
2026,4,3,14,2.93,NASA POWER,https://power.larc.nasa.gov/,WS2M - Wind Speed at 2 m (m/s),SOA ITER neighbouring area (representative point),2026-03-01 to 2026-05-31
2026,4,3,15,3.5,NASA POWER,https://power.larc.nasa.gov/,WS2M - Wind Speed at 2 m (m/s),SOA ITER neighbouring area (representative point),2026-03-01 to 2026-05-31
2026,4,3,16,4.15,NASA POWER,https://power.larc.nasa.gov/,WS2M - Wind Speed at 2 m (m/s),SOA ITER neighbouring area (representative point),2026-03-01 to 2026-05-31
2026,4,3,17,4.93,NASA POWER,https://power.larc.nasa.gov/,WS2M - Wind Speed at 2 m (m/s),SOA ITER neighbouring area (representative point),2026-03-01 to 2026-05-31
2026,4,3,18,5.49,NASA POWER,https://power.larc.nasa.gov/,WS2M - Wind Speed at 2 m (m/s),SOA ITER neighbouring area (representative point),2026-03-01 to 2026-05-31
2026,4,3,19,5.65,NASA POWER,https://power.larc.nasa.gov/,WS2M - Wind Speed at 2 m (m/s),SOA ITER neighbouring area (representative point),2026-03-01 to 2026-05-31
2026,4,3,20,5.49,NASA POWER,https://power.larc.nasa.gov/,WS2M - Wind Speed at 2 m (m/s),SOA ITER neighbouring area (representative point),2026-03-01 to 2026-05-31
2026,4,3,21,5.29,NASA POWER,https://power.larc.nasa.gov/,WS2M - Wind Speed at 2 m (m/s),SOA ITER neighbouring area (representative point),2026-03-01 to 2026-05-31
2026,4,3,22,5.09,NASA POWER,https://power.larc.nasa.gov/,WS2M - Wind Speed at 2 m (m/s),SOA ITER neighbouring area (representative point),2026-03-01 to 2026-05-31
2026,4,3,23,4.76,NASA POWER,https://power.larc.nasa.gov/,WS2M - Wind Speed at 2 m (m/s),SOA ITER neighbouring area (representative point),2026-03-01 to 2026-05-31
2026,4,4,0,4.44,NASA POWER,https://power.larc.nasa.gov/,WS2M - Wind Speed at 2 m (m/s),SOA ITER neighbouring area (representative point),2026-03-01 to 2026-05-31
2026,4,4,1,4.14,NASA POWER,https://power.larc.nasa.gov/,WS2M - Wind Speed at 2 m (m/s),SOA ITER neighbouring area (representative point),2026-03-01 to 2026-05-31
2026,4,4,2,3.85,NASA POWER,https://power.larc.nasa.gov/,WS2M - Wind Speed at 2 m (m/s),SOA ITER neighbouring area (representative point),2026-03-01 to 2026-05-31
2026,4,4,3,3.64,NASA POWER,https://power.larc.nasa.gov/,WS2M - Wind Speed at 2 m (m/s),SOA ITER neighbouring area (representative point),2026-03-01 to 2026-05-31
2026,4,4,4,3.47,NASA POWER,https://power.larc.nasa.gov/,WS2M - Wind Speed at 2 m (m/s),SOA ITER neighbouring area (representative point),2026-03-01 to 2026-05-31
2026,4,4,5,3.23,NASA POWER,https://power.larc.nasa.gov/,WS2M - Wind Speed at 2 m (m/s),SOA ITER neighbouring area (representative point),2026-03-01 to 2026-05-31
2026,4,4,6,3.23,NASA POWER,https://power.larc.nasa.gov/,WS2M - Wind Speed at 2 m (m/s),SOA ITER neighbouring area (representative point),2026-03-01 to 2026-05-31
2026,4,4,7,3.73,NASA POWER,https://power.larc.nasa.gov/,WS2M - Wind Speed at 2 m (m/s),SOA ITER neighbouring area (representative point),2026-03-01 to 2026-05-31
2026,4,4,8,3.72,NASA POWER,https://power.larc.nasa.gov/,WS2M - Wind Speed at 2 m (m/s),SOA ITER neighbouring area (representative point),2026-03-01 to 2026-05-31
2026,4,4,9,3.53,NASA POWER,https://power.larc.nasa.gov/,WS2M - Wind Speed at 2 m (m/s),SOA ITER neighbouring area (representative point),2026-03-01 to 2026-05-31
2026,4,4,10,2.82,NASA POWER,https://power.larc.nasa.gov/,WS2M - Wind Speed at 2 m (m/s),SOA ITER neighbouring area (representative point),2026-03-01 to 2026-05-31
2026,4,4,11,2.27,NASA POWER,https://power.larc.nasa.gov/,WS2M - Wind Speed at 2 m (m/s),SOA ITER neighbouring area (representative point),2026-03-01 to 2026-05-31
2026,4,4,12,2.3,NASA POWER,https://power.larc.nasa.gov/,WS2M - Wind Speed at 2 m (m/s),SOA ITER neighbouring area (representative point),2026-03-01 to 2026-05-31
2026,4,4,13,2.8,NASA POWER,https://power.larc.nasa.gov/,WS2M - Wind Speed at 2 m (m/s),SOA ITER neighbouring area (representative point),2026-03-01 to 2026-05-31
2026,4,4,14,3.38,NASA POWER,https://power.larc.nasa.gov/,WS2M - Wind Speed at 2 m (m/s),SOA ITER neighbouring area (representative point),2026-03-01 to 2026-05-31
2026,4,4,15,3.74,NASA POWER,https://power.larc.nasa.gov/,WS2M - Wind Speed at 2 m (m/s),SOA ITER neighbouring area (representative point),2026-03-01 to 2026-05-31
2026,4,4,16,4.0,NASA POWER,https://power.larc.nasa.gov/,WS2M - Wind Speed at 2 m (m/s),SOA ITER neighbouring area (representative point),2026-03-01 to 2026-05-31
2026,4,4,17,4.39,NASA POWER,https://power.larc.nasa.gov/,WS2M - Wind Speed at 2 m (m/s),SOA ITER neighbouring area (representative point),2026-03-01 to 2026-05-31
2026,4,4,18,4.75,NASA POWER,https://power.larc.nasa.gov/,WS2M - Wind Speed at 2 m (m/s),SOA ITER neighbouring area (representative point),2026-03-01 to 2026-05-31
2026,4,4,19,5.04,NASA POWER,https://power.larc.nasa.gov/,WS2M - Wind Speed at 2 m (m/s),SOA ITER neighbouring area (representative point),2026-03-01 to 2026-05-31
2026,4,4,20,5.08,NASA POWER,https://power.larc.nasa.gov/,WS2M - Wind Speed at 2 m (m/s),SOA ITER neighbouring area (representative point),2026-03-01 to 2026-05-31
2026,4,4,21,5.05,NASA POWER,https://power.larc.nasa.gov/,WS2M - Wind Speed at 2 m (m/s),SOA ITER neighbouring area (representative point),2026-03-01 to 2026-05-31
2026,4,4,22,4.96,NASA POWER,https://power.larc.nasa.gov/,WS2M - Wind Speed at 2 m (m/s),SOA ITER neighbouring area (representative point),2026-03-01 to 2026-05-31
2026,4,4,23,5.01,NASA POWER,https://power.larc.nasa.gov/,WS2M - Wind Speed at 2 m (m/s),SOA ITER neighbouring area (representative point),2026-03-01 to 2026-05-31
2026,4,5,0,4.92,NASA POWER,https://power.larc.nasa.gov/,WS2M - Wind Speed at 2 m (m/s),SOA ITER neighbouring area (representative point),2026-03-01 to 2026-05-31
2026,4,5,1,4.69,NASA POWER,https://power.larc.nasa.gov/,WS2M - Wind Speed at 2 m (m/s),SOA ITER neighbouring area (representative point),2026-03-01 to 2026-05-31
2026,4,5,2,4.37,NASA POWER,https://power.larc.nasa.gov/,WS2M - Wind Speed at 2 m (m/s),SOA ITER neighbouring area (representative point),2026-03-01 to 2026-05-31
2026,4,5,3,4.38,NASA POWER,https://power.larc.nasa.gov/,WS2M - Wind Speed at 2 m (m/s),SOA ITER neighbouring area (representative point),2026-03-01 to 2026-05-31
2026,4,5,4,4.4,NASA POWER,https://power.larc.nasa.gov/,WS2M - Wind Speed at 2 m (m/s),SOA ITER neighbouring area (representative point),2026-03-01 to 2026-05-31
2026,4,5,5,4.11,NASA POWER,https://power.larc.nasa.gov/,WS2M - Wind Speed at 2 m (m/s),SOA ITER neighbouring area (representative point),2026-03-01 to 2026-05-31
2026,4,5,6,4.03,NASA POWER,https://power.larc.nasa.gov/,WS2M - Wind Speed at 2 m (m/s),SOA ITER neighbouring area (representative point),2026-03-01 to 2026-05-31
2026,4,5,7,4.39,NASA POWER,https://power.larc.nasa.gov/,WS2M - Wind Speed at 2 m (m/s),SOA ITER neighbouring area (representative point),2026-03-01 to 2026-05-31
2026,4,5,8,4.62,NASA POWER,https://power.larc.nasa.gov/,WS2M - Wind Speed at 2 m (m/s),SOA ITER neighbouring area (representative point),2026-03-01 to 2026-05-31
2026,4,5,9,5.38,NASA POWER,https://power.larc.nasa.gov/,WS2M - Wind Speed at 2 m (m/s),SOA ITER neighbouring area (representative point),2026-03-01 to 2026-05-31
2026,4,5,10,5.98,NASA POWER,https://power.larc.nasa.gov/,WS2M - Wind Speed at 2 m (m/s),SOA ITER neighbouring area (representative point),2026-03-01 to 2026-05-31
2026,4,5,11,5.81,NASA POWER,https://power.larc.nasa.gov/,WS2M - Wind Speed at 2 m (m/s),SOA ITER neighbouring area (representative point),2026-03-01 to 2026-05-31
2026,4,5,12,5.26,NASA POWER,https://power.larc.nasa.gov/,WS2M - Wind Speed at 2 m (m/s),SOA ITER neighbouring area (representative point),2026-03-01 to 2026-05-31
2026,4,5,13,4.93,NASA POWER,https://power.larc.nasa.gov/,WS2M - Wind Speed at 2 m (m/s),SOA ITER neighbouring area (representative point),2026-03-01 to 2026-05-31
2026,4,5,14,4.86,NASA POWER,https://power.larc.nasa.gov/,WS2M - Wind Speed at 2 m (m/s),SOA ITER neighbouring area (representative point),2026-03-01 to 2026-05-31
2026,4,5,15,4.45,NASA POWER,https://power.larc.nasa.gov/,WS2M - Wind Speed at 2 m (m/s),SOA ITER neighbouring area (representative point),2026-03-01 to 2026-05-31
2026,4,5,16,3.76,NASA POWER,https://power.larc.nasa.gov/,WS2M - Wind Speed at 2 m (m/s),SOA ITER neighbouring area (representative point),2026-03-01 to 2026-05-31
2026,4,5,17,2.94,NASA POWER,https://power.larc.nasa.gov/,WS2M - Wind Speed at 2 m (m/s),SOA ITER neighbouring area (representative point),2026-03-01 to 2026-05-31
2026,4,5,18,1.87,NASA POWER,https://power.larc.nasa.gov/,WS2M - Wind Speed at 2 m (m/s),SOA ITER neighbouring area (representative point),2026-03-01 to 2026-05-31
2026,4,5,19,1.32,NASA POWER,https://power.larc.nasa.gov/,WS2M - Wind Speed at 2 m (m/s),SOA ITER neighbouring area (representative point),2026-03-01 to 2026-05-31
2026,4,5,20,1.4,NASA POWER,https://power.larc.nasa.gov/,WS2M - Wind Speed at 2 m (m/s),SOA ITER neighbouring area (representative point),2026-03-01 to 2026-05-31
2026,4,5,21,1.7,NASA POWER,https://power.larc.nasa.gov/,WS2M - Wind Speed at 2 m (m/s),SOA ITER neighbouring area (representative point),2026-03-01 to 2026-05-31
2026,4,5,22,1.87,NASA POWER,https://power.larc.nasa.gov/,WS2M - Wind Speed at 2 m (m/s),SOA ITER neighbouring area (representative point),2026-03-01 to 2026-05-31
2026,4,5,23,1.92,NASA POWER,https://power.larc.nasa.gov/,WS2M - Wind Speed at 2 m (m/s),SOA ITER neighbouring area (representative point),2026-03-01 to 2026-05-31
2026,4,6,0,1.66,NASA POWER,https://power.larc.nasa.gov/,WS2M - Wind Speed at 2 m (m/s),SOA ITER neighbouring area (representative point),2026-03-01 to 2026-05-31
2026,4,6,1,1.24,NASA POWER,https://power.larc.nasa.gov/,WS2M - Wind Speed at 2 m (m/s),SOA ITER neighbouring area (representative point),2026-03-01 to 2026-05-31
2026,4,6,2,1.03,NASA POWER,https://power.larc.nasa.gov/,WS2M - Wind Speed at 2 m (m/s),SOA ITER neighbouring area (representative point),2026-03-01 to 2026-05-31
2026,4,6,3,0.98,NASA POWER,https://power.larc.nasa.gov/,WS2M - Wind Speed at 2 m (m/s),SOA ITER neighbouring area (representative point),2026-03-01 to 2026-05-31
2026,4,6,4,0.88,NASA POWER,https://power.larc.nasa.gov/,WS2M - Wind Speed at 2 m (m/s),SOA ITER neighbouring area (representative point),2026-03-01 to 2026-05-31
2026,4,6,5,0.68,NASA POWER,https://power.larc.nasa.gov/,WS2M - Wind Speed at 2 m (m/s),SOA ITER neighbouring area (representative point),2026-03-01 to 2026-05-31
2026,4,6,6,0.78,NASA POWER,https://power.larc.nasa.gov/,WS2M - Wind Speed at 2 m (m/s),SOA ITER neighbouring area (representative point),2026-03-01 to 2026-05-31
2026,4,6,7,1.44,NASA POWER,https://power.larc.nasa.gov/,WS2M - Wind Speed at 2 m (m/s),SOA ITER neighbouring area (representative point),2026-03-01 to 2026-05-31
2026,4,6,8,2.11,NASA POWER,https://power.larc.nasa.gov/,WS2M - Wind Speed at 2 m (m/s),SOA ITER neighbouring area (representative point),2026-03-01 to 2026-05-31
2026,4,6,9,2.3,NASA POWER,https://power.larc.nasa.gov/,WS2M - Wind Speed at 2 m (m/s),SOA ITER neighbouring area (representative point),2026-03-01 to 2026-05-31
2026,4,6,10,2.41,NASA POWER,https://power.larc.nasa.gov/,WS2M - Wind Speed at 2 m (m/s),SOA ITER neighbouring area (representative point),2026-03-01 to 2026-05-31
2026,4,6,11,2.53,NASA POWER,https://power.larc.nasa.gov/,WS2M - Wind Speed at 2 m (m/s),SOA ITER neighbouring area (representative point),2026-03-01 to 2026-05-31
2026,4,6,12,2.66,NASA POWER,https://power.larc.nasa.gov/,WS2M - Wind Speed at 2 m (m/s),SOA ITER neighbouring area (representative point),2026-03-01 to 2026-05-31
2026,4,6,13,2.84,NASA POWER,https://power.larc.nasa.gov/,WS2M - Wind Speed at 2 m (m/s),SOA ITER neighbouring area (representative point),2026-03-01 to 2026-05-31
2026,4,6,14,3.09,NASA POWER,https://power.larc.nasa.gov/,WS2M - Wind Speed at 2 m (m/s),SOA ITER neighbouring area (representative point),2026-03-01 to 2026-05-31
2026,4,6,15,3.44,NASA POWER,https://power.larc.nasa.gov/,WS2M - Wind Speed at 2 m (m/s),SOA ITER neighbouring area (representative point),2026-03-01 to 2026-05-31
2026,4,6,16,3.88,NASA POWER,https://power.larc.nasa.gov/,WS2M - Wind Speed at 2 m (m/s),SOA ITER neighbouring area (representative point),2026-03-01 to 2026-05-31
2026,4,6,17,4.24,NASA POWER,https://power.larc.nasa.gov/,WS2M - Wind Speed at 2 m (m/s),SOA ITER neighbouring area (representative point),2026-03-01 to 2026-05-31
2026,4,6,18,4.29,NASA POWER,https://power.larc.nasa.gov/,WS2M - Wind Speed at 2 m (m/s),SOA ITER neighbouring area (representative point),2026-03-01 to 2026-05-31
2026,4,6,19,4.5,NASA POWER,https://power.larc.nasa.gov/,WS2M - Wind Speed at 2 m (m/s),SOA ITER neighbouring area (representative point),2026-03-01 to 2026-05-31
2026,4,6,20,4.54,NASA POWER,https://power.larc.nasa.gov/,WS2M - Wind Speed at 2 m (m/s),SOA ITER neighbouring area (representative point),2026-03-01 to 2026-05-31
2026,4,6,21,4.61,NASA POWER,https://power.larc.nasa.gov/,WS2M - Wind Speed at 2 m (m/s),SOA ITER neighbouring area (representative point),2026-03-01 to 2026-05-31
2026,4,6,22,4.57,NASA POWER,https://power.larc.nasa.gov/,WS2M - Wind Speed at 2 m (m/s),SOA ITER neighbouring area (representative point),2026-03-01 to 2026-05-31
2026,4,6,23,4.55,NASA POWER,https://power.larc.nasa.gov/,WS2M - Wind Speed at 2 m (m/s),SOA ITER neighbouring area (representative point),2026-03-01 to 2026-05-31
2026,4,7,0,4.55,NASA POWER,https://power.larc.nasa.gov/,WS2M - Wind Speed at 2 m (m/s),SOA ITER neighbouring area (representative point),2026-03-01 to 2026-05-31
2026,4,7,1,4.44,NASA POWER,https://power.larc.nasa.gov/,WS2M - Wind Speed at 2 m (m/s),SOA ITER neighbouring area (representative point),2026-03-01 to 2026-05-31
2026,4,7,2,4.21,NASA POWER,https://power.larc.nasa.gov/,WS2M - Wind Speed at 2 m (m/s),SOA ITER neighbouring area (representative point),2026-03-01 to 2026-05-31
2026,4,7,3,3.73,NASA POWER,https://power.larc.nasa.gov/,WS2M - Wind Speed at 2 m (m/s),SOA ITER neighbouring area (representative point),2026-03-01 to 2026-05-31
2026,4,7,4,3.16,NASA POWER,https://power.larc.nasa.gov/,WS2M - Wind Speed at 2 m (m/s),SOA ITER neighbouring area (representative point),2026-03-01 to 2026-05-31
2026,4,7,5,2.74,NASA POWER,https://power.larc.nasa.gov/,WS2M - Wind Speed at 2 m (m/s),SOA ITER neighbouring area (representative point),2026-03-01 to 2026-05-31
2026,4,7,6,2.9,NASA POWER,https://power.larc.nasa.gov/,WS2M - Wind Speed at 2 m (m/s),SOA ITER neighbouring area (representative point),2026-03-01 to 2026-05-31
2026,4,7,7,3.63,NASA POWER,https://power.larc.nasa.gov/,WS2M - Wind Speed at 2 m (m/s),SOA ITER neighbouring area (representative point),2026-03-01 to 2026-05-31
2026,4,7,8,3.8,NASA POWER,https://power.larc.nasa.gov/,WS2M - Wind Speed at 2 m (m/s),SOA ITER neighbouring area (representative point),2026-03-01 to 2026-05-31
2026,4,7,9,3.81,NASA POWER,https://power.larc.nasa.gov/,WS2M - Wind Speed at 2 m (m/s),SOA ITER neighbouring area (representative point),2026-03-01 to 2026-05-31
2026,4,7,10,3.79,NASA POWER,https://power.larc.nasa.gov/,WS2M - Wind Speed at 2 m (m/s),SOA ITER neighbouring area (representative point),2026-03-01 to 2026-05-31
2026,4,7,11,3.78,NASA POWER,https://power.larc.nasa.gov/,WS2M - Wind Speed at 2 m (m/s),SOA ITER neighbouring area (representative point),2026-03-01 to 2026-05-31
2026,4,7,12,3.87,NASA POWER,https://power.larc.nasa.gov/,WS2M - Wind Speed at 2 m (m/s),SOA ITER neighbouring area (representative point),2026-03-01 to 2026-05-31
2026,4,7,13,4.07,NASA POWER,https://power.larc.nasa.gov/,WS2M - Wind Speed at 2 m (m/s),SOA ITER neighbouring area (representative point),2026-03-01 to 2026-05-31
2026,4,7,14,4.37,NASA POWER,https://power.larc.nasa.gov/,WS2M - Wind Speed at 2 m (m/s),SOA ITER neighbouring area (representative point),2026-03-01 to 2026-05-31
2026,4,7,15,4.88,NASA POWER,https://power.larc.nasa.gov/,WS2M - Wind Speed at 2 m (m/s),SOA ITER neighbouring area (representative point),2026-03-01 to 2026-05-31
2026,4,7,16,5.44,NASA POWER,https://power.larc.nasa.gov/,WS2M - Wind Speed at 2 m (m/s),SOA ITER neighbouring area (representative point),2026-03-01 to 2026-05-31
2026,4,7,17,5.77,NASA POWER,https://power.larc.nasa.gov/,WS2M - Wind Speed at 2 m (m/s),SOA ITER neighbouring area (representative point),2026-03-01 to 2026-05-31
2026,4,7,18,5.65,NASA POWER,https://power.larc.nasa.gov/,WS2M - Wind Speed at 2 m (m/s),SOA ITER neighbouring area (representative point),2026-03-01 to 2026-05-31
2026,4,7,19,5.42,NASA POWER,https://power.larc.nasa.gov/,WS2M - Wind Speed at 2 m (m/s),SOA ITER neighbouring area (representative point),2026-03-01 to 2026-05-31
2026,4,7,20,5.28,NASA POWER,https://power.larc.nasa.gov/,WS2M - Wind Speed at 2 m (m/s),SOA ITER neighbouring area (representative point),2026-03-01 to 2026-05-31
2026,4,7,21,5.1,NASA POWER,https://power.larc.nasa.gov/,WS2M - Wind Speed at 2 m (m/s),SOA ITER neighbouring area (representative point),2026-03-01 to 2026-05-31
2026,4,7,22,4.96,NASA POWER,https://power.larc.nasa.gov/,WS2M - Wind Speed at 2 m (m/s),SOA ITER neighbouring area (representative point),2026-03-01 to 2026-05-31
2026,4,7,23,4.86,NASA POWER,https://power.larc.nasa.gov/,WS2M - Wind Speed at 2 m (m/s),SOA ITER neighbouring area (representative point),2026-03-01 to 2026-05-31
2026,4,8,0,4.68,NASA POWER,https://power.larc.nasa.gov/,WS2M - Wind Speed at 2 m (m/s),SOA ITER neighbouring area (representative point),2026-03-01 to 2026-05-31
2026,4,8,1,4.51,NASA POWER,https://power.larc.nasa.gov/,WS2M - Wind Speed at 2 m (m/s),SOA ITER neighbouring area (representative point),2026-03-01 to 2026-05-31
2026,4,8,2,4.39,NASA POWER,https://power.larc.nasa.gov/,WS2M - Wind Speed at 2 m (m/s),SOA ITER neighbouring area (representative point),2026-03-01 to 2026-05-31
2026,4,8,3,4.33,NASA POWER,https://power.larc.nasa.gov/,WS2M - Wind Speed at 2 m (m/s),SOA ITER neighbouring area (representative point),2026-03-01 to 2026-05-31
2026,4,8,4,4.3,NASA POWER,https://power.larc.nasa.gov/,WS2M - Wind Speed at 2 m (m/s),SOA ITER neighbouring area (representative point),2026-03-01 to 2026-05-31
2026,4,8,5,4.27,NASA POWER,https://power.larc.nasa.gov/,WS2M - Wind Speed at 2 m (m/s),SOA ITER neighbouring area (representative point),2026-03-01 to 2026-05-31
2026,4,8,6,4.55,NASA POWER,https://power.larc.nasa.gov/,WS2M - Wind Speed at 2 m (m/s),SOA ITER neighbouring area (representative point),2026-03-01 to 2026-05-31
2026,4,8,7,5.42,NASA POWER,https://power.larc.nasa.gov/,WS2M - Wind Speed at 2 m (m/s),SOA ITER neighbouring area (representative point),2026-03-01 to 2026-05-31
2026,4,8,8,5.82,NASA POWER,https://power.larc.nasa.gov/,WS2M - Wind Speed at 2 m (m/s),SOA ITER neighbouring area (representative point),2026-03-01 to 2026-05-31
2026,4,8,9,5.71,NASA POWER,https://power.larc.nasa.gov/,WS2M - Wind Speed at 2 m (m/s),SOA ITER neighbouring area (representative point),2026-03-01 to 2026-05-31
2026,4,8,10,5.35,NASA POWER,https://power.larc.nasa.gov/,WS2M - Wind Speed at 2 m (m/s),SOA ITER neighbouring area (representative point),2026-03-01 to 2026-05-31
2026,4,8,11,4.93,NASA POWER,https://power.larc.nasa.gov/,WS2M - Wind Speed at 2 m (m/s),SOA ITER neighbouring area (representative point),2026-03-01 to 2026-05-31
2026,4,8,12,4.72,NASA POWER,https://power.larc.nasa.gov/,WS2M - Wind Speed at 2 m (m/s),SOA ITER neighbouring area (representative point),2026-03-01 to 2026-05-31
2026,4,8,13,4.82,NASA POWER,https://power.larc.nasa.gov/,WS2M - Wind Speed at 2 m (m/s),SOA ITER neighbouring area (representative point),2026-03-01 to 2026-05-31
2026,4,8,14,5.16,NASA POWER,https://power.larc.nasa.gov/,WS2M - Wind Speed at 2 m (m/s),SOA ITER neighbouring area (representative point),2026-03-01 to 2026-05-31
2026,4,8,15,5.59,NASA POWER,https://power.larc.nasa.gov/,WS2M - Wind Speed at 2 m (m/s),SOA ITER neighbouring area (representative point),2026-03-01 to 2026-05-31
2026,4,8,16,6.03,NASA POWER,https://power.larc.nasa.gov/,WS2M - Wind Speed at 2 m (m/s),SOA ITER neighbouring area (representative point),2026-03-01 to 2026-05-31
2026,4,8,17,6.25,NASA POWER,https://power.larc.nasa.gov/,WS2M - Wind Speed at 2 m (m/s),SOA ITER neighbouring area (representative point),2026-03-01 to 2026-05-31
2026,4,8,18,5.87,NASA POWER,https://power.larc.nasa.gov/,WS2M - Wind Speed at 2 m (m/s),SOA ITER neighbouring area (representative point),2026-03-01 to 2026-05-31
2026,4,8,19,5.34,NASA POWER,https://power.larc.nasa.gov/,WS2M - Wind Speed at 2 m (m/s),SOA ITER neighbouring area (representative point),2026-03-01 to 2026-05-31
2026,4,8,20,4.9,NASA POWER,https://power.larc.nasa.gov/,WS2M - Wind Speed at 2 m (m/s),SOA ITER neighbouring area (representative point),2026-03-01 to 2026-05-31
2026,4,8,21,4.48,NASA POWER,https://power.larc.nasa.gov/,WS2M - Wind Speed at 2 m (m/s),SOA ITER neighbouring area (representative point),2026-03-01 to 2026-05-31
2026,4,8,22,4.24,NASA POWER,https://power.larc.nasa.gov/,WS2M - Wind Speed at 2 m (m/s),SOA ITER neighbouring area (representative point),2026-03-01 to 2026-05-31
2026,4,8,23,4.27,NASA POWER,https://power.larc.nasa.gov/,WS2M - Wind Speed at 2 m (m/s),SOA ITER neighbouring area (representative point),2026-03-01 to 2026-05-31
2026,4,9,0,4.33,NASA POWER,https://power.larc.nasa.gov/,WS2M - Wind Speed at 2 m (m/s),SOA ITER neighbouring area (representative point),2026-03-01 to 2026-05-31
2026,4,9,1,4.32,NASA POWER,https://power.larc.nasa.gov/,WS2M - Wind Speed at 2 m (m/s),SOA ITER neighbouring area (representative point),2026-03-01 to 2026-05-31
2026,4,9,2,4.23,NASA POWER,https://power.larc.nasa.gov/,WS2M - Wind Speed at 2 m (m/s),SOA ITER neighbouring area (representative point),2026-03-01 to 2026-05-31
2026,4,9,3,4.07,NASA POWER,https://power.larc.nasa.gov/,WS2M - Wind Speed at 2 m (m/s),SOA ITER neighbouring area (representative point),2026-03-01 to 2026-05-31
2026,4,9,4,3.93,NASA POWER,https://power.larc.nasa.gov/,WS2M - Wind Speed at 2 m (m/s),SOA ITER neighbouring area (representative point),2026-03-01 to 2026-05-31
2026,4,9,5,3.72,NASA POWER,https://power.larc.nasa.gov/,WS2M - Wind Speed at 2 m (m/s),SOA ITER neighbouring area (representative point),2026-03-01 to 2026-05-31
2026,4,9,6,3.87,NASA POWER,https://power.larc.nasa.gov/,WS2M - Wind Speed at 2 m (m/s),SOA ITER neighbouring area (representative point),2026-03-01 to 2026-05-31
2026,4,9,7,4.69,NASA POWER,https://power.larc.nasa.gov/,WS2M - Wind Speed at 2 m (m/s),SOA ITER neighbouring area (representative point),2026-03-01 to 2026-05-31
2026,4,9,8,4.92,NASA POWER,https://power.larc.nasa.gov/,WS2M - Wind Speed at 2 m (m/s),SOA ITER neighbouring area (representative point),2026-03-01 to 2026-05-31
2026,4,9,9,4.86,NASA POWER,https://power.larc.nasa.gov/,WS2M - Wind Speed at 2 m (m/s),SOA ITER neighbouring area (representative point),2026-03-01 to 2026-05-31
2026,4,9,10,4.63,NASA POWER,https://power.larc.nasa.gov/,WS2M - Wind Speed at 2 m (m/s),SOA ITER neighbouring area (representative point),2026-03-01 to 2026-05-31
2026,4,9,11,4.16,NASA POWER,https://power.larc.nasa.gov/,WS2M - Wind Speed at 2 m (m/s),SOA ITER neighbouring area (representative point),2026-03-01 to 2026-05-31
2026,4,9,12,3.44,NASA POWER,https://power.larc.nasa.gov/,WS2M - Wind Speed at 2 m (m/s),SOA ITER neighbouring area (representative point),2026-03-01 to 2026-05-31
2026,4,9,13,2.74,NASA POWER,https://power.larc.nasa.gov/,WS2M - Wind Speed at 2 m (m/s),SOA ITER neighbouring area (representative point),2026-03-01 to 2026-05-31
2026,4,9,14,2.15,NASA POWER,https://power.larc.nasa.gov/,WS2M - Wind Speed at 2 m (m/s),SOA ITER neighbouring area (representative point),2026-03-01 to 2026-05-31
2026,4,9,15,1.57,NASA POWER,https://power.larc.nasa.gov/,WS2M - Wind Speed at 2 m (m/s),SOA ITER neighbouring area (representative point),2026-03-01 to 2026-05-31
2026,4,9,16,1.59,NASA POWER,https://power.larc.nasa.gov/,WS2M - Wind Speed at 2 m (m/s),SOA ITER neighbouring area (representative point),2026-03-01 to 2026-05-31
2026,4,9,17,2.34,NASA POWER,https://power.larc.nasa.gov/,WS2M - Wind Speed at 2 m (m/s),SOA ITER neighbouring area (representative point),2026-03-01 to 2026-05-31
2026,4,9,18,2.84,NASA POWER,https://power.larc.nasa.gov/,WS2M - Wind Speed at 2 m (m/s),SOA ITER neighbouring area (representative point),2026-03-01 to 2026-05-31
2026,4,9,19,3.1,NASA POWER,https://power.larc.nasa.gov/,WS2M - Wind Speed at 2 m (m/s),SOA ITER neighbouring area (representative point),2026-03-01 to 2026-05-31
2026,4,9,20,3.26,NASA POWER,https://power.larc.nasa.gov/,WS2M - Wind Speed at 2 m (m/s),SOA ITER neighbouring area (representative point),2026-03-01 to 2026-05-31
2026,4,9,21,3.12,NASA POWER,https://power.larc.nasa.gov/,WS2M - Wind Speed at 2 m (m/s),SOA ITER neighbouring area (representative point),2026-03-01 to 2026-05-31
2026,4,9,22,2.71,NASA POWER,https://power.larc.nasa.gov/,WS2M - Wind Speed at 2 m (m/s),SOA ITER neighbouring area (representative point),2026-03-01 to 2026-05-31
2026,4,9,23,2.17,NASA POWER,https://power.larc.nasa.gov/,WS2M - Wind Speed at 2 m (m/s),SOA ITER neighbouring area (representative point),2026-03-01 to 2026-05-31
2026,4,10,0,1.81,NASA POWER,https://power.larc.nasa.gov/,WS2M - Wind Speed at 2 m (m/s),SOA ITER neighbouring area (representative point),2026-03-01 to 2026-05-31
2026,4,10,1,1.53,NASA POWER,https://power.larc.nasa.gov/,WS2M - Wind Speed at 2 m (m/s),SOA ITER neighbouring area (representative point),2026-03-01 to 2026-05-31
2026,4,10,2,1.24,NASA POWER,https://power.larc.nasa.gov/,WS2M - Wind Speed at 2 m (m/s),SOA ITER neighbouring area (representative point),2026-03-01 to 2026-05-31
2026,4,10,3,0.96,NASA POWER,https://power.larc.nasa.gov/,WS2M - Wind Speed at 2 m (m/s),SOA ITER neighbouring area (representative point),2026-03-01 to 2026-05-31
2026,4,10,4,0.78,NASA POWER,https://power.larc.nasa.gov/,WS2M - Wind Speed at 2 m (m/s),SOA ITER neighbouring area (representative point),2026-03-01 to 2026-05-31
2026,4,10,5,1.03,NASA POWER,https://power.larc.nasa.gov/,WS2M - Wind Speed at 2 m (m/s),SOA ITER neighbouring area (representative point),2026-03-01 to 2026-05-31
2026,4,10,6,1.88,NASA POWER,https://power.larc.nasa.gov/,WS2M - Wind Speed at 2 m (m/s),SOA ITER neighbouring area (representative point),2026-03-01 to 2026-05-31
2026,4,10,7,2.66,NASA POWER,https://power.larc.nasa.gov/,WS2M - Wind Speed at 2 m (m/s),SOA ITER neighbouring area (representative point),2026-03-01 to 2026-05-31
2026,4,10,8,2.89,NASA POWER,https://power.larc.nasa.gov/,WS2M - Wind Speed at 2 m (m/s),SOA ITER neighbouring area (representative point),2026-03-01 to 2026-05-31
2026,4,10,9,2.63,NASA POWER,https://power.larc.nasa.gov/,WS2M - Wind Speed at 2 m (m/s),SOA ITER neighbouring area (representative point),2026-03-01 to 2026-05-31
2026,4,10,10,2.04,NASA POWER,https://power.larc.nasa.gov/,WS2M - Wind Speed at 2 m (m/s),SOA ITER neighbouring area (representative point),2026-03-01 to 2026-05-31
2026,4,10,11,1.49,NASA POWER,https://power.larc.nasa.gov/,WS2M - Wind Speed at 2 m (m/s),SOA ITER neighbouring area (representative point),2026-03-01 to 2026-05-31
2026,4,10,12,0.96,NASA POWER,https://power.larc.nasa.gov/,WS2M - Wind Speed at 2 m (m/s),SOA ITER neighbouring area (representative point),2026-03-01 to 2026-05-31
2026,4,10,13,0.54,NASA POWER,https://power.larc.nasa.gov/,WS2M - Wind Speed at 2 m (m/s),SOA ITER neighbouring area (representative point),2026-03-01 to 2026-05-31
2026,4,10,14,0.42,NASA POWER,https://power.larc.nasa.gov/,WS2M - Wind Speed at 2 m (m/s),SOA ITER neighbouring area (representative point),2026-03-01 to 2026-05-31
2026,4,10,15,0.7,NASA POWER,https://power.larc.nasa.gov/,WS2M - Wind Speed at 2 m (m/s),SOA ITER neighbouring area (representative point),2026-03-01 to 2026-05-31
2026,4,10,16,1.45,NASA POWER,https://power.larc.nasa.gov/,WS2M - Wind Speed at 2 m (m/s),SOA ITER neighbouring area (representative point),2026-03-01 to 2026-05-31
2026,4,10,17,2.45,NASA POWER,https://power.larc.nasa.gov/,WS2M - Wind Speed at 2 m (m/s),SOA ITER neighbouring area (representative point),2026-03-01 to 2026-05-31
2026,4,10,18,3.53,NASA POWER,https://power.larc.nasa.gov/,WS2M - Wind Speed at 2 m (m/s),SOA ITER neighbouring area (representative point),2026-03-01 to 2026-05-31
2026,4,10,19,4.75,NASA POWER,https://power.larc.nasa.gov/,WS2M - Wind Speed at 2 m (m/s),SOA ITER neighbouring area (representative point),2026-03-01 to 2026-05-31
2026,4,10,20,5.16,NASA POWER,https://power.larc.nasa.gov/,WS2M - Wind Speed at 2 m (m/s),SOA ITER neighbouring area (representative point),2026-03-01 to 2026-05-31
2026,4,10,21,4.65,NASA POWER,https://power.larc.nasa.gov/,WS2M - Wind Speed at 2 m (m/s),SOA ITER neighbouring area (representative point),2026-03-01 to 2026-05-31
2026,4,10,22,4.04,NASA POWER,https://power.larc.nasa.gov/,WS2M - Wind Speed at 2 m (m/s),SOA ITER neighbouring area (representative point),2026-03-01 to 2026-05-31
2026,4,10,23,3.55,NASA POWER,https://power.larc.nasa.gov/,WS2M - Wind Speed at 2 m (m/s),SOA ITER neighbouring area (representative point),2026-03-01 to 2026-05-31
2026,4,11,0,3.07,NASA POWER,https://power.larc.nasa.gov/,WS2M - Wind Speed at 2 m (m/s),SOA ITER neighbouring area (representative point),2026-03-01 to 2026-05-31
2026,4,11,1,2.63,NASA POWER,https://power.larc.nasa.gov/,WS2M - Wind Speed at 2 m (m/s),SOA ITER neighbouring area (representative point),2026-03-01 to 2026-05-31
2026,4,11,2,2.35,NASA POWER,https://power.larc.nasa.gov/,WS2M - Wind Speed at 2 m (m/s),SOA ITER neighbouring area (representative point),2026-03-01 to 2026-05-31
2026,4,11,3,2.25,NASA POWER,https://power.larc.nasa.gov/,WS2M - Wind Speed at 2 m (m/s),SOA ITER neighbouring area (representative point),2026-03-01 to 2026-05-31
2026,4,11,4,2.23,NASA POWER,https://power.larc.nasa.gov/,WS2M - Wind Speed at 2 m (m/s),SOA ITER neighbouring area (representative point),2026-03-01 to 2026-05-31
2026,4,11,5,2.19,NASA POWER,https://power.larc.nasa.gov/,WS2M - Wind Speed at 2 m (m/s),SOA ITER neighbouring area (representative point),2026-03-01 to 2026-05-31
2026,4,11,6,2.55,NASA POWER,https://power.larc.nasa.gov/,WS2M - Wind Speed at 2 m (m/s),SOA ITER neighbouring area (representative point),2026-03-01 to 2026-05-31
2026,4,11,7,3.31,NASA POWER,https://power.larc.nasa.gov/,WS2M - Wind Speed at 2 m (m/s),SOA ITER neighbouring area (representative point),2026-03-01 to 2026-05-31
2026,4,11,8,3.36,NASA POWER,https://power.larc.nasa.gov/,WS2M - Wind Speed at 2 m (m/s),SOA ITER neighbouring area (representative point),2026-03-01 to 2026-05-31
2026,4,11,9,2.84,NASA POWER,https://power.larc.nasa.gov/,WS2M - Wind Speed at 2 m (m/s),SOA ITER neighbouring area (representative point),2026-03-01 to 2026-05-31
2026,4,11,10,2.29,NASA POWER,https://power.larc.nasa.gov/,WS2M - Wind Speed at 2 m (m/s),SOA ITER neighbouring area (representative point),2026-03-01 to 2026-05-31
2026,4,11,11,1.86,NASA POWER,https://power.larc.nasa.gov/,WS2M - Wind Speed at 2 m (m/s),SOA ITER neighbouring area (representative point),2026-03-01 to 2026-05-31
2026,4,11,12,1.45,NASA POWER,https://power.larc.nasa.gov/,WS2M - Wind Speed at 2 m (m/s),SOA ITER neighbouring area (representative point),2026-03-01 to 2026-05-31
2026,4,11,13,1.02,NASA POWER,https://power.larc.nasa.gov/,WS2M - Wind Speed at 2 m (m/s),SOA ITER neighbouring area (representative point),2026-03-01 to 2026-05-31
2026,4,11,14,0.58,NASA POWER,https://power.larc.nasa.gov/,WS2M - Wind Speed at 2 m (m/s),SOA ITER neighbouring area (representative point),2026-03-01 to 2026-05-31
2026,4,11,15,0.33,NASA POWER,https://power.larc.nasa.gov/,WS2M - Wind Speed at 2 m (m/s),SOA ITER neighbouring area (representative point),2026-03-01 to 2026-05-31
2026,4,11,16,0.62,NASA POWER,https://power.larc.nasa.gov/,WS2M - Wind Speed at 2 m (m/s),SOA ITER neighbouring area (representative point),2026-03-01 to 2026-05-31
2026,4,11,17,1.46,NASA POWER,https://power.larc.nasa.gov/,WS2M - Wind Speed at 2 m (m/s),SOA ITER neighbouring area (representative point),2026-03-01 to 2026-05-31
2026,4,11,18,2.59,NASA POWER,https://power.larc.nasa.gov/,WS2M - Wind Speed at 2 m (m/s),SOA ITER neighbouring area (representative point),2026-03-01 to 2026-05-31
2026,4,11,19,3.41,NASA POWER,https://power.larc.nasa.gov/,WS2M - Wind Speed at 2 m (m/s),SOA ITER neighbouring area (representative point),2026-03-01 to 2026-05-31
2026,4,11,20,3.79,NASA POWER,https://power.larc.nasa.gov/,WS2M - Wind Speed at 2 m (m/s),SOA ITER neighbouring area (representative point),2026-03-01 to 2026-05-31
2026,4,11,21,4.02,NASA POWER,https://power.larc.nasa.gov/,WS2M - Wind Speed at 2 m (m/s),SOA ITER neighbouring area (representative point),2026-03-01 to 2026-05-31
2026,4,11,22,4.1,NASA POWER,https://power.larc.nasa.gov/,WS2M - Wind Speed at 2 m (m/s),SOA ITER neighbouring area (representative point),2026-03-01 to 2026-05-31
2026,4,11,23,4.01,NASA POWER,https://power.larc.nasa.gov/,WS2M - Wind Speed at 2 m (m/s),SOA ITER neighbouring area (representative point),2026-03-01 to 2026-05-31
2026,4,12,0,3.7,NASA POWER,https://power.larc.nasa.gov/,WS2M - Wind Speed at 2 m (m/s),SOA ITER neighbouring area (representative point),2026-03-01 to 2026-05-31
2026,4,12,1,3.3,NASA POWER,https://power.larc.nasa.gov/,WS2M - Wind Speed at 2 m (m/s),SOA ITER neighbouring area (representative point),2026-03-01 to 2026-05-31
2026,4,12,2,2.85,NASA POWER,https://power.larc.nasa.gov/,WS2M - Wind Speed at 2 m (m/s),SOA ITER neighbouring area (representative point),2026-03-01 to 2026-05-31
2026,4,12,3,2.55,NASA POWER,https://power.larc.nasa.gov/,WS2M - Wind Speed at 2 m (m/s),SOA ITER neighbouring area (representative point),2026-03-01 to 2026-05-31
2026,4,12,4,2.35,NASA POWER,https://power.larc.nasa.gov/,WS2M - Wind Speed at 2 m (m/s),SOA ITER neighbouring area (representative point),2026-03-01 to 2026-05-31
2026,4,12,5,2.16,NASA POWER,https://power.larc.nasa.gov/,WS2M - Wind Speed at 2 m (m/s),SOA ITER neighbouring area (representative point),2026-03-01 to 2026-05-31
2026,4,12,6,2.24,NASA POWER,https://power.larc.nasa.gov/,WS2M - Wind Speed at 2 m (m/s),SOA ITER neighbouring area (representative point),2026-03-01 to 2026-05-31
2026,4,12,7,2.65,NASA POWER,https://power.larc.nasa.gov/,WS2M - Wind Speed at 2 m (m/s),SOA ITER neighbouring area (representative point),2026-03-01 to 2026-05-31
2026,4,12,8,2.18,NASA POWER,https://power.larc.nasa.gov/,WS2M - Wind Speed at 2 m (m/s),SOA ITER neighbouring area (representative point),2026-03-01 to 2026-05-31
2026,4,12,9,1.39,NASA POWER,https://power.larc.nasa.gov/,WS2M - Wind Speed at 2 m (m/s),SOA ITER neighbouring area (representative point),2026-03-01 to 2026-05-31
2026,4,12,10,1.03,NASA POWER,https://power.larc.nasa.gov/,WS2M - Wind Speed at 2 m (m/s),SOA ITER neighbouring area (representative point),2026-03-01 to 2026-05-31
2026,4,12,11,1.03,NASA POWER,https://power.larc.nasa.gov/,WS2M - Wind Speed at 2 m (m/s),SOA ITER neighbouring area (representative point),2026-03-01 to 2026-05-31
2026,4,12,12,1.3,NASA POWER,https://power.larc.nasa.gov/,WS2M - Wind Speed at 2 m (m/s),SOA ITER neighbouring area (representative point),2026-03-01 to 2026-05-31
2026,4,12,13,1.79,NASA POWER,https://power.larc.nasa.gov/,WS2M - Wind Speed at 2 m (m/s),SOA ITER neighbouring area (representative point),2026-03-01 to 2026-05-31
2026,4,12,14,2.37,NASA POWER,https://power.larc.nasa.gov/,WS2M - Wind Speed at 2 m (m/s),SOA ITER neighbouring area (representative point),2026-03-01 to 2026-05-31
2026,4,12,15,3.07,NASA POWER,https://power.larc.nasa.gov/,WS2M - Wind Speed at 2 m (m/s),SOA ITER neighbouring area (representative point),2026-03-01 to 2026-05-31
2026,4,12,16,3.85,NASA POWER,https://power.larc.nasa.gov/,WS2M - Wind Speed at 2 m (m/s),SOA ITER neighbouring area (representative point),2026-03-01 to 2026-05-31
2026,4,12,17,4.8,NASA POWER,https://power.larc.nasa.gov/,WS2M - Wind Speed at 2 m (m/s),SOA ITER neighbouring area (representative point),2026-03-01 to 2026-05-31
2026,4,12,18,5.5,NASA POWER,https://power.larc.nasa.gov/,WS2M - Wind Speed at 2 m (m/s),SOA ITER neighbouring area (representative point),2026-03-01 to 2026-05-31
2026,4,12,19,5.93,NASA POWER,https://power.larc.nasa.gov/,WS2M - Wind Speed at 2 m (m/s),SOA ITER neighbouring area (representative point),2026-03-01 to 2026-05-31
2026,4,12,20,5.9,NASA POWER,https://power.larc.nasa.gov/,WS2M - Wind Speed at 2 m (m/s),SOA ITER neighbouring area (representative point),2026-03-01 to 2026-05-31
2026,4,12,21,5.48,NASA POWER,https://power.larc.nasa.gov/,WS2M - Wind Speed at 2 m (m/s),SOA ITER neighbouring area (representative point),2026-03-01 to 2026-05-31
2026,4,12,22,4.9,NASA POWER,https://power.larc.nasa.gov/,WS2M - Wind Speed at 2 m (m/s),SOA ITER neighbouring area (representative point),2026-03-01 to 2026-05-31
2026,4,12,23,4.64,NASA POWER,https://power.larc.nasa.gov/,WS2M - Wind Speed at 2 m (m/s),SOA ITER neighbouring area (representative point),2026-03-01 to 2026-05-31
2026,4,13,0,4.6,NASA POWER,https://power.larc.nasa.gov/,WS2M - Wind Speed at 2 m (m/s),SOA ITER neighbouring area (representative point),2026-03-01 to 2026-05-31
2026,4,13,1,4.65,NASA POWER,https://power.larc.nasa.gov/,WS2M - Wind Speed at 2 m (m/s),SOA ITER neighbouring area (representative point),2026-03-01 to 2026-05-31
2026,4,13,2,4.62,NASA POWER,https://power.larc.nasa.gov/,WS2M - Wind Speed at 2 m (m/s),SOA ITER neighbouring area (representative point),2026-03-01 to 2026-05-31
2026,4,13,3,4.71,NASA POWER,https://power.larc.nasa.gov/,WS2M - Wind Speed at 2 m (m/s),SOA ITER neighbouring area (representative point),2026-03-01 to 2026-05-31
2026,4,13,4,4.78,NASA POWER,https://power.larc.nasa.gov/,WS2M - Wind Speed at 2 m (m/s),SOA ITER neighbouring area (representative point),2026-03-01 to 2026-05-31
2026,4,13,5,4.7,NASA POWER,https://power.larc.nasa.gov/,WS2M - Wind Speed at 2 m (m/s),SOA ITER neighbouring area (representative point),2026-03-01 to 2026-05-31
2026,4,13,6,4.98,NASA POWER,https://power.larc.nasa.gov/,WS2M - Wind Speed at 2 m (m/s),SOA ITER neighbouring area (representative point),2026-03-01 to 2026-05-31
2026,4,13,7,5.89,NASA POWER,https://power.larc.nasa.gov/,WS2M - Wind Speed at 2 m (m/s),SOA ITER neighbouring area (representative point),2026-03-01 to 2026-05-31
2026,4,13,8,6.38,NASA POWER,https://power.larc.nasa.gov/,WS2M - Wind Speed at 2 m (m/s),SOA ITER neighbouring area (representative point),2026-03-01 to 2026-05-31
2026,4,13,9,6.23,NASA POWER,https://power.larc.nasa.gov/,WS2M - Wind Speed at 2 m (m/s),SOA ITER neighbouring area (representative point),2026-03-01 to 2026-05-31
2026,4,13,10,5.75,NASA POWER,https://power.larc.nasa.gov/,WS2M - Wind Speed at 2 m (m/s),SOA ITER neighbouring area (representative point),2026-03-01 to 2026-05-31
2026,4,13,11,5.28,NASA POWER,https://power.larc.nasa.gov/,WS2M - Wind Speed at 2 m (m/s),SOA ITER neighbouring area (representative point),2026-03-01 to 2026-05-31
2026,4,13,12,5.08,NASA POWER,https://power.larc.nasa.gov/,WS2M - Wind Speed at 2 m (m/s),SOA ITER neighbouring area (representative point),2026-03-01 to 2026-05-31
2026,4,13,13,5.22,NASA POWER,https://power.larc.nasa.gov/,WS2M - Wind Speed at 2 m (m/s),SOA ITER neighbouring area (representative point),2026-03-01 to 2026-05-31
2026,4,13,14,5.6,NASA POWER,https://power.larc.nasa.gov/,WS2M - Wind Speed at 2 m (m/s),SOA ITER neighbouring area (representative point),2026-03-01 to 2026-05-31
2026,4,13,15,5.98,NASA POWER,https://power.larc.nasa.gov/,WS2M - Wind Speed at 2 m (m/s),SOA ITER neighbouring area (representative point),2026-03-01 to 2026-05-31
2026,4,13,16,6.29,NASA POWER,https://power.larc.nasa.gov/,WS2M - Wind Speed at 2 m (m/s),SOA ITER neighbouring area (representative point),2026-03-01 to 2026-05-31
2026,4,13,17,6.56,NASA POWER,https://power.larc.nasa.gov/,WS2M - Wind Speed at 2 m (m/s),SOA ITER neighbouring area (representative point),2026-03-01 to 2026-05-31
2026,4,13,18,6.4,NASA POWER,https://power.larc.nasa.gov/,WS2M - Wind Speed at 2 m (m/s),SOA ITER neighbouring area (representative point),2026-03-01 to 2026-05-31
2026,4,13,19,6.03,NASA POWER,https://power.larc.nasa.gov/,WS2M - Wind Speed at 2 m (m/s),SOA ITER neighbouring area (representative point),2026-03-01 to 2026-05-31
2026,4,13,20,5.63,NASA POWER,https://power.larc.nasa.gov/,WS2M - Wind Speed at 2 m (m/s),SOA ITER neighbouring area (representative point),2026-03-01 to 2026-05-31
2026,4,13,21,5.31,NASA POWER,https://power.larc.nasa.gov/,WS2M - Wind Speed at 2 m (m/s),SOA ITER neighbouring area (representative point),2026-03-01 to 2026-05-31
2026,4,13,22,4.89,NASA POWER,https://power.larc.nasa.gov/,WS2M - Wind Speed at 2 m (m/s),SOA ITER neighbouring area (representative point),2026-03-01 to 2026-05-31
2026,4,13,23,4.57,NASA POWER,https://power.larc.nasa.gov/,WS2M - Wind Speed at 2 m (m/s),SOA ITER neighbouring area (representative point),2026-03-01 to 2026-05-31
2026,4,14,0,4.34,NASA POWER,https://power.larc.nasa.gov/,WS2M - Wind Speed at 2 m (m/s),SOA ITER neighbouring area (representative point),2026-03-01 to 2026-05-31
2026,4,14,1,4.04,NASA POWER,https://power.larc.nasa.gov/,WS2M - Wind Speed at 2 m (m/s),SOA ITER neighbouring area (representative point),2026-03-01 to 2026-05-31
2026,4,14,2,3.73,NASA POWER,https://power.larc.nasa.gov/,WS2M - Wind Speed at 2 m (m/s),SOA ITER neighbouring area (representative point),2026-03-01 to 2026-05-31
2026,4,14,3,3.54,NASA POWER,https://power.larc.nasa.gov/,WS2M - Wind Speed at 2 m (m/s),SOA ITER neighbouring area (representative point),2026-03-01 to 2026-05-31
2026,4,14,4,3.31,NASA POWER,https://power.larc.nasa.gov/,WS2M - Wind Speed at 2 m (m/s),SOA ITER neighbouring area (representative point),2026-03-01 to 2026-05-31
2026,4,14,5,3.0,NASA POWER,https://power.larc.nasa.gov/,WS2M - Wind Speed at 2 m (m/s),SOA ITER neighbouring area (representative point),2026-03-01 to 2026-05-31
2026,4,14,6,3.07,NASA POWER,https://power.larc.nasa.gov/,WS2M - Wind Speed at 2 m (m/s),SOA ITER neighbouring area (representative point),2026-03-01 to 2026-05-31
2026,4,14,7,3.54,NASA POWER,https://power.larc.nasa.gov/,WS2M - Wind Speed at 2 m (m/s),SOA ITER neighbouring area (representative point),2026-03-01 to 2026-05-31
2026,4,14,8,2.92,NASA POWER,https://power.larc.nasa.gov/,WS2M - Wind Speed at 2 m (m/s),SOA ITER neighbouring area (representative point),2026-03-01 to 2026-05-31
2026,4,14,9,1.88,NASA POWER,https://power.larc.nasa.gov/,WS2M - Wind Speed at 2 m (m/s),SOA ITER neighbouring area (representative point),2026-03-01 to 2026-05-31
2026,4,14,10,1.33,NASA POWER,https://power.larc.nasa.gov/,WS2M - Wind Speed at 2 m (m/s),SOA ITER neighbouring area (representative point),2026-03-01 to 2026-05-31
2026,4,14,11,1.28,NASA POWER,https://power.larc.nasa.gov/,WS2M - Wind Speed at 2 m (m/s),SOA ITER neighbouring area (representative point),2026-03-01 to 2026-05-31
2026,4,14,12,1.43,NASA POWER,https://power.larc.nasa.gov/,WS2M - Wind Speed at 2 m (m/s),SOA ITER neighbouring area (representative point),2026-03-01 to 2026-05-31
2026,4,14,13,1.85,NASA POWER,https://power.larc.nasa.gov/,WS2M - Wind Speed at 2 m (m/s),SOA ITER neighbouring area (representative point),2026-03-01 to 2026-05-31
2026,4,14,14,2.48,NASA POWER,https://power.larc.nasa.gov/,WS2M - Wind Speed at 2 m (m/s),SOA ITER neighbouring area (representative point),2026-03-01 to 2026-05-31
2026,4,14,15,3.17,NASA POWER,https://power.larc.nasa.gov/,WS2M - Wind Speed at 2 m (m/s),SOA ITER neighbouring area (representative point),2026-03-01 to 2026-05-31
2026,4,14,16,3.97,NASA POWER,https://power.larc.nasa.gov/,WS2M - Wind Speed at 2 m (m/s),SOA ITER neighbouring area (representative point),2026-03-01 to 2026-05-31
2026,4,14,17,5.06,NASA POWER,https://power.larc.nasa.gov/,WS2M - Wind Speed at 2 m (m/s),SOA ITER neighbouring area (representative point),2026-03-01 to 2026-05-31
2026,4,14,18,5.7,NASA POWER,https://power.larc.nasa.gov/,WS2M - Wind Speed at 2 m (m/s),SOA ITER neighbouring area (representative point),2026-03-01 to 2026-05-31
2026,4,14,19,5.85,NASA POWER,https://power.larc.nasa.gov/,WS2M - Wind Speed at 2 m (m/s),SOA ITER neighbouring area (representative point),2026-03-01 to 2026-05-31
2026,4,14,20,5.7,NASA POWER,https://power.larc.nasa.gov/,WS2M - Wind Speed at 2 m (m/s),SOA ITER neighbouring area (representative point),2026-03-01 to 2026-05-31
2026,4,14,21,5.21,NASA POWER,https://power.larc.nasa.gov/,WS2M - Wind Speed at 2 m (m/s),SOA ITER neighbouring area (representative point),2026-03-01 to 2026-05-31
2026,4,14,22,4.74,NASA POWER,https://power.larc.nasa.gov/,WS2M - Wind Speed at 2 m (m/s),SOA ITER neighbouring area (representative point),2026-03-01 to 2026-05-31
2026,4,14,23,4.3,NASA POWER,https://power.larc.nasa.gov/,WS2M - Wind Speed at 2 m (m/s),SOA ITER neighbouring area (representative point),2026-03-01 to 2026-05-31
2026,4,15,0,4.0,NASA POWER,https://power.larc.nasa.gov/,WS2M - Wind Speed at 2 m (m/s),SOA ITER neighbouring area (representative point),2026-03-01 to 2026-05-31
2026,4,15,1,3.92,NASA POWER,https://power.larc.nasa.gov/,WS2M - Wind Speed at 2 m (m/s),SOA ITER neighbouring area (representative point),2026-03-01 to 2026-05-31
2026,4,15,2,3.78,NASA POWER,https://power.larc.nasa.gov/,WS2M - Wind Speed at 2 m (m/s),SOA ITER neighbouring area (representative point),2026-03-01 to 2026-05-31
2026,4,15,3,3.82,NASA POWER,https://power.larc.nasa.gov/,WS2M - Wind Speed at 2 m (m/s),SOA ITER neighbouring area (representative point),2026-03-01 to 2026-05-31
2026,4,15,4,3.89,NASA POWER,https://power.larc.nasa.gov/,WS2M - Wind Speed at 2 m (m/s),SOA ITER neighbouring area (representative point),2026-03-01 to 2026-05-31
2026,4,15,5,3.79,NASA POWER,https://power.larc.nasa.gov/,WS2M - Wind Speed at 2 m (m/s),SOA ITER neighbouring area (representative point),2026-03-01 to 2026-05-31
2026,4,15,6,4.18,NASA POWER,https://power.larc.nasa.gov/,WS2M - Wind Speed at 2 m (m/s),SOA ITER neighbouring area (representative point),2026-03-01 to 2026-05-31
2026,4,15,7,4.95,NASA POWER,https://power.larc.nasa.gov/,WS2M - Wind Speed at 2 m (m/s),SOA ITER neighbouring area (representative point),2026-03-01 to 2026-05-31
2026,4,15,8,5.28,NASA POWER,https://power.larc.nasa.gov/,WS2M - Wind Speed at 2 m (m/s),SOA ITER neighbouring area (representative point),2026-03-01 to 2026-05-31
2026,4,15,9,5.28,NASA POWER,https://power.larc.nasa.gov/,WS2M - Wind Speed at 2 m (m/s),SOA ITER neighbouring area (representative point),2026-03-01 to 2026-05-31
2026,4,15,10,5.09,NASA POWER,https://power.larc.nasa.gov/,WS2M - Wind Speed at 2 m (m/s),SOA ITER neighbouring area (representative point),2026-03-01 to 2026-05-31
2026,4,15,11,4.86,NASA POWER,https://power.larc.nasa.gov/,WS2M - Wind Speed at 2 m (m/s),SOA ITER neighbouring area (representative point),2026-03-01 to 2026-05-31
2026,4,15,12,4.7,NASA POWER,https://power.larc.nasa.gov/,WS2M - Wind Speed at 2 m (m/s),SOA ITER neighbouring area (representative point),2026-03-01 to 2026-05-31
2026,4,15,13,4.74,NASA POWER,https://power.larc.nasa.gov/,WS2M - Wind Speed at 2 m (m/s),SOA ITER neighbouring area (representative point),2026-03-01 to 2026-05-31
2026,4,15,14,5.06,NASA POWER,https://power.larc.nasa.gov/,WS2M - Wind Speed at 2 m (m/s),SOA ITER neighbouring area (representative point),2026-03-01 to 2026-05-31
2026,4,15,15,5.47,NASA POWER,https://power.larc.nasa.gov/,WS2M - Wind Speed at 2 m (m/s),SOA ITER neighbouring area (representative point),2026-03-01 to 2026-05-31
2026,4,15,16,5.91,NASA POWER,https://power.larc.nasa.gov/,WS2M - Wind Speed at 2 m (m/s),SOA ITER neighbouring area (representative point),2026-03-01 to 2026-05-31
2026,4,15,17,6.25,NASA POWER,https://power.larc.nasa.gov/,WS2M - Wind Speed at 2 m (m/s),SOA ITER neighbouring area (representative point),2026-03-01 to 2026-05-31
2026,4,15,18,6.19,NASA POWER,https://power.larc.nasa.gov/,WS2M - Wind Speed at 2 m (m/s),SOA ITER neighbouring area (representative point),2026-03-01 to 2026-05-31
2026,4,15,19,5.91,NASA POWER,https://power.larc.nasa.gov/,WS2M - Wind Speed at 2 m (m/s),SOA ITER neighbouring area (representative point),2026-03-01 to 2026-05-31
2026,4,15,20,5.63,NASA POWER,https://power.larc.nasa.gov/,WS2M - Wind Speed at 2 m (m/s),SOA ITER neighbouring area (representative point),2026-03-01 to 2026-05-31
2026,4,15,21,5.42,NASA POWER,https://power.larc.nasa.gov/,WS2M - Wind Speed at 2 m (m/s),SOA ITER neighbouring area (representative point),2026-03-01 to 2026-05-31
2026,4,15,22,5.18,NASA POWER,https://power.larc.nasa.gov/,WS2M - Wind Speed at 2 m (m/s),SOA ITER neighbouring area (representative point),2026-03-01 to 2026-05-31
2026,4,15,23,4.91,NASA POWER,https://power.larc.nasa.gov/,WS2M - Wind Speed at 2 m (m/s),SOA ITER neighbouring area (representative point),2026-03-01 to 2026-05-31
2026,4,16,0,4.74,NASA POWER,https://power.larc.nasa.gov/,WS2M - Wind Speed at 2 m (m/s),SOA ITER neighbouring area (representative point),2026-03-01 to 2026-05-31
2026,4,16,1,4.68,NASA POWER,https://power.larc.nasa.gov/,WS2M - Wind Speed at 2 m (m/s),SOA ITER neighbouring area (representative point),2026-03-01 to 2026-05-31
2026,4,16,2,4.65,NASA POWER,https://power.larc.nasa.gov/,WS2M - Wind Speed at 2 m (m/s),SOA ITER neighbouring area (representative point),2026-03-01 to 2026-05-31
2026,4,16,3,4.66,NASA POWER,https://power.larc.nasa.gov/,WS2M - Wind Speed at 2 m (m/s),SOA ITER neighbouring area (representative point),2026-03-01 to 2026-05-31
2026,4,16,4,4.7,NASA POWER,https://power.larc.nasa.gov/,WS2M - Wind Speed at 2 m (m/s),SOA ITER neighbouring area (representative point),2026-03-01 to 2026-05-31
2026,4,16,5,4.79,NASA POWER,https://power.larc.nasa.gov/,WS2M - Wind Speed at 2 m (m/s),SOA ITER neighbouring area (representative point),2026-03-01 to 2026-05-31
2026,4,16,6,5.22,NASA POWER,https://power.larc.nasa.gov/,WS2M - Wind Speed at 2 m (m/s),SOA ITER neighbouring area (representative point),2026-03-01 to 2026-05-31
2026,4,16,7,6.28,NASA POWER,https://power.larc.nasa.gov/,WS2M - Wind Speed at 2 m (m/s),SOA ITER neighbouring area (representative point),2026-03-01 to 2026-05-31
2026,4,16,8,6.57,NASA POWER,https://power.larc.nasa.gov/,WS2M - Wind Speed at 2 m (m/s),SOA ITER neighbouring area (representative point),2026-03-01 to 2026-05-31
2026,4,16,9,6.45,NASA POWER,https://power.larc.nasa.gov/,WS2M - Wind Speed at 2 m (m/s),SOA ITER neighbouring area (representative point),2026-03-01 to 2026-05-31
2026,4,16,10,6.16,NASA POWER,https://power.larc.nasa.gov/,WS2M - Wind Speed at 2 m (m/s),SOA ITER neighbouring area (representative point),2026-03-01 to 2026-05-31
2026,4,16,11,6.01,NASA POWER,https://power.larc.nasa.gov/,WS2M - Wind Speed at 2 m (m/s),SOA ITER neighbouring area (representative point),2026-03-01 to 2026-05-31
2026,4,16,12,6.11,NASA POWER,https://power.larc.nasa.gov/,WS2M - Wind Speed at 2 m (m/s),SOA ITER neighbouring area (representative point),2026-03-01 to 2026-05-31
2026,4,16,13,6.5,NASA POWER,https://power.larc.nasa.gov/,WS2M - Wind Speed at 2 m (m/s),SOA ITER neighbouring area (representative point),2026-03-01 to 2026-05-31
2026,4,16,14,7.0,NASA POWER,https://power.larc.nasa.gov/,WS2M - Wind Speed at 2 m (m/s),SOA ITER neighbouring area (representative point),2026-03-01 to 2026-05-31
2026,4,16,15,7.28,NASA POWER,https://power.larc.nasa.gov/,WS2M - Wind Speed at 2 m (m/s),SOA ITER neighbouring area (representative point),2026-03-01 to 2026-05-31
2026,4,16,16,7.35,NASA POWER,https://power.larc.nasa.gov/,WS2M - Wind Speed at 2 m (m/s),SOA ITER neighbouring area (representative point),2026-03-01 to 2026-05-31
2026,4,16,17,7.07,NASA POWER,https://power.larc.nasa.gov/,WS2M - Wind Speed at 2 m (m/s),SOA ITER neighbouring area (representative point),2026-03-01 to 2026-05-31
2026,4,16,18,6.48,NASA POWER,https://power.larc.nasa.gov/,WS2M - Wind Speed at 2 m (m/s),SOA ITER neighbouring area (representative point),2026-03-01 to 2026-05-31
2026,4,16,19,5.98,NASA POWER,https://power.larc.nasa.gov/,WS2M - Wind Speed at 2 m (m/s),SOA ITER neighbouring area (representative point),2026-03-01 to 2026-05-31
2026,4,16,20,5.56,NASA POWER,https://power.larc.nasa.gov/,WS2M - Wind Speed at 2 m (m/s),SOA ITER neighbouring area (representative point),2026-03-01 to 2026-05-31
2026,4,16,21,5.24,NASA POWER,https://power.larc.nasa.gov/,WS2M - Wind Speed at 2 m (m/s),SOA ITER neighbouring area (representative point),2026-03-01 to 2026-05-31
2026,4,16,22,4.94,NASA POWER,https://power.larc.nasa.gov/,WS2M - Wind Speed at 2 m (m/s),SOA ITER neighbouring area (representative point),2026-03-01 to 2026-05-31
2026,4,16,23,4.88,NASA POWER,https://power.larc.nasa.gov/,WS2M - Wind Speed at 2 m (m/s),SOA ITER neighbouring area (representative point),2026-03-01 to 2026-05-31
2026,4,17,0,4.95,NASA POWER,https://power.larc.nasa.gov/,WS2M - Wind Speed at 2 m (m/s),SOA ITER neighbouring area (representative point),2026-03-01 to 2026-05-31
2026,4,17,1,4.98,NASA POWER,https://power.larc.nasa.gov/,WS2M - Wind Speed at 2 m (m/s),SOA ITER neighbouring area (representative point),2026-03-01 to 2026-05-31
2026,4,17,2,4.88,NASA POWER,https://power.larc.nasa.gov/,WS2M - Wind Speed at 2 m (m/s),SOA ITER neighbouring area (representative point),2026-03-01 to 2026-05-31
2026,4,17,3,4.54,NASA POWER,https://power.larc.nasa.gov/,WS2M - Wind Speed at 2 m (m/s),SOA ITER neighbouring area (representative point),2026-03-01 to 2026-05-31
2026,4,17,4,4.22,NASA POWER,https://power.larc.nasa.gov/,WS2M - Wind Speed at 2 m (m/s),SOA ITER neighbouring area (representative point),2026-03-01 to 2026-05-31
2026,4,17,5,3.75,NASA POWER,https://power.larc.nasa.gov/,WS2M - Wind Speed at 2 m (m/s),SOA ITER neighbouring area (representative point),2026-03-01 to 2026-05-31
2026,4,17,6,3.67,NASA POWER,https://power.larc.nasa.gov/,WS2M - Wind Speed at 2 m (m/s),SOA ITER neighbouring area (representative point),2026-03-01 to 2026-05-31
2026,4,17,7,3.92,NASA POWER,https://power.larc.nasa.gov/,WS2M - Wind Speed at 2 m (m/s),SOA ITER neighbouring area (representative point),2026-03-01 to 2026-05-31
2026,4,17,8,3.59,NASA POWER,https://power.larc.nasa.gov/,WS2M - Wind Speed at 2 m (m/s),SOA ITER neighbouring area (representative point),2026-03-01 to 2026-05-31
2026,4,17,9,3.13,NASA POWER,https://power.larc.nasa.gov/,WS2M - Wind Speed at 2 m (m/s),SOA ITER neighbouring area (representative point),2026-03-01 to 2026-05-31
2026,4,17,10,2.97,NASA POWER,https://power.larc.nasa.gov/,WS2M - Wind Speed at 2 m (m/s),SOA ITER neighbouring area (representative point),2026-03-01 to 2026-05-31
2026,4,17,11,3.14,NASA POWER,https://power.larc.nasa.gov/,WS2M - Wind Speed at 2 m (m/s),SOA ITER neighbouring area (representative point),2026-03-01 to 2026-05-31
2026,4,17,12,3.61,NASA POWER,https://power.larc.nasa.gov/,WS2M - Wind Speed at 2 m (m/s),SOA ITER neighbouring area (representative point),2026-03-01 to 2026-05-31
2026,4,17,13,4.2,NASA POWER,https://power.larc.nasa.gov/,WS2M - Wind Speed at 2 m (m/s),SOA ITER neighbouring area (representative point),2026-03-01 to 2026-05-31
2026,4,17,14,4.83,NASA POWER,https://power.larc.nasa.gov/,WS2M - Wind Speed at 2 m (m/s),SOA ITER neighbouring area (representative point),2026-03-01 to 2026-05-31
2026,4,17,15,5.2,NASA POWER,https://power.larc.nasa.gov/,WS2M - Wind Speed at 2 m (m/s),SOA ITER neighbouring area (representative point),2026-03-01 to 2026-05-31
2026,4,17,16,5.38,NASA POWER,https://power.larc.nasa.gov/,WS2M - Wind Speed at 2 m (m/s),SOA ITER neighbouring area (representative point),2026-03-01 to 2026-05-31
2026,4,17,17,5.56,NASA POWER,https://power.larc.nasa.gov/,WS2M - Wind Speed at 2 m (m/s),SOA ITER neighbouring area (representative point),2026-03-01 to 2026-05-31
2026,4,17,18,5.34,NASA POWER,https://power.larc.nasa.gov/,WS2M - Wind Speed at 2 m (m/s),SOA ITER neighbouring area (representative point),2026-03-01 to 2026-05-31
2026,4,17,19,4.92,NASA POWER,https://power.larc.nasa.gov/,WS2M - Wind Speed at 2 m (m/s),SOA ITER neighbouring area (representative point),2026-03-01 to 2026-05-31
2026,4,17,20,4.46,NASA POWER,https://power.larc.nasa.gov/,WS2M - Wind Speed at 2 m (m/s),SOA ITER neighbouring area (representative point),2026-03-01 to 2026-05-31
2026,4,17,21,4.2,NASA POWER,https://power.larc.nasa.gov/,WS2M - Wind Speed at 2 m (m/s),SOA ITER neighbouring area (representative point),2026-03-01 to 2026-05-31
2026,4,17,22,4.08,NASA POWER,https://power.larc.nasa.gov/,WS2M - Wind Speed at 2 m (m/s),SOA ITER neighbouring area (representative point),2026-03-01 to 2026-05-31
2026,4,17,23,4.09,NASA POWER,https://power.larc.nasa.gov/,WS2M - Wind Speed at 2 m (m/s),SOA ITER neighbouring area (representative point),2026-03-01 to 2026-05-31
2026,4,18,0,4.03,NASA POWER,https://power.larc.nasa.gov/,WS2M - Wind Speed at 2 m (m/s),SOA ITER neighbouring area (representative point),2026-03-01 to 2026-05-31
2026,4,18,1,4.01,NASA POWER,https://power.larc.nasa.gov/,WS2M - Wind Speed at 2 m (m/s),SOA ITER neighbouring area (representative point),2026-03-01 to 2026-05-31
2026,4,18,2,3.98,NASA POWER,https://power.larc.nasa.gov/,WS2M - Wind Speed at 2 m (m/s),SOA ITER neighbouring area (representative point),2026-03-01 to 2026-05-31
2026,4,18,3,3.77,NASA POWER,https://power.larc.nasa.gov/,WS2M - Wind Speed at 2 m (m/s),SOA ITER neighbouring area (representative point),2026-03-01 to 2026-05-31
2026,4,18,4,3.39,NASA POWER,https://power.larc.nasa.gov/,WS2M - Wind Speed at 2 m (m/s),SOA ITER neighbouring area (representative point),2026-03-01 to 2026-05-31
2026,4,18,5,2.89,NASA POWER,https://power.larc.nasa.gov/,WS2M - Wind Speed at 2 m (m/s),SOA ITER neighbouring area (representative point),2026-03-01 to 2026-05-31
2026,4,18,6,3.06,NASA POWER,https://power.larc.nasa.gov/,WS2M - Wind Speed at 2 m (m/s),SOA ITER neighbouring area (representative point),2026-03-01 to 2026-05-31
2026,4,18,7,3.69,NASA POWER,https://power.larc.nasa.gov/,WS2M - Wind Speed at 2 m (m/s),SOA ITER neighbouring area (representative point),2026-03-01 to 2026-05-31
2026,4,18,8,3.76,NASA POWER,https://power.larc.nasa.gov/,WS2M - Wind Speed at 2 m (m/s),SOA ITER neighbouring area (representative point),2026-03-01 to 2026-05-31
2026,4,18,9,3.63,NASA POWER,https://power.larc.nasa.gov/,WS2M - Wind Speed at 2 m (m/s),SOA ITER neighbouring area (representative point),2026-03-01 to 2026-05-31
2026,4,18,10,3.5,NASA POWER,https://power.larc.nasa.gov/,WS2M - Wind Speed at 2 m (m/s),SOA ITER neighbouring area (representative point),2026-03-01 to 2026-05-31
2026,4,18,11,3.35,NASA POWER,https://power.larc.nasa.gov/,WS2M - Wind Speed at 2 m (m/s),SOA ITER neighbouring area (representative point),2026-03-01 to 2026-05-31
2026,4,18,12,3.53,NASA POWER,https://power.larc.nasa.gov/,WS2M - Wind Speed at 2 m (m/s),SOA ITER neighbouring area (representative point),2026-03-01 to 2026-05-31
2026,4,18,13,3.95,NASA POWER,https://power.larc.nasa.gov/,WS2M - Wind Speed at 2 m (m/s),SOA ITER neighbouring area (representative point),2026-03-01 to 2026-05-31
2026,4,18,14,4.39,NASA POWER,https://power.larc.nasa.gov/,WS2M - Wind Speed at 2 m (m/s),SOA ITER neighbouring area (representative point),2026-03-01 to 2026-05-31
2026,4,18,15,4.59,NASA POWER,https://power.larc.nasa.gov/,WS2M - Wind Speed at 2 m (m/s),SOA ITER neighbouring area (representative point),2026-03-01 to 2026-05-31
2026,4,18,16,4.65,NASA POWER,https://power.larc.nasa.gov/,WS2M - Wind Speed at 2 m (m/s),SOA ITER neighbouring area (representative point),2026-03-01 to 2026-05-31
2026,4,18,17,4.77,NASA POWER,https://power.larc.nasa.gov/,WS2M - Wind Speed at 2 m (m/s),SOA ITER neighbouring area (representative point),2026-03-01 to 2026-05-31
2026,4,18,18,4.91,NASA POWER,https://power.larc.nasa.gov/,WS2M - Wind Speed at 2 m (m/s),SOA ITER neighbouring area (representative point),2026-03-01 to 2026-05-31
2026,4,18,19,4.98,NASA POWER,https://power.larc.nasa.gov/,WS2M - Wind Speed at 2 m (m/s),SOA ITER neighbouring area (representative point),2026-03-01 to 2026-05-31
2026,4,18,20,4.89,NASA POWER,https://power.larc.nasa.gov/,WS2M - Wind Speed at 2 m (m/s),SOA ITER neighbouring area (representative point),2026-03-01 to 2026-05-31
2026,4,18,21,4.81,NASA POWER,https://power.larc.nasa.gov/,WS2M - Wind Speed at 2 m (m/s),SOA ITER neighbouring area (representative point),2026-03-01 to 2026-05-31
2026,4,18,22,4.79,NASA POWER,https://power.larc.nasa.gov/,WS2M - Wind Speed at 2 m (m/s),SOA ITER neighbouring area (representative point),2026-03-01 to 2026-05-31
2026,4,18,23,4.74,NASA POWER,https://power.larc.nasa.gov/,WS2M - Wind Speed at 2 m (m/s),SOA ITER neighbouring area (representative point),2026-03-01 to 2026-05-31
2026,4,19,0,4.65,NASA POWER,https://power.larc.nasa.gov/,WS2M - Wind Speed at 2 m (m/s),SOA ITER neighbouring area (representative point),2026-03-01 to 2026-05-31
2026,4,19,1,4.59,NASA POWER,https://power.larc.nasa.gov/,WS2M - Wind Speed at 2 m (m/s),SOA ITER neighbouring area (representative point),2026-03-01 to 2026-05-31
2026,4,19,2,4.46,NASA POWER,https://power.larc.nasa.gov/,WS2M - Wind Speed at 2 m (m/s),SOA ITER neighbouring area (representative point),2026-03-01 to 2026-05-31
2026,4,19,3,4.19,NASA POWER,https://power.larc.nasa.gov/,WS2M - Wind Speed at 2 m (m/s),SOA ITER neighbouring area (representative point),2026-03-01 to 2026-05-31
2026,4,19,4,3.64,NASA POWER,https://power.larc.nasa.gov/,WS2M - Wind Speed at 2 m (m/s),SOA ITER neighbouring area (representative point),2026-03-01 to 2026-05-31
2026,4,19,5,3.29,NASA POWER,https://power.larc.nasa.gov/,WS2M - Wind Speed at 2 m (m/s),SOA ITER neighbouring area (representative point),2026-03-01 to 2026-05-31
2026,4,19,6,3.67,NASA POWER,https://power.larc.nasa.gov/,WS2M - Wind Speed at 2 m (m/s),SOA ITER neighbouring area (representative point),2026-03-01 to 2026-05-31
2026,4,19,7,4.33,NASA POWER,https://power.larc.nasa.gov/,WS2M - Wind Speed at 2 m (m/s),SOA ITER neighbouring area (representative point),2026-03-01 to 2026-05-31
2026,4,19,8,4.54,NASA POWER,https://power.larc.nasa.gov/,WS2M - Wind Speed at 2 m (m/s),SOA ITER neighbouring area (representative point),2026-03-01 to 2026-05-31
2026,4,19,9,4.58,NASA POWER,https://power.larc.nasa.gov/,WS2M - Wind Speed at 2 m (m/s),SOA ITER neighbouring area (representative point),2026-03-01 to 2026-05-31
2026,4,19,10,4.58,NASA POWER,https://power.larc.nasa.gov/,WS2M - Wind Speed at 2 m (m/s),SOA ITER neighbouring area (representative point),2026-03-01 to 2026-05-31
2026,4,19,11,4.71,NASA POWER,https://power.larc.nasa.gov/,WS2M - Wind Speed at 2 m (m/s),SOA ITER neighbouring area (representative point),2026-03-01 to 2026-05-31
2026,4,19,12,4.91,NASA POWER,https://power.larc.nasa.gov/,WS2M - Wind Speed at 2 m (m/s),SOA ITER neighbouring area (representative point),2026-03-01 to 2026-05-31
2026,4,19,13,5.27,NASA POWER,https://power.larc.nasa.gov/,WS2M - Wind Speed at 2 m (m/s),SOA ITER neighbouring area (representative point),2026-03-01 to 2026-05-31
2026,4,19,14,5.7,NASA POWER,https://power.larc.nasa.gov/,WS2M - Wind Speed at 2 m (m/s),SOA ITER neighbouring area (representative point),2026-03-01 to 2026-05-31
2026,4,19,15,6.09,NASA POWER,https://power.larc.nasa.gov/,WS2M - Wind Speed at 2 m (m/s),SOA ITER neighbouring area (representative point),2026-03-01 to 2026-05-31
2026,4,19,16,6.4,NASA POWER,https://power.larc.nasa.gov/,WS2M - Wind Speed at 2 m (m/s),SOA ITER neighbouring area (representative point),2026-03-01 to 2026-05-31
2026,4,19,17,6.55,NASA POWER,https://power.larc.nasa.gov/,WS2M - Wind Speed at 2 m (m/s),SOA ITER neighbouring area (representative point),2026-03-01 to 2026-05-31
2026,4,19,18,6.37,NASA POWER,https://power.larc.nasa.gov/,WS2M - Wind Speed at 2 m (m/s),SOA ITER neighbouring area (representative point),2026-03-01 to 2026-05-31
2026,4,19,19,6.19,NASA POWER,https://power.larc.nasa.gov/,WS2M - Wind Speed at 2 m (m/s),SOA ITER neighbouring area (representative point),2026-03-01 to 2026-05-31
2026,4,19,20,6.18,NASA POWER,https://power.larc.nasa.gov/,WS2M - Wind Speed at 2 m (m/s),SOA ITER neighbouring area (representative point),2026-03-01 to 2026-05-31
2026,4,19,21,5.9,NASA POWER,https://power.larc.nasa.gov/,WS2M - Wind Speed at 2 m (m/s),SOA ITER neighbouring area (representative point),2026-03-01 to 2026-05-31
2026,4,19,22,5.45,NASA POWER,https://power.larc.nasa.gov/,WS2M - Wind Speed at 2 m (m/s),SOA ITER neighbouring area (representative point),2026-03-01 to 2026-05-31
2026,4,19,23,5.28,NASA POWER,https://power.larc.nasa.gov/,WS2M - Wind Speed at 2 m (m/s),SOA ITER neighbouring area (representative point),2026-03-01 to 2026-05-31
2026,4,20,0,5.35,NASA POWER,https://power.larc.nasa.gov/,WS2M - Wind Speed at 2 m (m/s),SOA ITER neighbouring area (representative point),2026-03-01 to 2026-05-31
2026,4,20,1,5.37,NASA POWER,https://power.larc.nasa.gov/,WS2M - Wind Speed at 2 m (m/s),SOA ITER neighbouring area (representative point),2026-03-01 to 2026-05-31
2026,4,20,2,5.25,NASA POWER,https://power.larc.nasa.gov/,WS2M - Wind Speed at 2 m (m/s),SOA ITER neighbouring area (representative point),2026-03-01 to 2026-05-31
2026,4,20,3,5.0,NASA POWER,https://power.larc.nasa.gov/,WS2M - Wind Speed at 2 m (m/s),SOA ITER neighbouring area (representative point),2026-03-01 to 2026-05-31
2026,4,20,4,4.71,NASA POWER,https://power.larc.nasa.gov/,WS2M - Wind Speed at 2 m (m/s),SOA ITER neighbouring area (representative point),2026-03-01 to 2026-05-31
2026,4,20,5,4.48,NASA POWER,https://power.larc.nasa.gov/,WS2M - Wind Speed at 2 m (m/s),SOA ITER neighbouring area (representative point),2026-03-01 to 2026-05-31
2026,4,20,6,4.75,NASA POWER,https://power.larc.nasa.gov/,WS2M - Wind Speed at 2 m (m/s),SOA ITER neighbouring area (representative point),2026-03-01 to 2026-05-31
2026,4,20,7,5.42,NASA POWER,https://power.larc.nasa.gov/,WS2M - Wind Speed at 2 m (m/s),SOA ITER neighbouring area (representative point),2026-03-01 to 2026-05-31
2026,4,20,8,5.59,NASA POWER,https://power.larc.nasa.gov/,WS2M - Wind Speed at 2 m (m/s),SOA ITER neighbouring area (representative point),2026-03-01 to 2026-05-31
2026,4,20,9,5.05,NASA POWER,https://power.larc.nasa.gov/,WS2M - Wind Speed at 2 m (m/s),SOA ITER neighbouring area (representative point),2026-03-01 to 2026-05-31
2026,4,20,10,4.24,NASA POWER,https://power.larc.nasa.gov/,WS2M - Wind Speed at 2 m (m/s),SOA ITER neighbouring area (representative point),2026-03-01 to 2026-05-31
2026,4,20,11,3.65,NASA POWER,https://power.larc.nasa.gov/,WS2M - Wind Speed at 2 m (m/s),SOA ITER neighbouring area (representative point),2026-03-01 to 2026-05-31
2026,4,20,12,3.67,NASA POWER,https://power.larc.nasa.gov/,WS2M - Wind Speed at 2 m (m/s),SOA ITER neighbouring area (representative point),2026-03-01 to 2026-05-31
2026,4,20,13,4.39,NASA POWER,https://power.larc.nasa.gov/,WS2M - Wind Speed at 2 m (m/s),SOA ITER neighbouring area (representative point),2026-03-01 to 2026-05-31
2026,4,20,14,5.48,NASA POWER,https://power.larc.nasa.gov/,WS2M - Wind Speed at 2 m (m/s),SOA ITER neighbouring area (representative point),2026-03-01 to 2026-05-31
2026,4,20,15,6.48,NASA POWER,https://power.larc.nasa.gov/,WS2M - Wind Speed at 2 m (m/s),SOA ITER neighbouring area (representative point),2026-03-01 to 2026-05-31
2026,4,20,16,7.12,NASA POWER,https://power.larc.nasa.gov/,WS2M - Wind Speed at 2 m (m/s),SOA ITER neighbouring area (representative point),2026-03-01 to 2026-05-31
2026,4,20,17,7.32,NASA POWER,https://power.larc.nasa.gov/,WS2M - Wind Speed at 2 m (m/s),SOA ITER neighbouring area (representative point),2026-03-01 to 2026-05-31
2026,4,20,18,6.91,NASA POWER,https://power.larc.nasa.gov/,WS2M - Wind Speed at 2 m (m/s),SOA ITER neighbouring area (representative point),2026-03-01 to 2026-05-31
2026,4,20,19,6.52,NASA POWER,https://power.larc.nasa.gov/,WS2M - Wind Speed at 2 m (m/s),SOA ITER neighbouring area (representative point),2026-03-01 to 2026-05-31
2026,4,20,20,6.26,NASA POWER,https://power.larc.nasa.gov/,WS2M - Wind Speed at 2 m (m/s),SOA ITER neighbouring area (representative point),2026-03-01 to 2026-05-31
2026,4,20,21,6.04,NASA POWER,https://power.larc.nasa.gov/,WS2M - Wind Speed at 2 m (m/s),SOA ITER neighbouring area (representative point),2026-03-01 to 2026-05-31
2026,4,20,22,5.81,NASA POWER,https://power.larc.nasa.gov/,WS2M - Wind Speed at 2 m (m/s),SOA ITER neighbouring area (representative point),2026-03-01 to 2026-05-31
2026,4,20,23,5.59,NASA POWER,https://power.larc.nasa.gov/,WS2M - Wind Speed at 2 m (m/s),SOA ITER neighbouring area (representative point),2026-03-01 to 2026-05-31
2026,4,21,0,5.39,NASA POWER,https://power.larc.nasa.gov/,WS2M - Wind Speed at 2 m (m/s),SOA ITER neighbouring area (representative point),2026-03-01 to 2026-05-31
2026,4,21,1,5.12,NASA POWER,https://power.larc.nasa.gov/,WS2M - Wind Speed at 2 m (m/s),SOA ITER neighbouring area (representative point),2026-03-01 to 2026-05-31
2026,4,21,2,4.82,NASA POWER,https://power.larc.nasa.gov/,WS2M - Wind Speed at 2 m (m/s),SOA ITER neighbouring area (representative point),2026-03-01 to 2026-05-31
2026,4,21,3,4.83,NASA POWER,https://power.larc.nasa.gov/,WS2M - Wind Speed at 2 m (m/s),SOA ITER neighbouring area (representative point),2026-03-01 to 2026-05-31
2026,4,21,4,4.85,NASA POWER,https://power.larc.nasa.gov/,WS2M - Wind Speed at 2 m (m/s),SOA ITER neighbouring area (representative point),2026-03-01 to 2026-05-31
2026,4,21,5,4.85,NASA POWER,https://power.larc.nasa.gov/,WS2M - Wind Speed at 2 m (m/s),SOA ITER neighbouring area (representative point),2026-03-01 to 2026-05-31
2026,4,21,6,5.19,NASA POWER,https://power.larc.nasa.gov/,WS2M - Wind Speed at 2 m (m/s),SOA ITER neighbouring area (representative point),2026-03-01 to 2026-05-31
2026,4,21,7,5.51,NASA POWER,https://power.larc.nasa.gov/,WS2M - Wind Speed at 2 m (m/s),SOA ITER neighbouring area (representative point),2026-03-01 to 2026-05-31
2026,4,21,8,5.8,NASA POWER,https://power.larc.nasa.gov/,WS2M - Wind Speed at 2 m (m/s),SOA ITER neighbouring area (representative point),2026-03-01 to 2026-05-31
2026,4,21,9,5.18,NASA POWER,https://power.larc.nasa.gov/,WS2M - Wind Speed at 2 m (m/s),SOA ITER neighbouring area (representative point),2026-03-01 to 2026-05-31
2026,4,21,10,4.11,NASA POWER,https://power.larc.nasa.gov/,WS2M - Wind Speed at 2 m (m/s),SOA ITER neighbouring area (representative point),2026-03-01 to 2026-05-31
2026,4,21,11,3.21,NASA POWER,https://power.larc.nasa.gov/,WS2M - Wind Speed at 2 m (m/s),SOA ITER neighbouring area (representative point),2026-03-01 to 2026-05-31
2026,4,21,12,2.63,NASA POWER,https://power.larc.nasa.gov/,WS2M - Wind Speed at 2 m (m/s),SOA ITER neighbouring area (representative point),2026-03-01 to 2026-05-31
2026,4,21,13,2.57,NASA POWER,https://power.larc.nasa.gov/,WS2M - Wind Speed at 2 m (m/s),SOA ITER neighbouring area (representative point),2026-03-01 to 2026-05-31
2026,4,21,14,2.95,NASA POWER,https://power.larc.nasa.gov/,WS2M - Wind Speed at 2 m (m/s),SOA ITER neighbouring area (representative point),2026-03-01 to 2026-05-31
2026,4,21,15,3.5,NASA POWER,https://power.larc.nasa.gov/,WS2M - Wind Speed at 2 m (m/s),SOA ITER neighbouring area (representative point),2026-03-01 to 2026-05-31
2026,4,21,16,4.25,NASA POWER,https://power.larc.nasa.gov/,WS2M - Wind Speed at 2 m (m/s),SOA ITER neighbouring area (representative point),2026-03-01 to 2026-05-31
2026,4,21,17,4.91,NASA POWER,https://power.larc.nasa.gov/,WS2M - Wind Speed at 2 m (m/s),SOA ITER neighbouring area (representative point),2026-03-01 to 2026-05-31
2026,4,21,18,4.92,NASA POWER,https://power.larc.nasa.gov/,WS2M - Wind Speed at 2 m (m/s),SOA ITER neighbouring area (representative point),2026-03-01 to 2026-05-31
2026,4,21,19,4.89,NASA POWER,https://power.larc.nasa.gov/,WS2M - Wind Speed at 2 m (m/s),SOA ITER neighbouring area (representative point),2026-03-01 to 2026-05-31
2026,4,21,20,4.82,NASA POWER,https://power.larc.nasa.gov/,WS2M - Wind Speed at 2 m (m/s),SOA ITER neighbouring area (representative point),2026-03-01 to 2026-05-31
2026,4,21,21,4.63,NASA POWER,https://power.larc.nasa.gov/,WS2M - Wind Speed at 2 m (m/s),SOA ITER neighbouring area (representative point),2026-03-01 to 2026-05-31
2026,4,21,22,4.57,NASA POWER,https://power.larc.nasa.gov/,WS2M - Wind Speed at 2 m (m/s),SOA ITER neighbouring area (representative point),2026-03-01 to 2026-05-31
2026,4,21,23,4.49,NASA POWER,https://power.larc.nasa.gov/,WS2M - Wind Speed at 2 m (m/s),SOA ITER neighbouring area (representative point),2026-03-01 to 2026-05-31
2026,4,22,0,4.36,NASA POWER,https://power.larc.nasa.gov/,WS2M - Wind Speed at 2 m (m/s),SOA ITER neighbouring area (representative point),2026-03-01 to 2026-05-31
2026,4,22,1,4.22,NASA POWER,https://power.larc.nasa.gov/,WS2M - Wind Speed at 2 m (m/s),SOA ITER neighbouring area (representative point),2026-03-01 to 2026-05-31
2026,4,22,2,4.05,NASA POWER,https://power.larc.nasa.gov/,WS2M - Wind Speed at 2 m (m/s),SOA ITER neighbouring area (representative point),2026-03-01 to 2026-05-31
2026,4,22,3,3.79,NASA POWER,https://power.larc.nasa.gov/,WS2M - Wind Speed at 2 m (m/s),SOA ITER neighbouring area (representative point),2026-03-01 to 2026-05-31
2026,4,22,4,3.22,NASA POWER,https://power.larc.nasa.gov/,WS2M - Wind Speed at 2 m (m/s),SOA ITER neighbouring area (representative point),2026-03-01 to 2026-05-31
2026,4,22,5,2.65,NASA POWER,https://power.larc.nasa.gov/,WS2M - Wind Speed at 2 m (m/s),SOA ITER neighbouring area (representative point),2026-03-01 to 2026-05-31
2026,4,22,6,2.51,NASA POWER,https://power.larc.nasa.gov/,WS2M - Wind Speed at 2 m (m/s),SOA ITER neighbouring area (representative point),2026-03-01 to 2026-05-31
2026,4,22,7,2.6,NASA POWER,https://power.larc.nasa.gov/,WS2M - Wind Speed at 2 m (m/s),SOA ITER neighbouring area (representative point),2026-03-01 to 2026-05-31
2026,4,22,8,2.77,NASA POWER,https://power.larc.nasa.gov/,WS2M - Wind Speed at 2 m (m/s),SOA ITER neighbouring area (representative point),2026-03-01 to 2026-05-31
2026,4,22,9,2.79,NASA POWER,https://power.larc.nasa.gov/,WS2M - Wind Speed at 2 m (m/s),SOA ITER neighbouring area (representative point),2026-03-01 to 2026-05-31
2026,4,22,10,2.28,NASA POWER,https://power.larc.nasa.gov/,WS2M - Wind Speed at 2 m (m/s),SOA ITER neighbouring area (representative point),2026-03-01 to 2026-05-31
2026,4,22,11,1.47,NASA POWER,https://power.larc.nasa.gov/,WS2M - Wind Speed at 2 m (m/s),SOA ITER neighbouring area (representative point),2026-03-01 to 2026-05-31
2026,4,22,12,0.59,NASA POWER,https://power.larc.nasa.gov/,WS2M - Wind Speed at 2 m (m/s),SOA ITER neighbouring area (representative point),2026-03-01 to 2026-05-31
2026,4,22,13,0.96,NASA POWER,https://power.larc.nasa.gov/,WS2M - Wind Speed at 2 m (m/s),SOA ITER neighbouring area (representative point),2026-03-01 to 2026-05-31
2026,4,22,14,1.96,NASA POWER,https://power.larc.nasa.gov/,WS2M - Wind Speed at 2 m (m/s),SOA ITER neighbouring area (representative point),2026-03-01 to 2026-05-31
2026,4,22,15,2.83,NASA POWER,https://power.larc.nasa.gov/,WS2M - Wind Speed at 2 m (m/s),SOA ITER neighbouring area (representative point),2026-03-01 to 2026-05-31
2026,4,22,16,4.1,NASA POWER,https://power.larc.nasa.gov/,WS2M - Wind Speed at 2 m (m/s),SOA ITER neighbouring area (representative point),2026-03-01 to 2026-05-31
2026,4,22,17,5.19,NASA POWER,https://power.larc.nasa.gov/,WS2M - Wind Speed at 2 m (m/s),SOA ITER neighbouring area (representative point),2026-03-01 to 2026-05-31
2026,4,22,18,5.5,NASA POWER,https://power.larc.nasa.gov/,WS2M - Wind Speed at 2 m (m/s),SOA ITER neighbouring area (representative point),2026-03-01 to 2026-05-31
2026,4,22,19,5.35,NASA POWER,https://power.larc.nasa.gov/,WS2M - Wind Speed at 2 m (m/s),SOA ITER neighbouring area (representative point),2026-03-01 to 2026-05-31
2026,4,22,20,4.78,NASA POWER,https://power.larc.nasa.gov/,WS2M - Wind Speed at 2 m (m/s),SOA ITER neighbouring area (representative point),2026-03-01 to 2026-05-31
2026,4,22,21,4.04,NASA POWER,https://power.larc.nasa.gov/,WS2M - Wind Speed at 2 m (m/s),SOA ITER neighbouring area (representative point),2026-03-01 to 2026-05-31
2026,4,22,22,3.29,NASA POWER,https://power.larc.nasa.gov/,WS2M - Wind Speed at 2 m (m/s),SOA ITER neighbouring area (representative point),2026-03-01 to 2026-05-31
2026,4,22,23,3.03,NASA POWER,https://power.larc.nasa.gov/,WS2M - Wind Speed at 2 m (m/s),SOA ITER neighbouring area (representative point),2026-03-01 to 2026-05-31
2026,4,23,0,3.24,NASA POWER,https://power.larc.nasa.gov/,WS2M - Wind Speed at 2 m (m/s),SOA ITER neighbouring area (representative point),2026-03-01 to 2026-05-31
2026,4,23,1,3.69,NASA POWER,https://power.larc.nasa.gov/,WS2M - Wind Speed at 2 m (m/s),SOA ITER neighbouring area (representative point),2026-03-01 to 2026-05-31
2026,4,23,2,4.12,NASA POWER,https://power.larc.nasa.gov/,WS2M - Wind Speed at 2 m (m/s),SOA ITER neighbouring area (representative point),2026-03-01 to 2026-05-31
2026,4,23,3,3.88,NASA POWER,https://power.larc.nasa.gov/,WS2M - Wind Speed at 2 m (m/s),SOA ITER neighbouring area (representative point),2026-03-01 to 2026-05-31
2026,4,23,4,2.99,NASA POWER,https://power.larc.nasa.gov/,WS2M - Wind Speed at 2 m (m/s),SOA ITER neighbouring area (representative point),2026-03-01 to 2026-05-31
2026,4,23,5,2.33,NASA POWER,https://power.larc.nasa.gov/,WS2M - Wind Speed at 2 m (m/s),SOA ITER neighbouring area (representative point),2026-03-01 to 2026-05-31
2026,4,23,6,2.38,NASA POWER,https://power.larc.nasa.gov/,WS2M - Wind Speed at 2 m (m/s),SOA ITER neighbouring area (representative point),2026-03-01 to 2026-05-31
2026,4,23,7,2.69,NASA POWER,https://power.larc.nasa.gov/,WS2M - Wind Speed at 2 m (m/s),SOA ITER neighbouring area (representative point),2026-03-01 to 2026-05-31
2026,4,23,8,2.47,NASA POWER,https://power.larc.nasa.gov/,WS2M - Wind Speed at 2 m (m/s),SOA ITER neighbouring area (representative point),2026-03-01 to 2026-05-31
2026,4,23,9,2.11,NASA POWER,https://power.larc.nasa.gov/,WS2M - Wind Speed at 2 m (m/s),SOA ITER neighbouring area (representative point),2026-03-01 to 2026-05-31
2026,4,23,10,1.55,NASA POWER,https://power.larc.nasa.gov/,WS2M - Wind Speed at 2 m (m/s),SOA ITER neighbouring area (representative point),2026-03-01 to 2026-05-31
2026,4,23,11,1.26,NASA POWER,https://power.larc.nasa.gov/,WS2M - Wind Speed at 2 m (m/s),SOA ITER neighbouring area (representative point),2026-03-01 to 2026-05-31
2026,4,23,12,1.27,NASA POWER,https://power.larc.nasa.gov/,WS2M - Wind Speed at 2 m (m/s),SOA ITER neighbouring area (representative point),2026-03-01 to 2026-05-31
2026,4,23,13,1.24,NASA POWER,https://power.larc.nasa.gov/,WS2M - Wind Speed at 2 m (m/s),SOA ITER neighbouring area (representative point),2026-03-01 to 2026-05-31
2026,4,23,14,1.68,NASA POWER,https://power.larc.nasa.gov/,WS2M - Wind Speed at 2 m (m/s),SOA ITER neighbouring area (representative point),2026-03-01 to 2026-05-31
2026,4,23,15,2.73,NASA POWER,https://power.larc.nasa.gov/,WS2M - Wind Speed at 2 m (m/s),SOA ITER neighbouring area (representative point),2026-03-01 to 2026-05-31
2026,4,23,16,4.49,NASA POWER,https://power.larc.nasa.gov/,WS2M - Wind Speed at 2 m (m/s),SOA ITER neighbouring area (representative point),2026-03-01 to 2026-05-31
2026,4,23,17,5.78,NASA POWER,https://power.larc.nasa.gov/,WS2M - Wind Speed at 2 m (m/s),SOA ITER neighbouring area (representative point),2026-03-01 to 2026-05-31
2026,4,23,18,6.03,NASA POWER,https://power.larc.nasa.gov/,WS2M - Wind Speed at 2 m (m/s),SOA ITER neighbouring area (representative point),2026-03-01 to 2026-05-31
2026,4,23,19,6.01,NASA POWER,https://power.larc.nasa.gov/,WS2M - Wind Speed at 2 m (m/s),SOA ITER neighbouring area (representative point),2026-03-01 to 2026-05-31
2026,4,23,20,5.5,NASA POWER,https://power.larc.nasa.gov/,WS2M - Wind Speed at 2 m (m/s),SOA ITER neighbouring area (representative point),2026-03-01 to 2026-05-31
2026,4,23,21,5.04,NASA POWER,https://power.larc.nasa.gov/,WS2M - Wind Speed at 2 m (m/s),SOA ITER neighbouring area (representative point),2026-03-01 to 2026-05-31
2026,4,23,22,4.76,NASA POWER,https://power.larc.nasa.gov/,WS2M - Wind Speed at 2 m (m/s),SOA ITER neighbouring area (representative point),2026-03-01 to 2026-05-31
2026,4,23,23,4.66,NASA POWER,https://power.larc.nasa.gov/,WS2M - Wind Speed at 2 m (m/s),SOA ITER neighbouring area (representative point),2026-03-01 to 2026-05-31
2026,4,24,0,4.56,NASA POWER,https://power.larc.nasa.gov/,WS2M - Wind Speed at 2 m (m/s),SOA ITER neighbouring area (representative point),2026-03-01 to 2026-05-31
2026,4,24,1,4.34,NASA POWER,https://power.larc.nasa.gov/,WS2M - Wind Speed at 2 m (m/s),SOA ITER neighbouring area (representative point),2026-03-01 to 2026-05-31
2026,4,24,2,3.94,NASA POWER,https://power.larc.nasa.gov/,WS2M - Wind Speed at 2 m (m/s),SOA ITER neighbouring area (representative point),2026-03-01 to 2026-05-31
2026,4,24,3,3.52,NASA POWER,https://power.larc.nasa.gov/,WS2M - Wind Speed at 2 m (m/s),SOA ITER neighbouring area (representative point),2026-03-01 to 2026-05-31
2026,4,24,4,3.07,NASA POWER,https://power.larc.nasa.gov/,WS2M - Wind Speed at 2 m (m/s),SOA ITER neighbouring area (representative point),2026-03-01 to 2026-05-31
2026,4,24,5,2.64,NASA POWER,https://power.larc.nasa.gov/,WS2M - Wind Speed at 2 m (m/s),SOA ITER neighbouring area (representative point),2026-03-01 to 2026-05-31
2026,4,24,6,2.76,NASA POWER,https://power.larc.nasa.gov/,WS2M - Wind Speed at 2 m (m/s),SOA ITER neighbouring area (representative point),2026-03-01 to 2026-05-31
2026,4,24,7,2.9,NASA POWER,https://power.larc.nasa.gov/,WS2M - Wind Speed at 2 m (m/s),SOA ITER neighbouring area (representative point),2026-03-01 to 2026-05-31
2026,4,24,8,2.8,NASA POWER,https://power.larc.nasa.gov/,WS2M - Wind Speed at 2 m (m/s),SOA ITER neighbouring area (representative point),2026-03-01 to 2026-05-31
2026,4,24,9,2.55,NASA POWER,https://power.larc.nasa.gov/,WS2M - Wind Speed at 2 m (m/s),SOA ITER neighbouring area (representative point),2026-03-01 to 2026-05-31
2026,4,24,10,2.29,NASA POWER,https://power.larc.nasa.gov/,WS2M - Wind Speed at 2 m (m/s),SOA ITER neighbouring area (representative point),2026-03-01 to 2026-05-31
2026,4,24,11,2.39,NASA POWER,https://power.larc.nasa.gov/,WS2M - Wind Speed at 2 m (m/s),SOA ITER neighbouring area (representative point),2026-03-01 to 2026-05-31
2026,4,24,12,2.97,NASA POWER,https://power.larc.nasa.gov/,WS2M - Wind Speed at 2 m (m/s),SOA ITER neighbouring area (representative point),2026-03-01 to 2026-05-31
2026,4,24,13,3.9,NASA POWER,https://power.larc.nasa.gov/,WS2M - Wind Speed at 2 m (m/s),SOA ITER neighbouring area (representative point),2026-03-01 to 2026-05-31
2026,4,24,14,4.78,NASA POWER,https://power.larc.nasa.gov/,WS2M - Wind Speed at 2 m (m/s),SOA ITER neighbouring area (representative point),2026-03-01 to 2026-05-31
2026,4,24,15,4.99,NASA POWER,https://power.larc.nasa.gov/,WS2M - Wind Speed at 2 m (m/s),SOA ITER neighbouring area (representative point),2026-03-01 to 2026-05-31
2026,4,24,16,4.94,NASA POWER,https://power.larc.nasa.gov/,WS2M - Wind Speed at 2 m (m/s),SOA ITER neighbouring area (representative point),2026-03-01 to 2026-05-31
2026,4,24,17,4.97,NASA POWER,https://power.larc.nasa.gov/,WS2M - Wind Speed at 2 m (m/s),SOA ITER neighbouring area (representative point),2026-03-01 to 2026-05-31
2026,4,24,18,4.8,NASA POWER,https://power.larc.nasa.gov/,WS2M - Wind Speed at 2 m (m/s),SOA ITER neighbouring area (representative point),2026-03-01 to 2026-05-31
2026,4,24,19,4.6,NASA POWER,https://power.larc.nasa.gov/,WS2M - Wind Speed at 2 m (m/s),SOA ITER neighbouring area (representative point),2026-03-01 to 2026-05-31
2026,4,24,20,4.42,NASA POWER,https://power.larc.nasa.gov/,WS2M - Wind Speed at 2 m (m/s),SOA ITER neighbouring area (representative point),2026-03-01 to 2026-05-31
2026,4,24,21,4.36,NASA POWER,https://power.larc.nasa.gov/,WS2M - Wind Speed at 2 m (m/s),SOA ITER neighbouring area (representative point),2026-03-01 to 2026-05-31
2026,4,24,22,4.39,NASA POWER,https://power.larc.nasa.gov/,WS2M - Wind Speed at 2 m (m/s),SOA ITER neighbouring area (representative point),2026-03-01 to 2026-05-31
2026,4,24,23,4.32,NASA POWER,https://power.larc.nasa.gov/,WS2M - Wind Speed at 2 m (m/s),SOA ITER neighbouring area (representative point),2026-03-01 to 2026-05-31
2026,4,25,0,4.02,NASA POWER,https://power.larc.nasa.gov/,WS2M - Wind Speed at 2 m (m/s),SOA ITER neighbouring area (representative point),2026-03-01 to 2026-05-31
2026,4,25,1,3.63,NASA POWER,https://power.larc.nasa.gov/,WS2M - Wind Speed at 2 m (m/s),SOA ITER neighbouring area (representative point),2026-03-01 to 2026-05-31
2026,4,25,2,3.14,NASA POWER,https://power.larc.nasa.gov/,WS2M - Wind Speed at 2 m (m/s),SOA ITER neighbouring area (representative point),2026-03-01 to 2026-05-31
2026,4,25,3,2.81,NASA POWER,https://power.larc.nasa.gov/,WS2M - Wind Speed at 2 m (m/s),SOA ITER neighbouring area (representative point),2026-03-01 to 2026-05-31
2026,4,25,4,2.52,NASA POWER,https://power.larc.nasa.gov/,WS2M - Wind Speed at 2 m (m/s),SOA ITER neighbouring area (representative point),2026-03-01 to 2026-05-31
2026,4,25,5,2.16,NASA POWER,https://power.larc.nasa.gov/,WS2M - Wind Speed at 2 m (m/s),SOA ITER neighbouring area (representative point),2026-03-01 to 2026-05-31
2026,4,25,6,2.56,NASA POWER,https://power.larc.nasa.gov/,WS2M - Wind Speed at 2 m (m/s),SOA ITER neighbouring area (representative point),2026-03-01 to 2026-05-31
2026,4,25,7,3.19,NASA POWER,https://power.larc.nasa.gov/,WS2M - Wind Speed at 2 m (m/s),SOA ITER neighbouring area (representative point),2026-03-01 to 2026-05-31
2026,4,25,8,3.54,NASA POWER,https://power.larc.nasa.gov/,WS2M - Wind Speed at 2 m (m/s),SOA ITER neighbouring area (representative point),2026-03-01 to 2026-05-31
2026,4,25,9,3.68,NASA POWER,https://power.larc.nasa.gov/,WS2M - Wind Speed at 2 m (m/s),SOA ITER neighbouring area (representative point),2026-03-01 to 2026-05-31
2026,4,25,10,3.73,NASA POWER,https://power.larc.nasa.gov/,WS2M - Wind Speed at 2 m (m/s),SOA ITER neighbouring area (representative point),2026-03-01 to 2026-05-31
2026,4,25,11,3.78,NASA POWER,https://power.larc.nasa.gov/,WS2M - Wind Speed at 2 m (m/s),SOA ITER neighbouring area (representative point),2026-03-01 to 2026-05-31
2026,4,25,12,3.97,NASA POWER,https://power.larc.nasa.gov/,WS2M - Wind Speed at 2 m (m/s),SOA ITER neighbouring area (representative point),2026-03-01 to 2026-05-31
2026,4,25,13,4.44,NASA POWER,https://power.larc.nasa.gov/,WS2M - Wind Speed at 2 m (m/s),SOA ITER neighbouring area (representative point),2026-03-01 to 2026-05-31
2026,4,25,14,4.99,NASA POWER,https://power.larc.nasa.gov/,WS2M - Wind Speed at 2 m (m/s),SOA ITER neighbouring area (representative point),2026-03-01 to 2026-05-31
2026,4,25,15,5.37,NASA POWER,https://power.larc.nasa.gov/,WS2M - Wind Speed at 2 m (m/s),SOA ITER neighbouring area (representative point),2026-03-01 to 2026-05-31
2026,4,25,16,5.54,NASA POWER,https://power.larc.nasa.gov/,WS2M - Wind Speed at 2 m (m/s),SOA ITER neighbouring area (representative point),2026-03-01 to 2026-05-31
2026,4,25,17,5.57,NASA POWER,https://power.larc.nasa.gov/,WS2M - Wind Speed at 2 m (m/s),SOA ITER neighbouring area (representative point),2026-03-01 to 2026-05-31
2026,4,25,18,5.32,NASA POWER,https://power.larc.nasa.gov/,WS2M - Wind Speed at 2 m (m/s),SOA ITER neighbouring area (representative point),2026-03-01 to 2026-05-31
2026,4,25,19,5.01,NASA POWER,https://power.larc.nasa.gov/,WS2M - Wind Speed at 2 m (m/s),SOA ITER neighbouring area (representative point),2026-03-01 to 2026-05-31
2026,4,25,20,4.71,NASA POWER,https://power.larc.nasa.gov/,WS2M - Wind Speed at 2 m (m/s),SOA ITER neighbouring area (representative point),2026-03-01 to 2026-05-31
2026,4,25,21,4.47,NASA POWER,https://power.larc.nasa.gov/,WS2M - Wind Speed at 2 m (m/s),SOA ITER neighbouring area (representative point),2026-03-01 to 2026-05-31
2026,4,25,22,4.24,NASA POWER,https://power.larc.nasa.gov/,WS2M - Wind Speed at 2 m (m/s),SOA ITER neighbouring area (representative point),2026-03-01 to 2026-05-31
2026,4,25,23,4.2,NASA POWER,https://power.larc.nasa.gov/,WS2M - Wind Speed at 2 m (m/s),SOA ITER neighbouring area (representative point),2026-03-01 to 2026-05-31
2026,4,26,0,4.21,NASA POWER,https://power.larc.nasa.gov/,WS2M - Wind Speed at 2 m (m/s),SOA ITER neighbouring area (representative point),2026-03-01 to 2026-05-31
2026,4,26,1,4.09,NASA POWER,https://power.larc.nasa.gov/,WS2M - Wind Speed at 2 m (m/s),SOA ITER neighbouring area (representative point),2026-03-01 to 2026-05-31
2026,4,26,2,3.98,NASA POWER,https://power.larc.nasa.gov/,WS2M - Wind Speed at 2 m (m/s),SOA ITER neighbouring area (representative point),2026-03-01 to 2026-05-31
2026,4,26,3,3.91,NASA POWER,https://power.larc.nasa.gov/,WS2M - Wind Speed at 2 m (m/s),SOA ITER neighbouring area (representative point),2026-03-01 to 2026-05-31
2026,4,26,4,3.87,NASA POWER,https://power.larc.nasa.gov/,WS2M - Wind Speed at 2 m (m/s),SOA ITER neighbouring area (representative point),2026-03-01 to 2026-05-31
2026,4,26,5,3.89,NASA POWER,https://power.larc.nasa.gov/,WS2M - Wind Speed at 2 m (m/s),SOA ITER neighbouring area (representative point),2026-03-01 to 2026-05-31
2026,4,26,6,4.36,NASA POWER,https://power.larc.nasa.gov/,WS2M - Wind Speed at 2 m (m/s),SOA ITER neighbouring area (representative point),2026-03-01 to 2026-05-31
2026,4,26,7,4.99,NASA POWER,https://power.larc.nasa.gov/,WS2M - Wind Speed at 2 m (m/s),SOA ITER neighbouring area (representative point),2026-03-01 to 2026-05-31
2026,4,26,8,5.24,NASA POWER,https://power.larc.nasa.gov/,WS2M - Wind Speed at 2 m (m/s),SOA ITER neighbouring area (representative point),2026-03-01 to 2026-05-31
2026,4,26,9,5.35,NASA POWER,https://power.larc.nasa.gov/,WS2M - Wind Speed at 2 m (m/s),SOA ITER neighbouring area (representative point),2026-03-01 to 2026-05-31
2026,4,26,10,5.4,NASA POWER,https://power.larc.nasa.gov/,WS2M - Wind Speed at 2 m (m/s),SOA ITER neighbouring area (representative point),2026-03-01 to 2026-05-31
2026,4,26,11,5.51,NASA POWER,https://power.larc.nasa.gov/,WS2M - Wind Speed at 2 m (m/s),SOA ITER neighbouring area (representative point),2026-03-01 to 2026-05-31
2026,4,26,12,5.76,NASA POWER,https://power.larc.nasa.gov/,WS2M - Wind Speed at 2 m (m/s),SOA ITER neighbouring area (representative point),2026-03-01 to 2026-05-31
2026,4,26,13,6.21,NASA POWER,https://power.larc.nasa.gov/,WS2M - Wind Speed at 2 m (m/s),SOA ITER neighbouring area (representative point),2026-03-01 to 2026-05-31
2026,4,26,14,6.86,NASA POWER,https://power.larc.nasa.gov/,WS2M - Wind Speed at 2 m (m/s),SOA ITER neighbouring area (representative point),2026-03-01 to 2026-05-31
2026,4,26,15,7.35,NASA POWER,https://power.larc.nasa.gov/,WS2M - Wind Speed at 2 m (m/s),SOA ITER neighbouring area (representative point),2026-03-01 to 2026-05-31
2026,4,26,16,7.56,NASA POWER,https://power.larc.nasa.gov/,WS2M - Wind Speed at 2 m (m/s),SOA ITER neighbouring area (representative point),2026-03-01 to 2026-05-31
2026,4,26,17,7.42,NASA POWER,https://power.larc.nasa.gov/,WS2M - Wind Speed at 2 m (m/s),SOA ITER neighbouring area (representative point),2026-03-01 to 2026-05-31
2026,4,26,18,7.0,NASA POWER,https://power.larc.nasa.gov/,WS2M - Wind Speed at 2 m (m/s),SOA ITER neighbouring area (representative point),2026-03-01 to 2026-05-31
2026,4,26,19,6.77,NASA POWER,https://power.larc.nasa.gov/,WS2M - Wind Speed at 2 m (m/s),SOA ITER neighbouring area (representative point),2026-03-01 to 2026-05-31
2026,4,26,20,6.69,NASA POWER,https://power.larc.nasa.gov/,WS2M - Wind Speed at 2 m (m/s),SOA ITER neighbouring area (representative point),2026-03-01 to 2026-05-31
2026,4,26,21,6.56,NASA POWER,https://power.larc.nasa.gov/,WS2M - Wind Speed at 2 m (m/s),SOA ITER neighbouring area (representative point),2026-03-01 to 2026-05-31
2026,4,26,22,6.32,NASA POWER,https://power.larc.nasa.gov/,WS2M - Wind Speed at 2 m (m/s),SOA ITER neighbouring area (representative point),2026-03-01 to 2026-05-31
2026,4,26,23,6.24,NASA POWER,https://power.larc.nasa.gov/,WS2M - Wind Speed at 2 m (m/s),SOA ITER neighbouring area (representative point),2026-03-01 to 2026-05-31
2026,4,27,0,6.39,NASA POWER,https://power.larc.nasa.gov/,WS2M - Wind Speed at 2 m (m/s),SOA ITER neighbouring area (representative point),2026-03-01 to 2026-05-31
2026,4,27,1,6.55,NASA POWER,https://power.larc.nasa.gov/,WS2M - Wind Speed at 2 m (m/s),SOA ITER neighbouring area (representative point),2026-03-01 to 2026-05-31
2026,4,27,2,6.55,NASA POWER,https://power.larc.nasa.gov/,WS2M - Wind Speed at 2 m (m/s),SOA ITER neighbouring area (representative point),2026-03-01 to 2026-05-31
2026,4,27,3,6.35,NASA POWER,https://power.larc.nasa.gov/,WS2M - Wind Speed at 2 m (m/s),SOA ITER neighbouring area (representative point),2026-03-01 to 2026-05-31
2026,4,27,4,6.02,NASA POWER,https://power.larc.nasa.gov/,WS2M - Wind Speed at 2 m (m/s),SOA ITER neighbouring area (representative point),2026-03-01 to 2026-05-31
2026,4,27,5,5.81,NASA POWER,https://power.larc.nasa.gov/,WS2M - Wind Speed at 2 m (m/s),SOA ITER neighbouring area (representative point),2026-03-01 to 2026-05-31
2026,4,27,6,5.95,NASA POWER,https://power.larc.nasa.gov/,WS2M - Wind Speed at 2 m (m/s),SOA ITER neighbouring area (representative point),2026-03-01 to 2026-05-31
2026,4,27,7,6.64,NASA POWER,https://power.larc.nasa.gov/,WS2M - Wind Speed at 2 m (m/s),SOA ITER neighbouring area (representative point),2026-03-01 to 2026-05-31
2026,4,27,8,7.04,NASA POWER,https://power.larc.nasa.gov/,WS2M - Wind Speed at 2 m (m/s),SOA ITER neighbouring area (representative point),2026-03-01 to 2026-05-31
2026,4,27,9,6.85,NASA POWER,https://power.larc.nasa.gov/,WS2M - Wind Speed at 2 m (m/s),SOA ITER neighbouring area (representative point),2026-03-01 to 2026-05-31
2026,4,27,10,6.42,NASA POWER,https://power.larc.nasa.gov/,WS2M - Wind Speed at 2 m (m/s),SOA ITER neighbouring area (representative point),2026-03-01 to 2026-05-31
2026,4,27,11,6.0,NASA POWER,https://power.larc.nasa.gov/,WS2M - Wind Speed at 2 m (m/s),SOA ITER neighbouring area (representative point),2026-03-01 to 2026-05-31
2026,4,27,12,6.04,NASA POWER,https://power.larc.nasa.gov/,WS2M - Wind Speed at 2 m (m/s),SOA ITER neighbouring area (representative point),2026-03-01 to 2026-05-31
2026,4,27,13,6.64,NASA POWER,https://power.larc.nasa.gov/,WS2M - Wind Speed at 2 m (m/s),SOA ITER neighbouring area (representative point),2026-03-01 to 2026-05-31
2026,4,27,14,7.38,NASA POWER,https://power.larc.nasa.gov/,WS2M - Wind Speed at 2 m (m/s),SOA ITER neighbouring area (representative point),2026-03-01 to 2026-05-31
2026,4,27,15,8.09,NASA POWER,https://power.larc.nasa.gov/,WS2M - Wind Speed at 2 m (m/s),SOA ITER neighbouring area (representative point),2026-03-01 to 2026-05-31
2026,4,27,16,8.33,NASA POWER,https://power.larc.nasa.gov/,WS2M - Wind Speed at 2 m (m/s),SOA ITER neighbouring area (representative point),2026-03-01 to 2026-05-31
2026,4,27,17,8.0,NASA POWER,https://power.larc.nasa.gov/,WS2M - Wind Speed at 2 m (m/s),SOA ITER neighbouring area (representative point),2026-03-01 to 2026-05-31
2026,4,27,18,7.64,NASA POWER,https://power.larc.nasa.gov/,WS2M - Wind Speed at 2 m (m/s),SOA ITER neighbouring area (representative point),2026-03-01 to 2026-05-31
2026,4,27,19,7.44,NASA POWER,https://power.larc.nasa.gov/,WS2M - Wind Speed at 2 m (m/s),SOA ITER neighbouring area (representative point),2026-03-01 to 2026-05-31
2026,4,27,20,7.38,NASA POWER,https://power.larc.nasa.gov/,WS2M - Wind Speed at 2 m (m/s),SOA ITER neighbouring area (representative point),2026-03-01 to 2026-05-31
2026,4,27,21,7.27,NASA POWER,https://power.larc.nasa.gov/,WS2M - Wind Speed at 2 m (m/s),SOA ITER neighbouring area (representative point),2026-03-01 to 2026-05-31
2026,4,27,22,7.14,NASA POWER,https://power.larc.nasa.gov/,WS2M - Wind Speed at 2 m (m/s),SOA ITER neighbouring area (representative point),2026-03-01 to 2026-05-31
2026,4,27,23,6.94,NASA POWER,https://power.larc.nasa.gov/,WS2M - Wind Speed at 2 m (m/s),SOA ITER neighbouring area (representative point),2026-03-01 to 2026-05-31
2026,4,28,0,6.78,NASA POWER,https://power.larc.nasa.gov/,WS2M - Wind Speed at 2 m (m/s),SOA ITER neighbouring area (representative point),2026-03-01 to 2026-05-31
2026,4,28,1,6.59,NASA POWER,https://power.larc.nasa.gov/,WS2M - Wind Speed at 2 m (m/s),SOA ITER neighbouring area (representative point),2026-03-01 to 2026-05-31
2026,4,28,2,6.45,NASA POWER,https://power.larc.nasa.gov/,WS2M - Wind Speed at 2 m (m/s),SOA ITER neighbouring area (representative point),2026-03-01 to 2026-05-31
2026,4,28,3,6.14,NASA POWER,https://power.larc.nasa.gov/,WS2M - Wind Speed at 2 m (m/s),SOA ITER neighbouring area (representative point),2026-03-01 to 2026-05-31
2026,4,28,4,5.9,NASA POWER,https://power.larc.nasa.gov/,WS2M - Wind Speed at 2 m (m/s),SOA ITER neighbouring area (representative point),2026-03-01 to 2026-05-31
2026,4,28,5,5.8,NASA POWER,https://power.larc.nasa.gov/,WS2M - Wind Speed at 2 m (m/s),SOA ITER neighbouring area (representative point),2026-03-01 to 2026-05-31
2026,4,28,6,5.84,NASA POWER,https://power.larc.nasa.gov/,WS2M - Wind Speed at 2 m (m/s),SOA ITER neighbouring area (representative point),2026-03-01 to 2026-05-31
2026,4,28,7,6.06,NASA POWER,https://power.larc.nasa.gov/,WS2M - Wind Speed at 2 m (m/s),SOA ITER neighbouring area (representative point),2026-03-01 to 2026-05-31
2026,4,28,8,6.08,NASA POWER,https://power.larc.nasa.gov/,WS2M - Wind Speed at 2 m (m/s),SOA ITER neighbouring area (representative point),2026-03-01 to 2026-05-31
2026,4,28,9,5.84,NASA POWER,https://power.larc.nasa.gov/,WS2M - Wind Speed at 2 m (m/s),SOA ITER neighbouring area (representative point),2026-03-01 to 2026-05-31
2026,4,28,10,5.38,NASA POWER,https://power.larc.nasa.gov/,WS2M - Wind Speed at 2 m (m/s),SOA ITER neighbouring area (representative point),2026-03-01 to 2026-05-31
2026,4,28,11,5.13,NASA POWER,https://power.larc.nasa.gov/,WS2M - Wind Speed at 2 m (m/s),SOA ITER neighbouring area (representative point),2026-03-01 to 2026-05-31
2026,4,28,12,5.3,NASA POWER,https://power.larc.nasa.gov/,WS2M - Wind Speed at 2 m (m/s),SOA ITER neighbouring area (representative point),2026-03-01 to 2026-05-31
2026,4,28,13,5.56,NASA POWER,https://power.larc.nasa.gov/,WS2M - Wind Speed at 2 m (m/s),SOA ITER neighbouring area (representative point),2026-03-01 to 2026-05-31
2026,4,28,14,5.83,NASA POWER,https://power.larc.nasa.gov/,WS2M - Wind Speed at 2 m (m/s),SOA ITER neighbouring area (representative point),2026-03-01 to 2026-05-31
2026,4,28,15,6.25,NASA POWER,https://power.larc.nasa.gov/,WS2M - Wind Speed at 2 m (m/s),SOA ITER neighbouring area (representative point),2026-03-01 to 2026-05-31
2026,4,28,16,6.94,NASA POWER,https://power.larc.nasa.gov/,WS2M - Wind Speed at 2 m (m/s),SOA ITER neighbouring area (representative point),2026-03-01 to 2026-05-31
2026,4,28,17,7.74,NASA POWER,https://power.larc.nasa.gov/,WS2M - Wind Speed at 2 m (m/s),SOA ITER neighbouring area (representative point),2026-03-01 to 2026-05-31
2026,4,28,18,7.93,NASA POWER,https://power.larc.nasa.gov/,WS2M - Wind Speed at 2 m (m/s),SOA ITER neighbouring area (representative point),2026-03-01 to 2026-05-31
2026,4,28,19,7.63,NASA POWER,https://power.larc.nasa.gov/,WS2M - Wind Speed at 2 m (m/s),SOA ITER neighbouring area (representative point),2026-03-01 to 2026-05-31
2026,4,28,20,7.37,NASA POWER,https://power.larc.nasa.gov/,WS2M - Wind Speed at 2 m (m/s),SOA ITER neighbouring area (representative point),2026-03-01 to 2026-05-31
2026,4,28,21,7.05,NASA POWER,https://power.larc.nasa.gov/,WS2M - Wind Speed at 2 m (m/s),SOA ITER neighbouring area (representative point),2026-03-01 to 2026-05-31
2026,4,28,22,6.74,NASA POWER,https://power.larc.nasa.gov/,WS2M - Wind Speed at 2 m (m/s),SOA ITER neighbouring area (representative point),2026-03-01 to 2026-05-31
2026,4,28,23,6.45,NASA POWER,https://power.larc.nasa.gov/,WS2M - Wind Speed at 2 m (m/s),SOA ITER neighbouring area (representative point),2026-03-01 to 2026-05-31
2026,4,29,0,6.19,NASA POWER,https://power.larc.nasa.gov/,WS2M - Wind Speed at 2 m (m/s),SOA ITER neighbouring area (representative point),2026-03-01 to 2026-05-31
2026,4,29,1,5.8,NASA POWER,https://power.larc.nasa.gov/,WS2M - Wind Speed at 2 m (m/s),SOA ITER neighbouring area (representative point),2026-03-01 to 2026-05-31
2026,4,29,2,5.46,NASA POWER,https://power.larc.nasa.gov/,WS2M - Wind Speed at 2 m (m/s),SOA ITER neighbouring area (representative point),2026-03-01 to 2026-05-31
2026,4,29,3,5.22,NASA POWER,https://power.larc.nasa.gov/,WS2M - Wind Speed at 2 m (m/s),SOA ITER neighbouring area (representative point),2026-03-01 to 2026-05-31
2026,4,29,4,4.97,NASA POWER,https://power.larc.nasa.gov/,WS2M - Wind Speed at 2 m (m/s),SOA ITER neighbouring area (representative point),2026-03-01 to 2026-05-31
2026,4,29,5,4.75,NASA POWER,https://power.larc.nasa.gov/,WS2M - Wind Speed at 2 m (m/s),SOA ITER neighbouring area (representative point),2026-03-01 to 2026-05-31
2026,4,29,6,4.92,NASA POWER,https://power.larc.nasa.gov/,WS2M - Wind Speed at 2 m (m/s),SOA ITER neighbouring area (representative point),2026-03-01 to 2026-05-31
2026,4,29,7,5.2,NASA POWER,https://power.larc.nasa.gov/,WS2M - Wind Speed at 2 m (m/s),SOA ITER neighbouring area (representative point),2026-03-01 to 2026-05-31
2026,4,29,8,5.21,NASA POWER,https://power.larc.nasa.gov/,WS2M - Wind Speed at 2 m (m/s),SOA ITER neighbouring area (representative point),2026-03-01 to 2026-05-31
2026,4,29,9,5.03,NASA POWER,https://power.larc.nasa.gov/,WS2M - Wind Speed at 2 m (m/s),SOA ITER neighbouring area (representative point),2026-03-01 to 2026-05-31
2026,4,29,10,4.89,NASA POWER,https://power.larc.nasa.gov/,WS2M - Wind Speed at 2 m (m/s),SOA ITER neighbouring area (representative point),2026-03-01 to 2026-05-31
2026,4,29,11,5.1,NASA POWER,https://power.larc.nasa.gov/,WS2M - Wind Speed at 2 m (m/s),SOA ITER neighbouring area (representative point),2026-03-01 to 2026-05-31
2026,4,29,12,5.68,NASA POWER,https://power.larc.nasa.gov/,WS2M - Wind Speed at 2 m (m/s),SOA ITER neighbouring area (representative point),2026-03-01 to 2026-05-31
2026,4,29,13,6.5,NASA POWER,https://power.larc.nasa.gov/,WS2M - Wind Speed at 2 m (m/s),SOA ITER neighbouring area (representative point),2026-03-01 to 2026-05-31
2026,4,29,14,7.38,NASA POWER,https://power.larc.nasa.gov/,WS2M - Wind Speed at 2 m (m/s),SOA ITER neighbouring area (representative point),2026-03-01 to 2026-05-31
2026,4,29,15,8.19,NASA POWER,https://power.larc.nasa.gov/,WS2M - Wind Speed at 2 m (m/s),SOA ITER neighbouring area (representative point),2026-03-01 to 2026-05-31
2026,4,29,16,8.72,NASA POWER,https://power.larc.nasa.gov/,WS2M - Wind Speed at 2 m (m/s),SOA ITER neighbouring area (representative point),2026-03-01 to 2026-05-31
2026,4,29,17,8.66,NASA POWER,https://power.larc.nasa.gov/,WS2M - Wind Speed at 2 m (m/s),SOA ITER neighbouring area (representative point),2026-03-01 to 2026-05-31
2026,4,29,18,8.19,NASA POWER,https://power.larc.nasa.gov/,WS2M - Wind Speed at 2 m (m/s),SOA ITER neighbouring area (representative point),2026-03-01 to 2026-05-31
2026,4,29,19,7.72,NASA POWER,https://power.larc.nasa.gov/,WS2M - Wind Speed at 2 m (m/s),SOA ITER neighbouring area (representative point),2026-03-01 to 2026-05-31
2026,4,29,20,7.56,NASA POWER,https://power.larc.nasa.gov/,WS2M - Wind Speed at 2 m (m/s),SOA ITER neighbouring area (representative point),2026-03-01 to 2026-05-31
2026,4,29,21,7.41,NASA POWER,https://power.larc.nasa.gov/,WS2M - Wind Speed at 2 m (m/s),SOA ITER neighbouring area (representative point),2026-03-01 to 2026-05-31
2026,4,29,22,7.26,NASA POWER,https://power.larc.nasa.gov/,WS2M - Wind Speed at 2 m (m/s),SOA ITER neighbouring area (representative point),2026-03-01 to 2026-05-31
2026,4,29,23,6.96,NASA POWER,https://power.larc.nasa.gov/,WS2M - Wind Speed at 2 m (m/s),SOA ITER neighbouring area (representative point),2026-03-01 to 2026-05-31
2026,4,30,0,6.86,NASA POWER,https://power.larc.nasa.gov/,WS2M - Wind Speed at 2 m (m/s),SOA ITER neighbouring area (representative point),2026-03-01 to 2026-05-31
2026,4,30,1,7.03,NASA POWER,https://power.larc.nasa.gov/,WS2M - Wind Speed at 2 m (m/s),SOA ITER neighbouring area (representative point),2026-03-01 to 2026-05-31
2026,4,30,2,7.14,NASA POWER,https://power.larc.nasa.gov/,WS2M - Wind Speed at 2 m (m/s),SOA ITER neighbouring area (representative point),2026-03-01 to 2026-05-31
2026,4,30,3,6.55,NASA POWER,https://power.larc.nasa.gov/,WS2M - Wind Speed at 2 m (m/s),SOA ITER neighbouring area (representative point),2026-03-01 to 2026-05-31
2026,4,30,4,5.75,NASA POWER,https://power.larc.nasa.gov/,WS2M - Wind Speed at 2 m (m/s),SOA ITER neighbouring area (representative point),2026-03-01 to 2026-05-31
2026,4,30,5,5.26,NASA POWER,https://power.larc.nasa.gov/,WS2M - Wind Speed at 2 m (m/s),SOA ITER neighbouring area (representative point),2026-03-01 to 2026-05-31
2026,4,30,6,5.32,NASA POWER,https://power.larc.nasa.gov/,WS2M - Wind Speed at 2 m (m/s),SOA ITER neighbouring area (representative point),2026-03-01 to 2026-05-31
2026,4,30,7,5.85,NASA POWER,https://power.larc.nasa.gov/,WS2M - Wind Speed at 2 m (m/s),SOA ITER neighbouring area (representative point),2026-03-01 to 2026-05-31
2026,4,30,8,6.08,NASA POWER,https://power.larc.nasa.gov/,WS2M - Wind Speed at 2 m (m/s),SOA ITER neighbouring area (representative point),2026-03-01 to 2026-05-31
2026,4,30,9,6.29,NASA POWER,https://power.larc.nasa.gov/,WS2M - Wind Speed at 2 m (m/s),SOA ITER neighbouring area (representative point),2026-03-01 to 2026-05-31
2026,4,30,10,6.31,NASA POWER,https://power.larc.nasa.gov/,WS2M - Wind Speed at 2 m (m/s),SOA ITER neighbouring area (representative point),2026-03-01 to 2026-05-31
2026,4,30,11,6.24,NASA POWER,https://power.larc.nasa.gov/,WS2M - Wind Speed at 2 m (m/s),SOA ITER neighbouring area (representative point),2026-03-01 to 2026-05-31
2026,4,30,12,6.23,NASA POWER,https://power.larc.nasa.gov/,WS2M - Wind Speed at 2 m (m/s),SOA ITER neighbouring area (representative point),2026-03-01 to 2026-05-31
2026,4,30,13,6.28,NASA POWER,https://power.larc.nasa.gov/,WS2M - Wind Speed at 2 m (m/s),SOA ITER neighbouring area (representative point),2026-03-01 to 2026-05-31
2026,4,30,14,6.34,NASA POWER,https://power.larc.nasa.gov/,WS2M - Wind Speed at 2 m (m/s),SOA ITER neighbouring area (representative point),2026-03-01 to 2026-05-31
2026,4,30,15,6.57,NASA POWER,https://power.larc.nasa.gov/,WS2M - Wind Speed at 2 m (m/s),SOA ITER neighbouring area (representative point),2026-03-01 to 2026-05-31
2026,4,30,16,6.7,NASA POWER,https://power.larc.nasa.gov/,WS2M - Wind Speed at 2 m (m/s),SOA ITER neighbouring area (representative point),2026-03-01 to 2026-05-31
2026,4,30,17,6.51,NASA POWER,https://power.larc.nasa.gov/,WS2M - Wind Speed at 2 m (m/s),SOA ITER neighbouring area (representative point),2026-03-01 to 2026-05-31
2026,4,30,18,5.98,NASA POWER,https://power.larc.nasa.gov/,WS2M - Wind Speed at 2 m (m/s),SOA ITER neighbouring area (representative point),2026-03-01 to 2026-05-31
2026,4,30,19,5.75,NASA POWER,https://power.larc.nasa.gov/,WS2M - Wind Speed at 2 m (m/s),SOA ITER neighbouring area (representative point),2026-03-01 to 2026-05-31
2026,4,30,20,5.65,NASA POWER,https://power.larc.nasa.gov/,WS2M - Wind Speed at 2 m (m/s),SOA ITER neighbouring area (representative point),2026-03-01 to 2026-05-31
2026,4,30,21,5.43,NASA POWER,https://power.larc.nasa.gov/,WS2M - Wind Speed at 2 m (m/s),SOA ITER neighbouring area (representative point),2026-03-01 to 2026-05-31
2026,4,30,22,5.18,NASA POWER,https://power.larc.nasa.gov/,WS2M - Wind Speed at 2 m (m/s),SOA ITER neighbouring area (representative point),2026-03-01 to 2026-05-31
2026,4,30,23,5.0,NASA POWER,https://power.larc.nasa.gov/,WS2M - Wind Speed at 2 m (m/s),SOA ITER neighbouring area (representative point),2026-03-01 to 2026-05-31
2026,5,1,0,5.3,NASA POWER,https://power.larc.nasa.gov/,WS2M - Wind Speed at 2 m (m/s),SOA ITER neighbouring area (representative point),2026-03-01 to 2026-05-31
2026,5,1,1,6.02,NASA POWER,https://power.larc.nasa.gov/,WS2M - Wind Speed at 2 m (m/s),SOA ITER neighbouring area (representative point),2026-03-01 to 2026-05-31
2026,5,1,2,6.17,NASA POWER,https://power.larc.nasa.gov/,WS2M - Wind Speed at 2 m (m/s),SOA ITER neighbouring area (representative point),2026-03-01 to 2026-05-31
2026,5,1,3,5.17,NASA POWER,https://power.larc.nasa.gov/,WS2M - Wind Speed at 2 m (m/s),SOA ITER neighbouring area (representative point),2026-03-01 to 2026-05-31
2026,5,1,4,4.16,NASA POWER,https://power.larc.nasa.gov/,WS2M - Wind Speed at 2 m (m/s),SOA ITER neighbouring area (representative point),2026-03-01 to 2026-05-31
2026,5,1,5,3.47,NASA POWER,https://power.larc.nasa.gov/,WS2M - Wind Speed at 2 m (m/s),SOA ITER neighbouring area (representative point),2026-03-01 to 2026-05-31
2026,5,1,6,3.71,NASA POWER,https://power.larc.nasa.gov/,WS2M - Wind Speed at 2 m (m/s),SOA ITER neighbouring area (representative point),2026-03-01 to 2026-05-31
2026,5,1,7,4.7,NASA POWER,https://power.larc.nasa.gov/,WS2M - Wind Speed at 2 m (m/s),SOA ITER neighbouring area (representative point),2026-03-01 to 2026-05-31
2026,5,1,8,5.43,NASA POWER,https://power.larc.nasa.gov/,WS2M - Wind Speed at 2 m (m/s),SOA ITER neighbouring area (representative point),2026-03-01 to 2026-05-31
2026,5,1,9,5.51,NASA POWER,https://power.larc.nasa.gov/,WS2M - Wind Speed at 2 m (m/s),SOA ITER neighbouring area (representative point),2026-03-01 to 2026-05-31
2026,5,1,10,5.45,NASA POWER,https://power.larc.nasa.gov/,WS2M - Wind Speed at 2 m (m/s),SOA ITER neighbouring area (representative point),2026-03-01 to 2026-05-31
2026,5,1,11,5.61,NASA POWER,https://power.larc.nasa.gov/,WS2M - Wind Speed at 2 m (m/s),SOA ITER neighbouring area (representative point),2026-03-01 to 2026-05-31
2026,5,1,12,5.78,NASA POWER,https://power.larc.nasa.gov/,WS2M - Wind Speed at 2 m (m/s),SOA ITER neighbouring area (representative point),2026-03-01 to 2026-05-31
2026,5,1,13,5.68,NASA POWER,https://power.larc.nasa.gov/,WS2M - Wind Speed at 2 m (m/s),SOA ITER neighbouring area (representative point),2026-03-01 to 2026-05-31
2026,5,1,14,5.6,NASA POWER,https://power.larc.nasa.gov/,WS2M - Wind Speed at 2 m (m/s),SOA ITER neighbouring area (representative point),2026-03-01 to 2026-05-31
2026,5,1,15,5.22,NASA POWER,https://power.larc.nasa.gov/,WS2M - Wind Speed at 2 m (m/s),SOA ITER neighbouring area (representative point),2026-03-01 to 2026-05-31
2026,5,1,16,4.81,NASA POWER,https://power.larc.nasa.gov/,WS2M - Wind Speed at 2 m (m/s),SOA ITER neighbouring area (representative point),2026-03-01 to 2026-05-31
2026,5,1,17,4.89,NASA POWER,https://power.larc.nasa.gov/,WS2M - Wind Speed at 2 m (m/s),SOA ITER neighbouring area (representative point),2026-03-01 to 2026-05-31
2026,5,1,18,5.01,NASA POWER,https://power.larc.nasa.gov/,WS2M - Wind Speed at 2 m (m/s),SOA ITER neighbouring area (representative point),2026-03-01 to 2026-05-31
2026,5,1,19,5.04,NASA POWER,https://power.larc.nasa.gov/,WS2M - Wind Speed at 2 m (m/s),SOA ITER neighbouring area (representative point),2026-03-01 to 2026-05-31
2026,5,1,20,4.58,NASA POWER,https://power.larc.nasa.gov/,WS2M - Wind Speed at 2 m (m/s),SOA ITER neighbouring area (representative point),2026-03-01 to 2026-05-31
2026,5,1,21,4.39,NASA POWER,https://power.larc.nasa.gov/,WS2M - Wind Speed at 2 m (m/s),SOA ITER neighbouring area (representative point),2026-03-01 to 2026-05-31
2026,5,1,22,4.42,NASA POWER,https://power.larc.nasa.gov/,WS2M - Wind Speed at 2 m (m/s),SOA ITER neighbouring area (representative point),2026-03-01 to 2026-05-31
2026,5,1,23,4.5,NASA POWER,https://power.larc.nasa.gov/,WS2M - Wind Speed at 2 m (m/s),SOA ITER neighbouring area (representative point),2026-03-01 to 2026-05-31
2026,5,2,0,4.69,NASA POWER,https://power.larc.nasa.gov/,WS2M - Wind Speed at 2 m (m/s),SOA ITER neighbouring area (representative point),2026-03-01 to 2026-05-31
2026,5,2,1,4.79,NASA POWER,https://power.larc.nasa.gov/,WS2M - Wind Speed at 2 m (m/s),SOA ITER neighbouring area (representative point),2026-03-01 to 2026-05-31
2026,5,2,2,4.89,NASA POWER,https://power.larc.nasa.gov/,WS2M - Wind Speed at 2 m (m/s),SOA ITER neighbouring area (representative point),2026-03-01 to 2026-05-31
2026,5,2,3,4.95,NASA POWER,https://power.larc.nasa.gov/,WS2M - Wind Speed at 2 m (m/s),SOA ITER neighbouring area (representative point),2026-03-01 to 2026-05-31
2026,5,2,4,5.03,NASA POWER,https://power.larc.nasa.gov/,WS2M - Wind Speed at 2 m (m/s),SOA ITER neighbouring area (representative point),2026-03-01 to 2026-05-31
2026,5,2,5,5.21,NASA POWER,https://power.larc.nasa.gov/,WS2M - Wind Speed at 2 m (m/s),SOA ITER neighbouring area (representative point),2026-03-01 to 2026-05-31
2026,5,2,6,6.12,NASA POWER,https://power.larc.nasa.gov/,WS2M - Wind Speed at 2 m (m/s),SOA ITER neighbouring area (representative point),2026-03-01 to 2026-05-31
2026,5,2,7,7.23,NASA POWER,https://power.larc.nasa.gov/,WS2M - Wind Speed at 2 m (m/s),SOA ITER neighbouring area (representative point),2026-03-01 to 2026-05-31
2026,5,2,8,7.42,NASA POWER,https://power.larc.nasa.gov/,WS2M - Wind Speed at 2 m (m/s),SOA ITER neighbouring area (representative point),2026-03-01 to 2026-05-31
2026,5,2,9,7.17,NASA POWER,https://power.larc.nasa.gov/,WS2M - Wind Speed at 2 m (m/s),SOA ITER neighbouring area (representative point),2026-03-01 to 2026-05-31
2026,5,2,10,6.83,NASA POWER,https://power.larc.nasa.gov/,WS2M - Wind Speed at 2 m (m/s),SOA ITER neighbouring area (representative point),2026-03-01 to 2026-05-31
2026,5,2,11,6.57,NASA POWER,https://power.larc.nasa.gov/,WS2M - Wind Speed at 2 m (m/s),SOA ITER neighbouring area (representative point),2026-03-01 to 2026-05-31
2026,5,2,12,6.42,NASA POWER,https://power.larc.nasa.gov/,WS2M - Wind Speed at 2 m (m/s),SOA ITER neighbouring area (representative point),2026-03-01 to 2026-05-31
2026,5,2,13,6.29,NASA POWER,https://power.larc.nasa.gov/,WS2M - Wind Speed at 2 m (m/s),SOA ITER neighbouring area (representative point),2026-03-01 to 2026-05-31
2026,5,2,14,6.2,NASA POWER,https://power.larc.nasa.gov/,WS2M - Wind Speed at 2 m (m/s),SOA ITER neighbouring area (representative point),2026-03-01 to 2026-05-31
2026,5,2,15,6.32,NASA POWER,https://power.larc.nasa.gov/,WS2M - Wind Speed at 2 m (m/s),SOA ITER neighbouring area (representative point),2026-03-01 to 2026-05-31
2026,5,2,16,6.73,NASA POWER,https://power.larc.nasa.gov/,WS2M - Wind Speed at 2 m (m/s),SOA ITER neighbouring area (representative point),2026-03-01 to 2026-05-31
2026,5,2,17,7.09,NASA POWER,https://power.larc.nasa.gov/,WS2M - Wind Speed at 2 m (m/s),SOA ITER neighbouring area (representative point),2026-03-01 to 2026-05-31
2026,5,2,18,6.97,NASA POWER,https://power.larc.nasa.gov/,WS2M - Wind Speed at 2 m (m/s),SOA ITER neighbouring area (representative point),2026-03-01 to 2026-05-31
2026,5,2,19,6.65,NASA POWER,https://power.larc.nasa.gov/,WS2M - Wind Speed at 2 m (m/s),SOA ITER neighbouring area (representative point),2026-03-01 to 2026-05-31
2026,5,2,20,6.16,NASA POWER,https://power.larc.nasa.gov/,WS2M - Wind Speed at 2 m (m/s),SOA ITER neighbouring area (representative point),2026-03-01 to 2026-05-31
2026,5,2,21,5.74,NASA POWER,https://power.larc.nasa.gov/,WS2M - Wind Speed at 2 m (m/s),SOA ITER neighbouring area (representative point),2026-03-01 to 2026-05-31
2026,5,2,22,5.12,NASA POWER,https://power.larc.nasa.gov/,WS2M - Wind Speed at 2 m (m/s),SOA ITER neighbouring area (representative point),2026-03-01 to 2026-05-31
2026,5,2,23,4.36,NASA POWER,https://power.larc.nasa.gov/,WS2M - Wind Speed at 2 m (m/s),SOA ITER neighbouring area (representative point),2026-03-01 to 2026-05-31
2026,5,3,0,3.98,NASA POWER,https://power.larc.nasa.gov/,WS2M - Wind Speed at 2 m (m/s),SOA ITER neighbouring area (representative point),2026-03-01 to 2026-05-31
2026,5,3,1,4.27,NASA POWER,https://power.larc.nasa.gov/,WS2M - Wind Speed at 2 m (m/s),SOA ITER neighbouring area (representative point),2026-03-01 to 2026-05-31
2026,5,3,2,4.32,NASA POWER,https://power.larc.nasa.gov/,WS2M - Wind Speed at 2 m (m/s),SOA ITER neighbouring area (representative point),2026-03-01 to 2026-05-31
2026,5,3,3,4.04,NASA POWER,https://power.larc.nasa.gov/,WS2M - Wind Speed at 2 m (m/s),SOA ITER neighbouring area (representative point),2026-03-01 to 2026-05-31
2026,5,3,4,3.84,NASA POWER,https://power.larc.nasa.gov/,WS2M - Wind Speed at 2 m (m/s),SOA ITER neighbouring area (representative point),2026-03-01 to 2026-05-31
2026,5,3,5,3.89,NASA POWER,https://power.larc.nasa.gov/,WS2M - Wind Speed at 2 m (m/s),SOA ITER neighbouring area (representative point),2026-03-01 to 2026-05-31
2026,5,3,6,4.5,NASA POWER,https://power.larc.nasa.gov/,WS2M - Wind Speed at 2 m (m/s),SOA ITER neighbouring area (representative point),2026-03-01 to 2026-05-31
2026,5,3,7,5.08,NASA POWER,https://power.larc.nasa.gov/,WS2M - Wind Speed at 2 m (m/s),SOA ITER neighbouring area (representative point),2026-03-01 to 2026-05-31
2026,5,3,8,5.17,NASA POWER,https://power.larc.nasa.gov/,WS2M - Wind Speed at 2 m (m/s),SOA ITER neighbouring area (representative point),2026-03-01 to 2026-05-31
2026,5,3,9,4.84,NASA POWER,https://power.larc.nasa.gov/,WS2M - Wind Speed at 2 m (m/s),SOA ITER neighbouring area (representative point),2026-03-01 to 2026-05-31
2026,5,3,10,4.2,NASA POWER,https://power.larc.nasa.gov/,WS2M - Wind Speed at 2 m (m/s),SOA ITER neighbouring area (representative point),2026-03-01 to 2026-05-31
2026,5,3,11,3.58,NASA POWER,https://power.larc.nasa.gov/,WS2M - Wind Speed at 2 m (m/s),SOA ITER neighbouring area (representative point),2026-03-01 to 2026-05-31
2026,5,3,12,3.33,NASA POWER,https://power.larc.nasa.gov/,WS2M - Wind Speed at 2 m (m/s),SOA ITER neighbouring area (representative point),2026-03-01 to 2026-05-31
2026,5,3,13,3.6,NASA POWER,https://power.larc.nasa.gov/,WS2M - Wind Speed at 2 m (m/s),SOA ITER neighbouring area (representative point),2026-03-01 to 2026-05-31
2026,5,3,14,4.26,NASA POWER,https://power.larc.nasa.gov/,WS2M - Wind Speed at 2 m (m/s),SOA ITER neighbouring area (representative point),2026-03-01 to 2026-05-31
2026,5,3,15,4.93,NASA POWER,https://power.larc.nasa.gov/,WS2M - Wind Speed at 2 m (m/s),SOA ITER neighbouring area (representative point),2026-03-01 to 2026-05-31
2026,5,3,16,5.41,NASA POWER,https://power.larc.nasa.gov/,WS2M - Wind Speed at 2 m (m/s),SOA ITER neighbouring area (representative point),2026-03-01 to 2026-05-31
2026,5,3,17,5.65,NASA POWER,https://power.larc.nasa.gov/,WS2M - Wind Speed at 2 m (m/s),SOA ITER neighbouring area (representative point),2026-03-01 to 2026-05-31
2026,5,3,18,5.38,NASA POWER,https://power.larc.nasa.gov/,WS2M - Wind Speed at 2 m (m/s),SOA ITER neighbouring area (representative point),2026-03-01 to 2026-05-31
2026,5,3,19,4.95,NASA POWER,https://power.larc.nasa.gov/,WS2M - Wind Speed at 2 m (m/s),SOA ITER neighbouring area (representative point),2026-03-01 to 2026-05-31
2026,5,3,20,4.69,NASA POWER,https://power.larc.nasa.gov/,WS2M - Wind Speed at 2 m (m/s),SOA ITER neighbouring area (representative point),2026-03-01 to 2026-05-31
2026,5,3,21,4.59,NASA POWER,https://power.larc.nasa.gov/,WS2M - Wind Speed at 2 m (m/s),SOA ITER neighbouring area (representative point),2026-03-01 to 2026-05-31
2026,5,3,22,4.57,NASA POWER,https://power.larc.nasa.gov/,WS2M - Wind Speed at 2 m (m/s),SOA ITER neighbouring area (representative point),2026-03-01 to 2026-05-31
2026,5,3,23,4.49,NASA POWER,https://power.larc.nasa.gov/,WS2M - Wind Speed at 2 m (m/s),SOA ITER neighbouring area (representative point),2026-03-01 to 2026-05-31
2026,5,4,0,4.36,NASA POWER,https://power.larc.nasa.gov/,WS2M - Wind Speed at 2 m (m/s),SOA ITER neighbouring area (representative point),2026-03-01 to 2026-05-31
2026,5,4,1,4.28,NASA POWER,https://power.larc.nasa.gov/,WS2M - Wind Speed at 2 m (m/s),SOA ITER neighbouring area (representative point),2026-03-01 to 2026-05-31
2026,5,4,2,4.3,NASA POWER,https://power.larc.nasa.gov/,WS2M - Wind Speed at 2 m (m/s),SOA ITER neighbouring area (representative point),2026-03-01 to 2026-05-31
2026,5,4,3,4.12,NASA POWER,https://power.larc.nasa.gov/,WS2M - Wind Speed at 2 m (m/s),SOA ITER neighbouring area (representative point),2026-03-01 to 2026-05-31
2026,5,4,4,3.92,NASA POWER,https://power.larc.nasa.gov/,WS2M - Wind Speed at 2 m (m/s),SOA ITER neighbouring area (representative point),2026-03-01 to 2026-05-31
2026,5,4,5,3.8,NASA POWER,https://power.larc.nasa.gov/,WS2M - Wind Speed at 2 m (m/s),SOA ITER neighbouring area (representative point),2026-03-01 to 2026-05-31
2026,5,4,6,4.08,NASA POWER,https://power.larc.nasa.gov/,WS2M - Wind Speed at 2 m (m/s),SOA ITER neighbouring area (representative point),2026-03-01 to 2026-05-31
2026,5,4,7,4.56,NASA POWER,https://power.larc.nasa.gov/,WS2M - Wind Speed at 2 m (m/s),SOA ITER neighbouring area (representative point),2026-03-01 to 2026-05-31
2026,5,4,8,4.55,NASA POWER,https://power.larc.nasa.gov/,WS2M - Wind Speed at 2 m (m/s),SOA ITER neighbouring area (representative point),2026-03-01 to 2026-05-31
2026,5,4,9,4.26,NASA POWER,https://power.larc.nasa.gov/,WS2M - Wind Speed at 2 m (m/s),SOA ITER neighbouring area (representative point),2026-03-01 to 2026-05-31
2026,5,4,10,4.01,NASA POWER,https://power.larc.nasa.gov/,WS2M - Wind Speed at 2 m (m/s),SOA ITER neighbouring area (representative point),2026-03-01 to 2026-05-31
2026,5,4,11,3.96,NASA POWER,https://power.larc.nasa.gov/,WS2M - Wind Speed at 2 m (m/s),SOA ITER neighbouring area (representative point),2026-03-01 to 2026-05-31
2026,5,4,12,4.03,NASA POWER,https://power.larc.nasa.gov/,WS2M - Wind Speed at 2 m (m/s),SOA ITER neighbouring area (representative point),2026-03-01 to 2026-05-31
2026,5,4,13,4.21,NASA POWER,https://power.larc.nasa.gov/,WS2M - Wind Speed at 2 m (m/s),SOA ITER neighbouring area (representative point),2026-03-01 to 2026-05-31
2026,5,4,14,4.5,NASA POWER,https://power.larc.nasa.gov/,WS2M - Wind Speed at 2 m (m/s),SOA ITER neighbouring area (representative point),2026-03-01 to 2026-05-31
2026,5,4,15,4.7,NASA POWER,https://power.larc.nasa.gov/,WS2M - Wind Speed at 2 m (m/s),SOA ITER neighbouring area (representative point),2026-03-01 to 2026-05-31
2026,5,4,16,4.78,NASA POWER,https://power.larc.nasa.gov/,WS2M - Wind Speed at 2 m (m/s),SOA ITER neighbouring area (representative point),2026-03-01 to 2026-05-31
2026,5,4,17,4.77,NASA POWER,https://power.larc.nasa.gov/,WS2M - Wind Speed at 2 m (m/s),SOA ITER neighbouring area (representative point),2026-03-01 to 2026-05-31
2026,5,4,18,4.56,NASA POWER,https://power.larc.nasa.gov/,WS2M - Wind Speed at 2 m (m/s),SOA ITER neighbouring area (representative point),2026-03-01 to 2026-05-31
2026,5,4,19,4.39,NASA POWER,https://power.larc.nasa.gov/,WS2M - Wind Speed at 2 m (m/s),SOA ITER neighbouring area (representative point),2026-03-01 to 2026-05-31
2026,5,4,20,4.24,NASA POWER,https://power.larc.nasa.gov/,WS2M - Wind Speed at 2 m (m/s),SOA ITER neighbouring area (representative point),2026-03-01 to 2026-05-31
2026,5,4,21,4.15,NASA POWER,https://power.larc.nasa.gov/,WS2M - Wind Speed at 2 m (m/s),SOA ITER neighbouring area (representative point),2026-03-01 to 2026-05-31
2026,5,4,22,4.07,NASA POWER,https://power.larc.nasa.gov/,WS2M - Wind Speed at 2 m (m/s),SOA ITER neighbouring area (representative point),2026-03-01 to 2026-05-31
2026,5,4,23,3.86,NASA POWER,https://power.larc.nasa.gov/,WS2M - Wind Speed at 2 m (m/s),SOA ITER neighbouring area (representative point),2026-03-01 to 2026-05-31
2026,5,5,0,3.59,NASA POWER,https://power.larc.nasa.gov/,WS2M - Wind Speed at 2 m (m/s),SOA ITER neighbouring area (representative point),2026-03-01 to 2026-05-31
2026,5,5,1,3.25,NASA POWER,https://power.larc.nasa.gov/,WS2M - Wind Speed at 2 m (m/s),SOA ITER neighbouring area (representative point),2026-03-01 to 2026-05-31
2026,5,5,2,2.88,NASA POWER,https://power.larc.nasa.gov/,WS2M - Wind Speed at 2 m (m/s),SOA ITER neighbouring area (representative point),2026-03-01 to 2026-05-31
2026,5,5,3,2.43,NASA POWER,https://power.larc.nasa.gov/,WS2M - Wind Speed at 2 m (m/s),SOA ITER neighbouring area (representative point),2026-03-01 to 2026-05-31
2026,5,5,4,2.01,NASA POWER,https://power.larc.nasa.gov/,WS2M - Wind Speed at 2 m (m/s),SOA ITER neighbouring area (representative point),2026-03-01 to 2026-05-31
2026,5,5,5,1.72,NASA POWER,https://power.larc.nasa.gov/,WS2M - Wind Speed at 2 m (m/s),SOA ITER neighbouring area (representative point),2026-03-01 to 2026-05-31
2026,5,5,6,2.1,NASA POWER,https://power.larc.nasa.gov/,WS2M - Wind Speed at 2 m (m/s),SOA ITER neighbouring area (representative point),2026-03-01 to 2026-05-31
2026,5,5,7,2.55,NASA POWER,https://power.larc.nasa.gov/,WS2M - Wind Speed at 2 m (m/s),SOA ITER neighbouring area (representative point),2026-03-01 to 2026-05-31
2026,5,5,8,2.84,NASA POWER,https://power.larc.nasa.gov/,WS2M - Wind Speed at 2 m (m/s),SOA ITER neighbouring area (representative point),2026-03-01 to 2026-05-31
2026,5,5,9,3.02,NASA POWER,https://power.larc.nasa.gov/,WS2M - Wind Speed at 2 m (m/s),SOA ITER neighbouring area (representative point),2026-03-01 to 2026-05-31
2026,5,5,10,3.21,NASA POWER,https://power.larc.nasa.gov/,WS2M - Wind Speed at 2 m (m/s),SOA ITER neighbouring area (representative point),2026-03-01 to 2026-05-31
2026,5,5,11,3.49,NASA POWER,https://power.larc.nasa.gov/,WS2M - Wind Speed at 2 m (m/s),SOA ITER neighbouring area (representative point),2026-03-01 to 2026-05-31
2026,5,5,12,3.72,NASA POWER,https://power.larc.nasa.gov/,WS2M - Wind Speed at 2 m (m/s),SOA ITER neighbouring area (representative point),2026-03-01 to 2026-05-31
2026,5,5,13,3.91,NASA POWER,https://power.larc.nasa.gov/,WS2M - Wind Speed at 2 m (m/s),SOA ITER neighbouring area (representative point),2026-03-01 to 2026-05-31
2026,5,5,14,4.0,NASA POWER,https://power.larc.nasa.gov/,WS2M - Wind Speed at 2 m (m/s),SOA ITER neighbouring area (representative point),2026-03-01 to 2026-05-31
2026,5,5,15,4.21,NASA POWER,https://power.larc.nasa.gov/,WS2M - Wind Speed at 2 m (m/s),SOA ITER neighbouring area (representative point),2026-03-01 to 2026-05-31
2026,5,5,16,4.33,NASA POWER,https://power.larc.nasa.gov/,WS2M - Wind Speed at 2 m (m/s),SOA ITER neighbouring area (representative point),2026-03-01 to 2026-05-31
2026,5,5,17,4.15,NASA POWER,https://power.larc.nasa.gov/,WS2M - Wind Speed at 2 m (m/s),SOA ITER neighbouring area (representative point),2026-03-01 to 2026-05-31
2026,5,5,18,3.28,NASA POWER,https://power.larc.nasa.gov/,WS2M - Wind Speed at 2 m (m/s),SOA ITER neighbouring area (representative point),2026-03-01 to 2026-05-31
2026,5,5,19,2.93,NASA POWER,https://power.larc.nasa.gov/,WS2M - Wind Speed at 2 m (m/s),SOA ITER neighbouring area (representative point),2026-03-01 to 2026-05-31
2026,5,5,20,2.7,NASA POWER,https://power.larc.nasa.gov/,WS2M - Wind Speed at 2 m (m/s),SOA ITER neighbouring area (representative point),2026-03-01 to 2026-05-31
2026,5,5,21,2.47,NASA POWER,https://power.larc.nasa.gov/,WS2M - Wind Speed at 2 m (m/s),SOA ITER neighbouring area (representative point),2026-03-01 to 2026-05-31
2026,5,5,22,2.33,NASA POWER,https://power.larc.nasa.gov/,WS2M - Wind Speed at 2 m (m/s),SOA ITER neighbouring area (representative point),2026-03-01 to 2026-05-31
2026,5,5,23,2.24,NASA POWER,https://power.larc.nasa.gov/,WS2M - Wind Speed at 2 m (m/s),SOA ITER neighbouring area (representative point),2026-03-01 to 2026-05-31
2026,5,6,0,2.13,NASA POWER,https://power.larc.nasa.gov/,WS2M - Wind Speed at 2 m (m/s),SOA ITER neighbouring area (representative point),2026-03-01 to 2026-05-31
2026,5,6,1,1.96,NASA POWER,https://power.larc.nasa.gov/,WS2M - Wind Speed at 2 m (m/s),SOA ITER neighbouring area (representative point),2026-03-01 to 2026-05-31
2026,5,6,2,1.8,NASA POWER,https://power.larc.nasa.gov/,WS2M - Wind Speed at 2 m (m/s),SOA ITER neighbouring area (representative point),2026-03-01 to 2026-05-31
2026,5,6,3,1.57,NASA POWER,https://power.larc.nasa.gov/,WS2M - Wind Speed at 2 m (m/s),SOA ITER neighbouring area (representative point),2026-03-01 to 2026-05-31
2026,5,6,4,1.38,NASA POWER,https://power.larc.nasa.gov/,WS2M - Wind Speed at 2 m (m/s),SOA ITER neighbouring area (representative point),2026-03-01 to 2026-05-31
2026,5,6,5,1.29,NASA POWER,https://power.larc.nasa.gov/,WS2M - Wind Speed at 2 m (m/s),SOA ITER neighbouring area (representative point),2026-03-01 to 2026-05-31
2026,5,6,6,1.38,NASA POWER,https://power.larc.nasa.gov/,WS2M - Wind Speed at 2 m (m/s),SOA ITER neighbouring area (representative point),2026-03-01 to 2026-05-31
2026,5,6,7,1.78,NASA POWER,https://power.larc.nasa.gov/,WS2M - Wind Speed at 2 m (m/s),SOA ITER neighbouring area (representative point),2026-03-01 to 2026-05-31
2026,5,6,8,1.91,NASA POWER,https://power.larc.nasa.gov/,WS2M - Wind Speed at 2 m (m/s),SOA ITER neighbouring area (representative point),2026-03-01 to 2026-05-31
2026,5,6,9,1.97,NASA POWER,https://power.larc.nasa.gov/,WS2M - Wind Speed at 2 m (m/s),SOA ITER neighbouring area (representative point),2026-03-01 to 2026-05-31
2026,5,6,10,2.07,NASA POWER,https://power.larc.nasa.gov/,WS2M - Wind Speed at 2 m (m/s),SOA ITER neighbouring area (representative point),2026-03-01 to 2026-05-31
2026,5,6,11,2.24,NASA POWER,https://power.larc.nasa.gov/,WS2M - Wind Speed at 2 m (m/s),SOA ITER neighbouring area (representative point),2026-03-01 to 2026-05-31
2026,5,6,12,2.58,NASA POWER,https://power.larc.nasa.gov/,WS2M - Wind Speed at 2 m (m/s),SOA ITER neighbouring area (representative point),2026-03-01 to 2026-05-31
2026,5,6,13,3.09,NASA POWER,https://power.larc.nasa.gov/,WS2M - Wind Speed at 2 m (m/s),SOA ITER neighbouring area (representative point),2026-03-01 to 2026-05-31
2026,5,6,14,3.76,NASA POWER,https://power.larc.nasa.gov/,WS2M - Wind Speed at 2 m (m/s),SOA ITER neighbouring area (representative point),2026-03-01 to 2026-05-31
2026,5,6,15,4.45,NASA POWER,https://power.larc.nasa.gov/,WS2M - Wind Speed at 2 m (m/s),SOA ITER neighbouring area (representative point),2026-03-01 to 2026-05-31
2026,5,6,16,5.04,NASA POWER,https://power.larc.nasa.gov/,WS2M - Wind Speed at 2 m (m/s),SOA ITER neighbouring area (representative point),2026-03-01 to 2026-05-31
2026,5,6,17,5.52,NASA POWER,https://power.larc.nasa.gov/,WS2M - Wind Speed at 2 m (m/s),SOA ITER neighbouring area (representative point),2026-03-01 to 2026-05-31
2026,5,6,18,5.56,NASA POWER,https://power.larc.nasa.gov/,WS2M - Wind Speed at 2 m (m/s),SOA ITER neighbouring area (representative point),2026-03-01 to 2026-05-31
2026,5,6,19,5.3,NASA POWER,https://power.larc.nasa.gov/,WS2M - Wind Speed at 2 m (m/s),SOA ITER neighbouring area (representative point),2026-03-01 to 2026-05-31
2026,5,6,20,4.87,NASA POWER,https://power.larc.nasa.gov/,WS2M - Wind Speed at 2 m (m/s),SOA ITER neighbouring area (representative point),2026-03-01 to 2026-05-31
2026,5,6,21,4.46,NASA POWER,https://power.larc.nasa.gov/,WS2M - Wind Speed at 2 m (m/s),SOA ITER neighbouring area (representative point),2026-03-01 to 2026-05-31
2026,5,6,22,4.27,NASA POWER,https://power.larc.nasa.gov/,WS2M - Wind Speed at 2 m (m/s),SOA ITER neighbouring area (representative point),2026-03-01 to 2026-05-31
2026,5,6,23,4.08,NASA POWER,https://power.larc.nasa.gov/,WS2M - Wind Speed at 2 m (m/s),SOA ITER neighbouring area (representative point),2026-03-01 to 2026-05-31
2026,5,7,0,3.86,NASA POWER,https://power.larc.nasa.gov/,WS2M - Wind Speed at 2 m (m/s),SOA ITER neighbouring area (representative point),2026-03-01 to 2026-05-31
2026,5,7,1,3.6,NASA POWER,https://power.larc.nasa.gov/,WS2M - Wind Speed at 2 m (m/s),SOA ITER neighbouring area (representative point),2026-03-01 to 2026-05-31
2026,5,7,2,3.34,NASA POWER,https://power.larc.nasa.gov/,WS2M - Wind Speed at 2 m (m/s),SOA ITER neighbouring area (representative point),2026-03-01 to 2026-05-31
2026,5,7,3,3.11,NASA POWER,https://power.larc.nasa.gov/,WS2M - Wind Speed at 2 m (m/s),SOA ITER neighbouring area (representative point),2026-03-01 to 2026-05-31
2026,5,7,4,2.95,NASA POWER,https://power.larc.nasa.gov/,WS2M - Wind Speed at 2 m (m/s),SOA ITER neighbouring area (representative point),2026-03-01 to 2026-05-31
2026,5,7,5,2.81,NASA POWER,https://power.larc.nasa.gov/,WS2M - Wind Speed at 2 m (m/s),SOA ITER neighbouring area (representative point),2026-03-01 to 2026-05-31
2026,5,7,6,3.53,NASA POWER,https://power.larc.nasa.gov/,WS2M - Wind Speed at 2 m (m/s),SOA ITER neighbouring area (representative point),2026-03-01 to 2026-05-31
2026,5,7,7,4.27,NASA POWER,https://power.larc.nasa.gov/,WS2M - Wind Speed at 2 m (m/s),SOA ITER neighbouring area (representative point),2026-03-01 to 2026-05-31
2026,5,7,8,4.35,NASA POWER,https://power.larc.nasa.gov/,WS2M - Wind Speed at 2 m (m/s),SOA ITER neighbouring area (representative point),2026-03-01 to 2026-05-31
2026,5,7,9,4.12,NASA POWER,https://power.larc.nasa.gov/,WS2M - Wind Speed at 2 m (m/s),SOA ITER neighbouring area (representative point),2026-03-01 to 2026-05-31
2026,5,7,10,3.84,NASA POWER,https://power.larc.nasa.gov/,WS2M - Wind Speed at 2 m (m/s),SOA ITER neighbouring area (representative point),2026-03-01 to 2026-05-31
2026,5,7,11,3.67,NASA POWER,https://power.larc.nasa.gov/,WS2M - Wind Speed at 2 m (m/s),SOA ITER neighbouring area (representative point),2026-03-01 to 2026-05-31
2026,5,7,12,3.64,NASA POWER,https://power.larc.nasa.gov/,WS2M - Wind Speed at 2 m (m/s),SOA ITER neighbouring area (representative point),2026-03-01 to 2026-05-31
2026,5,7,13,3.74,NASA POWER,https://power.larc.nasa.gov/,WS2M - Wind Speed at 2 m (m/s),SOA ITER neighbouring area (representative point),2026-03-01 to 2026-05-31
2026,5,7,14,3.98,NASA POWER,https://power.larc.nasa.gov/,WS2M - Wind Speed at 2 m (m/s),SOA ITER neighbouring area (representative point),2026-03-01 to 2026-05-31
2026,5,7,15,4.09,NASA POWER,https://power.larc.nasa.gov/,WS2M - Wind Speed at 2 m (m/s),SOA ITER neighbouring area (representative point),2026-03-01 to 2026-05-31
2026,5,7,16,4.09,NASA POWER,https://power.larc.nasa.gov/,WS2M - Wind Speed at 2 m (m/s),SOA ITER neighbouring area (representative point),2026-03-01 to 2026-05-31
2026,5,7,17,4.12,NASA POWER,https://power.larc.nasa.gov/,WS2M - Wind Speed at 2 m (m/s),SOA ITER neighbouring area (representative point),2026-03-01 to 2026-05-31
2026,5,7,18,3.98,NASA POWER,https://power.larc.nasa.gov/,WS2M - Wind Speed at 2 m (m/s),SOA ITER neighbouring area (representative point),2026-03-01 to 2026-05-31
2026,5,7,19,3.93,NASA POWER,https://power.larc.nasa.gov/,WS2M - Wind Speed at 2 m (m/s),SOA ITER neighbouring area (representative point),2026-03-01 to 2026-05-31
2026,5,7,20,3.75,NASA POWER,https://power.larc.nasa.gov/,WS2M - Wind Speed at 2 m (m/s),SOA ITER neighbouring area (representative point),2026-03-01 to 2026-05-31
2026,5,7,21,3.61,NASA POWER,https://power.larc.nasa.gov/,WS2M - Wind Speed at 2 m (m/s),SOA ITER neighbouring area (representative point),2026-03-01 to 2026-05-31
2026,5,7,22,3.65,NASA POWER,https://power.larc.nasa.gov/,WS2M - Wind Speed at 2 m (m/s),SOA ITER neighbouring area (representative point),2026-03-01 to 2026-05-31
2026,5,7,23,3.67,NASA POWER,https://power.larc.nasa.gov/,WS2M - Wind Speed at 2 m (m/s),SOA ITER neighbouring area (representative point),2026-03-01 to 2026-05-31
2026,5,8,0,3.6,NASA POWER,https://power.larc.nasa.gov/,WS2M - Wind Speed at 2 m (m/s),SOA ITER neighbouring area (representative point),2026-03-01 to 2026-05-31
2026,5,8,1,3.43,NASA POWER,https://power.larc.nasa.gov/,WS2M - Wind Speed at 2 m (m/s),SOA ITER neighbouring area (representative point),2026-03-01 to 2026-05-31
2026,5,8,2,3.19,NASA POWER,https://power.larc.nasa.gov/,WS2M - Wind Speed at 2 m (m/s),SOA ITER neighbouring area (representative point),2026-03-01 to 2026-05-31
2026,5,8,3,2.88,NASA POWER,https://power.larc.nasa.gov/,WS2M - Wind Speed at 2 m (m/s),SOA ITER neighbouring area (representative point),2026-03-01 to 2026-05-31
2026,5,8,4,2.57,NASA POWER,https://power.larc.nasa.gov/,WS2M - Wind Speed at 2 m (m/s),SOA ITER neighbouring area (representative point),2026-03-01 to 2026-05-31
2026,5,8,5,2.38,NASA POWER,https://power.larc.nasa.gov/,WS2M - Wind Speed at 2 m (m/s),SOA ITER neighbouring area (representative point),2026-03-01 to 2026-05-31
2026,5,8,6,3.05,NASA POWER,https://power.larc.nasa.gov/,WS2M - Wind Speed at 2 m (m/s),SOA ITER neighbouring area (representative point),2026-03-01 to 2026-05-31
2026,5,8,7,3.72,NASA POWER,https://power.larc.nasa.gov/,WS2M - Wind Speed at 2 m (m/s),SOA ITER neighbouring area (representative point),2026-03-01 to 2026-05-31
2026,5,8,8,3.89,NASA POWER,https://power.larc.nasa.gov/,WS2M - Wind Speed at 2 m (m/s),SOA ITER neighbouring area (representative point),2026-03-01 to 2026-05-31
2026,5,8,9,3.95,NASA POWER,https://power.larc.nasa.gov/,WS2M - Wind Speed at 2 m (m/s),SOA ITER neighbouring area (representative point),2026-03-01 to 2026-05-31
2026,5,8,10,3.96,NASA POWER,https://power.larc.nasa.gov/,WS2M - Wind Speed at 2 m (m/s),SOA ITER neighbouring area (representative point),2026-03-01 to 2026-05-31
2026,5,8,11,3.88,NASA POWER,https://power.larc.nasa.gov/,WS2M - Wind Speed at 2 m (m/s),SOA ITER neighbouring area (representative point),2026-03-01 to 2026-05-31
2026,5,8,12,3.77,NASA POWER,https://power.larc.nasa.gov/,WS2M - Wind Speed at 2 m (m/s),SOA ITER neighbouring area (representative point),2026-03-01 to 2026-05-31
2026,5,8,13,3.68,NASA POWER,https://power.larc.nasa.gov/,WS2M - Wind Speed at 2 m (m/s),SOA ITER neighbouring area (representative point),2026-03-01 to 2026-05-31
2026,5,8,14,3.67,NASA POWER,https://power.larc.nasa.gov/,WS2M - Wind Speed at 2 m (m/s),SOA ITER neighbouring area (representative point),2026-03-01 to 2026-05-31
2026,5,8,15,3.74,NASA POWER,https://power.larc.nasa.gov/,WS2M - Wind Speed at 2 m (m/s),SOA ITER neighbouring area (representative point),2026-03-01 to 2026-05-31
2026,5,8,16,3.77,NASA POWER,https://power.larc.nasa.gov/,WS2M - Wind Speed at 2 m (m/s),SOA ITER neighbouring area (representative point),2026-03-01 to 2026-05-31
2026,5,8,17,3.71,NASA POWER,https://power.larc.nasa.gov/,WS2M - Wind Speed at 2 m (m/s),SOA ITER neighbouring area (representative point),2026-03-01 to 2026-05-31
2026,5,8,18,3.37,NASA POWER,https://power.larc.nasa.gov/,WS2M - Wind Speed at 2 m (m/s),SOA ITER neighbouring area (representative point),2026-03-01 to 2026-05-31
2026,5,8,19,3.51,NASA POWER,https://power.larc.nasa.gov/,WS2M - Wind Speed at 2 m (m/s),SOA ITER neighbouring area (representative point),2026-03-01 to 2026-05-31
2026,5,8,20,3.61,NASA POWER,https://power.larc.nasa.gov/,WS2M - Wind Speed at 2 m (m/s),SOA ITER neighbouring area (representative point),2026-03-01 to 2026-05-31
2026,5,8,21,3.43,NASA POWER,https://power.larc.nasa.gov/,WS2M - Wind Speed at 2 m (m/s),SOA ITER neighbouring area (representative point),2026-03-01 to 2026-05-31
2026,5,8,22,3.3,NASA POWER,https://power.larc.nasa.gov/,WS2M - Wind Speed at 2 m (m/s),SOA ITER neighbouring area (representative point),2026-03-01 to 2026-05-31
2026,5,8,23,3.28,NASA POWER,https://power.larc.nasa.gov/,WS2M - Wind Speed at 2 m (m/s),SOA ITER neighbouring area (representative point),2026-03-01 to 2026-05-31
2026,5,9,0,3.24,NASA POWER,https://power.larc.nasa.gov/,WS2M - Wind Speed at 2 m (m/s),SOA ITER neighbouring area (representative point),2026-03-01 to 2026-05-31
2026,5,9,1,3.11,NASA POWER,https://power.larc.nasa.gov/,WS2M - Wind Speed at 2 m (m/s),SOA ITER neighbouring area (representative point),2026-03-01 to 2026-05-31
2026,5,9,2,2.88,NASA POWER,https://power.larc.nasa.gov/,WS2M - Wind Speed at 2 m (m/s),SOA ITER neighbouring area (representative point),2026-03-01 to 2026-05-31
2026,5,9,3,2.53,NASA POWER,https://power.larc.nasa.gov/,WS2M - Wind Speed at 2 m (m/s),SOA ITER neighbouring area (representative point),2026-03-01 to 2026-05-31
2026,5,9,4,2.18,NASA POWER,https://power.larc.nasa.gov/,WS2M - Wind Speed at 2 m (m/s),SOA ITER neighbouring area (representative point),2026-03-01 to 2026-05-31
2026,5,9,5,1.93,NASA POWER,https://power.larc.nasa.gov/,WS2M - Wind Speed at 2 m (m/s),SOA ITER neighbouring area (representative point),2026-03-01 to 2026-05-31
2026,5,9,6,2.42,NASA POWER,https://power.larc.nasa.gov/,WS2M - Wind Speed at 2 m (m/s),SOA ITER neighbouring area (representative point),2026-03-01 to 2026-05-31
2026,5,9,7,2.96,NASA POWER,https://power.larc.nasa.gov/,WS2M - Wind Speed at 2 m (m/s),SOA ITER neighbouring area (representative point),2026-03-01 to 2026-05-31
2026,5,9,8,3.12,NASA POWER,https://power.larc.nasa.gov/,WS2M - Wind Speed at 2 m (m/s),SOA ITER neighbouring area (representative point),2026-03-01 to 2026-05-31
2026,5,9,9,3.42,NASA POWER,https://power.larc.nasa.gov/,WS2M - Wind Speed at 2 m (m/s),SOA ITER neighbouring area (representative point),2026-03-01 to 2026-05-31
2026,5,9,10,3.7,NASA POWER,https://power.larc.nasa.gov/,WS2M - Wind Speed at 2 m (m/s),SOA ITER neighbouring area (representative point),2026-03-01 to 2026-05-31
2026,5,9,11,3.88,NASA POWER,https://power.larc.nasa.gov/,WS2M - Wind Speed at 2 m (m/s),SOA ITER neighbouring area (representative point),2026-03-01 to 2026-05-31
2026,5,9,12,3.94,NASA POWER,https://power.larc.nasa.gov/,WS2M - Wind Speed at 2 m (m/s),SOA ITER neighbouring area (representative point),2026-03-01 to 2026-05-31
2026,5,9,13,4.03,NASA POWER,https://power.larc.nasa.gov/,WS2M - Wind Speed at 2 m (m/s),SOA ITER neighbouring area (representative point),2026-03-01 to 2026-05-31
2026,5,9,14,4.18,NASA POWER,https://power.larc.nasa.gov/,WS2M - Wind Speed at 2 m (m/s),SOA ITER neighbouring area (representative point),2026-03-01 to 2026-05-31
2026,5,9,15,4.4,NASA POWER,https://power.larc.nasa.gov/,WS2M - Wind Speed at 2 m (m/s),SOA ITER neighbouring area (representative point),2026-03-01 to 2026-05-31
2026,5,9,16,4.65,NASA POWER,https://power.larc.nasa.gov/,WS2M - Wind Speed at 2 m (m/s),SOA ITER neighbouring area (representative point),2026-03-01 to 2026-05-31
2026,5,9,17,4.82,NASA POWER,https://power.larc.nasa.gov/,WS2M - Wind Speed at 2 m (m/s),SOA ITER neighbouring area (representative point),2026-03-01 to 2026-05-31
2026,5,9,18,4.76,NASA POWER,https://power.larc.nasa.gov/,WS2M - Wind Speed at 2 m (m/s),SOA ITER neighbouring area (representative point),2026-03-01 to 2026-05-31
2026,5,9,19,4.7,NASA POWER,https://power.larc.nasa.gov/,WS2M - Wind Speed at 2 m (m/s),SOA ITER neighbouring area (representative point),2026-03-01 to 2026-05-31
2026,5,9,20,4.78,NASA POWER,https://power.larc.nasa.gov/,WS2M - Wind Speed at 2 m (m/s),SOA ITER neighbouring area (representative point),2026-03-01 to 2026-05-31
2026,5,9,21,4.59,NASA POWER,https://power.larc.nasa.gov/,WS2M - Wind Speed at 2 m (m/s),SOA ITER neighbouring area (representative point),2026-03-01 to 2026-05-31
2026,5,9,22,4.2,NASA POWER,https://power.larc.nasa.gov/,WS2M - Wind Speed at 2 m (m/s),SOA ITER neighbouring area (representative point),2026-03-01 to 2026-05-31
2026,5,9,23,3.73,NASA POWER,https://power.larc.nasa.gov/,WS2M - Wind Speed at 2 m (m/s),SOA ITER neighbouring area (representative point),2026-03-01 to 2026-05-31
2026,5,10,0,3.29,NASA POWER,https://power.larc.nasa.gov/,WS2M - Wind Speed at 2 m (m/s),SOA ITER neighbouring area (representative point),2026-03-01 to 2026-05-31
2026,5,10,1,2.98,NASA POWER,https://power.larc.nasa.gov/,WS2M - Wind Speed at 2 m (m/s),SOA ITER neighbouring area (representative point),2026-03-01 to 2026-05-31
2026,5,10,2,2.82,NASA POWER,https://power.larc.nasa.gov/,WS2M - Wind Speed at 2 m (m/s),SOA ITER neighbouring area (representative point),2026-03-01 to 2026-05-31
2026,5,10,3,2.52,NASA POWER,https://power.larc.nasa.gov/,WS2M - Wind Speed at 2 m (m/s),SOA ITER neighbouring area (representative point),2026-03-01 to 2026-05-31
2026,5,10,4,2.19,NASA POWER,https://power.larc.nasa.gov/,WS2M - Wind Speed at 2 m (m/s),SOA ITER neighbouring area (representative point),2026-03-01 to 2026-05-31
2026,5,10,5,1.96,NASA POWER,https://power.larc.nasa.gov/,WS2M - Wind Speed at 2 m (m/s),SOA ITER neighbouring area (representative point),2026-03-01 to 2026-05-31
2026,5,10,6,2.48,NASA POWER,https://power.larc.nasa.gov/,WS2M - Wind Speed at 2 m (m/s),SOA ITER neighbouring area (representative point),2026-03-01 to 2026-05-31
2026,5,10,7,2.74,NASA POWER,https://power.larc.nasa.gov/,WS2M - Wind Speed at 2 m (m/s),SOA ITER neighbouring area (representative point),2026-03-01 to 2026-05-31
2026,5,10,8,2.62,NASA POWER,https://power.larc.nasa.gov/,WS2M - Wind Speed at 2 m (m/s),SOA ITER neighbouring area (representative point),2026-03-01 to 2026-05-31
2026,5,10,9,2.76,NASA POWER,https://power.larc.nasa.gov/,WS2M - Wind Speed at 2 m (m/s),SOA ITER neighbouring area (representative point),2026-03-01 to 2026-05-31
2026,5,10,10,3.05,NASA POWER,https://power.larc.nasa.gov/,WS2M - Wind Speed at 2 m (m/s),SOA ITER neighbouring area (representative point),2026-03-01 to 2026-05-31
2026,5,10,11,3.4,NASA POWER,https://power.larc.nasa.gov/,WS2M - Wind Speed at 2 m (m/s),SOA ITER neighbouring area (representative point),2026-03-01 to 2026-05-31
2026,5,10,12,3.77,NASA POWER,https://power.larc.nasa.gov/,WS2M - Wind Speed at 2 m (m/s),SOA ITER neighbouring area (representative point),2026-03-01 to 2026-05-31
2026,5,10,13,4.06,NASA POWER,https://power.larc.nasa.gov/,WS2M - Wind Speed at 2 m (m/s),SOA ITER neighbouring area (representative point),2026-03-01 to 2026-05-31
2026,5,10,14,4.31,NASA POWER,https://power.larc.nasa.gov/,WS2M - Wind Speed at 2 m (m/s),SOA ITER neighbouring area (representative point),2026-03-01 to 2026-05-31
2026,5,10,15,4.64,NASA POWER,https://power.larc.nasa.gov/,WS2M - Wind Speed at 2 m (m/s),SOA ITER neighbouring area (representative point),2026-03-01 to 2026-05-31
2026,5,10,16,4.94,NASA POWER,https://power.larc.nasa.gov/,WS2M - Wind Speed at 2 m (m/s),SOA ITER neighbouring area (representative point),2026-03-01 to 2026-05-31
2026,5,10,17,5.09,NASA POWER,https://power.larc.nasa.gov/,WS2M - Wind Speed at 2 m (m/s),SOA ITER neighbouring area (representative point),2026-03-01 to 2026-05-31
2026,5,10,18,4.97,NASA POWER,https://power.larc.nasa.gov/,WS2M - Wind Speed at 2 m (m/s),SOA ITER neighbouring area (representative point),2026-03-01 to 2026-05-31
2026,5,10,19,4.77,NASA POWER,https://power.larc.nasa.gov/,WS2M - Wind Speed at 2 m (m/s),SOA ITER neighbouring area (representative point),2026-03-01 to 2026-05-31
2026,5,10,20,4.52,NASA POWER,https://power.larc.nasa.gov/,WS2M - Wind Speed at 2 m (m/s),SOA ITER neighbouring area (representative point),2026-03-01 to 2026-05-31
2026,5,10,21,4.14,NASA POWER,https://power.larc.nasa.gov/,WS2M - Wind Speed at 2 m (m/s),SOA ITER neighbouring area (representative point),2026-03-01 to 2026-05-31
2026,5,10,22,3.81,NASA POWER,https://power.larc.nasa.gov/,WS2M - Wind Speed at 2 m (m/s),SOA ITER neighbouring area (representative point),2026-03-01 to 2026-05-31
2026,5,10,23,3.58,NASA POWER,https://power.larc.nasa.gov/,WS2M - Wind Speed at 2 m (m/s),SOA ITER neighbouring area (representative point),2026-03-01 to 2026-05-31
2026,5,11,0,3.41,NASA POWER,https://power.larc.nasa.gov/,WS2M - Wind Speed at 2 m (m/s),SOA ITER neighbouring area (representative point),2026-03-01 to 2026-05-31
2026,5,11,1,3.37,NASA POWER,https://power.larc.nasa.gov/,WS2M - Wind Speed at 2 m (m/s),SOA ITER neighbouring area (representative point),2026-03-01 to 2026-05-31
2026,5,11,2,3.06,NASA POWER,https://power.larc.nasa.gov/,WS2M - Wind Speed at 2 m (m/s),SOA ITER neighbouring area (representative point),2026-03-01 to 2026-05-31
2026,5,11,3,2.61,NASA POWER,https://power.larc.nasa.gov/,WS2M - Wind Speed at 2 m (m/s),SOA ITER neighbouring area (representative point),2026-03-01 to 2026-05-31
2026,5,11,4,2.16,NASA POWER,https://power.larc.nasa.gov/,WS2M - Wind Speed at 2 m (m/s),SOA ITER neighbouring area (representative point),2026-03-01 to 2026-05-31
2026,5,11,5,1.8,NASA POWER,https://power.larc.nasa.gov/,WS2M - Wind Speed at 2 m (m/s),SOA ITER neighbouring area (representative point),2026-03-01 to 2026-05-31
2026,5,11,6,2.32,NASA POWER,https://power.larc.nasa.gov/,WS2M - Wind Speed at 2 m (m/s),SOA ITER neighbouring area (representative point),2026-03-01 to 2026-05-31
2026,5,11,7,2.61,NASA POWER,https://power.larc.nasa.gov/,WS2M - Wind Speed at 2 m (m/s),SOA ITER neighbouring area (representative point),2026-03-01 to 2026-05-31
2026,5,11,8,2.46,NASA POWER,https://power.larc.nasa.gov/,WS2M - Wind Speed at 2 m (m/s),SOA ITER neighbouring area (representative point),2026-03-01 to 2026-05-31
2026,5,11,9,2.38,NASA POWER,https://power.larc.nasa.gov/,WS2M - Wind Speed at 2 m (m/s),SOA ITER neighbouring area (representative point),2026-03-01 to 2026-05-31
2026,5,11,10,2.48,NASA POWER,https://power.larc.nasa.gov/,WS2M - Wind Speed at 2 m (m/s),SOA ITER neighbouring area (representative point),2026-03-01 to 2026-05-31
2026,5,11,11,2.8,NASA POWER,https://power.larc.nasa.gov/,WS2M - Wind Speed at 2 m (m/s),SOA ITER neighbouring area (representative point),2026-03-01 to 2026-05-31
2026,5,11,12,3.2,NASA POWER,https://power.larc.nasa.gov/,WS2M - Wind Speed at 2 m (m/s),SOA ITER neighbouring area (representative point),2026-03-01 to 2026-05-31
2026,5,11,13,3.57,NASA POWER,https://power.larc.nasa.gov/,WS2M - Wind Speed at 2 m (m/s),SOA ITER neighbouring area (representative point),2026-03-01 to 2026-05-31
2026,5,11,14,3.87,NASA POWER,https://power.larc.nasa.gov/,WS2M - Wind Speed at 2 m (m/s),SOA ITER neighbouring area (representative point),2026-03-01 to 2026-05-31
2026,5,11,15,4.14,NASA POWER,https://power.larc.nasa.gov/,WS2M - Wind Speed at 2 m (m/s),SOA ITER neighbouring area (representative point),2026-03-01 to 2026-05-31
2026,5,11,16,4.37,NASA POWER,https://power.larc.nasa.gov/,WS2M - Wind Speed at 2 m (m/s),SOA ITER neighbouring area (representative point),2026-03-01 to 2026-05-31
2026,5,11,17,4.57,NASA POWER,https://power.larc.nasa.gov/,WS2M - Wind Speed at 2 m (m/s),SOA ITER neighbouring area (representative point),2026-03-01 to 2026-05-31
2026,5,11,18,4.63,NASA POWER,https://power.larc.nasa.gov/,WS2M - Wind Speed at 2 m (m/s),SOA ITER neighbouring area (representative point),2026-03-01 to 2026-05-31
2026,5,11,19,4.65,NASA POWER,https://power.larc.nasa.gov/,WS2M - Wind Speed at 2 m (m/s),SOA ITER neighbouring area (representative point),2026-03-01 to 2026-05-31
2026,5,11,20,4.52,NASA POWER,https://power.larc.nasa.gov/,WS2M - Wind Speed at 2 m (m/s),SOA ITER neighbouring area (representative point),2026-03-01 to 2026-05-31
2026,5,11,21,4.17,NASA POWER,https://power.larc.nasa.gov/,WS2M - Wind Speed at 2 m (m/s),SOA ITER neighbouring area (representative point),2026-03-01 to 2026-05-31
2026,5,11,22,3.79,NASA POWER,https://power.larc.nasa.gov/,WS2M - Wind Speed at 2 m (m/s),SOA ITER neighbouring area (representative point),2026-03-01 to 2026-05-31
2026,5,11,23,3.46,NASA POWER,https://power.larc.nasa.gov/,WS2M - Wind Speed at 2 m (m/s),SOA ITER neighbouring area (representative point),2026-03-01 to 2026-05-31
2026,5,12,0,3.08,NASA POWER,https://power.larc.nasa.gov/,WS2M - Wind Speed at 2 m (m/s),SOA ITER neighbouring area (representative point),2026-03-01 to 2026-05-31
2026,5,12,1,2.75,NASA POWER,https://power.larc.nasa.gov/,WS2M - Wind Speed at 2 m (m/s),SOA ITER neighbouring area (representative point),2026-03-01 to 2026-05-31
2026,5,12,2,2.5,NASA POWER,https://power.larc.nasa.gov/,WS2M - Wind Speed at 2 m (m/s),SOA ITER neighbouring area (representative point),2026-03-01 to 2026-05-31
2026,5,12,3,2.34,NASA POWER,https://power.larc.nasa.gov/,WS2M - Wind Speed at 2 m (m/s),SOA ITER neighbouring area (representative point),2026-03-01 to 2026-05-31
2026,5,12,4,2.07,NASA POWER,https://power.larc.nasa.gov/,WS2M - Wind Speed at 2 m (m/s),SOA ITER neighbouring area (representative point),2026-03-01 to 2026-05-31
2026,5,12,5,1.71,NASA POWER,https://power.larc.nasa.gov/,WS2M - Wind Speed at 2 m (m/s),SOA ITER neighbouring area (representative point),2026-03-01 to 2026-05-31
2026,5,12,6,2.1,NASA POWER,https://power.larc.nasa.gov/,WS2M - Wind Speed at 2 m (m/s),SOA ITER neighbouring area (representative point),2026-03-01 to 2026-05-31
2026,5,12,7,2.25,NASA POWER,https://power.larc.nasa.gov/,WS2M - Wind Speed at 2 m (m/s),SOA ITER neighbouring area (representative point),2026-03-01 to 2026-05-31
2026,5,12,8,2.2,NASA POWER,https://power.larc.nasa.gov/,WS2M - Wind Speed at 2 m (m/s),SOA ITER neighbouring area (representative point),2026-03-01 to 2026-05-31
2026,5,12,9,2.34,NASA POWER,https://power.larc.nasa.gov/,WS2M - Wind Speed at 2 m (m/s),SOA ITER neighbouring area (representative point),2026-03-01 to 2026-05-31
2026,5,12,10,2.81,NASA POWER,https://power.larc.nasa.gov/,WS2M - Wind Speed at 2 m (m/s),SOA ITER neighbouring area (representative point),2026-03-01 to 2026-05-31
2026,5,12,11,3.41,NASA POWER,https://power.larc.nasa.gov/,WS2M - Wind Speed at 2 m (m/s),SOA ITER neighbouring area (representative point),2026-03-01 to 2026-05-31
2026,5,12,12,3.93,NASA POWER,https://power.larc.nasa.gov/,WS2M - Wind Speed at 2 m (m/s),SOA ITER neighbouring area (representative point),2026-03-01 to 2026-05-31
2026,5,12,13,4.33,NASA POWER,https://power.larc.nasa.gov/,WS2M - Wind Speed at 2 m (m/s),SOA ITER neighbouring area (representative point),2026-03-01 to 2026-05-31
2026,5,12,14,4.6,NASA POWER,https://power.larc.nasa.gov/,WS2M - Wind Speed at 2 m (m/s),SOA ITER neighbouring area (representative point),2026-03-01 to 2026-05-31
2026,5,12,15,4.77,NASA POWER,https://power.larc.nasa.gov/,WS2M - Wind Speed at 2 m (m/s),SOA ITER neighbouring area (representative point),2026-03-01 to 2026-05-31
2026,5,12,16,4.88,NASA POWER,https://power.larc.nasa.gov/,WS2M - Wind Speed at 2 m (m/s),SOA ITER neighbouring area (representative point),2026-03-01 to 2026-05-31
2026,5,12,17,4.93,NASA POWER,https://power.larc.nasa.gov/,WS2M - Wind Speed at 2 m (m/s),SOA ITER neighbouring area (representative point),2026-03-01 to 2026-05-31
2026,5,12,18,4.77,NASA POWER,https://power.larc.nasa.gov/,WS2M - Wind Speed at 2 m (m/s),SOA ITER neighbouring area (representative point),2026-03-01 to 2026-05-31
2026,5,12,19,4.53,NASA POWER,https://power.larc.nasa.gov/,WS2M - Wind Speed at 2 m (m/s),SOA ITER neighbouring area (representative point),2026-03-01 to 2026-05-31
2026,5,12,20,4.28,NASA POWER,https://power.larc.nasa.gov/,WS2M - Wind Speed at 2 m (m/s),SOA ITER neighbouring area (representative point),2026-03-01 to 2026-05-31
2026,5,12,21,4.05,NASA POWER,https://power.larc.nasa.gov/,WS2M - Wind Speed at 2 m (m/s),SOA ITER neighbouring area (representative point),2026-03-01 to 2026-05-31
2026,5,12,22,3.82,NASA POWER,https://power.larc.nasa.gov/,WS2M - Wind Speed at 2 m (m/s),SOA ITER neighbouring area (representative point),2026-03-01 to 2026-05-31
2026,5,12,23,3.61,NASA POWER,https://power.larc.nasa.gov/,WS2M - Wind Speed at 2 m (m/s),SOA ITER neighbouring area (representative point),2026-03-01 to 2026-05-31
2026,5,13,0,3.52,NASA POWER,https://power.larc.nasa.gov/,WS2M - Wind Speed at 2 m (m/s),SOA ITER neighbouring area (representative point),2026-03-01 to 2026-05-31
2026,5,13,1,3.45,NASA POWER,https://power.larc.nasa.gov/,WS2M - Wind Speed at 2 m (m/s),SOA ITER neighbouring area (representative point),2026-03-01 to 2026-05-31
2026,5,13,2,3.26,NASA POWER,https://power.larc.nasa.gov/,WS2M - Wind Speed at 2 m (m/s),SOA ITER neighbouring area (representative point),2026-03-01 to 2026-05-31
2026,5,13,3,3.03,NASA POWER,https://power.larc.nasa.gov/,WS2M - Wind Speed at 2 m (m/s),SOA ITER neighbouring area (representative point),2026-03-01 to 2026-05-31
2026,5,13,4,2.65,NASA POWER,https://power.larc.nasa.gov/,WS2M - Wind Speed at 2 m (m/s),SOA ITER neighbouring area (representative point),2026-03-01 to 2026-05-31
2026,5,13,5,2.36,NASA POWER,https://power.larc.nasa.gov/,WS2M - Wind Speed at 2 m (m/s),SOA ITER neighbouring area (representative point),2026-03-01 to 2026-05-31
2026,5,13,6,3.03,NASA POWER,https://power.larc.nasa.gov/,WS2M - Wind Speed at 2 m (m/s),SOA ITER neighbouring area (representative point),2026-03-01 to 2026-05-31
2026,5,13,7,3.49,NASA POWER,https://power.larc.nasa.gov/,WS2M - Wind Speed at 2 m (m/s),SOA ITER neighbouring area (representative point),2026-03-01 to 2026-05-31
2026,5,13,8,3.56,NASA POWER,https://power.larc.nasa.gov/,WS2M - Wind Speed at 2 m (m/s),SOA ITER neighbouring area (representative point),2026-03-01 to 2026-05-31
2026,5,13,9,3.62,NASA POWER,https://power.larc.nasa.gov/,WS2M - Wind Speed at 2 m (m/s),SOA ITER neighbouring area (representative point),2026-03-01 to 2026-05-31
2026,5,13,10,3.71,NASA POWER,https://power.larc.nasa.gov/,WS2M - Wind Speed at 2 m (m/s),SOA ITER neighbouring area (representative point),2026-03-01 to 2026-05-31
2026,5,13,11,3.86,NASA POWER,https://power.larc.nasa.gov/,WS2M - Wind Speed at 2 m (m/s),SOA ITER neighbouring area (representative point),2026-03-01 to 2026-05-31
2026,5,13,12,4.1,NASA POWER,https://power.larc.nasa.gov/,WS2M - Wind Speed at 2 m (m/s),SOA ITER neighbouring area (representative point),2026-03-01 to 2026-05-31
2026,5,13,13,4.42,NASA POWER,https://power.larc.nasa.gov/,WS2M - Wind Speed at 2 m (m/s),SOA ITER neighbouring area (representative point),2026-03-01 to 2026-05-31
2026,5,13,14,4.68,NASA POWER,https://power.larc.nasa.gov/,WS2M - Wind Speed at 2 m (m/s),SOA ITER neighbouring area (representative point),2026-03-01 to 2026-05-31
2026,5,13,15,4.88,NASA POWER,https://power.larc.nasa.gov/,WS2M - Wind Speed at 2 m (m/s),SOA ITER neighbouring area (representative point),2026-03-01 to 2026-05-31
2026,5,13,16,4.99,NASA POWER,https://power.larc.nasa.gov/,WS2M - Wind Speed at 2 m (m/s),SOA ITER neighbouring area (representative point),2026-03-01 to 2026-05-31
2026,5,13,17,5.05,NASA POWER,https://power.larc.nasa.gov/,WS2M - Wind Speed at 2 m (m/s),SOA ITER neighbouring area (representative point),2026-03-01 to 2026-05-31
2026,5,13,18,5.18,NASA POWER,https://power.larc.nasa.gov/,WS2M - Wind Speed at 2 m (m/s),SOA ITER neighbouring area (representative point),2026-03-01 to 2026-05-31
2026,5,13,19,5.58,NASA POWER,https://power.larc.nasa.gov/,WS2M - Wind Speed at 2 m (m/s),SOA ITER neighbouring area (representative point),2026-03-01 to 2026-05-31
2026,5,13,20,6.01,NASA POWER,https://power.larc.nasa.gov/,WS2M - Wind Speed at 2 m (m/s),SOA ITER neighbouring area (representative point),2026-03-01 to 2026-05-31
2026,5,13,21,6.07,NASA POWER,https://power.larc.nasa.gov/,WS2M - Wind Speed at 2 m (m/s),SOA ITER neighbouring area (representative point),2026-03-01 to 2026-05-31
2026,5,13,22,5.89,NASA POWER,https://power.larc.nasa.gov/,WS2M - Wind Speed at 2 m (m/s),SOA ITER neighbouring area (representative point),2026-03-01 to 2026-05-31
2026,5,13,23,5.38,NASA POWER,https://power.larc.nasa.gov/,WS2M - Wind Speed at 2 m (m/s),SOA ITER neighbouring area (representative point),2026-03-01 to 2026-05-31
2026,5,14,0,4.8,NASA POWER,https://power.larc.nasa.gov/,WS2M - Wind Speed at 2 m (m/s),SOA ITER neighbouring area (representative point),2026-03-01 to 2026-05-31
2026,5,14,1,4.24,NASA POWER,https://power.larc.nasa.gov/,WS2M - Wind Speed at 2 m (m/s),SOA ITER neighbouring area (representative point),2026-03-01 to 2026-05-31
2026,5,14,2,3.74,NASA POWER,https://power.larc.nasa.gov/,WS2M - Wind Speed at 2 m (m/s),SOA ITER neighbouring area (representative point),2026-03-01 to 2026-05-31
2026,5,14,3,3.14,NASA POWER,https://power.larc.nasa.gov/,WS2M - Wind Speed at 2 m (m/s),SOA ITER neighbouring area (representative point),2026-03-01 to 2026-05-31
2026,5,14,4,2.56,NASA POWER,https://power.larc.nasa.gov/,WS2M - Wind Speed at 2 m (m/s),SOA ITER neighbouring area (representative point),2026-03-01 to 2026-05-31
2026,5,14,5,2.14,NASA POWER,https://power.larc.nasa.gov/,WS2M - Wind Speed at 2 m (m/s),SOA ITER neighbouring area (representative point),2026-03-01 to 2026-05-31
2026,5,14,6,2.52,NASA POWER,https://power.larc.nasa.gov/,WS2M - Wind Speed at 2 m (m/s),SOA ITER neighbouring area (representative point),2026-03-01 to 2026-05-31
2026,5,14,7,2.74,NASA POWER,https://power.larc.nasa.gov/,WS2M - Wind Speed at 2 m (m/s),SOA ITER neighbouring area (representative point),2026-03-01 to 2026-05-31
2026,5,14,8,2.47,NASA POWER,https://power.larc.nasa.gov/,WS2M - Wind Speed at 2 m (m/s),SOA ITER neighbouring area (representative point),2026-03-01 to 2026-05-31
2026,5,14,9,2.3,NASA POWER,https://power.larc.nasa.gov/,WS2M - Wind Speed at 2 m (m/s),SOA ITER neighbouring area (representative point),2026-03-01 to 2026-05-31
2026,5,14,10,2.16,NASA POWER,https://power.larc.nasa.gov/,WS2M - Wind Speed at 2 m (m/s),SOA ITER neighbouring area (representative point),2026-03-01 to 2026-05-31
2026,5,14,11,2.0,NASA POWER,https://power.larc.nasa.gov/,WS2M - Wind Speed at 2 m (m/s),SOA ITER neighbouring area (representative point),2026-03-01 to 2026-05-31
2026,5,14,12,2.08,NASA POWER,https://power.larc.nasa.gov/,WS2M - Wind Speed at 2 m (m/s),SOA ITER neighbouring area (representative point),2026-03-01 to 2026-05-31
2026,5,14,13,2.51,NASA POWER,https://power.larc.nasa.gov/,WS2M - Wind Speed at 2 m (m/s),SOA ITER neighbouring area (representative point),2026-03-01 to 2026-05-31
2026,5,14,14,3.2,NASA POWER,https://power.larc.nasa.gov/,WS2M - Wind Speed at 2 m (m/s),SOA ITER neighbouring area (representative point),2026-03-01 to 2026-05-31
2026,5,14,15,4.15,NASA POWER,https://power.larc.nasa.gov/,WS2M - Wind Speed at 2 m (m/s),SOA ITER neighbouring area (representative point),2026-03-01 to 2026-05-31
2026,5,14,16,5.0,NASA POWER,https://power.larc.nasa.gov/,WS2M - Wind Speed at 2 m (m/s),SOA ITER neighbouring area (representative point),2026-03-01 to 2026-05-31
2026,5,14,17,5.64,NASA POWER,https://power.larc.nasa.gov/,WS2M - Wind Speed at 2 m (m/s),SOA ITER neighbouring area (representative point),2026-03-01 to 2026-05-31
2026,5,14,18,5.92,NASA POWER,https://power.larc.nasa.gov/,WS2M - Wind Speed at 2 m (m/s),SOA ITER neighbouring area (representative point),2026-03-01 to 2026-05-31
2026,5,14,19,5.8,NASA POWER,https://power.larc.nasa.gov/,WS2M - Wind Speed at 2 m (m/s),SOA ITER neighbouring area (representative point),2026-03-01 to 2026-05-31
2026,5,14,20,5.6,NASA POWER,https://power.larc.nasa.gov/,WS2M - Wind Speed at 2 m (m/s),SOA ITER neighbouring area (representative point),2026-03-01 to 2026-05-31
2026,5,14,21,5.31,NASA POWER,https://power.larc.nasa.gov/,WS2M - Wind Speed at 2 m (m/s),SOA ITER neighbouring area (representative point),2026-03-01 to 2026-05-31
2026,5,14,22,5.0,NASA POWER,https://power.larc.nasa.gov/,WS2M - Wind Speed at 2 m (m/s),SOA ITER neighbouring area (representative point),2026-03-01 to 2026-05-31
2026,5,14,23,4.64,NASA POWER,https://power.larc.nasa.gov/,WS2M - Wind Speed at 2 m (m/s),SOA ITER neighbouring area (representative point),2026-03-01 to 2026-05-31
2026,5,15,0,4.26,NASA POWER,https://power.larc.nasa.gov/,WS2M - Wind Speed at 2 m (m/s),SOA ITER neighbouring area (representative point),2026-03-01 to 2026-05-31
2026,5,15,1,3.87,NASA POWER,https://power.larc.nasa.gov/,WS2M - Wind Speed at 2 m (m/s),SOA ITER neighbouring area (representative point),2026-03-01 to 2026-05-31
2026,5,15,2,3.56,NASA POWER,https://power.larc.nasa.gov/,WS2M - Wind Speed at 2 m (m/s),SOA ITER neighbouring area (representative point),2026-03-01 to 2026-05-31
2026,5,15,3,3.54,NASA POWER,https://power.larc.nasa.gov/,WS2M - Wind Speed at 2 m (m/s),SOA ITER neighbouring area (representative point),2026-03-01 to 2026-05-31
2026,5,15,4,3.63,NASA POWER,https://power.larc.nasa.gov/,WS2M - Wind Speed at 2 m (m/s),SOA ITER neighbouring area (representative point),2026-03-01 to 2026-05-31
2026,5,15,5,3.59,NASA POWER,https://power.larc.nasa.gov/,WS2M - Wind Speed at 2 m (m/s),SOA ITER neighbouring area (representative point),2026-03-01 to 2026-05-31
2026,5,15,6,4.1,NASA POWER,https://power.larc.nasa.gov/,WS2M - Wind Speed at 2 m (m/s),SOA ITER neighbouring area (representative point),2026-03-01 to 2026-05-31
2026,5,15,7,4.71,NASA POWER,https://power.larc.nasa.gov/,WS2M - Wind Speed at 2 m (m/s),SOA ITER neighbouring area (representative point),2026-03-01 to 2026-05-31
2026,5,15,8,4.96,NASA POWER,https://power.larc.nasa.gov/,WS2M - Wind Speed at 2 m (m/s),SOA ITER neighbouring area (representative point),2026-03-01 to 2026-05-31
2026,5,15,9,4.89,NASA POWER,https://power.larc.nasa.gov/,WS2M - Wind Speed at 2 m (m/s),SOA ITER neighbouring area (representative point),2026-03-01 to 2026-05-31
2026,5,15,10,4.72,NASA POWER,https://power.larc.nasa.gov/,WS2M - Wind Speed at 2 m (m/s),SOA ITER neighbouring area (representative point),2026-03-01 to 2026-05-31
2026,5,15,11,4.55,NASA POWER,https://power.larc.nasa.gov/,WS2M - Wind Speed at 2 m (m/s),SOA ITER neighbouring area (representative point),2026-03-01 to 2026-05-31
2026,5,15,12,4.41,NASA POWER,https://power.larc.nasa.gov/,WS2M - Wind Speed at 2 m (m/s),SOA ITER neighbouring area (representative point),2026-03-01 to 2026-05-31
2026,5,15,13,4.41,NASA POWER,https://power.larc.nasa.gov/,WS2M - Wind Speed at 2 m (m/s),SOA ITER neighbouring area (representative point),2026-03-01 to 2026-05-31
2026,5,15,14,4.6,NASA POWER,https://power.larc.nasa.gov/,WS2M - Wind Speed at 2 m (m/s),SOA ITER neighbouring area (representative point),2026-03-01 to 2026-05-31
2026,5,15,15,4.92,NASA POWER,https://power.larc.nasa.gov/,WS2M - Wind Speed at 2 m (m/s),SOA ITER neighbouring area (representative point),2026-03-01 to 2026-05-31
2026,5,15,16,5.25,NASA POWER,https://power.larc.nasa.gov/,WS2M - Wind Speed at 2 m (m/s),SOA ITER neighbouring area (representative point),2026-03-01 to 2026-05-31
2026,5,15,17,5.57,NASA POWER,https://power.larc.nasa.gov/,WS2M - Wind Speed at 2 m (m/s),SOA ITER neighbouring area (representative point),2026-03-01 to 2026-05-31
2026,5,15,18,5.61,NASA POWER,https://power.larc.nasa.gov/,WS2M - Wind Speed at 2 m (m/s),SOA ITER neighbouring area (representative point),2026-03-01 to 2026-05-31
2026,5,15,19,5.4,NASA POWER,https://power.larc.nasa.gov/,WS2M - Wind Speed at 2 m (m/s),SOA ITER neighbouring area (representative point),2026-03-01 to 2026-05-31
2026,5,15,20,5.2,NASA POWER,https://power.larc.nasa.gov/,WS2M - Wind Speed at 2 m (m/s),SOA ITER neighbouring area (representative point),2026-03-01 to 2026-05-31
2026,5,15,21,5.06,NASA POWER,https://power.larc.nasa.gov/,WS2M - Wind Speed at 2 m (m/s),SOA ITER neighbouring area (representative point),2026-03-01 to 2026-05-31
2026,5,15,22,4.91,NASA POWER,https://power.larc.nasa.gov/,WS2M - Wind Speed at 2 m (m/s),SOA ITER neighbouring area (representative point),2026-03-01 to 2026-05-31
2026,5,15,23,4.83,NASA POWER,https://power.larc.nasa.gov/,WS2M - Wind Speed at 2 m (m/s),SOA ITER neighbouring area (representative point),2026-03-01 to 2026-05-31
2026,5,16,0,4.78,NASA POWER,https://power.larc.nasa.gov/,WS2M - Wind Speed at 2 m (m/s),SOA ITER neighbouring area (representative point),2026-03-01 to 2026-05-31
2026,5,16,1,4.57,NASA POWER,https://power.larc.nasa.gov/,WS2M - Wind Speed at 2 m (m/s),SOA ITER neighbouring area (representative point),2026-03-01 to 2026-05-31
2026,5,16,2,4.32,NASA POWER,https://power.larc.nasa.gov/,WS2M - Wind Speed at 2 m (m/s),SOA ITER neighbouring area (representative point),2026-03-01 to 2026-05-31
2026,5,16,3,4.11,NASA POWER,https://power.larc.nasa.gov/,WS2M - Wind Speed at 2 m (m/s),SOA ITER neighbouring area (representative point),2026-03-01 to 2026-05-31
2026,5,16,4,3.84,NASA POWER,https://power.larc.nasa.gov/,WS2M - Wind Speed at 2 m (m/s),SOA ITER neighbouring area (representative point),2026-03-01 to 2026-05-31
2026,5,16,5,3.49,NASA POWER,https://power.larc.nasa.gov/,WS2M - Wind Speed at 2 m (m/s),SOA ITER neighbouring area (representative point),2026-03-01 to 2026-05-31
2026,5,16,6,3.86,NASA POWER,https://power.larc.nasa.gov/,WS2M - Wind Speed at 2 m (m/s),SOA ITER neighbouring area (representative point),2026-03-01 to 2026-05-31
2026,5,16,7,4.35,NASA POWER,https://power.larc.nasa.gov/,WS2M - Wind Speed at 2 m (m/s),SOA ITER neighbouring area (representative point),2026-03-01 to 2026-05-31
2026,5,16,8,4.38,NASA POWER,https://power.larc.nasa.gov/,WS2M - Wind Speed at 2 m (m/s),SOA ITER neighbouring area (representative point),2026-03-01 to 2026-05-31
2026,5,16,9,4.23,NASA POWER,https://power.larc.nasa.gov/,WS2M - Wind Speed at 2 m (m/s),SOA ITER neighbouring area (representative point),2026-03-01 to 2026-05-31
2026,5,16,10,4.22,NASA POWER,https://power.larc.nasa.gov/,WS2M - Wind Speed at 2 m (m/s),SOA ITER neighbouring area (representative point),2026-03-01 to 2026-05-31
2026,5,16,11,4.4,NASA POWER,https://power.larc.nasa.gov/,WS2M - Wind Speed at 2 m (m/s),SOA ITER neighbouring area (representative point),2026-03-01 to 2026-05-31
2026,5,16,12,4.62,NASA POWER,https://power.larc.nasa.gov/,WS2M - Wind Speed at 2 m (m/s),SOA ITER neighbouring area (representative point),2026-03-01 to 2026-05-31
2026,5,16,13,4.82,NASA POWER,https://power.larc.nasa.gov/,WS2M - Wind Speed at 2 m (m/s),SOA ITER neighbouring area (representative point),2026-03-01 to 2026-05-31
2026,5,16,14,5.0,NASA POWER,https://power.larc.nasa.gov/,WS2M - Wind Speed at 2 m (m/s),SOA ITER neighbouring area (representative point),2026-03-01 to 2026-05-31
2026,5,16,15,5.26,NASA POWER,https://power.larc.nasa.gov/,WS2M - Wind Speed at 2 m (m/s),SOA ITER neighbouring area (representative point),2026-03-01 to 2026-05-31
2026,5,16,16,5.58,NASA POWER,https://power.larc.nasa.gov/,WS2M - Wind Speed at 2 m (m/s),SOA ITER neighbouring area (representative point),2026-03-01 to 2026-05-31
2026,5,16,17,5.86,NASA POWER,https://power.larc.nasa.gov/,WS2M - Wind Speed at 2 m (m/s),SOA ITER neighbouring area (representative point),2026-03-01 to 2026-05-31
2026,5,16,18,5.84,NASA POWER,https://power.larc.nasa.gov/,WS2M - Wind Speed at 2 m (m/s),SOA ITER neighbouring area (representative point),2026-03-01 to 2026-05-31
2026,5,16,19,5.67,NASA POWER,https://power.larc.nasa.gov/,WS2M - Wind Speed at 2 m (m/s),SOA ITER neighbouring area (representative point),2026-03-01 to 2026-05-31
2026,5,16,20,5.55,NASA POWER,https://power.larc.nasa.gov/,WS2M - Wind Speed at 2 m (m/s),SOA ITER neighbouring area (representative point),2026-03-01 to 2026-05-31
2026,5,16,21,5.32,NASA POWER,https://power.larc.nasa.gov/,WS2M - Wind Speed at 2 m (m/s),SOA ITER neighbouring area (representative point),2026-03-01 to 2026-05-31
2026,5,16,22,5.07,NASA POWER,https://power.larc.nasa.gov/,WS2M - Wind Speed at 2 m (m/s),SOA ITER neighbouring area (representative point),2026-03-01 to 2026-05-31
2026,5,16,23,4.85,NASA POWER,https://power.larc.nasa.gov/,WS2M - Wind Speed at 2 m (m/s),SOA ITER neighbouring area (representative point),2026-03-01 to 2026-05-31
2026,5,17,0,4.51,NASA POWER,https://power.larc.nasa.gov/,WS2M - Wind Speed at 2 m (m/s),SOA ITER neighbouring area (representative point),2026-03-01 to 2026-05-31
2026,5,17,1,4.16,NASA POWER,https://power.larc.nasa.gov/,WS2M - Wind Speed at 2 m (m/s),SOA ITER neighbouring area (representative point),2026-03-01 to 2026-05-31
2026,5,17,2,3.82,NASA POWER,https://power.larc.nasa.gov/,WS2M - Wind Speed at 2 m (m/s),SOA ITER neighbouring area (representative point),2026-03-01 to 2026-05-31
2026,5,17,3,3.49,NASA POWER,https://power.larc.nasa.gov/,WS2M - Wind Speed at 2 m (m/s),SOA ITER neighbouring area (representative point),2026-03-01 to 2026-05-31
2026,5,17,4,3.17,NASA POWER,https://power.larc.nasa.gov/,WS2M - Wind Speed at 2 m (m/s),SOA ITER neighbouring area (representative point),2026-03-01 to 2026-05-31
2026,5,17,5,2.96,NASA POWER,https://power.larc.nasa.gov/,WS2M - Wind Speed at 2 m (m/s),SOA ITER neighbouring area (representative point),2026-03-01 to 2026-05-31
2026,5,17,6,3.6,NASA POWER,https://power.larc.nasa.gov/,WS2M - Wind Speed at 2 m (m/s),SOA ITER neighbouring area (representative point),2026-03-01 to 2026-05-31
2026,5,17,7,4.02,NASA POWER,https://power.larc.nasa.gov/,WS2M - Wind Speed at 2 m (m/s),SOA ITER neighbouring area (representative point),2026-03-01 to 2026-05-31
2026,5,17,8,3.96,NASA POWER,https://power.larc.nasa.gov/,WS2M - Wind Speed at 2 m (m/s),SOA ITER neighbouring area (representative point),2026-03-01 to 2026-05-31
2026,5,17,9,3.57,NASA POWER,https://power.larc.nasa.gov/,WS2M - Wind Speed at 2 m (m/s),SOA ITER neighbouring area (representative point),2026-03-01 to 2026-05-31
2026,5,17,10,3.21,NASA POWER,https://power.larc.nasa.gov/,WS2M - Wind Speed at 2 m (m/s),SOA ITER neighbouring area (representative point),2026-03-01 to 2026-05-31
2026,5,17,11,3.27,NASA POWER,https://power.larc.nasa.gov/,WS2M - Wind Speed at 2 m (m/s),SOA ITER neighbouring area (representative point),2026-03-01 to 2026-05-31
2026,5,17,12,3.85,NASA POWER,https://power.larc.nasa.gov/,WS2M - Wind Speed at 2 m (m/s),SOA ITER neighbouring area (representative point),2026-03-01 to 2026-05-31
2026,5,17,13,4.64,NASA POWER,https://power.larc.nasa.gov/,WS2M - Wind Speed at 2 m (m/s),SOA ITER neighbouring area (representative point),2026-03-01 to 2026-05-31
2026,5,17,14,5.34,NASA POWER,https://power.larc.nasa.gov/,WS2M - Wind Speed at 2 m (m/s),SOA ITER neighbouring area (representative point),2026-03-01 to 2026-05-31
2026,5,17,15,5.88,NASA POWER,https://power.larc.nasa.gov/,WS2M - Wind Speed at 2 m (m/s),SOA ITER neighbouring area (representative point),2026-03-01 to 2026-05-31
2026,5,17,16,6.26,NASA POWER,https://power.larc.nasa.gov/,WS2M - Wind Speed at 2 m (m/s),SOA ITER neighbouring area (representative point),2026-03-01 to 2026-05-31
2026,5,17,17,6.52,NASA POWER,https://power.larc.nasa.gov/,WS2M - Wind Speed at 2 m (m/s),SOA ITER neighbouring area (representative point),2026-03-01 to 2026-05-31
2026,5,17,18,6.47,NASA POWER,https://power.larc.nasa.gov/,WS2M - Wind Speed at 2 m (m/s),SOA ITER neighbouring area (representative point),2026-03-01 to 2026-05-31
2026,5,17,19,6.2,NASA POWER,https://power.larc.nasa.gov/,WS2M - Wind Speed at 2 m (m/s),SOA ITER neighbouring area (representative point),2026-03-01 to 2026-05-31
2026,5,17,20,5.85,NASA POWER,https://power.larc.nasa.gov/,WS2M - Wind Speed at 2 m (m/s),SOA ITER neighbouring area (representative point),2026-03-01 to 2026-05-31
2026,5,17,21,5.63,NASA POWER,https://power.larc.nasa.gov/,WS2M - Wind Speed at 2 m (m/s),SOA ITER neighbouring area (representative point),2026-03-01 to 2026-05-31
2026,5,17,22,5.54,NASA POWER,https://power.larc.nasa.gov/,WS2M - Wind Speed at 2 m (m/s),SOA ITER neighbouring area (representative point),2026-03-01 to 2026-05-31
2026,5,17,23,5.63,NASA POWER,https://power.larc.nasa.gov/,WS2M - Wind Speed at 2 m (m/s),SOA ITER neighbouring area (representative point),2026-03-01 to 2026-05-31
2026,5,18,0,5.72,NASA POWER,https://power.larc.nasa.gov/,WS2M - Wind Speed at 2 m (m/s),SOA ITER neighbouring area (representative point),2026-03-01 to 2026-05-31
2026,5,18,1,5.72,NASA POWER,https://power.larc.nasa.gov/,WS2M - Wind Speed at 2 m (m/s),SOA ITER neighbouring area (representative point),2026-03-01 to 2026-05-31
2026,5,18,2,5.62,NASA POWER,https://power.larc.nasa.gov/,WS2M - Wind Speed at 2 m (m/s),SOA ITER neighbouring area (representative point),2026-03-01 to 2026-05-31
2026,5,18,3,5.43,NASA POWER,https://power.larc.nasa.gov/,WS2M - Wind Speed at 2 m (m/s),SOA ITER neighbouring area (representative point),2026-03-01 to 2026-05-31
2026,5,18,4,5.05,NASA POWER,https://power.larc.nasa.gov/,WS2M - Wind Speed at 2 m (m/s),SOA ITER neighbouring area (representative point),2026-03-01 to 2026-05-31
2026,5,18,5,4.76,NASA POWER,https://power.larc.nasa.gov/,WS2M - Wind Speed at 2 m (m/s),SOA ITER neighbouring area (representative point),2026-03-01 to 2026-05-31
2026,5,18,6,5.13,NASA POWER,https://power.larc.nasa.gov/,WS2M - Wind Speed at 2 m (m/s),SOA ITER neighbouring area (representative point),2026-03-01 to 2026-05-31
2026,5,18,7,5.51,NASA POWER,https://power.larc.nasa.gov/,WS2M - Wind Speed at 2 m (m/s),SOA ITER neighbouring area (representative point),2026-03-01 to 2026-05-31
2026,5,18,8,5.67,NASA POWER,https://power.larc.nasa.gov/,WS2M - Wind Speed at 2 m (m/s),SOA ITER neighbouring area (representative point),2026-03-01 to 2026-05-31
2026,5,18,9,5.45,NASA POWER,https://power.larc.nasa.gov/,WS2M - Wind Speed at 2 m (m/s),SOA ITER neighbouring area (representative point),2026-03-01 to 2026-05-31
2026,5,18,10,5.06,NASA POWER,https://power.larc.nasa.gov/,WS2M - Wind Speed at 2 m (m/s),SOA ITER neighbouring area (representative point),2026-03-01 to 2026-05-31
2026,5,18,11,4.8,NASA POWER,https://power.larc.nasa.gov/,WS2M - Wind Speed at 2 m (m/s),SOA ITER neighbouring area (representative point),2026-03-01 to 2026-05-31
2026,5,18,12,4.75,NASA POWER,https://power.larc.nasa.gov/,WS2M - Wind Speed at 2 m (m/s),SOA ITER neighbouring area (representative point),2026-03-01 to 2026-05-31
2026,5,18,13,4.91,NASA POWER,https://power.larc.nasa.gov/,WS2M - Wind Speed at 2 m (m/s),SOA ITER neighbouring area (representative point),2026-03-01 to 2026-05-31
2026,5,18,14,5.27,NASA POWER,https://power.larc.nasa.gov/,WS2M - Wind Speed at 2 m (m/s),SOA ITER neighbouring area (representative point),2026-03-01 to 2026-05-31
2026,5,18,15,5.65,NASA POWER,https://power.larc.nasa.gov/,WS2M - Wind Speed at 2 m (m/s),SOA ITER neighbouring area (representative point),2026-03-01 to 2026-05-31
2026,5,18,16,6.06,NASA POWER,https://power.larc.nasa.gov/,WS2M - Wind Speed at 2 m (m/s),SOA ITER neighbouring area (representative point),2026-03-01 to 2026-05-31
2026,5,18,17,6.39,NASA POWER,https://power.larc.nasa.gov/,WS2M - Wind Speed at 2 m (m/s),SOA ITER neighbouring area (representative point),2026-03-01 to 2026-05-31
2026,5,18,18,6.34,NASA POWER,https://power.larc.nasa.gov/,WS2M - Wind Speed at 2 m (m/s),SOA ITER neighbouring area (representative point),2026-03-01 to 2026-05-31
2026,5,18,19,6.09,NASA POWER,https://power.larc.nasa.gov/,WS2M - Wind Speed at 2 m (m/s),SOA ITER neighbouring area (representative point),2026-03-01 to 2026-05-31
2026,5,18,20,5.83,NASA POWER,https://power.larc.nasa.gov/,WS2M - Wind Speed at 2 m (m/s),SOA ITER neighbouring area (representative point),2026-03-01 to 2026-05-31
2026,5,18,21,5.51,NASA POWER,https://power.larc.nasa.gov/,WS2M - Wind Speed at 2 m (m/s),SOA ITER neighbouring area (representative point),2026-03-01 to 2026-05-31
2026,5,18,22,5.34,NASA POWER,https://power.larc.nasa.gov/,WS2M - Wind Speed at 2 m (m/s),SOA ITER neighbouring area (representative point),2026-03-01 to 2026-05-31
2026,5,18,23,5.25,NASA POWER,https://power.larc.nasa.gov/,WS2M - Wind Speed at 2 m (m/s),SOA ITER neighbouring area (representative point),2026-03-01 to 2026-05-31
2026,5,19,0,5.16,NASA POWER,https://power.larc.nasa.gov/,WS2M - Wind Speed at 2 m (m/s),SOA ITER neighbouring area (representative point),2026-03-01 to 2026-05-31
2026,5,19,1,4.99,NASA POWER,https://power.larc.nasa.gov/,WS2M - Wind Speed at 2 m (m/s),SOA ITER neighbouring area (representative point),2026-03-01 to 2026-05-31
2026,5,19,2,4.79,NASA POWER,https://power.larc.nasa.gov/,WS2M - Wind Speed at 2 m (m/s),SOA ITER neighbouring area (representative point),2026-03-01 to 2026-05-31
2026,5,19,3,4.58,NASA POWER,https://power.larc.nasa.gov/,WS2M - Wind Speed at 2 m (m/s),SOA ITER neighbouring area (representative point),2026-03-01 to 2026-05-31
2026,5,19,4,4.52,NASA POWER,https://power.larc.nasa.gov/,WS2M - Wind Speed at 2 m (m/s),SOA ITER neighbouring area (representative point),2026-03-01 to 2026-05-31
2026,5,19,5,4.56,NASA POWER,https://power.larc.nasa.gov/,WS2M - Wind Speed at 2 m (m/s),SOA ITER neighbouring area (representative point),2026-03-01 to 2026-05-31
2026,5,19,6,5.19,NASA POWER,https://power.larc.nasa.gov/,WS2M - Wind Speed at 2 m (m/s),SOA ITER neighbouring area (representative point),2026-03-01 to 2026-05-31
2026,5,19,7,6.06,NASA POWER,https://power.larc.nasa.gov/,WS2M - Wind Speed at 2 m (m/s),SOA ITER neighbouring area (representative point),2026-03-01 to 2026-05-31
2026,5,19,8,6.59,NASA POWER,https://power.larc.nasa.gov/,WS2M - Wind Speed at 2 m (m/s),SOA ITER neighbouring area (representative point),2026-03-01 to 2026-05-31
2026,5,19,9,6.65,NASA POWER,https://power.larc.nasa.gov/,WS2M - Wind Speed at 2 m (m/s),SOA ITER neighbouring area (representative point),2026-03-01 to 2026-05-31
2026,5,19,10,6.37,NASA POWER,https://power.larc.nasa.gov/,WS2M - Wind Speed at 2 m (m/s),SOA ITER neighbouring area (representative point),2026-03-01 to 2026-05-31
2026,5,19,11,5.94,NASA POWER,https://power.larc.nasa.gov/,WS2M - Wind Speed at 2 m (m/s),SOA ITER neighbouring area (representative point),2026-03-01 to 2026-05-31
2026,5,19,12,5.51,NASA POWER,https://power.larc.nasa.gov/,WS2M - Wind Speed at 2 m (m/s),SOA ITER neighbouring area (representative point),2026-03-01 to 2026-05-31
2026,5,19,13,5.24,NASA POWER,https://power.larc.nasa.gov/,WS2M - Wind Speed at 2 m (m/s),SOA ITER neighbouring area (representative point),2026-03-01 to 2026-05-31
2026,5,19,14,5.12,NASA POWER,https://power.larc.nasa.gov/,WS2M - Wind Speed at 2 m (m/s),SOA ITER neighbouring area (representative point),2026-03-01 to 2026-05-31
2026,5,19,15,5.27,NASA POWER,https://power.larc.nasa.gov/,WS2M - Wind Speed at 2 m (m/s),SOA ITER neighbouring area (representative point),2026-03-01 to 2026-05-31
2026,5,19,16,5.54,NASA POWER,https://power.larc.nasa.gov/,WS2M - Wind Speed at 2 m (m/s),SOA ITER neighbouring area (representative point),2026-03-01 to 2026-05-31
2026,5,19,17,5.86,NASA POWER,https://power.larc.nasa.gov/,WS2M - Wind Speed at 2 m (m/s),SOA ITER neighbouring area (representative point),2026-03-01 to 2026-05-31
2026,5,19,18,6.03,NASA POWER,https://power.larc.nasa.gov/,WS2M - Wind Speed at 2 m (m/s),SOA ITER neighbouring area (representative point),2026-03-01 to 2026-05-31
2026,5,19,19,6.0,NASA POWER,https://power.larc.nasa.gov/,WS2M - Wind Speed at 2 m (m/s),SOA ITER neighbouring area (representative point),2026-03-01 to 2026-05-31
2026,5,19,20,5.8,NASA POWER,https://power.larc.nasa.gov/,WS2M - Wind Speed at 2 m (m/s),SOA ITER neighbouring area (representative point),2026-03-01 to 2026-05-31
2026,5,19,21,5.46,NASA POWER,https://power.larc.nasa.gov/,WS2M - Wind Speed at 2 m (m/s),SOA ITER neighbouring area (representative point),2026-03-01 to 2026-05-31
2026,5,19,22,5.13,NASA POWER,https://power.larc.nasa.gov/,WS2M - Wind Speed at 2 m (m/s),SOA ITER neighbouring area (representative point),2026-03-01 to 2026-05-31
2026,5,19,23,4.95,NASA POWER,https://power.larc.nasa.gov/,WS2M - Wind Speed at 2 m (m/s),SOA ITER neighbouring area (representative point),2026-03-01 to 2026-05-31
2026,5,20,0,4.86,NASA POWER,https://power.larc.nasa.gov/,WS2M - Wind Speed at 2 m (m/s),SOA ITER neighbouring area (representative point),2026-03-01 to 2026-05-31
2026,5,20,1,4.93,NASA POWER,https://power.larc.nasa.gov/,WS2M - Wind Speed at 2 m (m/s),SOA ITER neighbouring area (representative point),2026-03-01 to 2026-05-31
2026,5,20,2,4.88,NASA POWER,https://power.larc.nasa.gov/,WS2M - Wind Speed at 2 m (m/s),SOA ITER neighbouring area (representative point),2026-03-01 to 2026-05-31
2026,5,20,3,4.63,NASA POWER,https://power.larc.nasa.gov/,WS2M - Wind Speed at 2 m (m/s),SOA ITER neighbouring area (representative point),2026-03-01 to 2026-05-31
2026,5,20,4,4.14,NASA POWER,https://power.larc.nasa.gov/,WS2M - Wind Speed at 2 m (m/s),SOA ITER neighbouring area (representative point),2026-03-01 to 2026-05-31
2026,5,20,5,3.62,NASA POWER,https://power.larc.nasa.gov/,WS2M - Wind Speed at 2 m (m/s),SOA ITER neighbouring area (representative point),2026-03-01 to 2026-05-31
2026,5,20,6,3.65,NASA POWER,https://power.larc.nasa.gov/,WS2M - Wind Speed at 2 m (m/s),SOA ITER neighbouring area (representative point),2026-03-01 to 2026-05-31
2026,5,20,7,3.61,NASA POWER,https://power.larc.nasa.gov/,WS2M - Wind Speed at 2 m (m/s),SOA ITER neighbouring area (representative point),2026-03-01 to 2026-05-31
2026,5,20,8,3.28,NASA POWER,https://power.larc.nasa.gov/,WS2M - Wind Speed at 2 m (m/s),SOA ITER neighbouring area (representative point),2026-03-01 to 2026-05-31
2026,5,20,9,2.66,NASA POWER,https://power.larc.nasa.gov/,WS2M - Wind Speed at 2 m (m/s),SOA ITER neighbouring area (representative point),2026-03-01 to 2026-05-31
2026,5,20,10,1.74,NASA POWER,https://power.larc.nasa.gov/,WS2M - Wind Speed at 2 m (m/s),SOA ITER neighbouring area (representative point),2026-03-01 to 2026-05-31
2026,5,20,11,0.88,NASA POWER,https://power.larc.nasa.gov/,WS2M - Wind Speed at 2 m (m/s),SOA ITER neighbouring area (representative point),2026-03-01 to 2026-05-31
2026,5,20,12,0.21,NASA POWER,https://power.larc.nasa.gov/,WS2M - Wind Speed at 2 m (m/s),SOA ITER neighbouring area (representative point),2026-03-01 to 2026-05-31
2026,5,20,13,0.35,NASA POWER,https://power.larc.nasa.gov/,WS2M - Wind Speed at 2 m (m/s),SOA ITER neighbouring area (representative point),2026-03-01 to 2026-05-31
2026,5,20,14,0.67,NASA POWER,https://power.larc.nasa.gov/,WS2M - Wind Speed at 2 m (m/s),SOA ITER neighbouring area (representative point),2026-03-01 to 2026-05-31
2026,5,20,15,1.06,NASA POWER,https://power.larc.nasa.gov/,WS2M - Wind Speed at 2 m (m/s),SOA ITER neighbouring area (representative point),2026-03-01 to 2026-05-31
2026,5,20,16,1.97,NASA POWER,https://power.larc.nasa.gov/,WS2M - Wind Speed at 2 m (m/s),SOA ITER neighbouring area (representative point),2026-03-01 to 2026-05-31
2026,5,20,17,3.55,NASA POWER,https://power.larc.nasa.gov/,WS2M - Wind Speed at 2 m (m/s),SOA ITER neighbouring area (representative point),2026-03-01 to 2026-05-31
2026,5,20,18,4.67,NASA POWER,https://power.larc.nasa.gov/,WS2M - Wind Speed at 2 m (m/s),SOA ITER neighbouring area (representative point),2026-03-01 to 2026-05-31
2026,5,20,19,5.52,NASA POWER,https://power.larc.nasa.gov/,WS2M - Wind Speed at 2 m (m/s),SOA ITER neighbouring area (representative point),2026-03-01 to 2026-05-31
2026,5,20,20,5.57,NASA POWER,https://power.larc.nasa.gov/,WS2M - Wind Speed at 2 m (m/s),SOA ITER neighbouring area (representative point),2026-03-01 to 2026-05-31
2026,5,20,21,5.19,NASA POWER,https://power.larc.nasa.gov/,WS2M - Wind Speed at 2 m (m/s),SOA ITER neighbouring area (representative point),2026-03-01 to 2026-05-31
2026,5,20,22,4.76,NASA POWER,https://power.larc.nasa.gov/,WS2M - Wind Speed at 2 m (m/s),SOA ITER neighbouring area (representative point),2026-03-01 to 2026-05-31
2026,5,20,23,4.49,NASA POWER,https://power.larc.nasa.gov/,WS2M - Wind Speed at 2 m (m/s),SOA ITER neighbouring area (representative point),2026-03-01 to 2026-05-31
2026,5,21,0,4.28,NASA POWER,https://power.larc.nasa.gov/,WS2M - Wind Speed at 2 m (m/s),SOA ITER neighbouring area (representative point),2026-03-01 to 2026-05-31
2026,5,21,1,4.0,NASA POWER,https://power.larc.nasa.gov/,WS2M - Wind Speed at 2 m (m/s),SOA ITER neighbouring area (representative point),2026-03-01 to 2026-05-31
2026,5,21,2,3.63,NASA POWER,https://power.larc.nasa.gov/,WS2M - Wind Speed at 2 m (m/s),SOA ITER neighbouring area (representative point),2026-03-01 to 2026-05-31
2026,5,21,3,3.28,NASA POWER,https://power.larc.nasa.gov/,WS2M - Wind Speed at 2 m (m/s),SOA ITER neighbouring area (representative point),2026-03-01 to 2026-05-31
2026,5,21,4,3.02,NASA POWER,https://power.larc.nasa.gov/,WS2M - Wind Speed at 2 m (m/s),SOA ITER neighbouring area (representative point),2026-03-01 to 2026-05-31
2026,5,21,5,2.75,NASA POWER,https://power.larc.nasa.gov/,WS2M - Wind Speed at 2 m (m/s),SOA ITER neighbouring area (representative point),2026-03-01 to 2026-05-31
2026,5,21,6,3.14,NASA POWER,https://power.larc.nasa.gov/,WS2M - Wind Speed at 2 m (m/s),SOA ITER neighbouring area (representative point),2026-03-01 to 2026-05-31
2026,5,21,7,2.91,NASA POWER,https://power.larc.nasa.gov/,WS2M - Wind Speed at 2 m (m/s),SOA ITER neighbouring area (representative point),2026-03-01 to 2026-05-31
2026,5,21,8,2.68,NASA POWER,https://power.larc.nasa.gov/,WS2M - Wind Speed at 2 m (m/s),SOA ITER neighbouring area (representative point),2026-03-01 to 2026-05-31
2026,5,21,9,2.42,NASA POWER,https://power.larc.nasa.gov/,WS2M - Wind Speed at 2 m (m/s),SOA ITER neighbouring area (representative point),2026-03-01 to 2026-05-31
2026,5,21,10,2.09,NASA POWER,https://power.larc.nasa.gov/,WS2M - Wind Speed at 2 m (m/s),SOA ITER neighbouring area (representative point),2026-03-01 to 2026-05-31
2026,5,21,11,1.68,NASA POWER,https://power.larc.nasa.gov/,WS2M - Wind Speed at 2 m (m/s),SOA ITER neighbouring area (representative point),2026-03-01 to 2026-05-31
2026,5,21,12,1.28,NASA POWER,https://power.larc.nasa.gov/,WS2M - Wind Speed at 2 m (m/s),SOA ITER neighbouring area (representative point),2026-03-01 to 2026-05-31
2026,5,21,13,1.27,NASA POWER,https://power.larc.nasa.gov/,WS2M - Wind Speed at 2 m (m/s),SOA ITER neighbouring area (representative point),2026-03-01 to 2026-05-31
2026,5,21,14,1.65,NASA POWER,https://power.larc.nasa.gov/,WS2M - Wind Speed at 2 m (m/s),SOA ITER neighbouring area (representative point),2026-03-01 to 2026-05-31
2026,5,21,15,2.19,NASA POWER,https://power.larc.nasa.gov/,WS2M - Wind Speed at 2 m (m/s),SOA ITER neighbouring area (representative point),2026-03-01 to 2026-05-31
2026,5,21,16,2.94,NASA POWER,https://power.larc.nasa.gov/,WS2M - Wind Speed at 2 m (m/s),SOA ITER neighbouring area (representative point),2026-03-01 to 2026-05-31
2026,5,21,17,3.91,NASA POWER,https://power.larc.nasa.gov/,WS2M - Wind Speed at 2 m (m/s),SOA ITER neighbouring area (representative point),2026-03-01 to 2026-05-31
2026,5,21,18,4.63,NASA POWER,https://power.larc.nasa.gov/,WS2M - Wind Speed at 2 m (m/s),SOA ITER neighbouring area (representative point),2026-03-01 to 2026-05-31
2026,5,21,19,4.69,NASA POWER,https://power.larc.nasa.gov/,WS2M - Wind Speed at 2 m (m/s),SOA ITER neighbouring area (representative point),2026-03-01 to 2026-05-31
2026,5,21,20,4.4,NASA POWER,https://power.larc.nasa.gov/,WS2M - Wind Speed at 2 m (m/s),SOA ITER neighbouring area (representative point),2026-03-01 to 2026-05-31
2026,5,21,21,4.21,NASA POWER,https://power.larc.nasa.gov/,WS2M - Wind Speed at 2 m (m/s),SOA ITER neighbouring area (representative point),2026-03-01 to 2026-05-31
2026,5,21,22,4.09,NASA POWER,https://power.larc.nasa.gov/,WS2M - Wind Speed at 2 m (m/s),SOA ITER neighbouring area (representative point),2026-03-01 to 2026-05-31
2026,5,21,23,3.93,NASA POWER,https://power.larc.nasa.gov/,WS2M - Wind Speed at 2 m (m/s),SOA ITER neighbouring area (representative point),2026-03-01 to 2026-05-31
2026,5,22,0,3.72,NASA POWER,https://power.larc.nasa.gov/,WS2M - Wind Speed at 2 m (m/s),SOA ITER neighbouring area (representative point),2026-03-01 to 2026-05-31
2026,5,22,1,3.42,NASA POWER,https://power.larc.nasa.gov/,WS2M - Wind Speed at 2 m (m/s),SOA ITER neighbouring area (representative point),2026-03-01 to 2026-05-31
2026,5,22,2,3.06,NASA POWER,https://power.larc.nasa.gov/,WS2M - Wind Speed at 2 m (m/s),SOA ITER neighbouring area (representative point),2026-03-01 to 2026-05-31
2026,5,22,3,2.79,NASA POWER,https://power.larc.nasa.gov/,WS2M - Wind Speed at 2 m (m/s),SOA ITER neighbouring area (representative point),2026-03-01 to 2026-05-31
2026,5,22,4,2.72,NASA POWER,https://power.larc.nasa.gov/,WS2M - Wind Speed at 2 m (m/s),SOA ITER neighbouring area (representative point),2026-03-01 to 2026-05-31
2026,5,22,5,2.77,NASA POWER,https://power.larc.nasa.gov/,WS2M - Wind Speed at 2 m (m/s),SOA ITER neighbouring area (representative point),2026-03-01 to 2026-05-31
2026,5,22,6,3.54,NASA POWER,https://power.larc.nasa.gov/,WS2M - Wind Speed at 2 m (m/s),SOA ITER neighbouring area (representative point),2026-03-01 to 2026-05-31
2026,5,22,7,4.03,NASA POWER,https://power.larc.nasa.gov/,WS2M - Wind Speed at 2 m (m/s),SOA ITER neighbouring area (representative point),2026-03-01 to 2026-05-31
2026,5,22,8,4.61,NASA POWER,https://power.larc.nasa.gov/,WS2M - Wind Speed at 2 m (m/s),SOA ITER neighbouring area (representative point),2026-03-01 to 2026-05-31
2026,5,22,9,5.12,NASA POWER,https://power.larc.nasa.gov/,WS2M - Wind Speed at 2 m (m/s),SOA ITER neighbouring area (representative point),2026-03-01 to 2026-05-31
2026,5,22,10,5.44,NASA POWER,https://power.larc.nasa.gov/,WS2M - Wind Speed at 2 m (m/s),SOA ITER neighbouring area (representative point),2026-03-01 to 2026-05-31
2026,5,22,11,5.51,NASA POWER,https://power.larc.nasa.gov/,WS2M - Wind Speed at 2 m (m/s),SOA ITER neighbouring area (representative point),2026-03-01 to 2026-05-31
2026,5,22,12,5.3,NASA POWER,https://power.larc.nasa.gov/,WS2M - Wind Speed at 2 m (m/s),SOA ITER neighbouring area (representative point),2026-03-01 to 2026-05-31
2026,5,22,13,4.97,NASA POWER,https://power.larc.nasa.gov/,WS2M - Wind Speed at 2 m (m/s),SOA ITER neighbouring area (representative point),2026-03-01 to 2026-05-31
2026,5,22,14,4.72,NASA POWER,https://power.larc.nasa.gov/,WS2M - Wind Speed at 2 m (m/s),SOA ITER neighbouring area (representative point),2026-03-01 to 2026-05-31
2026,5,22,15,4.59,NASA POWER,https://power.larc.nasa.gov/,WS2M - Wind Speed at 2 m (m/s),SOA ITER neighbouring area (representative point),2026-03-01 to 2026-05-31
2026,5,22,16,4.52,NASA POWER,https://power.larc.nasa.gov/,WS2M - Wind Speed at 2 m (m/s),SOA ITER neighbouring area (representative point),2026-03-01 to 2026-05-31
2026,5,22,17,4.58,NASA POWER,https://power.larc.nasa.gov/,WS2M - Wind Speed at 2 m (m/s),SOA ITER neighbouring area (representative point),2026-03-01 to 2026-05-31
2026,5,22,18,4.64,NASA POWER,https://power.larc.nasa.gov/,WS2M - Wind Speed at 2 m (m/s),SOA ITER neighbouring area (representative point),2026-03-01 to 2026-05-31
2026,5,22,19,4.67,NASA POWER,https://power.larc.nasa.gov/,WS2M - Wind Speed at 2 m (m/s),SOA ITER neighbouring area (representative point),2026-03-01 to 2026-05-31
2026,5,22,20,4.6,NASA POWER,https://power.larc.nasa.gov/,WS2M - Wind Speed at 2 m (m/s),SOA ITER neighbouring area (representative point),2026-03-01 to 2026-05-31
2026,5,22,21,4.4,NASA POWER,https://power.larc.nasa.gov/,WS2M - Wind Speed at 2 m (m/s),SOA ITER neighbouring area (representative point),2026-03-01 to 2026-05-31
2026,5,22,22,4.23,NASA POWER,https://power.larc.nasa.gov/,WS2M - Wind Speed at 2 m (m/s),SOA ITER neighbouring area (representative point),2026-03-01 to 2026-05-31
2026,5,22,23,4.13,NASA POWER,https://power.larc.nasa.gov/,WS2M - Wind Speed at 2 m (m/s),SOA ITER neighbouring area (representative point),2026-03-01 to 2026-05-31
2026,5,23,0,3.88,NASA POWER,https://power.larc.nasa.gov/,WS2M - Wind Speed at 2 m (m/s),SOA ITER neighbouring area (representative point),2026-03-01 to 2026-05-31
2026,5,23,1,3.7,NASA POWER,https://power.larc.nasa.gov/,WS2M - Wind Speed at 2 m (m/s),SOA ITER neighbouring area (representative point),2026-03-01 to 2026-05-31
2026,5,23,2,3.57,NASA POWER,https://power.larc.nasa.gov/,WS2M - Wind Speed at 2 m (m/s),SOA ITER neighbouring area (representative point),2026-03-01 to 2026-05-31
2026,5,23,3,3.52,NASA POWER,https://power.larc.nasa.gov/,WS2M - Wind Speed at 2 m (m/s),SOA ITER neighbouring area (representative point),2026-03-01 to 2026-05-31
2026,5,23,4,3.5,NASA POWER,https://power.larc.nasa.gov/,WS2M - Wind Speed at 2 m (m/s),SOA ITER neighbouring area (representative point),2026-03-01 to 2026-05-31
2026,5,23,5,3.55,NASA POWER,https://power.larc.nasa.gov/,WS2M - Wind Speed at 2 m (m/s),SOA ITER neighbouring area (representative point),2026-03-01 to 2026-05-31
2026,5,23,6,4.15,NASA POWER,https://power.larc.nasa.gov/,WS2M - Wind Speed at 2 m (m/s),SOA ITER neighbouring area (representative point),2026-03-01 to 2026-05-31
2026,5,23,7,4.74,NASA POWER,https://power.larc.nasa.gov/,WS2M - Wind Speed at 2 m (m/s),SOA ITER neighbouring area (representative point),2026-03-01 to 2026-05-31
2026,5,23,8,5.34,NASA POWER,https://power.larc.nasa.gov/,WS2M - Wind Speed at 2 m (m/s),SOA ITER neighbouring area (representative point),2026-03-01 to 2026-05-31
2026,5,23,9,6.52,NASA POWER,https://power.larc.nasa.gov/,WS2M - Wind Speed at 2 m (m/s),SOA ITER neighbouring area (representative point),2026-03-01 to 2026-05-31
2026,5,23,10,8.32,NASA POWER,https://power.larc.nasa.gov/,WS2M - Wind Speed at 2 m (m/s),SOA ITER neighbouring area (representative point),2026-03-01 to 2026-05-31
2026,5,23,11,8.75,NASA POWER,https://power.larc.nasa.gov/,WS2M - Wind Speed at 2 m (m/s),SOA ITER neighbouring area (representative point),2026-03-01 to 2026-05-31
2026,5,23,12,7.91,NASA POWER,https://power.larc.nasa.gov/,WS2M - Wind Speed at 2 m (m/s),SOA ITER neighbouring area (representative point),2026-03-01 to 2026-05-31
2026,5,23,13,6.62,NASA POWER,https://power.larc.nasa.gov/,WS2M - Wind Speed at 2 m (m/s),SOA ITER neighbouring area (representative point),2026-03-01 to 2026-05-31
2026,5,23,14,5.24,NASA POWER,https://power.larc.nasa.gov/,WS2M - Wind Speed at 2 m (m/s),SOA ITER neighbouring area (representative point),2026-03-01 to 2026-05-31
2026,5,23,15,4.13,NASA POWER,https://power.larc.nasa.gov/,WS2M - Wind Speed at 2 m (m/s),SOA ITER neighbouring area (representative point),2026-03-01 to 2026-05-31
2026,5,23,16,3.45,NASA POWER,https://power.larc.nasa.gov/,WS2M - Wind Speed at 2 m (m/s),SOA ITER neighbouring area (representative point),2026-03-01 to 2026-05-31
2026,5,23,17,3.25,NASA POWER,https://power.larc.nasa.gov/,WS2M - Wind Speed at 2 m (m/s),SOA ITER neighbouring area (representative point),2026-03-01 to 2026-05-31
2026,5,23,18,3.19,NASA POWER,https://power.larc.nasa.gov/,WS2M - Wind Speed at 2 m (m/s),SOA ITER neighbouring area (representative point),2026-03-01 to 2026-05-31
2026,5,23,19,3.77,NASA POWER,https://power.larc.nasa.gov/,WS2M - Wind Speed at 2 m (m/s),SOA ITER neighbouring area (representative point),2026-03-01 to 2026-05-31
2026,5,23,20,4.26,NASA POWER,https://power.larc.nasa.gov/,WS2M - Wind Speed at 2 m (m/s),SOA ITER neighbouring area (representative point),2026-03-01 to 2026-05-31
2026,5,23,21,4.48,NASA POWER,https://power.larc.nasa.gov/,WS2M - Wind Speed at 2 m (m/s),SOA ITER neighbouring area (representative point),2026-03-01 to 2026-05-31
2026,5,23,22,4.38,NASA POWER,https://power.larc.nasa.gov/,WS2M - Wind Speed at 2 m (m/s),SOA ITER neighbouring area (representative point),2026-03-01 to 2026-05-31
2026,5,23,23,4.19,NASA POWER,https://power.larc.nasa.gov/,WS2M - Wind Speed at 2 m (m/s),SOA ITER neighbouring area (representative point),2026-03-01 to 2026-05-31
2026,5,24,0,4.07,NASA POWER,https://power.larc.nasa.gov/,WS2M - Wind Speed at 2 m (m/s),SOA ITER neighbouring area (representative point),2026-03-01 to 2026-05-31
2026,5,24,1,3.98,NASA POWER,https://power.larc.nasa.gov/,WS2M - Wind Speed at 2 m (m/s),SOA ITER neighbouring area (representative point),2026-03-01 to 2026-05-31
2026,5,24,2,3.97,NASA POWER,https://power.larc.nasa.gov/,WS2M - Wind Speed at 2 m (m/s),SOA ITER neighbouring area (representative point),2026-03-01 to 2026-05-31
2026,5,24,3,4.09,NASA POWER,https://power.larc.nasa.gov/,WS2M - Wind Speed at 2 m (m/s),SOA ITER neighbouring area (representative point),2026-03-01 to 2026-05-31
2026,5,24,4,4.16,NASA POWER,https://power.larc.nasa.gov/,WS2M - Wind Speed at 2 m (m/s),SOA ITER neighbouring area (representative point),2026-03-01 to 2026-05-31
2026,5,24,5,4.19,NASA POWER,https://power.larc.nasa.gov/,WS2M - Wind Speed at 2 m (m/s),SOA ITER neighbouring area (representative point),2026-03-01 to 2026-05-31
2026,5,24,6,4.45,NASA POWER,https://power.larc.nasa.gov/,WS2M - Wind Speed at 2 m (m/s),SOA ITER neighbouring area (representative point),2026-03-01 to 2026-05-31
2026,5,24,7,5.0,NASA POWER,https://power.larc.nasa.gov/,WS2M - Wind Speed at 2 m (m/s),SOA ITER neighbouring area (representative point),2026-03-01 to 2026-05-31
2026,5,24,8,5.52,NASA POWER,https://power.larc.nasa.gov/,WS2M - Wind Speed at 2 m (m/s),SOA ITER neighbouring area (representative point),2026-03-01 to 2026-05-31
2026,5,24,9,5.53,NASA POWER,https://power.larc.nasa.gov/,WS2M - Wind Speed at 2 m (m/s),SOA ITER neighbouring area (representative point),2026-03-01 to 2026-05-31
2026,5,24,10,5.41,NASA POWER,https://power.larc.nasa.gov/,WS2M - Wind Speed at 2 m (m/s),SOA ITER neighbouring area (representative point),2026-03-01 to 2026-05-31
2026,5,24,11,5.21,NASA POWER,https://power.larc.nasa.gov/,WS2M - Wind Speed at 2 m (m/s),SOA ITER neighbouring area (representative point),2026-03-01 to 2026-05-31
2026,5,24,12,4.92,NASA POWER,https://power.larc.nasa.gov/,WS2M - Wind Speed at 2 m (m/s),SOA ITER neighbouring area (representative point),2026-03-01 to 2026-05-31
2026,5,24,13,4.68,NASA POWER,https://power.larc.nasa.gov/,WS2M - Wind Speed at 2 m (m/s),SOA ITER neighbouring area (representative point),2026-03-01 to 2026-05-31
2026,5,24,14,4.54,NASA POWER,https://power.larc.nasa.gov/,WS2M - Wind Speed at 2 m (m/s),SOA ITER neighbouring area (representative point),2026-03-01 to 2026-05-31
2026,5,24,15,4.66,NASA POWER,https://power.larc.nasa.gov/,WS2M - Wind Speed at 2 m (m/s),SOA ITER neighbouring area (representative point),2026-03-01 to 2026-05-31
2026,5,24,16,4.97,NASA POWER,https://power.larc.nasa.gov/,WS2M - Wind Speed at 2 m (m/s),SOA ITER neighbouring area (representative point),2026-03-01 to 2026-05-31
2026,5,24,17,5.26,NASA POWER,https://power.larc.nasa.gov/,WS2M - Wind Speed at 2 m (m/s),SOA ITER neighbouring area (representative point),2026-03-01 to 2026-05-31
2026,5,24,18,5.32,NASA POWER,https://power.larc.nasa.gov/,WS2M - Wind Speed at 2 m (m/s),SOA ITER neighbouring area (representative point),2026-03-01 to 2026-05-31
2026,5,24,19,5.2,NASA POWER,https://power.larc.nasa.gov/,WS2M - Wind Speed at 2 m (m/s),SOA ITER neighbouring area (representative point),2026-03-01 to 2026-05-31
2026,5,24,20,5.06,NASA POWER,https://power.larc.nasa.gov/,WS2M - Wind Speed at 2 m (m/s),SOA ITER neighbouring area (representative point),2026-03-01 to 2026-05-31
2026,5,24,21,4.72,NASA POWER,https://power.larc.nasa.gov/,WS2M - Wind Speed at 2 m (m/s),SOA ITER neighbouring area (representative point),2026-03-01 to 2026-05-31
2026,5,24,22,4.5,NASA POWER,https://power.larc.nasa.gov/,WS2M - Wind Speed at 2 m (m/s),SOA ITER neighbouring area (representative point),2026-03-01 to 2026-05-31
2026,5,24,23,4.33,NASA POWER,https://power.larc.nasa.gov/,WS2M - Wind Speed at 2 m (m/s),SOA ITER neighbouring area (representative point),2026-03-01 to 2026-05-31
2026,5,25,0,4.3,NASA POWER,https://power.larc.nasa.gov/,WS2M - Wind Speed at 2 m (m/s),SOA ITER neighbouring area (representative point),2026-03-01 to 2026-05-31
2026,5,25,1,4.29,NASA POWER,https://power.larc.nasa.gov/,WS2M - Wind Speed at 2 m (m/s),SOA ITER neighbouring area (representative point),2026-03-01 to 2026-05-31
2026,5,25,2,4.3,NASA POWER,https://power.larc.nasa.gov/,WS2M - Wind Speed at 2 m (m/s),SOA ITER neighbouring area (representative point),2026-03-01 to 2026-05-31
2026,5,25,3,4.22,NASA POWER,https://power.larc.nasa.gov/,WS2M - Wind Speed at 2 m (m/s),SOA ITER neighbouring area (representative point),2026-03-01 to 2026-05-31
2026,5,25,4,4.11,NASA POWER,https://power.larc.nasa.gov/,WS2M - Wind Speed at 2 m (m/s),SOA ITER neighbouring area (representative point),2026-03-01 to 2026-05-31
2026,5,25,5,4.09,NASA POWER,https://power.larc.nasa.gov/,WS2M - Wind Speed at 2 m (m/s),SOA ITER neighbouring area (representative point),2026-03-01 to 2026-05-31
2026,5,25,6,4.46,NASA POWER,https://power.larc.nasa.gov/,WS2M - Wind Speed at 2 m (m/s),SOA ITER neighbouring area (representative point),2026-03-01 to 2026-05-31
2026,5,25,7,5.03,NASA POWER,https://power.larc.nasa.gov/,WS2M - Wind Speed at 2 m (m/s),SOA ITER neighbouring area (representative point),2026-03-01 to 2026-05-31
2026,5,25,8,5.37,NASA POWER,https://power.larc.nasa.gov/,WS2M - Wind Speed at 2 m (m/s),SOA ITER neighbouring area (representative point),2026-03-01 to 2026-05-31
2026,5,25,9,5.39,NASA POWER,https://power.larc.nasa.gov/,WS2M - Wind Speed at 2 m (m/s),SOA ITER neighbouring area (representative point),2026-03-01 to 2026-05-31
2026,5,25,10,5.27,NASA POWER,https://power.larc.nasa.gov/,WS2M - Wind Speed at 2 m (m/s),SOA ITER neighbouring area (representative point),2026-03-01 to 2026-05-31
2026,5,25,11,5.06,NASA POWER,https://power.larc.nasa.gov/,WS2M - Wind Speed at 2 m (m/s),SOA ITER neighbouring area (representative point),2026-03-01 to 2026-05-31
2026,5,25,12,4.87,NASA POWER,https://power.larc.nasa.gov/,WS2M - Wind Speed at 2 m (m/s),SOA ITER neighbouring area (representative point),2026-03-01 to 2026-05-31
2026,5,25,13,4.83,NASA POWER,https://power.larc.nasa.gov/,WS2M - Wind Speed at 2 m (m/s),SOA ITER neighbouring area (representative point),2026-03-01 to 2026-05-31
2026,5,25,14,4.93,NASA POWER,https://power.larc.nasa.gov/,WS2M - Wind Speed at 2 m (m/s),SOA ITER neighbouring area (representative point),2026-03-01 to 2026-05-31
2026,5,25,15,5.19,NASA POWER,https://power.larc.nasa.gov/,WS2M - Wind Speed at 2 m (m/s),SOA ITER neighbouring area (representative point),2026-03-01 to 2026-05-31
2026,5,25,16,5.49,NASA POWER,https://power.larc.nasa.gov/,WS2M - Wind Speed at 2 m (m/s),SOA ITER neighbouring area (representative point),2026-03-01 to 2026-05-31
2026,5,25,17,5.71,NASA POWER,https://power.larc.nasa.gov/,WS2M - Wind Speed at 2 m (m/s),SOA ITER neighbouring area (representative point),2026-03-01 to 2026-05-31
2026,5,25,18,5.66,NASA POWER,https://power.larc.nasa.gov/,WS2M - Wind Speed at 2 m (m/s),SOA ITER neighbouring area (representative point),2026-03-01 to 2026-05-31
2026,5,25,19,5.51,NASA POWER,https://power.larc.nasa.gov/,WS2M - Wind Speed at 2 m (m/s),SOA ITER neighbouring area (representative point),2026-03-01 to 2026-05-31
2026,5,25,20,5.51,NASA POWER,https://power.larc.nasa.gov/,WS2M - Wind Speed at 2 m (m/s),SOA ITER neighbouring area (representative point),2026-03-01 to 2026-05-31
2026,5,25,21,5.49,NASA POWER,https://power.larc.nasa.gov/,WS2M - Wind Speed at 2 m (m/s),SOA ITER neighbouring area (representative point),2026-03-01 to 2026-05-31
2026,5,25,22,5.45,NASA POWER,https://power.larc.nasa.gov/,WS2M - Wind Speed at 2 m (m/s),SOA ITER neighbouring area (representative point),2026-03-01 to 2026-05-31
2026,5,25,23,5.4,NASA POWER,https://power.larc.nasa.gov/,WS2M - Wind Speed at 2 m (m/s),SOA ITER neighbouring area (representative point),2026-03-01 to 2026-05-31
2026,5,26,0,5.31,NASA POWER,https://power.larc.nasa.gov/,WS2M - Wind Speed at 2 m (m/s),SOA ITER neighbouring area (representative point),2026-03-01 to 2026-05-31
2026,5,26,1,5.08,NASA POWER,https://power.larc.nasa.gov/,WS2M - Wind Speed at 2 m (m/s),SOA ITER neighbouring area (representative point),2026-03-01 to 2026-05-31
2026,5,26,2,4.87,NASA POWER,https://power.larc.nasa.gov/,WS2M - Wind Speed at 2 m (m/s),SOA ITER neighbouring area (representative point),2026-03-01 to 2026-05-31
2026,5,26,3,4.65,NASA POWER,https://power.larc.nasa.gov/,WS2M - Wind Speed at 2 m (m/s),SOA ITER neighbouring area (representative point),2026-03-01 to 2026-05-31
2026,5,26,4,4.48,NASA POWER,https://power.larc.nasa.gov/,WS2M - Wind Speed at 2 m (m/s),SOA ITER neighbouring area (representative point),2026-03-01 to 2026-05-31
2026,5,26,5,4.44,NASA POWER,https://power.larc.nasa.gov/,WS2M - Wind Speed at 2 m (m/s),SOA ITER neighbouring area (representative point),2026-03-01 to 2026-05-31
2026,5,26,6,4.86,NASA POWER,https://power.larc.nasa.gov/,WS2M - Wind Speed at 2 m (m/s),SOA ITER neighbouring area (representative point),2026-03-01 to 2026-05-31
2026,5,26,7,5.6,NASA POWER,https://power.larc.nasa.gov/,WS2M - Wind Speed at 2 m (m/s),SOA ITER neighbouring area (representative point),2026-03-01 to 2026-05-31
2026,5,26,8,6.38,NASA POWER,https://power.larc.nasa.gov/,WS2M - Wind Speed at 2 m (m/s),SOA ITER neighbouring area (representative point),2026-03-01 to 2026-05-31
2026,5,26,9,6.6,NASA POWER,https://power.larc.nasa.gov/,WS2M - Wind Speed at 2 m (m/s),SOA ITER neighbouring area (representative point),2026-03-01 to 2026-05-31
2026,5,26,10,6.52,NASA POWER,https://power.larc.nasa.gov/,WS2M - Wind Speed at 2 m (m/s),SOA ITER neighbouring area (representative point),2026-03-01 to 2026-05-31
2026,5,26,11,6.15,NASA POWER,https://power.larc.nasa.gov/,WS2M - Wind Speed at 2 m (m/s),SOA ITER neighbouring area (representative point),2026-03-01 to 2026-05-31
2026,5,26,12,5.63,NASA POWER,https://power.larc.nasa.gov/,WS2M - Wind Speed at 2 m (m/s),SOA ITER neighbouring area (representative point),2026-03-01 to 2026-05-31
2026,5,26,13,5.18,NASA POWER,https://power.larc.nasa.gov/,WS2M - Wind Speed at 2 m (m/s),SOA ITER neighbouring area (representative point),2026-03-01 to 2026-05-31
2026,5,26,14,5.08,NASA POWER,https://power.larc.nasa.gov/,WS2M - Wind Speed at 2 m (m/s),SOA ITER neighbouring area (representative point),2026-03-01 to 2026-05-31
2026,5,26,15,5.23,NASA POWER,https://power.larc.nasa.gov/,WS2M - Wind Speed at 2 m (m/s),SOA ITER neighbouring area (representative point),2026-03-01 to 2026-05-31
2026,5,26,16,5.5,NASA POWER,https://power.larc.nasa.gov/,WS2M - Wind Speed at 2 m (m/s),SOA ITER neighbouring area (representative point),2026-03-01 to 2026-05-31
2026,5,26,17,5.73,NASA POWER,https://power.larc.nasa.gov/,WS2M - Wind Speed at 2 m (m/s),SOA ITER neighbouring area (representative point),2026-03-01 to 2026-05-31
2026,5,26,18,5.59,NASA POWER,https://power.larc.nasa.gov/,WS2M - Wind Speed at 2 m (m/s),SOA ITER neighbouring area (representative point),2026-03-01 to 2026-05-31
2026,5,26,19,5.3,NASA POWER,https://power.larc.nasa.gov/,WS2M - Wind Speed at 2 m (m/s),SOA ITER neighbouring area (representative point),2026-03-01 to 2026-05-31
2026,5,26,20,5.22,NASA POWER,https://power.larc.nasa.gov/,WS2M - Wind Speed at 2 m (m/s),SOA ITER neighbouring area (representative point),2026-03-01 to 2026-05-31
2026,5,26,21,5.05,NASA POWER,https://power.larc.nasa.gov/,WS2M - Wind Speed at 2 m (m/s),SOA ITER neighbouring area (representative point),2026-03-01 to 2026-05-31
2026,5,26,22,4.81,NASA POWER,https://power.larc.nasa.gov/,WS2M - Wind Speed at 2 m (m/s),SOA ITER neighbouring area (representative point),2026-03-01 to 2026-05-31
2026,5,26,23,4.62,NASA POWER,https://power.larc.nasa.gov/,WS2M - Wind Speed at 2 m (m/s),SOA ITER neighbouring area (representative point),2026-03-01 to 2026-05-31
2026,5,27,0,4.42,NASA POWER,https://power.larc.nasa.gov/,WS2M - Wind Speed at 2 m (m/s),SOA ITER neighbouring area (representative point),2026-03-01 to 2026-05-31
2026,5,27,1,4.28,NASA POWER,https://power.larc.nasa.gov/,WS2M - Wind Speed at 2 m (m/s),SOA ITER neighbouring area (representative point),2026-03-01 to 2026-05-31
2026,5,27,2,4.18,NASA POWER,https://power.larc.nasa.gov/,WS2M - Wind Speed at 2 m (m/s),SOA ITER neighbouring area (representative point),2026-03-01 to 2026-05-31
2026,5,27,3,4.2,NASA POWER,https://power.larc.nasa.gov/,WS2M - Wind Speed at 2 m (m/s),SOA ITER neighbouring area (representative point),2026-03-01 to 2026-05-31
2026,5,27,4,4.13,NASA POWER,https://power.larc.nasa.gov/,WS2M - Wind Speed at 2 m (m/s),SOA ITER neighbouring area (representative point),2026-03-01 to 2026-05-31
2026,5,27,5,4.02,NASA POWER,https://power.larc.nasa.gov/,WS2M - Wind Speed at 2 m (m/s),SOA ITER neighbouring area (representative point),2026-03-01 to 2026-05-31
2026,5,27,6,4.3,NASA POWER,https://power.larc.nasa.gov/,WS2M - Wind Speed at 2 m (m/s),SOA ITER neighbouring area (representative point),2026-03-01 to 2026-05-31
2026,5,27,7,4.77,NASA POWER,https://power.larc.nasa.gov/,WS2M - Wind Speed at 2 m (m/s),SOA ITER neighbouring area (representative point),2026-03-01 to 2026-05-31
2026,5,27,8,5.16,NASA POWER,https://power.larc.nasa.gov/,WS2M - Wind Speed at 2 m (m/s),SOA ITER neighbouring area (representative point),2026-03-01 to 2026-05-31
2026,5,27,9,5.12,NASA POWER,https://power.larc.nasa.gov/,WS2M - Wind Speed at 2 m (m/s),SOA ITER neighbouring area (representative point),2026-03-01 to 2026-05-31
2026,5,27,10,5.08,NASA POWER,https://power.larc.nasa.gov/,WS2M - Wind Speed at 2 m (m/s),SOA ITER neighbouring area (representative point),2026-03-01 to 2026-05-31
2026,5,27,11,5.07,NASA POWER,https://power.larc.nasa.gov/,WS2M - Wind Speed at 2 m (m/s),SOA ITER neighbouring area (representative point),2026-03-01 to 2026-05-31
2026,5,27,12,5.13,NASA POWER,https://power.larc.nasa.gov/,WS2M - Wind Speed at 2 m (m/s),SOA ITER neighbouring area (representative point),2026-03-01 to 2026-05-31
2026,5,27,13,5.22,NASA POWER,https://power.larc.nasa.gov/,WS2M - Wind Speed at 2 m (m/s),SOA ITER neighbouring area (representative point),2026-03-01 to 2026-05-31
2026,5,27,14,5.3,NASA POWER,https://power.larc.nasa.gov/,WS2M - Wind Speed at 2 m (m/s),SOA ITER neighbouring area (representative point),2026-03-01 to 2026-05-31
2026,5,27,15,5.43,NASA POWER,https://power.larc.nasa.gov/,WS2M - Wind Speed at 2 m (m/s),SOA ITER neighbouring area (representative point),2026-03-01 to 2026-05-31
2026,5,27,16,5.53,NASA POWER,https://power.larc.nasa.gov/,WS2M - Wind Speed at 2 m (m/s),SOA ITER neighbouring area (representative point),2026-03-01 to 2026-05-31
2026,5,27,17,5.55,NASA POWER,https://power.larc.nasa.gov/,WS2M - Wind Speed at 2 m (m/s),SOA ITER neighbouring area (representative point),2026-03-01 to 2026-05-31
2026,5,27,18,5.27,NASA POWER,https://power.larc.nasa.gov/,WS2M - Wind Speed at 2 m (m/s),SOA ITER neighbouring area (representative point),2026-03-01 to 2026-05-31
2026,5,27,19,5.0,NASA POWER,https://power.larc.nasa.gov/,WS2M - Wind Speed at 2 m (m/s),SOA ITER neighbouring area (representative point),2026-03-01 to 2026-05-31
2026,5,27,20,4.95,NASA POWER,https://power.larc.nasa.gov/,WS2M - Wind Speed at 2 m (m/s),SOA ITER neighbouring area (representative point),2026-03-01 to 2026-05-31
2026,5,27,21,4.81,NASA POWER,https://power.larc.nasa.gov/,WS2M - Wind Speed at 2 m (m/s),SOA ITER neighbouring area (representative point),2026-03-01 to 2026-05-31
2026,5,27,22,4.63,NASA POWER,https://power.larc.nasa.gov/,WS2M - Wind Speed at 2 m (m/s),SOA ITER neighbouring area (representative point),2026-03-01 to 2026-05-31
2026,5,27,23,4.67,NASA POWER,https://power.larc.nasa.gov/,WS2M - Wind Speed at 2 m (m/s),SOA ITER neighbouring area (representative point),2026-03-01 to 2026-05-31
2026,5,28,0,4.75,NASA POWER,https://power.larc.nasa.gov/,WS2M - Wind Speed at 2 m (m/s),SOA ITER neighbouring area (representative point),2026-03-01 to 2026-05-31
2026,5,28,1,4.76,NASA POWER,https://power.larc.nasa.gov/,WS2M - Wind Speed at 2 m (m/s),SOA ITER neighbouring area (representative point),2026-03-01 to 2026-05-31
2026,5,28,2,4.6,NASA POWER,https://power.larc.nasa.gov/,WS2M - Wind Speed at 2 m (m/s),SOA ITER neighbouring area (representative point),2026-03-01 to 2026-05-31
2026,5,28,3,4.14,NASA POWER,https://power.larc.nasa.gov/,WS2M - Wind Speed at 2 m (m/s),SOA ITER neighbouring area (representative point),2026-03-01 to 2026-05-31
2026,5,28,4,3.53,NASA POWER,https://power.larc.nasa.gov/,WS2M - Wind Speed at 2 m (m/s),SOA ITER neighbouring area (representative point),2026-03-01 to 2026-05-31
2026,5,28,5,2.96,NASA POWER,https://power.larc.nasa.gov/,WS2M - Wind Speed at 2 m (m/s),SOA ITER neighbouring area (representative point),2026-03-01 to 2026-05-31
2026,5,28,6,2.93,NASA POWER,https://power.larc.nasa.gov/,WS2M - Wind Speed at 2 m (m/s),SOA ITER neighbouring area (representative point),2026-03-01 to 2026-05-31
2026,5,28,7,3.0,NASA POWER,https://power.larc.nasa.gov/,WS2M - Wind Speed at 2 m (m/s),SOA ITER neighbouring area (representative point),2026-03-01 to 2026-05-31
2026,5,28,8,3.07,NASA POWER,https://power.larc.nasa.gov/,WS2M - Wind Speed at 2 m (m/s),SOA ITER neighbouring area (representative point),2026-03-01 to 2026-05-31
2026,5,28,9,3.57,NASA POWER,https://power.larc.nasa.gov/,WS2M - Wind Speed at 2 m (m/s),SOA ITER neighbouring area (representative point),2026-03-01 to 2026-05-31
2026,5,28,10,3.84,NASA POWER,https://power.larc.nasa.gov/,WS2M - Wind Speed at 2 m (m/s),SOA ITER neighbouring area (representative point),2026-03-01 to 2026-05-31
2026,5,28,11,3.82,NASA POWER,https://power.larc.nasa.gov/,WS2M - Wind Speed at 2 m (m/s),SOA ITER neighbouring area (representative point),2026-03-01 to 2026-05-31
2026,5,28,12,3.84,NASA POWER,https://power.larc.nasa.gov/,WS2M - Wind Speed at 2 m (m/s),SOA ITER neighbouring area (representative point),2026-03-01 to 2026-05-31
2026,5,28,13,3.94,NASA POWER,https://power.larc.nasa.gov/,WS2M - Wind Speed at 2 m (m/s),SOA ITER neighbouring area (representative point),2026-03-01 to 2026-05-31
2026,5,28,14,4.14,NASA POWER,https://power.larc.nasa.gov/,WS2M - Wind Speed at 2 m (m/s),SOA ITER neighbouring area (representative point),2026-03-01 to 2026-05-31
2026,5,28,15,4.64,NASA POWER,https://power.larc.nasa.gov/,WS2M - Wind Speed at 2 m (m/s),SOA ITER neighbouring area (representative point),2026-03-01 to 2026-05-31
2026,5,28,16,5.51,NASA POWER,https://power.larc.nasa.gov/,WS2M - Wind Speed at 2 m (m/s),SOA ITER neighbouring area (representative point),2026-03-01 to 2026-05-31
2026,5,28,17,6.32,NASA POWER,https://power.larc.nasa.gov/,WS2M - Wind Speed at 2 m (m/s),SOA ITER neighbouring area (representative point),2026-03-01 to 2026-05-31
2026,5,28,18,6.4,NASA POWER,https://power.larc.nasa.gov/,WS2M - Wind Speed at 2 m (m/s),SOA ITER neighbouring area (representative point),2026-03-01 to 2026-05-31
2026,5,28,19,6.08,NASA POWER,https://power.larc.nasa.gov/,WS2M - Wind Speed at 2 m (m/s),SOA ITER neighbouring area (representative point),2026-03-01 to 2026-05-31
2026,5,28,20,5.96,NASA POWER,https://power.larc.nasa.gov/,WS2M - Wind Speed at 2 m (m/s),SOA ITER neighbouring area (representative point),2026-03-01 to 2026-05-31
2026,5,28,21,5.81,NASA POWER,https://power.larc.nasa.gov/,WS2M - Wind Speed at 2 m (m/s),SOA ITER neighbouring area (representative point),2026-03-01 to 2026-05-31
2026,5,28,22,5.52,NASA POWER,https://power.larc.nasa.gov/,WS2M - Wind Speed at 2 m (m/s),SOA ITER neighbouring area (representative point),2026-03-01 to 2026-05-31
2026,5,28,23,5.18,NASA POWER,https://power.larc.nasa.gov/,WS2M - Wind Speed at 2 m (m/s),SOA ITER neighbouring area (representative point),2026-03-01 to 2026-05-31
2026,5,29,0,4.84,NASA POWER,https://power.larc.nasa.gov/,WS2M - Wind Speed at 2 m (m/s),SOA ITER neighbouring area (representative point),2026-03-01 to 2026-05-31
2026,5,29,1,4.62,NASA POWER,https://power.larc.nasa.gov/,WS2M - Wind Speed at 2 m (m/s),SOA ITER neighbouring area (representative point),2026-03-01 to 2026-05-31
2026,5,29,2,4.58,NASA POWER,https://power.larc.nasa.gov/,WS2M - Wind Speed at 2 m (m/s),SOA ITER neighbouring area (representative point),2026-03-01 to 2026-05-31
2026,5,29,3,4.47,NASA POWER,https://power.larc.nasa.gov/,WS2M - Wind Speed at 2 m (m/s),SOA ITER neighbouring area (representative point),2026-03-01 to 2026-05-31
2026,5,29,4,4.25,NASA POWER,https://power.larc.nasa.gov/,WS2M - Wind Speed at 2 m (m/s),SOA ITER neighbouring area (representative point),2026-03-01 to 2026-05-31
2026,5,29,5,4.04,NASA POWER,https://power.larc.nasa.gov/,WS2M - Wind Speed at 2 m (m/s),SOA ITER neighbouring area (representative point),2026-03-01 to 2026-05-31
2026,5,29,6,4.4,NASA POWER,https://power.larc.nasa.gov/,WS2M - Wind Speed at 2 m (m/s),SOA ITER neighbouring area (representative point),2026-03-01 to 2026-05-31
2026,5,29,7,4.87,NASA POWER,https://power.larc.nasa.gov/,WS2M - Wind Speed at 2 m (m/s),SOA ITER neighbouring area (representative point),2026-03-01 to 2026-05-31
2026,5,29,8,4.89,NASA POWER,https://power.larc.nasa.gov/,WS2M - Wind Speed at 2 m (m/s),SOA ITER neighbouring area (representative point),2026-03-01 to 2026-05-31
2026,5,29,9,4.73,NASA POWER,https://power.larc.nasa.gov/,WS2M - Wind Speed at 2 m (m/s),SOA ITER neighbouring area (representative point),2026-03-01 to 2026-05-31
2026,5,29,10,4.51,NASA POWER,https://power.larc.nasa.gov/,WS2M - Wind Speed at 2 m (m/s),SOA ITER neighbouring area (representative point),2026-03-01 to 2026-05-31
2026,5,29,11,4.22,NASA POWER,https://power.larc.nasa.gov/,WS2M - Wind Speed at 2 m (m/s),SOA ITER neighbouring area (representative point),2026-03-01 to 2026-05-31
2026,5,29,12,4.07,NASA POWER,https://power.larc.nasa.gov/,WS2M - Wind Speed at 2 m (m/s),SOA ITER neighbouring area (representative point),2026-03-01 to 2026-05-31
2026,5,29,13,4.09,NASA POWER,https://power.larc.nasa.gov/,WS2M - Wind Speed at 2 m (m/s),SOA ITER neighbouring area (representative point),2026-03-01 to 2026-05-31
2026,5,29,14,4.2,NASA POWER,https://power.larc.nasa.gov/,WS2M - Wind Speed at 2 m (m/s),SOA ITER neighbouring area (representative point),2026-03-01 to 2026-05-31
2026,5,29,15,4.38,NASA POWER,https://power.larc.nasa.gov/,WS2M - Wind Speed at 2 m (m/s),SOA ITER neighbouring area (representative point),2026-03-01 to 2026-05-31
2026,5,29,16,4.67,NASA POWER,https://power.larc.nasa.gov/,WS2M - Wind Speed at 2 m (m/s),SOA ITER neighbouring area (representative point),2026-03-01 to 2026-05-31
2026,5,29,17,4.81,NASA POWER,https://power.larc.nasa.gov/,WS2M - Wind Speed at 2 m (m/s),SOA ITER neighbouring area (representative point),2026-03-01 to 2026-05-31
2026,5,29,18,4.51,NASA POWER,https://power.larc.nasa.gov/,WS2M - Wind Speed at 2 m (m/s),SOA ITER neighbouring area (representative point),2026-03-01 to 2026-05-31
2026,5,29,19,4.06,NASA POWER,https://power.larc.nasa.gov/,WS2M - Wind Speed at 2 m (m/s),SOA ITER neighbouring area (representative point),2026-03-01 to 2026-05-31
2026,5,29,20,3.97,NASA POWER,https://power.larc.nasa.gov/,WS2M - Wind Speed at 2 m (m/s),SOA ITER neighbouring area (representative point),2026-03-01 to 2026-05-31
2026,5,29,21,4.11,NASA POWER,https://power.larc.nasa.gov/,WS2M - Wind Speed at 2 m (m/s),SOA ITER neighbouring area (representative point),2026-03-01 to 2026-05-31
2026,5,29,22,4.9,NASA POWER,https://power.larc.nasa.gov/,WS2M - Wind Speed at 2 m (m/s),SOA ITER neighbouring area (representative point),2026-03-01 to 2026-05-31
2026,5,29,23,5.26,NASA POWER,https://power.larc.nasa.gov/,WS2M - Wind Speed at 2 m (m/s),SOA ITER neighbouring area (representative point),2026-03-01 to 2026-05-31
2026,5,30,0,4.18,NASA POWER,https://power.larc.nasa.gov/,WS2M - Wind Speed at 2 m (m/s),SOA ITER neighbouring area (representative point),2026-03-01 to 2026-05-31
2026,5,30,1,2.93,NASA POWER,https://power.larc.nasa.gov/,WS2M - Wind Speed at 2 m (m/s),SOA ITER neighbouring area (representative point),2026-03-01 to 2026-05-31
2026,5,30,2,2.36,NASA POWER,https://power.larc.nasa.gov/,WS2M - Wind Speed at 2 m (m/s),SOA ITER neighbouring area (representative point),2026-03-01 to 2026-05-31
2026,5,30,3,2.15,NASA POWER,https://power.larc.nasa.gov/,WS2M - Wind Speed at 2 m (m/s),SOA ITER neighbouring area (representative point),2026-03-01 to 2026-05-31
2026,5,30,4,2.03,NASA POWER,https://power.larc.nasa.gov/,WS2M - Wind Speed at 2 m (m/s),SOA ITER neighbouring area (representative point),2026-03-01 to 2026-05-31
2026,5,30,5,1.86,NASA POWER,https://power.larc.nasa.gov/,WS2M - Wind Speed at 2 m (m/s),SOA ITER neighbouring area (representative point),2026-03-01 to 2026-05-31
2026,5,30,6,2.37,NASA POWER,https://power.larc.nasa.gov/,WS2M - Wind Speed at 2 m (m/s),SOA ITER neighbouring area (representative point),2026-03-01 to 2026-05-31
2026,5,30,7,2.51,NASA POWER,https://power.larc.nasa.gov/,WS2M - Wind Speed at 2 m (m/s),SOA ITER neighbouring area (representative point),2026-03-01 to 2026-05-31
2026,5,30,8,2.54,NASA POWER,https://power.larc.nasa.gov/,WS2M - Wind Speed at 2 m (m/s),SOA ITER neighbouring area (representative point),2026-03-01 to 2026-05-31
2026,5,30,9,2.68,NASA POWER,https://power.larc.nasa.gov/,WS2M - Wind Speed at 2 m (m/s),SOA ITER neighbouring area (representative point),2026-03-01 to 2026-05-31
2026,5,30,10,2.76,NASA POWER,https://power.larc.nasa.gov/,WS2M - Wind Speed at 2 m (m/s),SOA ITER neighbouring area (representative point),2026-03-01 to 2026-05-31
2026,5,30,11,2.67,NASA POWER,https://power.larc.nasa.gov/,WS2M - Wind Speed at 2 m (m/s),SOA ITER neighbouring area (representative point),2026-03-01 to 2026-05-31
2026,5,30,12,2.53,NASA POWER,https://power.larc.nasa.gov/,WS2M - Wind Speed at 2 m (m/s),SOA ITER neighbouring area (representative point),2026-03-01 to 2026-05-31
2026,5,30,13,2.44,NASA POWER,https://power.larc.nasa.gov/,WS2M - Wind Speed at 2 m (m/s),SOA ITER neighbouring area (representative point),2026-03-01 to 2026-05-31
2026,5,30,14,2.39,NASA POWER,https://power.larc.nasa.gov/,WS2M - Wind Speed at 2 m (m/s),SOA ITER neighbouring area (representative point),2026-03-01 to 2026-05-31
2026,5,30,15,2.54,NASA POWER,https://power.larc.nasa.gov/,WS2M - Wind Speed at 2 m (m/s),SOA ITER neighbouring area (representative point),2026-03-01 to 2026-05-31
2026,5,30,16,2.87,NASA POWER,https://power.larc.nasa.gov/,WS2M - Wind Speed at 2 m (m/s),SOA ITER neighbouring area (representative point),2026-03-01 to 2026-05-31
2026,5,30,17,3.2,NASA POWER,https://power.larc.nasa.gov/,WS2M - Wind Speed at 2 m (m/s),SOA ITER neighbouring area (representative point),2026-03-01 to 2026-05-31
2026,5,30,18,3.2,NASA POWER,https://power.larc.nasa.gov/,WS2M - Wind Speed at 2 m (m/s),SOA ITER neighbouring area (representative point),2026-03-01 to 2026-05-31
2026,5,30,19,3.19,NASA POWER,https://power.larc.nasa.gov/,WS2M - Wind Speed at 2 m (m/s),SOA ITER neighbouring area (representative point),2026-03-01 to 2026-05-31
2026,5,30,20,3.08,NASA POWER,https://power.larc.nasa.gov/,WS2M - Wind Speed at 2 m (m/s),SOA ITER neighbouring area (representative point),2026-03-01 to 2026-05-31
2026,5,30,21,2.61,NASA POWER,https://power.larc.nasa.gov/,WS2M - Wind Speed at 2 m (m/s),SOA ITER neighbouring area (representative point),2026-03-01 to 2026-05-31
2026,5,30,22,2.14,NASA POWER,https://power.larc.nasa.gov/,WS2M - Wind Speed at 2 m (m/s),SOA ITER neighbouring area (representative point),2026-03-01 to 2026-05-31
2026,5,30,23,1.93,NASA POWER,https://power.larc.nasa.gov/,WS2M - Wind Speed at 2 m (m/s),SOA ITER neighbouring area (representative point),2026-03-01 to 2026-05-31
2026,5,31,0,1.9,NASA POWER,https://power.larc.nasa.gov/,WS2M - Wind Speed at 2 m (m/s),SOA ITER neighbouring area (representative point),2026-03-01 to 2026-05-31
2026,5,31,1,1.74,NASA POWER,https://power.larc.nasa.gov/,WS2M - Wind Speed at 2 m (m/s),SOA ITER neighbouring area (representative point),2026-03-01 to 2026-05-31
2026,5,31,2,1.23,NASA POWER,https://power.larc.nasa.gov/,WS2M - Wind Speed at 2 m (m/s),SOA ITER neighbouring area (representative point),2026-03-01 to 2026-05-31
2026,5,31,3,0.55,NASA POWER,https://power.larc.nasa.gov/,WS2M - Wind Speed at 2 m (m/s),SOA ITER neighbouring area (representative point),2026-03-01 to 2026-05-31
2026,5,31,4,0.9,NASA POWER,https://power.larc.nasa.gov/,WS2M - Wind Speed at 2 m (m/s),SOA ITER neighbouring area (representative point),2026-03-01 to 2026-05-31
2026,5,31,5,1.21,NASA POWER,https://power.larc.nasa.gov/,WS2M - Wind Speed at 2 m (m/s),SOA ITER neighbouring area (representative point),2026-03-01 to 2026-05-31
2026,5,31,6,1.39,NASA POWER,https://power.larc.nasa.gov/,WS2M - Wind Speed at 2 m (m/s),SOA ITER neighbouring area (representative point),2026-03-01 to 2026-05-31
2026,5,31,7,1.58,NASA POWER,https://power.larc.nasa.gov/,WS2M - Wind Speed at 2 m (m/s),SOA ITER neighbouring area (representative point),2026-03-01 to 2026-05-31
2026,5,31,8,1.99,NASA POWER,https://power.larc.nasa.gov/,WS2M - Wind Speed at 2 m (m/s),SOA ITER neighbouring area (representative point),2026-03-01 to 2026-05-31
2026,5,31,9,1.92,NASA POWER,https://power.larc.nasa.gov/,WS2M - Wind Speed at 2 m (m/s),SOA ITER neighbouring area (representative point),2026-03-01 to 2026-05-31
2026,5,31,10,1.24,NASA POWER,https://power.larc.nasa.gov/,WS2M - Wind Speed at 2 m (m/s),SOA ITER neighbouring area (representative point),2026-03-01 to 2026-05-31
2026,5,31,11,1.03,NASA POWER,https://power.larc.nasa.gov/,WS2M - Wind Speed at 2 m (m/s),SOA ITER neighbouring area (representative point),2026-03-01 to 2026-05-31
2026,5,31,12,1.39,NASA POWER,https://power.larc.nasa.gov/,WS2M - Wind Speed at 2 m (m/s),SOA ITER neighbouring area (representative point),2026-03-01 to 2026-05-31
2026,5,31,13,1.62,NASA POWER,https://power.larc.nasa.gov/,WS2M - Wind Speed at 2 m (m/s),SOA ITER neighbouring area (representative point),2026-03-01 to 2026-05-31
2026,5,31,14,1.87,NASA POWER,https://power.larc.nasa.gov/,WS2M - Wind Speed at 2 m (m/s),SOA ITER neighbouring area (representative point),2026-03-01 to 2026-05-31
2026,5,31,15,2.13,NASA POWER,https://power.larc.nasa.gov/,WS2M - Wind Speed at 2 m (m/s),SOA ITER neighbouring area (representative point),2026-03-01 to 2026-05-31
2026,5,31,16,2.34,NASA POWER,https://power.larc.nasa.gov/,WS2M - Wind Speed at 2 m (m/s),SOA ITER neighbouring area (representative point),2026-03-01 to 2026-05-31
2026,5,31,17,2.47,NASA POWER,https://power.larc.nasa.gov/,WS2M - Wind Speed at 2 m (m/s),SOA ITER neighbouring area (representative point),2026-03-01 to 2026-05-31
2026,5,31,18,2.26,NASA POWER,https://power.larc.nasa.gov/,WS2M - Wind Speed at 2 m (m/s),SOA ITER neighbouring area (representative point),2026-03-01 to 2026-05-31
2026,5,31,19,2.35,NASA POWER,https://power.larc.nasa.gov/,WS2M - Wind Speed at 2 m (m/s),SOA ITER neighbouring area (representative point),2026-03-01 to 2026-05-31
2026,5,31,20,2.36,NASA POWER,https://power.larc.nasa.gov/,WS2M - Wind Speed at 2 m (m/s),SOA ITER neighbouring area (representative point),2026-03-01 to 2026-05-31
2026,5,31,21,2.07,NASA POWER,https://power.larc.nasa.gov/,WS2M - Wind Speed at 2 m (m/s),SOA ITER neighbouring area (representative point),2026-03-01 to 2026-05-31
2026,5,31,22,1.73,NASA POWER,https://power.larc.nasa.gov/,WS2M - Wind Speed at 2 m (m/s),SOA ITER neighbouring area (representative point),2026-03-01 to 2026-05-31
2026,5,31,23,1.46,NASA POWER,https://power.larc.nasa.gov/,WS2M - Wind Speed at 2 m (m/s),SOA ITER neighbouring area (representative point),2026-03-01 to 2026-05-31
