YEAR,MO,DY,HR,T2M,Source,Source_URL,Parameter,Study_Area,Period
2026,3,1,0,23.56,NASA POWER,https://power.larc.nasa.gov/,T2M - Air Temperature at 2 m (°C),SOA ITER neighbouring area (representative point),2026-03-01 to 2026-05-31
2026,3,1,1,23.11,NASA POWER,https://power.larc.nasa.gov/,T2M - Air Temperature at 2 m (°C),SOA ITER neighbouring area (representative point),2026-03-01 to 2026-05-31
2026,3,1,2,22.71,NASA POWER,https://power.larc.nasa.gov/,T2M - Air Temperature at 2 m (°C),SOA ITER neighbouring area (representative point),2026-03-01 to 2026-05-31
2026,3,1,3,22.43,NASA POWER,https://power.larc.nasa.gov/,T2M - Air Temperature at 2 m (°C),SOA ITER neighbouring area (representative point),2026-03-01 to 2026-05-31
2026,3,1,4,22.17,NASA POWER,https://power.larc.nasa.gov/,T2M - Air Temperature at 2 m (°C),SOA ITER neighbouring area (representative point),2026-03-01 to 2026-05-31
2026,3,1,5,21.86,NASA POWER,https://power.larc.nasa.gov/,T2M - Air Temperature at 2 m (°C),SOA ITER neighbouring area (representative point),2026-03-01 to 2026-05-31
2026,3,1,6,21.69,NASA POWER,https://power.larc.nasa.gov/,T2M - Air Temperature at 2 m (°C),SOA ITER neighbouring area (representative point),2026-03-01 to 2026-05-31
2026,3,1,7,23.67,NASA POWER,https://power.larc.nasa.gov/,T2M - Air Temperature at 2 m (°C),SOA ITER neighbouring area (representative point),2026-03-01 to 2026-05-31
2026,3,1,8,25.85,NASA POWER,https://power.larc.nasa.gov/,T2M - Air Temperature at 2 m (°C),SOA ITER neighbouring area (representative point),2026-03-01 to 2026-05-31
2026,3,1,9,28.72,NASA POWER,https://power.larc.nasa.gov/,T2M - Air Temperature at 2 m (°C),SOA ITER neighbouring area (representative point),2026-03-01 to 2026-05-31
2026,3,1,10,31.04,NASA POWER,https://power.larc.nasa.gov/,T2M - Air Temperature at 2 m (°C),SOA ITER neighbouring area (representative point),2026-03-01 to 2026-05-31
2026,3,1,11,32.48,NASA POWER,https://power.larc.nasa.gov/,T2M - Air Temperature at 2 m (°C),SOA ITER neighbouring area (representative point),2026-03-01 to 2026-05-31
2026,3,1,12,33.48,NASA POWER,https://power.larc.nasa.gov/,T2M - Air Temperature at 2 m (°C),SOA ITER neighbouring area (representative point),2026-03-01 to 2026-05-31
2026,3,1,13,34.0,NASA POWER,https://power.larc.nasa.gov/,T2M - Air Temperature at 2 m (°C),SOA ITER neighbouring area (representative point),2026-03-01 to 2026-05-31
2026,3,1,14,34.04,NASA POWER,https://power.larc.nasa.gov/,T2M - Air Temperature at 2 m (°C),SOA ITER neighbouring area (representative point),2026-03-01 to 2026-05-31
2026,3,1,15,33.49,NASA POWER,https://power.larc.nasa.gov/,T2M - Air Temperature at 2 m (°C),SOA ITER neighbouring area (representative point),2026-03-01 to 2026-05-31
2026,3,1,16,32.64,NASA POWER,https://power.larc.nasa.gov/,T2M - Air Temperature at 2 m (°C),SOA ITER neighbouring area (representative point),2026-03-01 to 2026-05-31
2026,3,1,17,30.76,NASA POWER,https://power.larc.nasa.gov/,T2M - Air Temperature at 2 m (°C),SOA ITER neighbouring area (representative point),2026-03-01 to 2026-05-31
2026,3,1,18,28.82,NASA POWER,https://power.larc.nasa.gov/,T2M - Air Temperature at 2 m (°C),SOA ITER neighbouring area (representative point),2026-03-01 to 2026-05-31
2026,3,1,19,27.61,NASA POWER,https://power.larc.nasa.gov/,T2M - Air Temperature at 2 m (°C),SOA ITER neighbouring area (representative point),2026-03-01 to 2026-05-31
2026,3,1,20,26.77,NASA POWER,https://power.larc.nasa.gov/,T2M - Air Temperature at 2 m (°C),SOA ITER neighbouring area (representative point),2026-03-01 to 2026-05-31
2026,3,1,21,26.25,NASA POWER,https://power.larc.nasa.gov/,T2M - Air Temperature at 2 m (°C),SOA ITER neighbouring area (representative point),2026-03-01 to 2026-05-31
2026,3,1,22,25.79,NASA POWER,https://power.larc.nasa.gov/,T2M - Air Temperature at 2 m (°C),SOA ITER neighbouring area (representative point),2026-03-01 to 2026-05-31
2026,3,1,23,25.38,NASA POWER,https://power.larc.nasa.gov/,T2M - Air Temperature at 2 m (°C),SOA ITER neighbouring area (representative point),2026-03-01 to 2026-05-31
2026,3,2,0,24.98,NASA POWER,https://power.larc.nasa.gov/,T2M - Air Temperature at 2 m (°C),SOA ITER neighbouring area (representative point),2026-03-01 to 2026-05-31
2026,3,2,1,24.55,NASA POWER,https://power.larc.nasa.gov/,T2M - Air Temperature at 2 m (°C),SOA ITER neighbouring area (representative point),2026-03-01 to 2026-05-31
2026,3,2,2,24.18,NASA POWER,https://power.larc.nasa.gov/,T2M - Air Temperature at 2 m (°C),SOA ITER neighbouring area (representative point),2026-03-01 to 2026-05-31
2026,3,2,3,23.89,NASA POWER,https://power.larc.nasa.gov/,T2M - Air Temperature at 2 m (°C),SOA ITER neighbouring area (representative point),2026-03-01 to 2026-05-31
2026,3,2,4,23.63,NASA POWER,https://power.larc.nasa.gov/,T2M - Air Temperature at 2 m (°C),SOA ITER neighbouring area (representative point),2026-03-01 to 2026-05-31
2026,3,2,5,23.38,NASA POWER,https://power.larc.nasa.gov/,T2M - Air Temperature at 2 m (°C),SOA ITER neighbouring area (representative point),2026-03-01 to 2026-05-31
2026,3,2,6,23.31,NASA POWER,https://power.larc.nasa.gov/,T2M - Air Temperature at 2 m (°C),SOA ITER neighbouring area (representative point),2026-03-01 to 2026-05-31
2026,3,2,7,25.08,NASA POWER,https://power.larc.nasa.gov/,T2M - Air Temperature at 2 m (°C),SOA ITER neighbouring area (representative point),2026-03-01 to 2026-05-31
2026,3,2,8,27.09,NASA POWER,https://power.larc.nasa.gov/,T2M - Air Temperature at 2 m (°C),SOA ITER neighbouring area (representative point),2026-03-01 to 2026-05-31
2026,3,2,9,30.01,NASA POWER,https://power.larc.nasa.gov/,T2M - Air Temperature at 2 m (°C),SOA ITER neighbouring area (representative point),2026-03-01 to 2026-05-31
2026,3,2,10,32.13,NASA POWER,https://power.larc.nasa.gov/,T2M - Air Temperature at 2 m (°C),SOA ITER neighbouring area (representative point),2026-03-01 to 2026-05-31
2026,3,2,11,33.53,NASA POWER,https://power.larc.nasa.gov/,T2M - Air Temperature at 2 m (°C),SOA ITER neighbouring area (representative point),2026-03-01 to 2026-05-31
2026,3,2,12,34.5,NASA POWER,https://power.larc.nasa.gov/,T2M - Air Temperature at 2 m (°C),SOA ITER neighbouring area (representative point),2026-03-01 to 2026-05-31
2026,3,2,13,35.09,NASA POWER,https://power.larc.nasa.gov/,T2M - Air Temperature at 2 m (°C),SOA ITER neighbouring area (representative point),2026-03-01 to 2026-05-31
2026,3,2,14,35.37,NASA POWER,https://power.larc.nasa.gov/,T2M - Air Temperature at 2 m (°C),SOA ITER neighbouring area (representative point),2026-03-01 to 2026-05-31
2026,3,2,15,35.23,NASA POWER,https://power.larc.nasa.gov/,T2M - Air Temperature at 2 m (°C),SOA ITER neighbouring area (representative point),2026-03-01 to 2026-05-31
2026,3,2,16,34.45,NASA POWER,https://power.larc.nasa.gov/,T2M - Air Temperature at 2 m (°C),SOA ITER neighbouring area (representative point),2026-03-01 to 2026-05-31
2026,3,2,17,32.11,NASA POWER,https://power.larc.nasa.gov/,T2M - Air Temperature at 2 m (°C),SOA ITER neighbouring area (representative point),2026-03-01 to 2026-05-31
2026,3,2,18,29.23,NASA POWER,https://power.larc.nasa.gov/,T2M - Air Temperature at 2 m (°C),SOA ITER neighbouring area (representative point),2026-03-01 to 2026-05-31
2026,3,2,19,27.98,NASA POWER,https://power.larc.nasa.gov/,T2M - Air Temperature at 2 m (°C),SOA ITER neighbouring area (representative point),2026-03-01 to 2026-05-31
2026,3,2,20,26.99,NASA POWER,https://power.larc.nasa.gov/,T2M - Air Temperature at 2 m (°C),SOA ITER neighbouring area (representative point),2026-03-01 to 2026-05-31
2026,3,2,21,26.1,NASA POWER,https://power.larc.nasa.gov/,T2M - Air Temperature at 2 m (°C),SOA ITER neighbouring area (representative point),2026-03-01 to 2026-05-31
2026,3,2,22,25.21,NASA POWER,https://power.larc.nasa.gov/,T2M - Air Temperature at 2 m (°C),SOA ITER neighbouring area (representative point),2026-03-01 to 2026-05-31
2026,3,2,23,24.36,NASA POWER,https://power.larc.nasa.gov/,T2M - Air Temperature at 2 m (°C),SOA ITER neighbouring area (representative point),2026-03-01 to 2026-05-31
2026,3,3,0,23.55,NASA POWER,https://power.larc.nasa.gov/,T2M - Air Temperature at 2 m (°C),SOA ITER neighbouring area (representative point),2026-03-01 to 2026-05-31
2026,3,3,1,22.73,NASA POWER,https://power.larc.nasa.gov/,T2M - Air Temperature at 2 m (°C),SOA ITER neighbouring area (representative point),2026-03-01 to 2026-05-31
2026,3,3,2,21.92,NASA POWER,https://power.larc.nasa.gov/,T2M - Air Temperature at 2 m (°C),SOA ITER neighbouring area (representative point),2026-03-01 to 2026-05-31
2026,3,3,3,21.13,NASA POWER,https://power.larc.nasa.gov/,T2M - Air Temperature at 2 m (°C),SOA ITER neighbouring area (representative point),2026-03-01 to 2026-05-31
2026,3,3,4,20.45,NASA POWER,https://power.larc.nasa.gov/,T2M - Air Temperature at 2 m (°C),SOA ITER neighbouring area (representative point),2026-03-01 to 2026-05-31
2026,3,3,5,19.92,NASA POWER,https://power.larc.nasa.gov/,T2M - Air Temperature at 2 m (°C),SOA ITER neighbouring area (representative point),2026-03-01 to 2026-05-31
2026,3,3,6,19.73,NASA POWER,https://power.larc.nasa.gov/,T2M - Air Temperature at 2 m (°C),SOA ITER neighbouring area (representative point),2026-03-01 to 2026-05-31
2026,3,3,7,21.66,NASA POWER,https://power.larc.nasa.gov/,T2M - Air Temperature at 2 m (°C),SOA ITER neighbouring area (representative point),2026-03-01 to 2026-05-31
2026,3,3,8,24.25,NASA POWER,https://power.larc.nasa.gov/,T2M - Air Temperature at 2 m (°C),SOA ITER neighbouring area (representative point),2026-03-01 to 2026-05-31
2026,3,3,9,28.88,NASA POWER,https://power.larc.nasa.gov/,T2M - Air Temperature at 2 m (°C),SOA ITER neighbouring area (representative point),2026-03-01 to 2026-05-31
2026,3,3,10,31.4,NASA POWER,https://power.larc.nasa.gov/,T2M - Air Temperature at 2 m (°C),SOA ITER neighbouring area (representative point),2026-03-01 to 2026-05-31
2026,3,3,11,32.72,NASA POWER,https://power.larc.nasa.gov/,T2M - Air Temperature at 2 m (°C),SOA ITER neighbouring area (representative point),2026-03-01 to 2026-05-31
2026,3,3,12,33.53,NASA POWER,https://power.larc.nasa.gov/,T2M - Air Temperature at 2 m (°C),SOA ITER neighbouring area (representative point),2026-03-01 to 2026-05-31
2026,3,3,13,34.07,NASA POWER,https://power.larc.nasa.gov/,T2M - Air Temperature at 2 m (°C),SOA ITER neighbouring area (representative point),2026-03-01 to 2026-05-31
2026,3,3,14,34.4,NASA POWER,https://power.larc.nasa.gov/,T2M - Air Temperature at 2 m (°C),SOA ITER neighbouring area (representative point),2026-03-01 to 2026-05-31
2026,3,3,15,34.38,NASA POWER,https://power.larc.nasa.gov/,T2M - Air Temperature at 2 m (°C),SOA ITER neighbouring area (representative point),2026-03-01 to 2026-05-31
2026,3,3,16,33.77,NASA POWER,https://power.larc.nasa.gov/,T2M - Air Temperature at 2 m (°C),SOA ITER neighbouring area (representative point),2026-03-01 to 2026-05-31
2026,3,3,17,31.49,NASA POWER,https://power.larc.nasa.gov/,T2M - Air Temperature at 2 m (°C),SOA ITER neighbouring area (representative point),2026-03-01 to 2026-05-31
2026,3,3,18,29.35,NASA POWER,https://power.larc.nasa.gov/,T2M - Air Temperature at 2 m (°C),SOA ITER neighbouring area (representative point),2026-03-01 to 2026-05-31
2026,3,3,19,28.04,NASA POWER,https://power.larc.nasa.gov/,T2M - Air Temperature at 2 m (°C),SOA ITER neighbouring area (representative point),2026-03-01 to 2026-05-31
2026,3,3,20,26.77,NASA POWER,https://power.larc.nasa.gov/,T2M - Air Temperature at 2 m (°C),SOA ITER neighbouring area (representative point),2026-03-01 to 2026-05-31
2026,3,3,21,25.62,NASA POWER,https://power.larc.nasa.gov/,T2M - Air Temperature at 2 m (°C),SOA ITER neighbouring area (representative point),2026-03-01 to 2026-05-31
2026,3,3,22,24.74,NASA POWER,https://power.larc.nasa.gov/,T2M - Air Temperature at 2 m (°C),SOA ITER neighbouring area (representative point),2026-03-01 to 2026-05-31
2026,3,3,23,24.2,NASA POWER,https://power.larc.nasa.gov/,T2M - Air Temperature at 2 m (°C),SOA ITER neighbouring area (representative point),2026-03-01 to 2026-05-31
2026,3,4,0,23.81,NASA POWER,https://power.larc.nasa.gov/,T2M - Air Temperature at 2 m (°C),SOA ITER neighbouring area (representative point),2026-03-01 to 2026-05-31
2026,3,4,1,23.46,NASA POWER,https://power.larc.nasa.gov/,T2M - Air Temperature at 2 m (°C),SOA ITER neighbouring area (representative point),2026-03-01 to 2026-05-31
2026,3,4,2,23.13,NASA POWER,https://power.larc.nasa.gov/,T2M - Air Temperature at 2 m (°C),SOA ITER neighbouring area (representative point),2026-03-01 to 2026-05-31
2026,3,4,3,22.72,NASA POWER,https://power.larc.nasa.gov/,T2M - Air Temperature at 2 m (°C),SOA ITER neighbouring area (representative point),2026-03-01 to 2026-05-31
2026,3,4,4,22.12,NASA POWER,https://power.larc.nasa.gov/,T2M - Air Temperature at 2 m (°C),SOA ITER neighbouring area (representative point),2026-03-01 to 2026-05-31
2026,3,4,5,21.56,NASA POWER,https://power.larc.nasa.gov/,T2M - Air Temperature at 2 m (°C),SOA ITER neighbouring area (representative point),2026-03-01 to 2026-05-31
2026,3,4,6,21.27,NASA POWER,https://power.larc.nasa.gov/,T2M - Air Temperature at 2 m (°C),SOA ITER neighbouring area (representative point),2026-03-01 to 2026-05-31
2026,3,4,7,23.01,NASA POWER,https://power.larc.nasa.gov/,T2M - Air Temperature at 2 m (°C),SOA ITER neighbouring area (representative point),2026-03-01 to 2026-05-31
2026,3,4,8,25.46,NASA POWER,https://power.larc.nasa.gov/,T2M - Air Temperature at 2 m (°C),SOA ITER neighbouring area (representative point),2026-03-01 to 2026-05-31
2026,3,4,9,28.42,NASA POWER,https://power.larc.nasa.gov/,T2M - Air Temperature at 2 m (°C),SOA ITER neighbouring area (representative point),2026-03-01 to 2026-05-31
2026,3,4,10,30.69,NASA POWER,https://power.larc.nasa.gov/,T2M - Air Temperature at 2 m (°C),SOA ITER neighbouring area (representative point),2026-03-01 to 2026-05-31
2026,3,4,11,32.35,NASA POWER,https://power.larc.nasa.gov/,T2M - Air Temperature at 2 m (°C),SOA ITER neighbouring area (representative point),2026-03-01 to 2026-05-31
2026,3,4,12,33.4,NASA POWER,https://power.larc.nasa.gov/,T2M - Air Temperature at 2 m (°C),SOA ITER neighbouring area (representative point),2026-03-01 to 2026-05-31
2026,3,4,13,34.03,NASA POWER,https://power.larc.nasa.gov/,T2M - Air Temperature at 2 m (°C),SOA ITER neighbouring area (representative point),2026-03-01 to 2026-05-31
2026,3,4,14,34.44,NASA POWER,https://power.larc.nasa.gov/,T2M - Air Temperature at 2 m (°C),SOA ITER neighbouring area (representative point),2026-03-01 to 2026-05-31
2026,3,4,15,34.43,NASA POWER,https://power.larc.nasa.gov/,T2M - Air Temperature at 2 m (°C),SOA ITER neighbouring area (representative point),2026-03-01 to 2026-05-31
2026,3,4,16,33.85,NASA POWER,https://power.larc.nasa.gov/,T2M - Air Temperature at 2 m (°C),SOA ITER neighbouring area (representative point),2026-03-01 to 2026-05-31
2026,3,4,17,31.46,NASA POWER,https://power.larc.nasa.gov/,T2M - Air Temperature at 2 m (°C),SOA ITER neighbouring area (representative point),2026-03-01 to 2026-05-31
2026,3,4,18,29.17,NASA POWER,https://power.larc.nasa.gov/,T2M - Air Temperature at 2 m (°C),SOA ITER neighbouring area (representative point),2026-03-01 to 2026-05-31
2026,3,4,19,27.66,NASA POWER,https://power.larc.nasa.gov/,T2M - Air Temperature at 2 m (°C),SOA ITER neighbouring area (representative point),2026-03-01 to 2026-05-31
2026,3,4,20,26.36,NASA POWER,https://power.larc.nasa.gov/,T2M - Air Temperature at 2 m (°C),SOA ITER neighbouring area (representative point),2026-03-01 to 2026-05-31
2026,3,4,21,25.43,NASA POWER,https://power.larc.nasa.gov/,T2M - Air Temperature at 2 m (°C),SOA ITER neighbouring area (representative point),2026-03-01 to 2026-05-31
2026,3,4,22,24.7,NASA POWER,https://power.larc.nasa.gov/,T2M - Air Temperature at 2 m (°C),SOA ITER neighbouring area (representative point),2026-03-01 to 2026-05-31
2026,3,4,23,24.11,NASA POWER,https://power.larc.nasa.gov/,T2M - Air Temperature at 2 m (°C),SOA ITER neighbouring area (representative point),2026-03-01 to 2026-05-31
2026,3,5,0,23.4,NASA POWER,https://power.larc.nasa.gov/,T2M - Air Temperature at 2 m (°C),SOA ITER neighbouring area (representative point),2026-03-01 to 2026-05-31
2026,3,5,1,22.6,NASA POWER,https://power.larc.nasa.gov/,T2M - Air Temperature at 2 m (°C),SOA ITER neighbouring area (representative point),2026-03-01 to 2026-05-31
2026,3,5,2,21.89,NASA POWER,https://power.larc.nasa.gov/,T2M - Air Temperature at 2 m (°C),SOA ITER neighbouring area (representative point),2026-03-01 to 2026-05-31
2026,3,5,3,21.21,NASA POWER,https://power.larc.nasa.gov/,T2M - Air Temperature at 2 m (°C),SOA ITER neighbouring area (representative point),2026-03-01 to 2026-05-31
2026,3,5,4,20.47,NASA POWER,https://power.larc.nasa.gov/,T2M - Air Temperature at 2 m (°C),SOA ITER neighbouring area (representative point),2026-03-01 to 2026-05-31
2026,3,5,5,19.78,NASA POWER,https://power.larc.nasa.gov/,T2M - Air Temperature at 2 m (°C),SOA ITER neighbouring area (representative point),2026-03-01 to 2026-05-31
2026,3,5,6,19.45,NASA POWER,https://power.larc.nasa.gov/,T2M - Air Temperature at 2 m (°C),SOA ITER neighbouring area (representative point),2026-03-01 to 2026-05-31
2026,3,5,7,21.35,NASA POWER,https://power.larc.nasa.gov/,T2M - Air Temperature at 2 m (°C),SOA ITER neighbouring area (representative point),2026-03-01 to 2026-05-31
2026,3,5,8,24.04,NASA POWER,https://power.larc.nasa.gov/,T2M - Air Temperature at 2 m (°C),SOA ITER neighbouring area (representative point),2026-03-01 to 2026-05-31
2026,3,5,9,27.97,NASA POWER,https://power.larc.nasa.gov/,T2M - Air Temperature at 2 m (°C),SOA ITER neighbouring area (representative point),2026-03-01 to 2026-05-31
2026,3,5,10,30.82,NASA POWER,https://power.larc.nasa.gov/,T2M - Air Temperature at 2 m (°C),SOA ITER neighbouring area (representative point),2026-03-01 to 2026-05-31
2026,3,5,11,32.28,NASA POWER,https://power.larc.nasa.gov/,T2M - Air Temperature at 2 m (°C),SOA ITER neighbouring area (representative point),2026-03-01 to 2026-05-31
2026,3,5,12,33.29,NASA POWER,https://power.larc.nasa.gov/,T2M - Air Temperature at 2 m (°C),SOA ITER neighbouring area (representative point),2026-03-01 to 2026-05-31
2026,3,5,13,34.01,NASA POWER,https://power.larc.nasa.gov/,T2M - Air Temperature at 2 m (°C),SOA ITER neighbouring area (representative point),2026-03-01 to 2026-05-31
2026,3,5,14,34.42,NASA POWER,https://power.larc.nasa.gov/,T2M - Air Temperature at 2 m (°C),SOA ITER neighbouring area (representative point),2026-03-01 to 2026-05-31
2026,3,5,15,34.43,NASA POWER,https://power.larc.nasa.gov/,T2M - Air Temperature at 2 m (°C),SOA ITER neighbouring area (representative point),2026-03-01 to 2026-05-31
2026,3,5,16,33.92,NASA POWER,https://power.larc.nasa.gov/,T2M - Air Temperature at 2 m (°C),SOA ITER neighbouring area (representative point),2026-03-01 to 2026-05-31
2026,3,5,17,31.62,NASA POWER,https://power.larc.nasa.gov/,T2M - Air Temperature at 2 m (°C),SOA ITER neighbouring area (representative point),2026-03-01 to 2026-05-31
2026,3,5,18,28.93,NASA POWER,https://power.larc.nasa.gov/,T2M - Air Temperature at 2 m (°C),SOA ITER neighbouring area (representative point),2026-03-01 to 2026-05-31
2026,3,5,19,27.76,NASA POWER,https://power.larc.nasa.gov/,T2M - Air Temperature at 2 m (°C),SOA ITER neighbouring area (representative point),2026-03-01 to 2026-05-31
2026,3,5,20,26.73,NASA POWER,https://power.larc.nasa.gov/,T2M - Air Temperature at 2 m (°C),SOA ITER neighbouring area (representative point),2026-03-01 to 2026-05-31
2026,3,5,21,25.68,NASA POWER,https://power.larc.nasa.gov/,T2M - Air Temperature at 2 m (°C),SOA ITER neighbouring area (representative point),2026-03-01 to 2026-05-31
2026,3,5,22,24.86,NASA POWER,https://power.larc.nasa.gov/,T2M - Air Temperature at 2 m (°C),SOA ITER neighbouring area (representative point),2026-03-01 to 2026-05-31
2026,3,5,23,24.29,NASA POWER,https://power.larc.nasa.gov/,T2M - Air Temperature at 2 m (°C),SOA ITER neighbouring area (representative point),2026-03-01 to 2026-05-31
2026,3,6,0,23.9,NASA POWER,https://power.larc.nasa.gov/,T2M - Air Temperature at 2 m (°C),SOA ITER neighbouring area (representative point),2026-03-01 to 2026-05-31
2026,3,6,1,23.63,NASA POWER,https://power.larc.nasa.gov/,T2M - Air Temperature at 2 m (°C),SOA ITER neighbouring area (representative point),2026-03-01 to 2026-05-31
2026,3,6,2,23.42,NASA POWER,https://power.larc.nasa.gov/,T2M - Air Temperature at 2 m (°C),SOA ITER neighbouring area (representative point),2026-03-01 to 2026-05-31
2026,3,6,3,23.3,NASA POWER,https://power.larc.nasa.gov/,T2M - Air Temperature at 2 m (°C),SOA ITER neighbouring area (representative point),2026-03-01 to 2026-05-31
2026,3,6,4,23.23,NASA POWER,https://power.larc.nasa.gov/,T2M - Air Temperature at 2 m (°C),SOA ITER neighbouring area (representative point),2026-03-01 to 2026-05-31
2026,3,6,5,23.12,NASA POWER,https://power.larc.nasa.gov/,T2M - Air Temperature at 2 m (°C),SOA ITER neighbouring area (representative point),2026-03-01 to 2026-05-31
2026,3,6,6,23.07,NASA POWER,https://power.larc.nasa.gov/,T2M - Air Temperature at 2 m (°C),SOA ITER neighbouring area (representative point),2026-03-01 to 2026-05-31
2026,3,6,7,24.45,NASA POWER,https://power.larc.nasa.gov/,T2M - Air Temperature at 2 m (°C),SOA ITER neighbouring area (representative point),2026-03-01 to 2026-05-31
2026,3,6,8,26.7,NASA POWER,https://power.larc.nasa.gov/,T2M - Air Temperature at 2 m (°C),SOA ITER neighbouring area (representative point),2026-03-01 to 2026-05-31
2026,3,6,9,29.0,NASA POWER,https://power.larc.nasa.gov/,T2M - Air Temperature at 2 m (°C),SOA ITER neighbouring area (representative point),2026-03-01 to 2026-05-31
2026,3,6,10,30.7,NASA POWER,https://power.larc.nasa.gov/,T2M - Air Temperature at 2 m (°C),SOA ITER neighbouring area (representative point),2026-03-01 to 2026-05-31
2026,3,6,11,31.87,NASA POWER,https://power.larc.nasa.gov/,T2M - Air Temperature at 2 m (°C),SOA ITER neighbouring area (representative point),2026-03-01 to 2026-05-31
2026,3,6,12,32.6,NASA POWER,https://power.larc.nasa.gov/,T2M - Air Temperature at 2 m (°C),SOA ITER neighbouring area (representative point),2026-03-01 to 2026-05-31
2026,3,6,13,32.87,NASA POWER,https://power.larc.nasa.gov/,T2M - Air Temperature at 2 m (°C),SOA ITER neighbouring area (representative point),2026-03-01 to 2026-05-31
2026,3,6,14,32.69,NASA POWER,https://power.larc.nasa.gov/,T2M - Air Temperature at 2 m (°C),SOA ITER neighbouring area (representative point),2026-03-01 to 2026-05-31
2026,3,6,15,31.92,NASA POWER,https://power.larc.nasa.gov/,T2M - Air Temperature at 2 m (°C),SOA ITER neighbouring area (representative point),2026-03-01 to 2026-05-31
2026,3,6,16,30.71,NASA POWER,https://power.larc.nasa.gov/,T2M - Air Temperature at 2 m (°C),SOA ITER neighbouring area (representative point),2026-03-01 to 2026-05-31
2026,3,6,17,28.89,NASA POWER,https://power.larc.nasa.gov/,T2M - Air Temperature at 2 m (°C),SOA ITER neighbouring area (representative point),2026-03-01 to 2026-05-31
2026,3,6,18,26.99,NASA POWER,https://power.larc.nasa.gov/,T2M - Air Temperature at 2 m (°C),SOA ITER neighbouring area (representative point),2026-03-01 to 2026-05-31
2026,3,6,19,26.0,NASA POWER,https://power.larc.nasa.gov/,T2M - Air Temperature at 2 m (°C),SOA ITER neighbouring area (representative point),2026-03-01 to 2026-05-31
2026,3,6,20,25.44,NASA POWER,https://power.larc.nasa.gov/,T2M - Air Temperature at 2 m (°C),SOA ITER neighbouring area (representative point),2026-03-01 to 2026-05-31
2026,3,6,21,25.07,NASA POWER,https://power.larc.nasa.gov/,T2M - Air Temperature at 2 m (°C),SOA ITER neighbouring area (representative point),2026-03-01 to 2026-05-31
2026,3,6,22,24.77,NASA POWER,https://power.larc.nasa.gov/,T2M - Air Temperature at 2 m (°C),SOA ITER neighbouring area (representative point),2026-03-01 to 2026-05-31
2026,3,6,23,24.62,NASA POWER,https://power.larc.nasa.gov/,T2M - Air Temperature at 2 m (°C),SOA ITER neighbouring area (representative point),2026-03-01 to 2026-05-31
2026,3,7,0,24.39,NASA POWER,https://power.larc.nasa.gov/,T2M - Air Temperature at 2 m (°C),SOA ITER neighbouring area (representative point),2026-03-01 to 2026-05-31
2026,3,7,1,24.14,NASA POWER,https://power.larc.nasa.gov/,T2M - Air Temperature at 2 m (°C),SOA ITER neighbouring area (representative point),2026-03-01 to 2026-05-31
2026,3,7,2,23.96,NASA POWER,https://power.larc.nasa.gov/,T2M - Air Temperature at 2 m (°C),SOA ITER neighbouring area (representative point),2026-03-01 to 2026-05-31
2026,3,7,3,23.81,NASA POWER,https://power.larc.nasa.gov/,T2M - Air Temperature at 2 m (°C),SOA ITER neighbouring area (representative point),2026-03-01 to 2026-05-31
2026,3,7,4,23.66,NASA POWER,https://power.larc.nasa.gov/,T2M - Air Temperature at 2 m (°C),SOA ITER neighbouring area (representative point),2026-03-01 to 2026-05-31
2026,3,7,5,23.52,NASA POWER,https://power.larc.nasa.gov/,T2M - Air Temperature at 2 m (°C),SOA ITER neighbouring area (representative point),2026-03-01 to 2026-05-31
2026,3,7,6,23.59,NASA POWER,https://power.larc.nasa.gov/,T2M - Air Temperature at 2 m (°C),SOA ITER neighbouring area (representative point),2026-03-01 to 2026-05-31
2026,3,7,7,25.29,NASA POWER,https://power.larc.nasa.gov/,T2M - Air Temperature at 2 m (°C),SOA ITER neighbouring area (representative point),2026-03-01 to 2026-05-31
2026,3,7,8,26.75,NASA POWER,https://power.larc.nasa.gov/,T2M - Air Temperature at 2 m (°C),SOA ITER neighbouring area (representative point),2026-03-01 to 2026-05-31
2026,3,7,9,27.95,NASA POWER,https://power.larc.nasa.gov/,T2M - Air Temperature at 2 m (°C),SOA ITER neighbouring area (representative point),2026-03-01 to 2026-05-31
2026,3,7,10,29.24,NASA POWER,https://power.larc.nasa.gov/,T2M - Air Temperature at 2 m (°C),SOA ITER neighbouring area (representative point),2026-03-01 to 2026-05-31
2026,3,7,11,30.26,NASA POWER,https://power.larc.nasa.gov/,T2M - Air Temperature at 2 m (°C),SOA ITER neighbouring area (representative point),2026-03-01 to 2026-05-31
2026,3,7,12,30.88,NASA POWER,https://power.larc.nasa.gov/,T2M - Air Temperature at 2 m (°C),SOA ITER neighbouring area (representative point),2026-03-01 to 2026-05-31
2026,3,7,13,31.11,NASA POWER,https://power.larc.nasa.gov/,T2M - Air Temperature at 2 m (°C),SOA ITER neighbouring area (representative point),2026-03-01 to 2026-05-31
2026,3,7,14,30.9,NASA POWER,https://power.larc.nasa.gov/,T2M - Air Temperature at 2 m (°C),SOA ITER neighbouring area (representative point),2026-03-01 to 2026-05-31
2026,3,7,15,30.51,NASA POWER,https://power.larc.nasa.gov/,T2M - Air Temperature at 2 m (°C),SOA ITER neighbouring area (representative point),2026-03-01 to 2026-05-31
2026,3,7,16,29.61,NASA POWER,https://power.larc.nasa.gov/,T2M - Air Temperature at 2 m (°C),SOA ITER neighbouring area (representative point),2026-03-01 to 2026-05-31
2026,3,7,17,28.29,NASA POWER,https://power.larc.nasa.gov/,T2M - Air Temperature at 2 m (°C),SOA ITER neighbouring area (representative point),2026-03-01 to 2026-05-31
2026,3,7,18,27.03,NASA POWER,https://power.larc.nasa.gov/,T2M - Air Temperature at 2 m (°C),SOA ITER neighbouring area (representative point),2026-03-01 to 2026-05-31
2026,3,7,19,26.47,NASA POWER,https://power.larc.nasa.gov/,T2M - Air Temperature at 2 m (°C),SOA ITER neighbouring area (representative point),2026-03-01 to 2026-05-31
2026,3,7,20,26.16,NASA POWER,https://power.larc.nasa.gov/,T2M - Air Temperature at 2 m (°C),SOA ITER neighbouring area (representative point),2026-03-01 to 2026-05-31
2026,3,7,21,25.93,NASA POWER,https://power.larc.nasa.gov/,T2M - Air Temperature at 2 m (°C),SOA ITER neighbouring area (representative point),2026-03-01 to 2026-05-31
2026,3,7,22,25.71,NASA POWER,https://power.larc.nasa.gov/,T2M - Air Temperature at 2 m (°C),SOA ITER neighbouring area (representative point),2026-03-01 to 2026-05-31
2026,3,7,23,25.53,NASA POWER,https://power.larc.nasa.gov/,T2M - Air Temperature at 2 m (°C),SOA ITER neighbouring area (representative point),2026-03-01 to 2026-05-31
2026,3,8,0,25.38,NASA POWER,https://power.larc.nasa.gov/,T2M - Air Temperature at 2 m (°C),SOA ITER neighbouring area (representative point),2026-03-01 to 2026-05-31
2026,3,8,1,25.25,NASA POWER,https://power.larc.nasa.gov/,T2M - Air Temperature at 2 m (°C),SOA ITER neighbouring area (representative point),2026-03-01 to 2026-05-31
2026,3,8,2,25.09,NASA POWER,https://power.larc.nasa.gov/,T2M - Air Temperature at 2 m (°C),SOA ITER neighbouring area (representative point),2026-03-01 to 2026-05-31
2026,3,8,3,24.91,NASA POWER,https://power.larc.nasa.gov/,T2M - Air Temperature at 2 m (°C),SOA ITER neighbouring area (representative point),2026-03-01 to 2026-05-31
2026,3,8,4,24.79,NASA POWER,https://power.larc.nasa.gov/,T2M - Air Temperature at 2 m (°C),SOA ITER neighbouring area (representative point),2026-03-01 to 2026-05-31
2026,3,8,5,24.64,NASA POWER,https://power.larc.nasa.gov/,T2M - Air Temperature at 2 m (°C),SOA ITER neighbouring area (representative point),2026-03-01 to 2026-05-31
2026,3,8,6,24.72,NASA POWER,https://power.larc.nasa.gov/,T2M - Air Temperature at 2 m (°C),SOA ITER neighbouring area (representative point),2026-03-01 to 2026-05-31
2026,3,8,7,26.28,NASA POWER,https://power.larc.nasa.gov/,T2M - Air Temperature at 2 m (°C),SOA ITER neighbouring area (representative point),2026-03-01 to 2026-05-31
2026,3,8,8,27.7,NASA POWER,https://power.larc.nasa.gov/,T2M - Air Temperature at 2 m (°C),SOA ITER neighbouring area (representative point),2026-03-01 to 2026-05-31
2026,3,8,9,29.06,NASA POWER,https://power.larc.nasa.gov/,T2M - Air Temperature at 2 m (°C),SOA ITER neighbouring area (representative point),2026-03-01 to 2026-05-31
2026,3,8,10,30.24,NASA POWER,https://power.larc.nasa.gov/,T2M - Air Temperature at 2 m (°C),SOA ITER neighbouring area (representative point),2026-03-01 to 2026-05-31
2026,3,8,11,31.09,NASA POWER,https://power.larc.nasa.gov/,T2M - Air Temperature at 2 m (°C),SOA ITER neighbouring area (representative point),2026-03-01 to 2026-05-31
2026,3,8,12,31.56,NASA POWER,https://power.larc.nasa.gov/,T2M - Air Temperature at 2 m (°C),SOA ITER neighbouring area (representative point),2026-03-01 to 2026-05-31
2026,3,8,13,31.65,NASA POWER,https://power.larc.nasa.gov/,T2M - Air Temperature at 2 m (°C),SOA ITER neighbouring area (representative point),2026-03-01 to 2026-05-31
2026,3,8,14,31.42,NASA POWER,https://power.larc.nasa.gov/,T2M - Air Temperature at 2 m (°C),SOA ITER neighbouring area (representative point),2026-03-01 to 2026-05-31
2026,3,8,15,30.64,NASA POWER,https://power.larc.nasa.gov/,T2M - Air Temperature at 2 m (°C),SOA ITER neighbouring area (representative point),2026-03-01 to 2026-05-31
2026,3,8,16,29.57,NASA POWER,https://power.larc.nasa.gov/,T2M - Air Temperature at 2 m (°C),SOA ITER neighbouring area (representative point),2026-03-01 to 2026-05-31
2026,3,8,17,28.24,NASA POWER,https://power.larc.nasa.gov/,T2M - Air Temperature at 2 m (°C),SOA ITER neighbouring area (representative point),2026-03-01 to 2026-05-31
2026,3,8,18,26.95,NASA POWER,https://power.larc.nasa.gov/,T2M - Air Temperature at 2 m (°C),SOA ITER neighbouring area (representative point),2026-03-01 to 2026-05-31
2026,3,8,19,26.27,NASA POWER,https://power.larc.nasa.gov/,T2M - Air Temperature at 2 m (°C),SOA ITER neighbouring area (representative point),2026-03-01 to 2026-05-31
2026,3,8,20,25.88,NASA POWER,https://power.larc.nasa.gov/,T2M - Air Temperature at 2 m (°C),SOA ITER neighbouring area (representative point),2026-03-01 to 2026-05-31
2026,3,8,21,25.61,NASA POWER,https://power.larc.nasa.gov/,T2M - Air Temperature at 2 m (°C),SOA ITER neighbouring area (representative point),2026-03-01 to 2026-05-31
2026,3,8,22,25.39,NASA POWER,https://power.larc.nasa.gov/,T2M - Air Temperature at 2 m (°C),SOA ITER neighbouring area (representative point),2026-03-01 to 2026-05-31
2026,3,8,23,25.16,NASA POWER,https://power.larc.nasa.gov/,T2M - Air Temperature at 2 m (°C),SOA ITER neighbouring area (representative point),2026-03-01 to 2026-05-31
2026,3,9,0,24.91,NASA POWER,https://power.larc.nasa.gov/,T2M - Air Temperature at 2 m (°C),SOA ITER neighbouring area (representative point),2026-03-01 to 2026-05-31
2026,3,9,1,24.7,NASA POWER,https://power.larc.nasa.gov/,T2M - Air Temperature at 2 m (°C),SOA ITER neighbouring area (representative point),2026-03-01 to 2026-05-31
2026,3,9,2,24.51,NASA POWER,https://power.larc.nasa.gov/,T2M - Air Temperature at 2 m (°C),SOA ITER neighbouring area (representative point),2026-03-01 to 2026-05-31
2026,3,9,3,24.42,NASA POWER,https://power.larc.nasa.gov/,T2M - Air Temperature at 2 m (°C),SOA ITER neighbouring area (representative point),2026-03-01 to 2026-05-31
2026,3,9,4,24.4,NASA POWER,https://power.larc.nasa.gov/,T2M - Air Temperature at 2 m (°C),SOA ITER neighbouring area (representative point),2026-03-01 to 2026-05-31
2026,3,9,5,24.38,NASA POWER,https://power.larc.nasa.gov/,T2M - Air Temperature at 2 m (°C),SOA ITER neighbouring area (representative point),2026-03-01 to 2026-05-31
2026,3,9,6,24.56,NASA POWER,https://power.larc.nasa.gov/,T2M - Air Temperature at 2 m (°C),SOA ITER neighbouring area (representative point),2026-03-01 to 2026-05-31
2026,3,9,7,25.98,NASA POWER,https://power.larc.nasa.gov/,T2M - Air Temperature at 2 m (°C),SOA ITER neighbouring area (representative point),2026-03-01 to 2026-05-31
2026,3,9,8,27.33,NASA POWER,https://power.larc.nasa.gov/,T2M - Air Temperature at 2 m (°C),SOA ITER neighbouring area (representative point),2026-03-01 to 2026-05-31
2026,3,9,9,28.64,NASA POWER,https://power.larc.nasa.gov/,T2M - Air Temperature at 2 m (°C),SOA ITER neighbouring area (representative point),2026-03-01 to 2026-05-31
2026,3,9,10,29.82,NASA POWER,https://power.larc.nasa.gov/,T2M - Air Temperature at 2 m (°C),SOA ITER neighbouring area (representative point),2026-03-01 to 2026-05-31
2026,3,9,11,30.75,NASA POWER,https://power.larc.nasa.gov/,T2M - Air Temperature at 2 m (°C),SOA ITER neighbouring area (representative point),2026-03-01 to 2026-05-31
2026,3,9,12,31.3,NASA POWER,https://power.larc.nasa.gov/,T2M - Air Temperature at 2 m (°C),SOA ITER neighbouring area (representative point),2026-03-01 to 2026-05-31
2026,3,9,13,31.47,NASA POWER,https://power.larc.nasa.gov/,T2M - Air Temperature at 2 m (°C),SOA ITER neighbouring area (representative point),2026-03-01 to 2026-05-31
2026,3,9,14,31.23,NASA POWER,https://power.larc.nasa.gov/,T2M - Air Temperature at 2 m (°C),SOA ITER neighbouring area (representative point),2026-03-01 to 2026-05-31
2026,3,9,15,30.41,NASA POWER,https://power.larc.nasa.gov/,T2M - Air Temperature at 2 m (°C),SOA ITER neighbouring area (representative point),2026-03-01 to 2026-05-31
2026,3,9,16,29.26,NASA POWER,https://power.larc.nasa.gov/,T2M - Air Temperature at 2 m (°C),SOA ITER neighbouring area (representative point),2026-03-01 to 2026-05-31
2026,3,9,17,27.79,NASA POWER,https://power.larc.nasa.gov/,T2M - Air Temperature at 2 m (°C),SOA ITER neighbouring area (representative point),2026-03-01 to 2026-05-31
2026,3,9,18,26.41,NASA POWER,https://power.larc.nasa.gov/,T2M - Air Temperature at 2 m (°C),SOA ITER neighbouring area (representative point),2026-03-01 to 2026-05-31
2026,3,9,19,25.71,NASA POWER,https://power.larc.nasa.gov/,T2M - Air Temperature at 2 m (°C),SOA ITER neighbouring area (representative point),2026-03-01 to 2026-05-31
2026,3,9,20,25.35,NASA POWER,https://power.larc.nasa.gov/,T2M - Air Temperature at 2 m (°C),SOA ITER neighbouring area (representative point),2026-03-01 to 2026-05-31
2026,3,9,21,25.12,NASA POWER,https://power.larc.nasa.gov/,T2M - Air Temperature at 2 m (°C),SOA ITER neighbouring area (representative point),2026-03-01 to 2026-05-31
2026,3,9,22,24.91,NASA POWER,https://power.larc.nasa.gov/,T2M - Air Temperature at 2 m (°C),SOA ITER neighbouring area (representative point),2026-03-01 to 2026-05-31
2026,3,9,23,24.67,NASA POWER,https://power.larc.nasa.gov/,T2M - Air Temperature at 2 m (°C),SOA ITER neighbouring area (representative point),2026-03-01 to 2026-05-31
2026,3,10,0,24.4,NASA POWER,https://power.larc.nasa.gov/,T2M - Air Temperature at 2 m (°C),SOA ITER neighbouring area (representative point),2026-03-01 to 2026-05-31
2026,3,10,1,24.18,NASA POWER,https://power.larc.nasa.gov/,T2M - Air Temperature at 2 m (°C),SOA ITER neighbouring area (representative point),2026-03-01 to 2026-05-31
2026,3,10,2,24.04,NASA POWER,https://power.larc.nasa.gov/,T2M - Air Temperature at 2 m (°C),SOA ITER neighbouring area (representative point),2026-03-01 to 2026-05-31
2026,3,10,3,23.87,NASA POWER,https://power.larc.nasa.gov/,T2M - Air Temperature at 2 m (°C),SOA ITER neighbouring area (representative point),2026-03-01 to 2026-05-31
2026,3,10,4,23.55,NASA POWER,https://power.larc.nasa.gov/,T2M - Air Temperature at 2 m (°C),SOA ITER neighbouring area (representative point),2026-03-01 to 2026-05-31
2026,3,10,5,23.36,NASA POWER,https://power.larc.nasa.gov/,T2M - Air Temperature at 2 m (°C),SOA ITER neighbouring area (representative point),2026-03-01 to 2026-05-31
2026,3,10,6,23.47,NASA POWER,https://power.larc.nasa.gov/,T2M - Air Temperature at 2 m (°C),SOA ITER neighbouring area (representative point),2026-03-01 to 2026-05-31
2026,3,10,7,25.09,NASA POWER,https://power.larc.nasa.gov/,T2M - Air Temperature at 2 m (°C),SOA ITER neighbouring area (representative point),2026-03-01 to 2026-05-31
2026,3,10,8,26.52,NASA POWER,https://power.larc.nasa.gov/,T2M - Air Temperature at 2 m (°C),SOA ITER neighbouring area (representative point),2026-03-01 to 2026-05-31
2026,3,10,9,27.97,NASA POWER,https://power.larc.nasa.gov/,T2M - Air Temperature at 2 m (°C),SOA ITER neighbouring area (representative point),2026-03-01 to 2026-05-31
2026,3,10,10,29.39,NASA POWER,https://power.larc.nasa.gov/,T2M - Air Temperature at 2 m (°C),SOA ITER neighbouring area (representative point),2026-03-01 to 2026-05-31
2026,3,10,11,30.6,NASA POWER,https://power.larc.nasa.gov/,T2M - Air Temperature at 2 m (°C),SOA ITER neighbouring area (representative point),2026-03-01 to 2026-05-31
2026,3,10,12,31.42,NASA POWER,https://power.larc.nasa.gov/,T2M - Air Temperature at 2 m (°C),SOA ITER neighbouring area (representative point),2026-03-01 to 2026-05-31
2026,3,10,13,31.78,NASA POWER,https://power.larc.nasa.gov/,T2M - Air Temperature at 2 m (°C),SOA ITER neighbouring area (representative point),2026-03-01 to 2026-05-31
2026,3,10,14,31.65,NASA POWER,https://power.larc.nasa.gov/,T2M - Air Temperature at 2 m (°C),SOA ITER neighbouring area (representative point),2026-03-01 to 2026-05-31
2026,3,10,15,31.08,NASA POWER,https://power.larc.nasa.gov/,T2M - Air Temperature at 2 m (°C),SOA ITER neighbouring area (representative point),2026-03-01 to 2026-05-31
2026,3,10,16,30.0,NASA POWER,https://power.larc.nasa.gov/,T2M - Air Temperature at 2 m (°C),SOA ITER neighbouring area (representative point),2026-03-01 to 2026-05-31
2026,3,10,17,28.39,NASA POWER,https://power.larc.nasa.gov/,T2M - Air Temperature at 2 m (°C),SOA ITER neighbouring area (representative point),2026-03-01 to 2026-05-31
2026,3,10,18,26.65,NASA POWER,https://power.larc.nasa.gov/,T2M - Air Temperature at 2 m (°C),SOA ITER neighbouring area (representative point),2026-03-01 to 2026-05-31
2026,3,10,19,25.8,NASA POWER,https://power.larc.nasa.gov/,T2M - Air Temperature at 2 m (°C),SOA ITER neighbouring area (representative point),2026-03-01 to 2026-05-31
2026,3,10,20,25.39,NASA POWER,https://power.larc.nasa.gov/,T2M - Air Temperature at 2 m (°C),SOA ITER neighbouring area (representative point),2026-03-01 to 2026-05-31
2026,3,10,21,25.19,NASA POWER,https://power.larc.nasa.gov/,T2M - Air Temperature at 2 m (°C),SOA ITER neighbouring area (representative point),2026-03-01 to 2026-05-31
2026,3,10,22,25.03,NASA POWER,https://power.larc.nasa.gov/,T2M - Air Temperature at 2 m (°C),SOA ITER neighbouring area (representative point),2026-03-01 to 2026-05-31
2026,3,10,23,24.85,NASA POWER,https://power.larc.nasa.gov/,T2M - Air Temperature at 2 m (°C),SOA ITER neighbouring area (representative point),2026-03-01 to 2026-05-31
2026,3,11,0,24.91,NASA POWER,https://power.larc.nasa.gov/,T2M - Air Temperature at 2 m (°C),SOA ITER neighbouring area (representative point),2026-03-01 to 2026-05-31
2026,3,11,1,24.85,NASA POWER,https://power.larc.nasa.gov/,T2M - Air Temperature at 2 m (°C),SOA ITER neighbouring area (representative point),2026-03-01 to 2026-05-31
2026,3,11,2,24.7,NASA POWER,https://power.larc.nasa.gov/,T2M - Air Temperature at 2 m (°C),SOA ITER neighbouring area (representative point),2026-03-01 to 2026-05-31
2026,3,11,3,24.49,NASA POWER,https://power.larc.nasa.gov/,T2M - Air Temperature at 2 m (°C),SOA ITER neighbouring area (representative point),2026-03-01 to 2026-05-31
2026,3,11,4,24.26,NASA POWER,https://power.larc.nasa.gov/,T2M - Air Temperature at 2 m (°C),SOA ITER neighbouring area (representative point),2026-03-01 to 2026-05-31
2026,3,11,5,24.02,NASA POWER,https://power.larc.nasa.gov/,T2M - Air Temperature at 2 m (°C),SOA ITER neighbouring area (representative point),2026-03-01 to 2026-05-31
2026,3,11,6,24.1,NASA POWER,https://power.larc.nasa.gov/,T2M - Air Temperature at 2 m (°C),SOA ITER neighbouring area (representative point),2026-03-01 to 2026-05-31
2026,3,11,7,25.92,NASA POWER,https://power.larc.nasa.gov/,T2M - Air Temperature at 2 m (°C),SOA ITER neighbouring area (representative point),2026-03-01 to 2026-05-31
2026,3,11,8,27.69,NASA POWER,https://power.larc.nasa.gov/,T2M - Air Temperature at 2 m (°C),SOA ITER neighbouring area (representative point),2026-03-01 to 2026-05-31
2026,3,11,9,29.54,NASA POWER,https://power.larc.nasa.gov/,T2M - Air Temperature at 2 m (°C),SOA ITER neighbouring area (representative point),2026-03-01 to 2026-05-31
2026,3,11,10,31.31,NASA POWER,https://power.larc.nasa.gov/,T2M - Air Temperature at 2 m (°C),SOA ITER neighbouring area (representative point),2026-03-01 to 2026-05-31
2026,3,11,11,32.71,NASA POWER,https://power.larc.nasa.gov/,T2M - Air Temperature at 2 m (°C),SOA ITER neighbouring area (representative point),2026-03-01 to 2026-05-31
2026,3,11,12,33.7,NASA POWER,https://power.larc.nasa.gov/,T2M - Air Temperature at 2 m (°C),SOA ITER neighbouring area (representative point),2026-03-01 to 2026-05-31
2026,3,11,13,34.18,NASA POWER,https://power.larc.nasa.gov/,T2M - Air Temperature at 2 m (°C),SOA ITER neighbouring area (representative point),2026-03-01 to 2026-05-31
2026,3,11,14,34.17,NASA POWER,https://power.larc.nasa.gov/,T2M - Air Temperature at 2 m (°C),SOA ITER neighbouring area (representative point),2026-03-01 to 2026-05-31
2026,3,11,15,33.52,NASA POWER,https://power.larc.nasa.gov/,T2M - Air Temperature at 2 m (°C),SOA ITER neighbouring area (representative point),2026-03-01 to 2026-05-31
2026,3,11,16,32.25,NASA POWER,https://power.larc.nasa.gov/,T2M - Air Temperature at 2 m (°C),SOA ITER neighbouring area (representative point),2026-03-01 to 2026-05-31
2026,3,11,17,30.1,NASA POWER,https://power.larc.nasa.gov/,T2M - Air Temperature at 2 m (°C),SOA ITER neighbouring area (representative point),2026-03-01 to 2026-05-31
2026,3,11,18,27.9,NASA POWER,https://power.larc.nasa.gov/,T2M - Air Temperature at 2 m (°C),SOA ITER neighbouring area (representative point),2026-03-01 to 2026-05-31
2026,3,11,19,27.02,NASA POWER,https://power.larc.nasa.gov/,T2M - Air Temperature at 2 m (°C),SOA ITER neighbouring area (representative point),2026-03-01 to 2026-05-31
2026,3,11,20,26.6,NASA POWER,https://power.larc.nasa.gov/,T2M - Air Temperature at 2 m (°C),SOA ITER neighbouring area (representative point),2026-03-01 to 2026-05-31
2026,3,11,21,26.19,NASA POWER,https://power.larc.nasa.gov/,T2M - Air Temperature at 2 m (°C),SOA ITER neighbouring area (representative point),2026-03-01 to 2026-05-31
2026,3,11,22,25.8,NASA POWER,https://power.larc.nasa.gov/,T2M - Air Temperature at 2 m (°C),SOA ITER neighbouring area (representative point),2026-03-01 to 2026-05-31
2026,3,11,23,25.41,NASA POWER,https://power.larc.nasa.gov/,T2M - Air Temperature at 2 m (°C),SOA ITER neighbouring area (representative point),2026-03-01 to 2026-05-31
2026,3,12,0,25.03,NASA POWER,https://power.larc.nasa.gov/,T2M - Air Temperature at 2 m (°C),SOA ITER neighbouring area (representative point),2026-03-01 to 2026-05-31
2026,3,12,1,24.68,NASA POWER,https://power.larc.nasa.gov/,T2M - Air Temperature at 2 m (°C),SOA ITER neighbouring area (representative point),2026-03-01 to 2026-05-31
2026,3,12,2,24.4,NASA POWER,https://power.larc.nasa.gov/,T2M - Air Temperature at 2 m (°C),SOA ITER neighbouring area (representative point),2026-03-01 to 2026-05-31
2026,3,12,3,24.12,NASA POWER,https://power.larc.nasa.gov/,T2M - Air Temperature at 2 m (°C),SOA ITER neighbouring area (representative point),2026-03-01 to 2026-05-31
2026,3,12,4,23.85,NASA POWER,https://power.larc.nasa.gov/,T2M - Air Temperature at 2 m (°C),SOA ITER neighbouring area (representative point),2026-03-01 to 2026-05-31
2026,3,12,5,23.58,NASA POWER,https://power.larc.nasa.gov/,T2M - Air Temperature at 2 m (°C),SOA ITER neighbouring area (representative point),2026-03-01 to 2026-05-31
2026,3,12,6,23.58,NASA POWER,https://power.larc.nasa.gov/,T2M - Air Temperature at 2 m (°C),SOA ITER neighbouring area (representative point),2026-03-01 to 2026-05-31
2026,3,12,7,25.64,NASA POWER,https://power.larc.nasa.gov/,T2M - Air Temperature at 2 m (°C),SOA ITER neighbouring area (representative point),2026-03-01 to 2026-05-31
2026,3,12,8,27.95,NASA POWER,https://power.larc.nasa.gov/,T2M - Air Temperature at 2 m (°C),SOA ITER neighbouring area (representative point),2026-03-01 to 2026-05-31
2026,3,12,9,30.67,NASA POWER,https://power.larc.nasa.gov/,T2M - Air Temperature at 2 m (°C),SOA ITER neighbouring area (representative point),2026-03-01 to 2026-05-31
2026,3,12,10,32.94,NASA POWER,https://power.larc.nasa.gov/,T2M - Air Temperature at 2 m (°C),SOA ITER neighbouring area (representative point),2026-03-01 to 2026-05-31
2026,3,12,11,34.62,NASA POWER,https://power.larc.nasa.gov/,T2M - Air Temperature at 2 m (°C),SOA ITER neighbouring area (representative point),2026-03-01 to 2026-05-31
2026,3,12,12,35.75,NASA POWER,https://power.larc.nasa.gov/,T2M - Air Temperature at 2 m (°C),SOA ITER neighbouring area (representative point),2026-03-01 to 2026-05-31
2026,3,12,13,36.19,NASA POWER,https://power.larc.nasa.gov/,T2M - Air Temperature at 2 m (°C),SOA ITER neighbouring area (representative point),2026-03-01 to 2026-05-31
2026,3,12,14,36.14,NASA POWER,https://power.larc.nasa.gov/,T2M - Air Temperature at 2 m (°C),SOA ITER neighbouring area (representative point),2026-03-01 to 2026-05-31
2026,3,12,15,35.68,NASA POWER,https://power.larc.nasa.gov/,T2M - Air Temperature at 2 m (°C),SOA ITER neighbouring area (representative point),2026-03-01 to 2026-05-31
2026,3,12,16,34.7,NASA POWER,https://power.larc.nasa.gov/,T2M - Air Temperature at 2 m (°C),SOA ITER neighbouring area (representative point),2026-03-01 to 2026-05-31
2026,3,12,17,32.35,NASA POWER,https://power.larc.nasa.gov/,T2M - Air Temperature at 2 m (°C),SOA ITER neighbouring area (representative point),2026-03-01 to 2026-05-31
2026,3,12,18,29.44,NASA POWER,https://power.larc.nasa.gov/,T2M - Air Temperature at 2 m (°C),SOA ITER neighbouring area (representative point),2026-03-01 to 2026-05-31
2026,3,12,19,27.73,NASA POWER,https://power.larc.nasa.gov/,T2M - Air Temperature at 2 m (°C),SOA ITER neighbouring area (representative point),2026-03-01 to 2026-05-31
2026,3,12,20,26.77,NASA POWER,https://power.larc.nasa.gov/,T2M - Air Temperature at 2 m (°C),SOA ITER neighbouring area (representative point),2026-03-01 to 2026-05-31
2026,3,12,21,26.35,NASA POWER,https://power.larc.nasa.gov/,T2M - Air Temperature at 2 m (°C),SOA ITER neighbouring area (representative point),2026-03-01 to 2026-05-31
2026,3,12,22,26.02,NASA POWER,https://power.larc.nasa.gov/,T2M - Air Temperature at 2 m (°C),SOA ITER neighbouring area (representative point),2026-03-01 to 2026-05-31
2026,3,12,23,25.64,NASA POWER,https://power.larc.nasa.gov/,T2M - Air Temperature at 2 m (°C),SOA ITER neighbouring area (representative point),2026-03-01 to 2026-05-31
2026,3,13,0,25.24,NASA POWER,https://power.larc.nasa.gov/,T2M - Air Temperature at 2 m (°C),SOA ITER neighbouring area (representative point),2026-03-01 to 2026-05-31
2026,3,13,1,24.8,NASA POWER,https://power.larc.nasa.gov/,T2M - Air Temperature at 2 m (°C),SOA ITER neighbouring area (representative point),2026-03-01 to 2026-05-31
2026,3,13,2,24.51,NASA POWER,https://power.larc.nasa.gov/,T2M - Air Temperature at 2 m (°C),SOA ITER neighbouring area (representative point),2026-03-01 to 2026-05-31
2026,3,13,3,24.34,NASA POWER,https://power.larc.nasa.gov/,T2M - Air Temperature at 2 m (°C),SOA ITER neighbouring area (representative point),2026-03-01 to 2026-05-31
2026,3,13,4,24.17,NASA POWER,https://power.larc.nasa.gov/,T2M - Air Temperature at 2 m (°C),SOA ITER neighbouring area (representative point),2026-03-01 to 2026-05-31
2026,3,13,5,24.06,NASA POWER,https://power.larc.nasa.gov/,T2M - Air Temperature at 2 m (°C),SOA ITER neighbouring area (representative point),2026-03-01 to 2026-05-31
2026,3,13,6,24.16,NASA POWER,https://power.larc.nasa.gov/,T2M - Air Temperature at 2 m (°C),SOA ITER neighbouring area (representative point),2026-03-01 to 2026-05-31
2026,3,13,7,25.81,NASA POWER,https://power.larc.nasa.gov/,T2M - Air Temperature at 2 m (°C),SOA ITER neighbouring area (representative point),2026-03-01 to 2026-05-31
2026,3,13,8,27.66,NASA POWER,https://power.larc.nasa.gov/,T2M - Air Temperature at 2 m (°C),SOA ITER neighbouring area (representative point),2026-03-01 to 2026-05-31
2026,3,13,9,29.68,NASA POWER,https://power.larc.nasa.gov/,T2M - Air Temperature at 2 m (°C),SOA ITER neighbouring area (representative point),2026-03-01 to 2026-05-31
2026,3,13,10,31.6,NASA POWER,https://power.larc.nasa.gov/,T2M - Air Temperature at 2 m (°C),SOA ITER neighbouring area (representative point),2026-03-01 to 2026-05-31
2026,3,13,11,32.95,NASA POWER,https://power.larc.nasa.gov/,T2M - Air Temperature at 2 m (°C),SOA ITER neighbouring area (representative point),2026-03-01 to 2026-05-31
2026,3,13,12,33.79,NASA POWER,https://power.larc.nasa.gov/,T2M - Air Temperature at 2 m (°C),SOA ITER neighbouring area (representative point),2026-03-01 to 2026-05-31
2026,3,13,13,34.23,NASA POWER,https://power.larc.nasa.gov/,T2M - Air Temperature at 2 m (°C),SOA ITER neighbouring area (representative point),2026-03-01 to 2026-05-31
2026,3,13,14,34.27,NASA POWER,https://power.larc.nasa.gov/,T2M - Air Temperature at 2 m (°C),SOA ITER neighbouring area (representative point),2026-03-01 to 2026-05-31
2026,3,13,15,33.75,NASA POWER,https://power.larc.nasa.gov/,T2M - Air Temperature at 2 m (°C),SOA ITER neighbouring area (representative point),2026-03-01 to 2026-05-31
2026,3,13,16,32.69,NASA POWER,https://power.larc.nasa.gov/,T2M - Air Temperature at 2 m (°C),SOA ITER neighbouring area (representative point),2026-03-01 to 2026-05-31
2026,3,13,17,30.53,NASA POWER,https://power.larc.nasa.gov/,T2M - Air Temperature at 2 m (°C),SOA ITER neighbouring area (representative point),2026-03-01 to 2026-05-31
2026,3,13,18,28.05,NASA POWER,https://power.larc.nasa.gov/,T2M - Air Temperature at 2 m (°C),SOA ITER neighbouring area (representative point),2026-03-01 to 2026-05-31
2026,3,13,19,26.83,NASA POWER,https://power.larc.nasa.gov/,T2M - Air Temperature at 2 m (°C),SOA ITER neighbouring area (representative point),2026-03-01 to 2026-05-31
2026,3,13,20,26.35,NASA POWER,https://power.larc.nasa.gov/,T2M - Air Temperature at 2 m (°C),SOA ITER neighbouring area (representative point),2026-03-01 to 2026-05-31
2026,3,13,21,26.09,NASA POWER,https://power.larc.nasa.gov/,T2M - Air Temperature at 2 m (°C),SOA ITER neighbouring area (representative point),2026-03-01 to 2026-05-31
2026,3,13,22,25.87,NASA POWER,https://power.larc.nasa.gov/,T2M - Air Temperature at 2 m (°C),SOA ITER neighbouring area (representative point),2026-03-01 to 2026-05-31
2026,3,13,23,25.59,NASA POWER,https://power.larc.nasa.gov/,T2M - Air Temperature at 2 m (°C),SOA ITER neighbouring area (representative point),2026-03-01 to 2026-05-31
2026,3,14,0,25.32,NASA POWER,https://power.larc.nasa.gov/,T2M - Air Temperature at 2 m (°C),SOA ITER neighbouring area (representative point),2026-03-01 to 2026-05-31
2026,3,14,1,25.05,NASA POWER,https://power.larc.nasa.gov/,T2M - Air Temperature at 2 m (°C),SOA ITER neighbouring area (representative point),2026-03-01 to 2026-05-31
2026,3,14,2,24.81,NASA POWER,https://power.larc.nasa.gov/,T2M - Air Temperature at 2 m (°C),SOA ITER neighbouring area (representative point),2026-03-01 to 2026-05-31
2026,3,14,3,24.58,NASA POWER,https://power.larc.nasa.gov/,T2M - Air Temperature at 2 m (°C),SOA ITER neighbouring area (representative point),2026-03-01 to 2026-05-31
2026,3,14,4,24.4,NASA POWER,https://power.larc.nasa.gov/,T2M - Air Temperature at 2 m (°C),SOA ITER neighbouring area (representative point),2026-03-01 to 2026-05-31
2026,3,14,5,24.35,NASA POWER,https://power.larc.nasa.gov/,T2M - Air Temperature at 2 m (°C),SOA ITER neighbouring area (representative point),2026-03-01 to 2026-05-31
2026,3,14,6,24.39,NASA POWER,https://power.larc.nasa.gov/,T2M - Air Temperature at 2 m (°C),SOA ITER neighbouring area (representative point),2026-03-01 to 2026-05-31
2026,3,14,7,25.88,NASA POWER,https://power.larc.nasa.gov/,T2M - Air Temperature at 2 m (°C),SOA ITER neighbouring area (representative point),2026-03-01 to 2026-05-31
2026,3,14,8,27.9,NASA POWER,https://power.larc.nasa.gov/,T2M - Air Temperature at 2 m (°C),SOA ITER neighbouring area (representative point),2026-03-01 to 2026-05-31
2026,3,14,9,29.81,NASA POWER,https://power.larc.nasa.gov/,T2M - Air Temperature at 2 m (°C),SOA ITER neighbouring area (representative point),2026-03-01 to 2026-05-31
2026,3,14,10,31.46,NASA POWER,https://power.larc.nasa.gov/,T2M - Air Temperature at 2 m (°C),SOA ITER neighbouring area (representative point),2026-03-01 to 2026-05-31
2026,3,14,11,32.74,NASA POWER,https://power.larc.nasa.gov/,T2M - Air Temperature at 2 m (°C),SOA ITER neighbouring area (representative point),2026-03-01 to 2026-05-31
2026,3,14,12,33.56,NASA POWER,https://power.larc.nasa.gov/,T2M - Air Temperature at 2 m (°C),SOA ITER neighbouring area (representative point),2026-03-01 to 2026-05-31
2026,3,14,13,33.87,NASA POWER,https://power.larc.nasa.gov/,T2M - Air Temperature at 2 m (°C),SOA ITER neighbouring area (representative point),2026-03-01 to 2026-05-31
2026,3,14,14,33.66,NASA POWER,https://power.larc.nasa.gov/,T2M - Air Temperature at 2 m (°C),SOA ITER neighbouring area (representative point),2026-03-01 to 2026-05-31
2026,3,14,15,32.88,NASA POWER,https://power.larc.nasa.gov/,T2M - Air Temperature at 2 m (°C),SOA ITER neighbouring area (representative point),2026-03-01 to 2026-05-31
2026,3,14,16,31.53,NASA POWER,https://power.larc.nasa.gov/,T2M - Air Temperature at 2 m (°C),SOA ITER neighbouring area (representative point),2026-03-01 to 2026-05-31
2026,3,14,17,29.49,NASA POWER,https://power.larc.nasa.gov/,T2M - Air Temperature at 2 m (°C),SOA ITER neighbouring area (representative point),2026-03-01 to 2026-05-31
2026,3,14,18,27.51,NASA POWER,https://power.larc.nasa.gov/,T2M - Air Temperature at 2 m (°C),SOA ITER neighbouring area (representative point),2026-03-01 to 2026-05-31
2026,3,14,19,26.55,NASA POWER,https://power.larc.nasa.gov/,T2M - Air Temperature at 2 m (°C),SOA ITER neighbouring area (representative point),2026-03-01 to 2026-05-31
2026,3,14,20,26.11,NASA POWER,https://power.larc.nasa.gov/,T2M - Air Temperature at 2 m (°C),SOA ITER neighbouring area (representative point),2026-03-01 to 2026-05-31
2026,3,14,21,25.9,NASA POWER,https://power.larc.nasa.gov/,T2M - Air Temperature at 2 m (°C),SOA ITER neighbouring area (representative point),2026-03-01 to 2026-05-31
2026,3,14,22,25.71,NASA POWER,https://power.larc.nasa.gov/,T2M - Air Temperature at 2 m (°C),SOA ITER neighbouring area (representative point),2026-03-01 to 2026-05-31
2026,3,14,23,25.48,NASA POWER,https://power.larc.nasa.gov/,T2M - Air Temperature at 2 m (°C),SOA ITER neighbouring area (representative point),2026-03-01 to 2026-05-31
2026,3,15,0,25.25,NASA POWER,https://power.larc.nasa.gov/,T2M - Air Temperature at 2 m (°C),SOA ITER neighbouring area (representative point),2026-03-01 to 2026-05-31
2026,3,15,1,25.03,NASA POWER,https://power.larc.nasa.gov/,T2M - Air Temperature at 2 m (°C),SOA ITER neighbouring area (representative point),2026-03-01 to 2026-05-31
2026,3,15,2,24.83,NASA POWER,https://power.larc.nasa.gov/,T2M - Air Temperature at 2 m (°C),SOA ITER neighbouring area (representative point),2026-03-01 to 2026-05-31
2026,3,15,3,24.66,NASA POWER,https://power.larc.nasa.gov/,T2M - Air Temperature at 2 m (°C),SOA ITER neighbouring area (representative point),2026-03-01 to 2026-05-31
2026,3,15,4,24.55,NASA POWER,https://power.larc.nasa.gov/,T2M - Air Temperature at 2 m (°C),SOA ITER neighbouring area (representative point),2026-03-01 to 2026-05-31
2026,3,15,5,24.48,NASA POWER,https://power.larc.nasa.gov/,T2M - Air Temperature at 2 m (°C),SOA ITER neighbouring area (representative point),2026-03-01 to 2026-05-31
2026,3,15,6,24.59,NASA POWER,https://power.larc.nasa.gov/,T2M - Air Temperature at 2 m (°C),SOA ITER neighbouring area (representative point),2026-03-01 to 2026-05-31
2026,3,15,7,25.82,NASA POWER,https://power.larc.nasa.gov/,T2M - Air Temperature at 2 m (°C),SOA ITER neighbouring area (representative point),2026-03-01 to 2026-05-31
2026,3,15,8,27.73,NASA POWER,https://power.larc.nasa.gov/,T2M - Air Temperature at 2 m (°C),SOA ITER neighbouring area (representative point),2026-03-01 to 2026-05-31
2026,3,15,9,29.45,NASA POWER,https://power.larc.nasa.gov/,T2M - Air Temperature at 2 m (°C),SOA ITER neighbouring area (representative point),2026-03-01 to 2026-05-31
2026,3,15,10,30.93,NASA POWER,https://power.larc.nasa.gov/,T2M - Air Temperature at 2 m (°C),SOA ITER neighbouring area (representative point),2026-03-01 to 2026-05-31
2026,3,15,11,32.07,NASA POWER,https://power.larc.nasa.gov/,T2M - Air Temperature at 2 m (°C),SOA ITER neighbouring area (representative point),2026-03-01 to 2026-05-31
2026,3,15,12,32.8,NASA POWER,https://power.larc.nasa.gov/,T2M - Air Temperature at 2 m (°C),SOA ITER neighbouring area (representative point),2026-03-01 to 2026-05-31
2026,3,15,13,33.03,NASA POWER,https://power.larc.nasa.gov/,T2M - Air Temperature at 2 m (°C),SOA ITER neighbouring area (representative point),2026-03-01 to 2026-05-31
2026,3,15,14,32.74,NASA POWER,https://power.larc.nasa.gov/,T2M - Air Temperature at 2 m (°C),SOA ITER neighbouring area (representative point),2026-03-01 to 2026-05-31
2026,3,15,15,31.94,NASA POWER,https://power.larc.nasa.gov/,T2M - Air Temperature at 2 m (°C),SOA ITER neighbouring area (representative point),2026-03-01 to 2026-05-31
2026,3,15,16,30.52,NASA POWER,https://power.larc.nasa.gov/,T2M - Air Temperature at 2 m (°C),SOA ITER neighbouring area (representative point),2026-03-01 to 2026-05-31
2026,3,15,17,28.78,NASA POWER,https://power.larc.nasa.gov/,T2M - Air Temperature at 2 m (°C),SOA ITER neighbouring area (representative point),2026-03-01 to 2026-05-31
2026,3,15,18,27.39,NASA POWER,https://power.larc.nasa.gov/,T2M - Air Temperature at 2 m (°C),SOA ITER neighbouring area (representative point),2026-03-01 to 2026-05-31
2026,3,15,19,26.84,NASA POWER,https://power.larc.nasa.gov/,T2M - Air Temperature at 2 m (°C),SOA ITER neighbouring area (representative point),2026-03-01 to 2026-05-31
2026,3,15,20,26.56,NASA POWER,https://power.larc.nasa.gov/,T2M - Air Temperature at 2 m (°C),SOA ITER neighbouring area (representative point),2026-03-01 to 2026-05-31
2026,3,15,21,26.34,NASA POWER,https://power.larc.nasa.gov/,T2M - Air Temperature at 2 m (°C),SOA ITER neighbouring area (representative point),2026-03-01 to 2026-05-31
2026,3,15,22,26.06,NASA POWER,https://power.larc.nasa.gov/,T2M - Air Temperature at 2 m (°C),SOA ITER neighbouring area (representative point),2026-03-01 to 2026-05-31
2026,3,15,23,25.76,NASA POWER,https://power.larc.nasa.gov/,T2M - Air Temperature at 2 m (°C),SOA ITER neighbouring area (representative point),2026-03-01 to 2026-05-31
2026,3,16,0,25.44,NASA POWER,https://power.larc.nasa.gov/,T2M - Air Temperature at 2 m (°C),SOA ITER neighbouring area (representative point),2026-03-01 to 2026-05-31
2026,3,16,1,25.12,NASA POWER,https://power.larc.nasa.gov/,T2M - Air Temperature at 2 m (°C),SOA ITER neighbouring area (representative point),2026-03-01 to 2026-05-31
2026,3,16,2,24.89,NASA POWER,https://power.larc.nasa.gov/,T2M - Air Temperature at 2 m (°C),SOA ITER neighbouring area (representative point),2026-03-01 to 2026-05-31
2026,3,16,3,24.72,NASA POWER,https://power.larc.nasa.gov/,T2M - Air Temperature at 2 m (°C),SOA ITER neighbouring area (representative point),2026-03-01 to 2026-05-31
2026,3,16,4,24.62,NASA POWER,https://power.larc.nasa.gov/,T2M - Air Temperature at 2 m (°C),SOA ITER neighbouring area (representative point),2026-03-01 to 2026-05-31
2026,3,16,5,24.54,NASA POWER,https://power.larc.nasa.gov/,T2M - Air Temperature at 2 m (°C),SOA ITER neighbouring area (representative point),2026-03-01 to 2026-05-31
2026,3,16,6,24.64,NASA POWER,https://power.larc.nasa.gov/,T2M - Air Temperature at 2 m (°C),SOA ITER neighbouring area (representative point),2026-03-01 to 2026-05-31
2026,3,16,7,25.75,NASA POWER,https://power.larc.nasa.gov/,T2M - Air Temperature at 2 m (°C),SOA ITER neighbouring area (representative point),2026-03-01 to 2026-05-31
2026,3,16,8,27.48,NASA POWER,https://power.larc.nasa.gov/,T2M - Air Temperature at 2 m (°C),SOA ITER neighbouring area (representative point),2026-03-01 to 2026-05-31
2026,3,16,9,29.24,NASA POWER,https://power.larc.nasa.gov/,T2M - Air Temperature at 2 m (°C),SOA ITER neighbouring area (representative point),2026-03-01 to 2026-05-31
2026,3,16,10,30.39,NASA POWER,https://power.larc.nasa.gov/,T2M - Air Temperature at 2 m (°C),SOA ITER neighbouring area (representative point),2026-03-01 to 2026-05-31
2026,3,16,11,31.31,NASA POWER,https://power.larc.nasa.gov/,T2M - Air Temperature at 2 m (°C),SOA ITER neighbouring area (representative point),2026-03-01 to 2026-05-31
2026,3,16,12,32.09,NASA POWER,https://power.larc.nasa.gov/,T2M - Air Temperature at 2 m (°C),SOA ITER neighbouring area (representative point),2026-03-01 to 2026-05-31
2026,3,16,13,32.3,NASA POWER,https://power.larc.nasa.gov/,T2M - Air Temperature at 2 m (°C),SOA ITER neighbouring area (representative point),2026-03-01 to 2026-05-31
2026,3,16,14,31.94,NASA POWER,https://power.larc.nasa.gov/,T2M - Air Temperature at 2 m (°C),SOA ITER neighbouring area (representative point),2026-03-01 to 2026-05-31
2026,3,16,15,31.07,NASA POWER,https://power.larc.nasa.gov/,T2M - Air Temperature at 2 m (°C),SOA ITER neighbouring area (representative point),2026-03-01 to 2026-05-31
2026,3,16,16,29.91,NASA POWER,https://power.larc.nasa.gov/,T2M - Air Temperature at 2 m (°C),SOA ITER neighbouring area (representative point),2026-03-01 to 2026-05-31
2026,3,16,17,28.42,NASA POWER,https://power.larc.nasa.gov/,T2M - Air Temperature at 2 m (°C),SOA ITER neighbouring area (representative point),2026-03-01 to 2026-05-31
2026,3,16,18,27.0,NASA POWER,https://power.larc.nasa.gov/,T2M - Air Temperature at 2 m (°C),SOA ITER neighbouring area (representative point),2026-03-01 to 2026-05-31
2026,3,16,19,26.43,NASA POWER,https://power.larc.nasa.gov/,T2M - Air Temperature at 2 m (°C),SOA ITER neighbouring area (representative point),2026-03-01 to 2026-05-31
2026,3,16,20,26.2,NASA POWER,https://power.larc.nasa.gov/,T2M - Air Temperature at 2 m (°C),SOA ITER neighbouring area (representative point),2026-03-01 to 2026-05-31
2026,3,16,21,26.03,NASA POWER,https://power.larc.nasa.gov/,T2M - Air Temperature at 2 m (°C),SOA ITER neighbouring area (representative point),2026-03-01 to 2026-05-31
2026,3,16,22,25.79,NASA POWER,https://power.larc.nasa.gov/,T2M - Air Temperature at 2 m (°C),SOA ITER neighbouring area (representative point),2026-03-01 to 2026-05-31
2026,3,16,23,25.58,NASA POWER,https://power.larc.nasa.gov/,T2M - Air Temperature at 2 m (°C),SOA ITER neighbouring area (representative point),2026-03-01 to 2026-05-31
2026,3,17,0,25.43,NASA POWER,https://power.larc.nasa.gov/,T2M - Air Temperature at 2 m (°C),SOA ITER neighbouring area (representative point),2026-03-01 to 2026-05-31
2026,3,17,1,25.29,NASA POWER,https://power.larc.nasa.gov/,T2M - Air Temperature at 2 m (°C),SOA ITER neighbouring area (representative point),2026-03-01 to 2026-05-31
2026,3,17,2,25.15,NASA POWER,https://power.larc.nasa.gov/,T2M - Air Temperature at 2 m (°C),SOA ITER neighbouring area (representative point),2026-03-01 to 2026-05-31
2026,3,17,3,25.08,NASA POWER,https://power.larc.nasa.gov/,T2M - Air Temperature at 2 m (°C),SOA ITER neighbouring area (representative point),2026-03-01 to 2026-05-31
2026,3,17,4,24.98,NASA POWER,https://power.larc.nasa.gov/,T2M - Air Temperature at 2 m (°C),SOA ITER neighbouring area (representative point),2026-03-01 to 2026-05-31
2026,3,17,5,24.87,NASA POWER,https://power.larc.nasa.gov/,T2M - Air Temperature at 2 m (°C),SOA ITER neighbouring area (representative point),2026-03-01 to 2026-05-31
2026,3,17,6,24.89,NASA POWER,https://power.larc.nasa.gov/,T2M - Air Temperature at 2 m (°C),SOA ITER neighbouring area (representative point),2026-03-01 to 2026-05-31
2026,3,17,7,25.63,NASA POWER,https://power.larc.nasa.gov/,T2M - Air Temperature at 2 m (°C),SOA ITER neighbouring area (representative point),2026-03-01 to 2026-05-31
2026,3,17,8,26.63,NASA POWER,https://power.larc.nasa.gov/,T2M - Air Temperature at 2 m (°C),SOA ITER neighbouring area (representative point),2026-03-01 to 2026-05-31
2026,3,17,9,27.7,NASA POWER,https://power.larc.nasa.gov/,T2M - Air Temperature at 2 m (°C),SOA ITER neighbouring area (representative point),2026-03-01 to 2026-05-31
2026,3,17,10,28.66,NASA POWER,https://power.larc.nasa.gov/,T2M - Air Temperature at 2 m (°C),SOA ITER neighbouring area (representative point),2026-03-01 to 2026-05-31
2026,3,17,11,29.46,NASA POWER,https://power.larc.nasa.gov/,T2M - Air Temperature at 2 m (°C),SOA ITER neighbouring area (representative point),2026-03-01 to 2026-05-31
2026,3,17,12,30.19,NASA POWER,https://power.larc.nasa.gov/,T2M - Air Temperature at 2 m (°C),SOA ITER neighbouring area (representative point),2026-03-01 to 2026-05-31
2026,3,17,13,30.6,NASA POWER,https://power.larc.nasa.gov/,T2M - Air Temperature at 2 m (°C),SOA ITER neighbouring area (representative point),2026-03-01 to 2026-05-31
2026,3,17,14,30.55,NASA POWER,https://power.larc.nasa.gov/,T2M - Air Temperature at 2 m (°C),SOA ITER neighbouring area (representative point),2026-03-01 to 2026-05-31
2026,3,17,15,30.23,NASA POWER,https://power.larc.nasa.gov/,T2M - Air Temperature at 2 m (°C),SOA ITER neighbouring area (representative point),2026-03-01 to 2026-05-31
2026,3,17,16,29.4,NASA POWER,https://power.larc.nasa.gov/,T2M - Air Temperature at 2 m (°C),SOA ITER neighbouring area (representative point),2026-03-01 to 2026-05-31
2026,3,17,17,28.16,NASA POWER,https://power.larc.nasa.gov/,T2M - Air Temperature at 2 m (°C),SOA ITER neighbouring area (representative point),2026-03-01 to 2026-05-31
2026,3,17,18,26.92,NASA POWER,https://power.larc.nasa.gov/,T2M - Air Temperature at 2 m (°C),SOA ITER neighbouring area (representative point),2026-03-01 to 2026-05-31
2026,3,17,19,26.32,NASA POWER,https://power.larc.nasa.gov/,T2M - Air Temperature at 2 m (°C),SOA ITER neighbouring area (representative point),2026-03-01 to 2026-05-31
2026,3,17,20,26.15,NASA POWER,https://power.larc.nasa.gov/,T2M - Air Temperature at 2 m (°C),SOA ITER neighbouring area (representative point),2026-03-01 to 2026-05-31
2026,3,17,21,26.04,NASA POWER,https://power.larc.nasa.gov/,T2M - Air Temperature at 2 m (°C),SOA ITER neighbouring area (representative point),2026-03-01 to 2026-05-31
2026,3,17,22,25.88,NASA POWER,https://power.larc.nasa.gov/,T2M - Air Temperature at 2 m (°C),SOA ITER neighbouring area (representative point),2026-03-01 to 2026-05-31
2026,3,17,23,25.64,NASA POWER,https://power.larc.nasa.gov/,T2M - Air Temperature at 2 m (°C),SOA ITER neighbouring area (representative point),2026-03-01 to 2026-05-31
2026,3,18,0,25.34,NASA POWER,https://power.larc.nasa.gov/,T2M - Air Temperature at 2 m (°C),SOA ITER neighbouring area (representative point),2026-03-01 to 2026-05-31
2026,3,18,1,24.98,NASA POWER,https://power.larc.nasa.gov/,T2M - Air Temperature at 2 m (°C),SOA ITER neighbouring area (representative point),2026-03-01 to 2026-05-31
2026,3,18,2,24.6,NASA POWER,https://power.larc.nasa.gov/,T2M - Air Temperature at 2 m (°C),SOA ITER neighbouring area (representative point),2026-03-01 to 2026-05-31
2026,3,18,3,24.2,NASA POWER,https://power.larc.nasa.gov/,T2M - Air Temperature at 2 m (°C),SOA ITER neighbouring area (representative point),2026-03-01 to 2026-05-31
2026,3,18,4,23.99,NASA POWER,https://power.larc.nasa.gov/,T2M - Air Temperature at 2 m (°C),SOA ITER neighbouring area (representative point),2026-03-01 to 2026-05-31
2026,3,18,5,23.92,NASA POWER,https://power.larc.nasa.gov/,T2M - Air Temperature at 2 m (°C),SOA ITER neighbouring area (representative point),2026-03-01 to 2026-05-31
2026,3,18,6,24.04,NASA POWER,https://power.larc.nasa.gov/,T2M - Air Temperature at 2 m (°C),SOA ITER neighbouring area (representative point),2026-03-01 to 2026-05-31
2026,3,18,7,25.59,NASA POWER,https://power.larc.nasa.gov/,T2M - Air Temperature at 2 m (°C),SOA ITER neighbouring area (representative point),2026-03-01 to 2026-05-31
2026,3,18,8,27.61,NASA POWER,https://power.larc.nasa.gov/,T2M - Air Temperature at 2 m (°C),SOA ITER neighbouring area (representative point),2026-03-01 to 2026-05-31
2026,3,18,9,29.57,NASA POWER,https://power.larc.nasa.gov/,T2M - Air Temperature at 2 m (°C),SOA ITER neighbouring area (representative point),2026-03-01 to 2026-05-31
2026,3,18,10,31.53,NASA POWER,https://power.larc.nasa.gov/,T2M - Air Temperature at 2 m (°C),SOA ITER neighbouring area (representative point),2026-03-01 to 2026-05-31
2026,3,18,11,32.92,NASA POWER,https://power.larc.nasa.gov/,T2M - Air Temperature at 2 m (°C),SOA ITER neighbouring area (representative point),2026-03-01 to 2026-05-31
2026,3,18,12,33.74,NASA POWER,https://power.larc.nasa.gov/,T2M - Air Temperature at 2 m (°C),SOA ITER neighbouring area (representative point),2026-03-01 to 2026-05-31
2026,3,18,13,33.82,NASA POWER,https://power.larc.nasa.gov/,T2M - Air Temperature at 2 m (°C),SOA ITER neighbouring area (representative point),2026-03-01 to 2026-05-31
2026,3,18,14,33.11,NASA POWER,https://power.larc.nasa.gov/,T2M - Air Temperature at 2 m (°C),SOA ITER neighbouring area (representative point),2026-03-01 to 2026-05-31
2026,3,18,15,32.23,NASA POWER,https://power.larc.nasa.gov/,T2M - Air Temperature at 2 m (°C),SOA ITER neighbouring area (representative point),2026-03-01 to 2026-05-31
2026,3,18,16,31.32,NASA POWER,https://power.larc.nasa.gov/,T2M - Air Temperature at 2 m (°C),SOA ITER neighbouring area (representative point),2026-03-01 to 2026-05-31
2026,3,18,17,29.99,NASA POWER,https://power.larc.nasa.gov/,T2M - Air Temperature at 2 m (°C),SOA ITER neighbouring area (representative point),2026-03-01 to 2026-05-31
2026,3,18,18,28.56,NASA POWER,https://power.larc.nasa.gov/,T2M - Air Temperature at 2 m (°C),SOA ITER neighbouring area (representative point),2026-03-01 to 2026-05-31
2026,3,18,19,27.91,NASA POWER,https://power.larc.nasa.gov/,T2M - Air Temperature at 2 m (°C),SOA ITER neighbouring area (representative point),2026-03-01 to 2026-05-31
2026,3,18,20,27.29,NASA POWER,https://power.larc.nasa.gov/,T2M - Air Temperature at 2 m (°C),SOA ITER neighbouring area (representative point),2026-03-01 to 2026-05-31
2026,3,18,21,26.71,NASA POWER,https://power.larc.nasa.gov/,T2M - Air Temperature at 2 m (°C),SOA ITER neighbouring area (representative point),2026-03-01 to 2026-05-31
2026,3,18,22,26.26,NASA POWER,https://power.larc.nasa.gov/,T2M - Air Temperature at 2 m (°C),SOA ITER neighbouring area (representative point),2026-03-01 to 2026-05-31
2026,3,18,23,25.88,NASA POWER,https://power.larc.nasa.gov/,T2M - Air Temperature at 2 m (°C),SOA ITER neighbouring area (representative point),2026-03-01 to 2026-05-31
2026,3,19,0,25.57,NASA POWER,https://power.larc.nasa.gov/,T2M - Air Temperature at 2 m (°C),SOA ITER neighbouring area (representative point),2026-03-01 to 2026-05-31
2026,3,19,1,25.34,NASA POWER,https://power.larc.nasa.gov/,T2M - Air Temperature at 2 m (°C),SOA ITER neighbouring area (representative point),2026-03-01 to 2026-05-31
2026,3,19,2,25.1,NASA POWER,https://power.larc.nasa.gov/,T2M - Air Temperature at 2 m (°C),SOA ITER neighbouring area (representative point),2026-03-01 to 2026-05-31
2026,3,19,3,24.76,NASA POWER,https://power.larc.nasa.gov/,T2M - Air Temperature at 2 m (°C),SOA ITER neighbouring area (representative point),2026-03-01 to 2026-05-31
2026,3,19,4,24.35,NASA POWER,https://power.larc.nasa.gov/,T2M - Air Temperature at 2 m (°C),SOA ITER neighbouring area (representative point),2026-03-01 to 2026-05-31
2026,3,19,5,23.99,NASA POWER,https://power.larc.nasa.gov/,T2M - Air Temperature at 2 m (°C),SOA ITER neighbouring area (representative point),2026-03-01 to 2026-05-31
2026,3,19,6,24.04,NASA POWER,https://power.larc.nasa.gov/,T2M - Air Temperature at 2 m (°C),SOA ITER neighbouring area (representative point),2026-03-01 to 2026-05-31
2026,3,19,7,25.92,NASA POWER,https://power.larc.nasa.gov/,T2M - Air Temperature at 2 m (°C),SOA ITER neighbouring area (representative point),2026-03-01 to 2026-05-31
2026,3,19,8,27.79,NASA POWER,https://power.larc.nasa.gov/,T2M - Air Temperature at 2 m (°C),SOA ITER neighbouring area (representative point),2026-03-01 to 2026-05-31
2026,3,19,9,29.75,NASA POWER,https://power.larc.nasa.gov/,T2M - Air Temperature at 2 m (°C),SOA ITER neighbouring area (representative point),2026-03-01 to 2026-05-31
2026,3,19,10,31.29,NASA POWER,https://power.larc.nasa.gov/,T2M - Air Temperature at 2 m (°C),SOA ITER neighbouring area (representative point),2026-03-01 to 2026-05-31
2026,3,19,11,32.39,NASA POWER,https://power.larc.nasa.gov/,T2M - Air Temperature at 2 m (°C),SOA ITER neighbouring area (representative point),2026-03-01 to 2026-05-31
2026,3,19,12,32.74,NASA POWER,https://power.larc.nasa.gov/,T2M - Air Temperature at 2 m (°C),SOA ITER neighbouring area (representative point),2026-03-01 to 2026-05-31
2026,3,19,13,32.47,NASA POWER,https://power.larc.nasa.gov/,T2M - Air Temperature at 2 m (°C),SOA ITER neighbouring area (representative point),2026-03-01 to 2026-05-31
2026,3,19,14,31.68,NASA POWER,https://power.larc.nasa.gov/,T2M - Air Temperature at 2 m (°C),SOA ITER neighbouring area (representative point),2026-03-01 to 2026-05-31
2026,3,19,15,30.76,NASA POWER,https://power.larc.nasa.gov/,T2M - Air Temperature at 2 m (°C),SOA ITER neighbouring area (representative point),2026-03-01 to 2026-05-31
2026,3,19,16,29.69,NASA POWER,https://power.larc.nasa.gov/,T2M - Air Temperature at 2 m (°C),SOA ITER neighbouring area (representative point),2026-03-01 to 2026-05-31
2026,3,19,17,28.44,NASA POWER,https://power.larc.nasa.gov/,T2M - Air Temperature at 2 m (°C),SOA ITER neighbouring area (representative point),2026-03-01 to 2026-05-31
2026,3,19,18,27.31,NASA POWER,https://power.larc.nasa.gov/,T2M - Air Temperature at 2 m (°C),SOA ITER neighbouring area (representative point),2026-03-01 to 2026-05-31
2026,3,19,19,26.74,NASA POWER,https://power.larc.nasa.gov/,T2M - Air Temperature at 2 m (°C),SOA ITER neighbouring area (representative point),2026-03-01 to 2026-05-31
2026,3,19,20,26.33,NASA POWER,https://power.larc.nasa.gov/,T2M - Air Temperature at 2 m (°C),SOA ITER neighbouring area (representative point),2026-03-01 to 2026-05-31
2026,3,19,21,26.04,NASA POWER,https://power.larc.nasa.gov/,T2M - Air Temperature at 2 m (°C),SOA ITER neighbouring area (representative point),2026-03-01 to 2026-05-31
2026,3,19,22,25.71,NASA POWER,https://power.larc.nasa.gov/,T2M - Air Temperature at 2 m (°C),SOA ITER neighbouring area (representative point),2026-03-01 to 2026-05-31
2026,3,19,23,25.18,NASA POWER,https://power.larc.nasa.gov/,T2M - Air Temperature at 2 m (°C),SOA ITER neighbouring area (representative point),2026-03-01 to 2026-05-31
2026,3,20,0,24.74,NASA POWER,https://power.larc.nasa.gov/,T2M - Air Temperature at 2 m (°C),SOA ITER neighbouring area (representative point),2026-03-01 to 2026-05-31
2026,3,20,1,24.28,NASA POWER,https://power.larc.nasa.gov/,T2M - Air Temperature at 2 m (°C),SOA ITER neighbouring area (representative point),2026-03-01 to 2026-05-31
2026,3,20,2,23.95,NASA POWER,https://power.larc.nasa.gov/,T2M - Air Temperature at 2 m (°C),SOA ITER neighbouring area (representative point),2026-03-01 to 2026-05-31
2026,3,20,3,23.92,NASA POWER,https://power.larc.nasa.gov/,T2M - Air Temperature at 2 m (°C),SOA ITER neighbouring area (representative point),2026-03-01 to 2026-05-31
2026,3,20,4,23.58,NASA POWER,https://power.larc.nasa.gov/,T2M - Air Temperature at 2 m (°C),SOA ITER neighbouring area (representative point),2026-03-01 to 2026-05-31
2026,3,20,5,23.28,NASA POWER,https://power.larc.nasa.gov/,T2M - Air Temperature at 2 m (°C),SOA ITER neighbouring area (representative point),2026-03-01 to 2026-05-31
2026,3,20,6,23.49,NASA POWER,https://power.larc.nasa.gov/,T2M - Air Temperature at 2 m (°C),SOA ITER neighbouring area (representative point),2026-03-01 to 2026-05-31
2026,3,20,7,25.04,NASA POWER,https://power.larc.nasa.gov/,T2M - Air Temperature at 2 m (°C),SOA ITER neighbouring area (representative point),2026-03-01 to 2026-05-31
2026,3,20,8,27.37,NASA POWER,https://power.larc.nasa.gov/,T2M - Air Temperature at 2 m (°C),SOA ITER neighbouring area (representative point),2026-03-01 to 2026-05-31
2026,3,20,9,29.6,NASA POWER,https://power.larc.nasa.gov/,T2M - Air Temperature at 2 m (°C),SOA ITER neighbouring area (representative point),2026-03-01 to 2026-05-31
2026,3,20,10,31.14,NASA POWER,https://power.larc.nasa.gov/,T2M - Air Temperature at 2 m (°C),SOA ITER neighbouring area (representative point),2026-03-01 to 2026-05-31
2026,3,20,11,32.13,NASA POWER,https://power.larc.nasa.gov/,T2M - Air Temperature at 2 m (°C),SOA ITER neighbouring area (representative point),2026-03-01 to 2026-05-31
2026,3,20,12,32.65,NASA POWER,https://power.larc.nasa.gov/,T2M - Air Temperature at 2 m (°C),SOA ITER neighbouring area (representative point),2026-03-01 to 2026-05-31
2026,3,20,13,32.68,NASA POWER,https://power.larc.nasa.gov/,T2M - Air Temperature at 2 m (°C),SOA ITER neighbouring area (representative point),2026-03-01 to 2026-05-31
2026,3,20,14,32.04,NASA POWER,https://power.larc.nasa.gov/,T2M - Air Temperature at 2 m (°C),SOA ITER neighbouring area (representative point),2026-03-01 to 2026-05-31
2026,3,20,15,30.74,NASA POWER,https://power.larc.nasa.gov/,T2M - Air Temperature at 2 m (°C),SOA ITER neighbouring area (representative point),2026-03-01 to 2026-05-31
2026,3,20,16,29.28,NASA POWER,https://power.larc.nasa.gov/,T2M - Air Temperature at 2 m (°C),SOA ITER neighbouring area (representative point),2026-03-01 to 2026-05-31
2026,3,20,17,27.78,NASA POWER,https://power.larc.nasa.gov/,T2M - Air Temperature at 2 m (°C),SOA ITER neighbouring area (representative point),2026-03-01 to 2026-05-31
2026,3,20,18,26.73,NASA POWER,https://power.larc.nasa.gov/,T2M - Air Temperature at 2 m (°C),SOA ITER neighbouring area (representative point),2026-03-01 to 2026-05-31
2026,3,20,19,26.35,NASA POWER,https://power.larc.nasa.gov/,T2M - Air Temperature at 2 m (°C),SOA ITER neighbouring area (representative point),2026-03-01 to 2026-05-31
2026,3,20,20,26.12,NASA POWER,https://power.larc.nasa.gov/,T2M - Air Temperature at 2 m (°C),SOA ITER neighbouring area (representative point),2026-03-01 to 2026-05-31
2026,3,20,21,25.93,NASA POWER,https://power.larc.nasa.gov/,T2M - Air Temperature at 2 m (°C),SOA ITER neighbouring area (representative point),2026-03-01 to 2026-05-31
2026,3,20,22,25.65,NASA POWER,https://power.larc.nasa.gov/,T2M - Air Temperature at 2 m (°C),SOA ITER neighbouring area (representative point),2026-03-01 to 2026-05-31
2026,3,20,23,25.38,NASA POWER,https://power.larc.nasa.gov/,T2M - Air Temperature at 2 m (°C),SOA ITER neighbouring area (representative point),2026-03-01 to 2026-05-31
2026,3,21,0,25.17,NASA POWER,https://power.larc.nasa.gov/,T2M - Air Temperature at 2 m (°C),SOA ITER neighbouring area (representative point),2026-03-01 to 2026-05-31
2026,3,21,1,24.96,NASA POWER,https://power.larc.nasa.gov/,T2M - Air Temperature at 2 m (°C),SOA ITER neighbouring area (representative point),2026-03-01 to 2026-05-31
2026,3,21,2,24.71,NASA POWER,https://power.larc.nasa.gov/,T2M - Air Temperature at 2 m (°C),SOA ITER neighbouring area (representative point),2026-03-01 to 2026-05-31
2026,3,21,3,24.6,NASA POWER,https://power.larc.nasa.gov/,T2M - Air Temperature at 2 m (°C),SOA ITER neighbouring area (representative point),2026-03-01 to 2026-05-31
2026,3,21,4,24.66,NASA POWER,https://power.larc.nasa.gov/,T2M - Air Temperature at 2 m (°C),SOA ITER neighbouring area (representative point),2026-03-01 to 2026-05-31
2026,3,21,5,24.57,NASA POWER,https://power.larc.nasa.gov/,T2M - Air Temperature at 2 m (°C),SOA ITER neighbouring area (representative point),2026-03-01 to 2026-05-31
2026,3,21,6,24.52,NASA POWER,https://power.larc.nasa.gov/,T2M - Air Temperature at 2 m (°C),SOA ITER neighbouring area (representative point),2026-03-01 to 2026-05-31
2026,3,21,7,25.55,NASA POWER,https://power.larc.nasa.gov/,T2M - Air Temperature at 2 m (°C),SOA ITER neighbouring area (representative point),2026-03-01 to 2026-05-31
2026,3,21,8,27.2,NASA POWER,https://power.larc.nasa.gov/,T2M - Air Temperature at 2 m (°C),SOA ITER neighbouring area (representative point),2026-03-01 to 2026-05-31
2026,3,21,9,28.88,NASA POWER,https://power.larc.nasa.gov/,T2M - Air Temperature at 2 m (°C),SOA ITER neighbouring area (representative point),2026-03-01 to 2026-05-31
2026,3,21,10,30.09,NASA POWER,https://power.larc.nasa.gov/,T2M - Air Temperature at 2 m (°C),SOA ITER neighbouring area (representative point),2026-03-01 to 2026-05-31
2026,3,21,11,31.06,NASA POWER,https://power.larc.nasa.gov/,T2M - Air Temperature at 2 m (°C),SOA ITER neighbouring area (representative point),2026-03-01 to 2026-05-31
2026,3,21,12,31.7,NASA POWER,https://power.larc.nasa.gov/,T2M - Air Temperature at 2 m (°C),SOA ITER neighbouring area (representative point),2026-03-01 to 2026-05-31
2026,3,21,13,32.01,NASA POWER,https://power.larc.nasa.gov/,T2M - Air Temperature at 2 m (°C),SOA ITER neighbouring area (representative point),2026-03-01 to 2026-05-31
2026,3,21,14,31.93,NASA POWER,https://power.larc.nasa.gov/,T2M - Air Temperature at 2 m (°C),SOA ITER neighbouring area (representative point),2026-03-01 to 2026-05-31
2026,3,21,15,31.52,NASA POWER,https://power.larc.nasa.gov/,T2M - Air Temperature at 2 m (°C),SOA ITER neighbouring area (representative point),2026-03-01 to 2026-05-31
2026,3,21,16,30.71,NASA POWER,https://power.larc.nasa.gov/,T2M - Air Temperature at 2 m (°C),SOA ITER neighbouring area (representative point),2026-03-01 to 2026-05-31
2026,3,21,17,29.47,NASA POWER,https://power.larc.nasa.gov/,T2M - Air Temperature at 2 m (°C),SOA ITER neighbouring area (representative point),2026-03-01 to 2026-05-31
2026,3,21,18,28.07,NASA POWER,https://power.larc.nasa.gov/,T2M - Air Temperature at 2 m (°C),SOA ITER neighbouring area (representative point),2026-03-01 to 2026-05-31
2026,3,21,19,27.22,NASA POWER,https://power.larc.nasa.gov/,T2M - Air Temperature at 2 m (°C),SOA ITER neighbouring area (representative point),2026-03-01 to 2026-05-31
2026,3,21,20,26.68,NASA POWER,https://power.larc.nasa.gov/,T2M - Air Temperature at 2 m (°C),SOA ITER neighbouring area (representative point),2026-03-01 to 2026-05-31
2026,3,21,21,26.29,NASA POWER,https://power.larc.nasa.gov/,T2M - Air Temperature at 2 m (°C),SOA ITER neighbouring area (representative point),2026-03-01 to 2026-05-31
2026,3,21,22,25.9,NASA POWER,https://power.larc.nasa.gov/,T2M - Air Temperature at 2 m (°C),SOA ITER neighbouring area (representative point),2026-03-01 to 2026-05-31
2026,3,21,23,25.45,NASA POWER,https://power.larc.nasa.gov/,T2M - Air Temperature at 2 m (°C),SOA ITER neighbouring area (representative point),2026-03-01 to 2026-05-31
2026,3,22,0,24.8,NASA POWER,https://power.larc.nasa.gov/,T2M - Air Temperature at 2 m (°C),SOA ITER neighbouring area (representative point),2026-03-01 to 2026-05-31
2026,3,22,1,24.19,NASA POWER,https://power.larc.nasa.gov/,T2M - Air Temperature at 2 m (°C),SOA ITER neighbouring area (representative point),2026-03-01 to 2026-05-31
2026,3,22,2,23.8,NASA POWER,https://power.larc.nasa.gov/,T2M - Air Temperature at 2 m (°C),SOA ITER neighbouring area (representative point),2026-03-01 to 2026-05-31
2026,3,22,3,23.69,NASA POWER,https://power.larc.nasa.gov/,T2M - Air Temperature at 2 m (°C),SOA ITER neighbouring area (representative point),2026-03-01 to 2026-05-31
2026,3,22,4,23.65,NASA POWER,https://power.larc.nasa.gov/,T2M - Air Temperature at 2 m (°C),SOA ITER neighbouring area (representative point),2026-03-01 to 2026-05-31
2026,3,22,5,23.14,NASA POWER,https://power.larc.nasa.gov/,T2M - Air Temperature at 2 m (°C),SOA ITER neighbouring area (representative point),2026-03-01 to 2026-05-31
2026,3,22,6,23.0,NASA POWER,https://power.larc.nasa.gov/,T2M - Air Temperature at 2 m (°C),SOA ITER neighbouring area (representative point),2026-03-01 to 2026-05-31
2026,3,22,7,23.88,NASA POWER,https://power.larc.nasa.gov/,T2M - Air Temperature at 2 m (°C),SOA ITER neighbouring area (representative point),2026-03-01 to 2026-05-31
2026,3,22,8,25.55,NASA POWER,https://power.larc.nasa.gov/,T2M - Air Temperature at 2 m (°C),SOA ITER neighbouring area (representative point),2026-03-01 to 2026-05-31
2026,3,22,9,27.24,NASA POWER,https://power.larc.nasa.gov/,T2M - Air Temperature at 2 m (°C),SOA ITER neighbouring area (representative point),2026-03-01 to 2026-05-31
2026,3,22,10,28.72,NASA POWER,https://power.larc.nasa.gov/,T2M - Air Temperature at 2 m (°C),SOA ITER neighbouring area (representative point),2026-03-01 to 2026-05-31
2026,3,22,11,29.93,NASA POWER,https://power.larc.nasa.gov/,T2M - Air Temperature at 2 m (°C),SOA ITER neighbouring area (representative point),2026-03-01 to 2026-05-31
2026,3,22,12,30.98,NASA POWER,https://power.larc.nasa.gov/,T2M - Air Temperature at 2 m (°C),SOA ITER neighbouring area (representative point),2026-03-01 to 2026-05-31
2026,3,22,13,31.58,NASA POWER,https://power.larc.nasa.gov/,T2M - Air Temperature at 2 m (°C),SOA ITER neighbouring area (representative point),2026-03-01 to 2026-05-31
2026,3,22,14,31.8,NASA POWER,https://power.larc.nasa.gov/,T2M - Air Temperature at 2 m (°C),SOA ITER neighbouring area (representative point),2026-03-01 to 2026-05-31
2026,3,22,15,31.86,NASA POWER,https://power.larc.nasa.gov/,T2M - Air Temperature at 2 m (°C),SOA ITER neighbouring area (representative point),2026-03-01 to 2026-05-31
2026,3,22,16,31.48,NASA POWER,https://power.larc.nasa.gov/,T2M - Air Temperature at 2 m (°C),SOA ITER neighbouring area (representative point),2026-03-01 to 2026-05-31
2026,3,22,17,30.19,NASA POWER,https://power.larc.nasa.gov/,T2M - Air Temperature at 2 m (°C),SOA ITER neighbouring area (representative point),2026-03-01 to 2026-05-31
2026,3,22,18,27.59,NASA POWER,https://power.larc.nasa.gov/,T2M - Air Temperature at 2 m (°C),SOA ITER neighbouring area (representative point),2026-03-01 to 2026-05-31
2026,3,22,19,26.55,NASA POWER,https://power.larc.nasa.gov/,T2M - Air Temperature at 2 m (°C),SOA ITER neighbouring area (representative point),2026-03-01 to 2026-05-31
2026,3,22,20,25.98,NASA POWER,https://power.larc.nasa.gov/,T2M - Air Temperature at 2 m (°C),SOA ITER neighbouring area (representative point),2026-03-01 to 2026-05-31
2026,3,22,21,25.48,NASA POWER,https://power.larc.nasa.gov/,T2M - Air Temperature at 2 m (°C),SOA ITER neighbouring area (representative point),2026-03-01 to 2026-05-31
2026,3,22,22,24.93,NASA POWER,https://power.larc.nasa.gov/,T2M - Air Temperature at 2 m (°C),SOA ITER neighbouring area (representative point),2026-03-01 to 2026-05-31
2026,3,22,23,24.52,NASA POWER,https://power.larc.nasa.gov/,T2M - Air Temperature at 2 m (°C),SOA ITER neighbouring area (representative point),2026-03-01 to 2026-05-31
2026,3,23,0,23.97,NASA POWER,https://power.larc.nasa.gov/,T2M - Air Temperature at 2 m (°C),SOA ITER neighbouring area (representative point),2026-03-01 to 2026-05-31
2026,3,23,1,23.5,NASA POWER,https://power.larc.nasa.gov/,T2M - Air Temperature at 2 m (°C),SOA ITER neighbouring area (representative point),2026-03-01 to 2026-05-31
2026,3,23,2,23.16,NASA POWER,https://power.larc.nasa.gov/,T2M - Air Temperature at 2 m (°C),SOA ITER neighbouring area (representative point),2026-03-01 to 2026-05-31
2026,3,23,3,22.94,NASA POWER,https://power.larc.nasa.gov/,T2M - Air Temperature at 2 m (°C),SOA ITER neighbouring area (representative point),2026-03-01 to 2026-05-31
2026,3,23,4,22.78,NASA POWER,https://power.larc.nasa.gov/,T2M - Air Temperature at 2 m (°C),SOA ITER neighbouring area (representative point),2026-03-01 to 2026-05-31
2026,3,23,5,22.59,NASA POWER,https://power.larc.nasa.gov/,T2M - Air Temperature at 2 m (°C),SOA ITER neighbouring area (representative point),2026-03-01 to 2026-05-31
2026,3,23,6,22.82,NASA POWER,https://power.larc.nasa.gov/,T2M - Air Temperature at 2 m (°C),SOA ITER neighbouring area (representative point),2026-03-01 to 2026-05-31
2026,3,23,7,24.83,NASA POWER,https://power.larc.nasa.gov/,T2M - Air Temperature at 2 m (°C),SOA ITER neighbouring area (representative point),2026-03-01 to 2026-05-31
2026,3,23,8,27.33,NASA POWER,https://power.larc.nasa.gov/,T2M - Air Temperature at 2 m (°C),SOA ITER neighbouring area (representative point),2026-03-01 to 2026-05-31
2026,3,23,9,29.69,NASA POWER,https://power.larc.nasa.gov/,T2M - Air Temperature at 2 m (°C),SOA ITER neighbouring area (representative point),2026-03-01 to 2026-05-31
2026,3,23,10,31.27,NASA POWER,https://power.larc.nasa.gov/,T2M - Air Temperature at 2 m (°C),SOA ITER neighbouring area (representative point),2026-03-01 to 2026-05-31
2026,3,23,11,32.37,NASA POWER,https://power.larc.nasa.gov/,T2M - Air Temperature at 2 m (°C),SOA ITER neighbouring area (representative point),2026-03-01 to 2026-05-31
2026,3,23,12,33.23,NASA POWER,https://power.larc.nasa.gov/,T2M - Air Temperature at 2 m (°C),SOA ITER neighbouring area (representative point),2026-03-01 to 2026-05-31
2026,3,23,13,33.75,NASA POWER,https://power.larc.nasa.gov/,T2M - Air Temperature at 2 m (°C),SOA ITER neighbouring area (representative point),2026-03-01 to 2026-05-31
2026,3,23,14,33.91,NASA POWER,https://power.larc.nasa.gov/,T2M - Air Temperature at 2 m (°C),SOA ITER neighbouring area (representative point),2026-03-01 to 2026-05-31
2026,3,23,15,33.61,NASA POWER,https://power.larc.nasa.gov/,T2M - Air Temperature at 2 m (°C),SOA ITER neighbouring area (representative point),2026-03-01 to 2026-05-31
2026,3,23,16,32.89,NASA POWER,https://power.larc.nasa.gov/,T2M - Air Temperature at 2 m (°C),SOA ITER neighbouring area (representative point),2026-03-01 to 2026-05-31
2026,3,23,17,31.3,NASA POWER,https://power.larc.nasa.gov/,T2M - Air Temperature at 2 m (°C),SOA ITER neighbouring area (representative point),2026-03-01 to 2026-05-31
2026,3,23,18,28.53,NASA POWER,https://power.larc.nasa.gov/,T2M - Air Temperature at 2 m (°C),SOA ITER neighbouring area (representative point),2026-03-01 to 2026-05-31
2026,3,23,19,27.35,NASA POWER,https://power.larc.nasa.gov/,T2M - Air Temperature at 2 m (°C),SOA ITER neighbouring area (representative point),2026-03-01 to 2026-05-31
2026,3,23,20,26.78,NASA POWER,https://power.larc.nasa.gov/,T2M - Air Temperature at 2 m (°C),SOA ITER neighbouring area (representative point),2026-03-01 to 2026-05-31
2026,3,23,21,26.29,NASA POWER,https://power.larc.nasa.gov/,T2M - Air Temperature at 2 m (°C),SOA ITER neighbouring area (representative point),2026-03-01 to 2026-05-31
2026,3,23,22,25.83,NASA POWER,https://power.larc.nasa.gov/,T2M - Air Temperature at 2 m (°C),SOA ITER neighbouring area (representative point),2026-03-01 to 2026-05-31
2026,3,23,23,25.47,NASA POWER,https://power.larc.nasa.gov/,T2M - Air Temperature at 2 m (°C),SOA ITER neighbouring area (representative point),2026-03-01 to 2026-05-31
2026,3,24,0,25.08,NASA POWER,https://power.larc.nasa.gov/,T2M - Air Temperature at 2 m (°C),SOA ITER neighbouring area (representative point),2026-03-01 to 2026-05-31
2026,3,24,1,24.66,NASA POWER,https://power.larc.nasa.gov/,T2M - Air Temperature at 2 m (°C),SOA ITER neighbouring area (representative point),2026-03-01 to 2026-05-31
2026,3,24,2,24.28,NASA POWER,https://power.larc.nasa.gov/,T2M - Air Temperature at 2 m (°C),SOA ITER neighbouring area (representative point),2026-03-01 to 2026-05-31
2026,3,24,3,24.0,NASA POWER,https://power.larc.nasa.gov/,T2M - Air Temperature at 2 m (°C),SOA ITER neighbouring area (representative point),2026-03-01 to 2026-05-31
2026,3,24,4,23.82,NASA POWER,https://power.larc.nasa.gov/,T2M - Air Temperature at 2 m (°C),SOA ITER neighbouring area (representative point),2026-03-01 to 2026-05-31
2026,3,24,5,23.65,NASA POWER,https://power.larc.nasa.gov/,T2M - Air Temperature at 2 m (°C),SOA ITER neighbouring area (representative point),2026-03-01 to 2026-05-31
2026,3,24,6,23.96,NASA POWER,https://power.larc.nasa.gov/,T2M - Air Temperature at 2 m (°C),SOA ITER neighbouring area (representative point),2026-03-01 to 2026-05-31
2026,3,24,7,25.87,NASA POWER,https://power.larc.nasa.gov/,T2M - Air Temperature at 2 m (°C),SOA ITER neighbouring area (representative point),2026-03-01 to 2026-05-31
2026,3,24,8,27.77,NASA POWER,https://power.larc.nasa.gov/,T2M - Air Temperature at 2 m (°C),SOA ITER neighbouring area (representative point),2026-03-01 to 2026-05-31
2026,3,24,9,29.74,NASA POWER,https://power.larc.nasa.gov/,T2M - Air Temperature at 2 m (°C),SOA ITER neighbouring area (representative point),2026-03-01 to 2026-05-31
2026,3,24,10,31.44,NASA POWER,https://power.larc.nasa.gov/,T2M - Air Temperature at 2 m (°C),SOA ITER neighbouring area (representative point),2026-03-01 to 2026-05-31
2026,3,24,11,32.68,NASA POWER,https://power.larc.nasa.gov/,T2M - Air Temperature at 2 m (°C),SOA ITER neighbouring area (representative point),2026-03-01 to 2026-05-31
2026,3,24,12,33.47,NASA POWER,https://power.larc.nasa.gov/,T2M - Air Temperature at 2 m (°C),SOA ITER neighbouring area (representative point),2026-03-01 to 2026-05-31
2026,3,24,13,33.86,NASA POWER,https://power.larc.nasa.gov/,T2M - Air Temperature at 2 m (°C),SOA ITER neighbouring area (representative point),2026-03-01 to 2026-05-31
2026,3,24,14,33.8,NASA POWER,https://power.larc.nasa.gov/,T2M - Air Temperature at 2 m (°C),SOA ITER neighbouring area (representative point),2026-03-01 to 2026-05-31
2026,3,24,15,33.15,NASA POWER,https://power.larc.nasa.gov/,T2M - Air Temperature at 2 m (°C),SOA ITER neighbouring area (representative point),2026-03-01 to 2026-05-31
2026,3,24,16,31.96,NASA POWER,https://power.larc.nasa.gov/,T2M - Air Temperature at 2 m (°C),SOA ITER neighbouring area (representative point),2026-03-01 to 2026-05-31
2026,3,24,17,30.13,NASA POWER,https://power.larc.nasa.gov/,T2M - Air Temperature at 2 m (°C),SOA ITER neighbouring area (representative point),2026-03-01 to 2026-05-31
2026,3,24,18,28.15,NASA POWER,https://power.larc.nasa.gov/,T2M - Air Temperature at 2 m (°C),SOA ITER neighbouring area (representative point),2026-03-01 to 2026-05-31
2026,3,24,19,27.05,NASA POWER,https://power.larc.nasa.gov/,T2M - Air Temperature at 2 m (°C),SOA ITER neighbouring area (representative point),2026-03-01 to 2026-05-31
2026,3,24,20,26.62,NASA POWER,https://power.larc.nasa.gov/,T2M - Air Temperature at 2 m (°C),SOA ITER neighbouring area (representative point),2026-03-01 to 2026-05-31
2026,3,24,21,26.45,NASA POWER,https://power.larc.nasa.gov/,T2M - Air Temperature at 2 m (°C),SOA ITER neighbouring area (representative point),2026-03-01 to 2026-05-31
2026,3,24,22,26.26,NASA POWER,https://power.larc.nasa.gov/,T2M - Air Temperature at 2 m (°C),SOA ITER neighbouring area (representative point),2026-03-01 to 2026-05-31
2026,3,24,23,26.0,NASA POWER,https://power.larc.nasa.gov/,T2M - Air Temperature at 2 m (°C),SOA ITER neighbouring area (representative point),2026-03-01 to 2026-05-31
2026,3,25,0,25.7,NASA POWER,https://power.larc.nasa.gov/,T2M - Air Temperature at 2 m (°C),SOA ITER neighbouring area (representative point),2026-03-01 to 2026-05-31
2026,3,25,1,25.42,NASA POWER,https://power.larc.nasa.gov/,T2M - Air Temperature at 2 m (°C),SOA ITER neighbouring area (representative point),2026-03-01 to 2026-05-31
2026,3,25,2,25.13,NASA POWER,https://power.larc.nasa.gov/,T2M - Air Temperature at 2 m (°C),SOA ITER neighbouring area (representative point),2026-03-01 to 2026-05-31
2026,3,25,3,24.91,NASA POWER,https://power.larc.nasa.gov/,T2M - Air Temperature at 2 m (°C),SOA ITER neighbouring area (representative point),2026-03-01 to 2026-05-31
2026,3,25,4,24.84,NASA POWER,https://power.larc.nasa.gov/,T2M - Air Temperature at 2 m (°C),SOA ITER neighbouring area (representative point),2026-03-01 to 2026-05-31
2026,3,25,5,24.72,NASA POWER,https://power.larc.nasa.gov/,T2M - Air Temperature at 2 m (°C),SOA ITER neighbouring area (representative point),2026-03-01 to 2026-05-31
2026,3,25,6,24.85,NASA POWER,https://power.larc.nasa.gov/,T2M - Air Temperature at 2 m (°C),SOA ITER neighbouring area (representative point),2026-03-01 to 2026-05-31
2026,3,25,7,26.48,NASA POWER,https://power.larc.nasa.gov/,T2M - Air Temperature at 2 m (°C),SOA ITER neighbouring area (representative point),2026-03-01 to 2026-05-31
2026,3,25,8,28.46,NASA POWER,https://power.larc.nasa.gov/,T2M - Air Temperature at 2 m (°C),SOA ITER neighbouring area (representative point),2026-03-01 to 2026-05-31
2026,3,25,9,30.47,NASA POWER,https://power.larc.nasa.gov/,T2M - Air Temperature at 2 m (°C),SOA ITER neighbouring area (representative point),2026-03-01 to 2026-05-31
2026,3,25,10,32.3,NASA POWER,https://power.larc.nasa.gov/,T2M - Air Temperature at 2 m (°C),SOA ITER neighbouring area (representative point),2026-03-01 to 2026-05-31
2026,3,25,11,33.64,NASA POWER,https://power.larc.nasa.gov/,T2M - Air Temperature at 2 m (°C),SOA ITER neighbouring area (representative point),2026-03-01 to 2026-05-31
2026,3,25,12,34.5,NASA POWER,https://power.larc.nasa.gov/,T2M - Air Temperature at 2 m (°C),SOA ITER neighbouring area (representative point),2026-03-01 to 2026-05-31
2026,3,25,13,34.91,NASA POWER,https://power.larc.nasa.gov/,T2M - Air Temperature at 2 m (°C),SOA ITER neighbouring area (representative point),2026-03-01 to 2026-05-31
2026,3,25,14,34.76,NASA POWER,https://power.larc.nasa.gov/,T2M - Air Temperature at 2 m (°C),SOA ITER neighbouring area (representative point),2026-03-01 to 2026-05-31
2026,3,25,15,33.99,NASA POWER,https://power.larc.nasa.gov/,T2M - Air Temperature at 2 m (°C),SOA ITER neighbouring area (representative point),2026-03-01 to 2026-05-31
2026,3,25,16,32.54,NASA POWER,https://power.larc.nasa.gov/,T2M - Air Temperature at 2 m (°C),SOA ITER neighbouring area (representative point),2026-03-01 to 2026-05-31
2026,3,25,17,30.61,NASA POWER,https://power.larc.nasa.gov/,T2M - Air Temperature at 2 m (°C),SOA ITER neighbouring area (representative point),2026-03-01 to 2026-05-31
2026,3,25,18,28.87,NASA POWER,https://power.larc.nasa.gov/,T2M - Air Temperature at 2 m (°C),SOA ITER neighbouring area (representative point),2026-03-01 to 2026-05-31
2026,3,25,19,28.0,NASA POWER,https://power.larc.nasa.gov/,T2M - Air Temperature at 2 m (°C),SOA ITER neighbouring area (representative point),2026-03-01 to 2026-05-31
2026,3,25,20,27.69,NASA POWER,https://power.larc.nasa.gov/,T2M - Air Temperature at 2 m (°C),SOA ITER neighbouring area (representative point),2026-03-01 to 2026-05-31
2026,3,25,21,27.44,NASA POWER,https://power.larc.nasa.gov/,T2M - Air Temperature at 2 m (°C),SOA ITER neighbouring area (representative point),2026-03-01 to 2026-05-31
2026,3,25,22,27.13,NASA POWER,https://power.larc.nasa.gov/,T2M - Air Temperature at 2 m (°C),SOA ITER neighbouring area (representative point),2026-03-01 to 2026-05-31
2026,3,25,23,26.81,NASA POWER,https://power.larc.nasa.gov/,T2M - Air Temperature at 2 m (°C),SOA ITER neighbouring area (representative point),2026-03-01 to 2026-05-31
2026,3,26,0,26.5,NASA POWER,https://power.larc.nasa.gov/,T2M - Air Temperature at 2 m (°C),SOA ITER neighbouring area (representative point),2026-03-01 to 2026-05-31
2026,3,26,1,26.21,NASA POWER,https://power.larc.nasa.gov/,T2M - Air Temperature at 2 m (°C),SOA ITER neighbouring area (representative point),2026-03-01 to 2026-05-31
2026,3,26,2,25.95,NASA POWER,https://power.larc.nasa.gov/,T2M - Air Temperature at 2 m (°C),SOA ITER neighbouring area (representative point),2026-03-01 to 2026-05-31
2026,3,26,3,25.74,NASA POWER,https://power.larc.nasa.gov/,T2M - Air Temperature at 2 m (°C),SOA ITER neighbouring area (representative point),2026-03-01 to 2026-05-31
2026,3,26,4,25.56,NASA POWER,https://power.larc.nasa.gov/,T2M - Air Temperature at 2 m (°C),SOA ITER neighbouring area (representative point),2026-03-01 to 2026-05-31
2026,3,26,5,25.3,NASA POWER,https://power.larc.nasa.gov/,T2M - Air Temperature at 2 m (°C),SOA ITER neighbouring area (representative point),2026-03-01 to 2026-05-31
2026,3,26,6,25.46,NASA POWER,https://power.larc.nasa.gov/,T2M - Air Temperature at 2 m (°C),SOA ITER neighbouring area (representative point),2026-03-01 to 2026-05-31
2026,3,26,7,27.08,NASA POWER,https://power.larc.nasa.gov/,T2M - Air Temperature at 2 m (°C),SOA ITER neighbouring area (representative point),2026-03-01 to 2026-05-31
2026,3,26,8,29.34,NASA POWER,https://power.larc.nasa.gov/,T2M - Air Temperature at 2 m (°C),SOA ITER neighbouring area (representative point),2026-03-01 to 2026-05-31
2026,3,26,9,31.85,NASA POWER,https://power.larc.nasa.gov/,T2M - Air Temperature at 2 m (°C),SOA ITER neighbouring area (representative point),2026-03-01 to 2026-05-31
2026,3,26,10,33.63,NASA POWER,https://power.larc.nasa.gov/,T2M - Air Temperature at 2 m (°C),SOA ITER neighbouring area (representative point),2026-03-01 to 2026-05-31
2026,3,26,11,34.93,NASA POWER,https://power.larc.nasa.gov/,T2M - Air Temperature at 2 m (°C),SOA ITER neighbouring area (representative point),2026-03-01 to 2026-05-31
2026,3,26,12,36.0,NASA POWER,https://power.larc.nasa.gov/,T2M - Air Temperature at 2 m (°C),SOA ITER neighbouring area (representative point),2026-03-01 to 2026-05-31
2026,3,26,13,36.71,NASA POWER,https://power.larc.nasa.gov/,T2M - Air Temperature at 2 m (°C),SOA ITER neighbouring area (representative point),2026-03-01 to 2026-05-31
2026,3,26,14,36.93,NASA POWER,https://power.larc.nasa.gov/,T2M - Air Temperature at 2 m (°C),SOA ITER neighbouring area (representative point),2026-03-01 to 2026-05-31
2026,3,26,15,36.57,NASA POWER,https://power.larc.nasa.gov/,T2M - Air Temperature at 2 m (°C),SOA ITER neighbouring area (representative point),2026-03-01 to 2026-05-31
2026,3,26,16,35.74,NASA POWER,https://power.larc.nasa.gov/,T2M - Air Temperature at 2 m (°C),SOA ITER neighbouring area (representative point),2026-03-01 to 2026-05-31
2026,3,26,17,34.08,NASA POWER,https://power.larc.nasa.gov/,T2M - Air Temperature at 2 m (°C),SOA ITER neighbouring area (representative point),2026-03-01 to 2026-05-31
2026,3,26,18,32.08,NASA POWER,https://power.larc.nasa.gov/,T2M - Air Temperature at 2 m (°C),SOA ITER neighbouring area (representative point),2026-03-01 to 2026-05-31
2026,3,26,19,30.71,NASA POWER,https://power.larc.nasa.gov/,T2M - Air Temperature at 2 m (°C),SOA ITER neighbouring area (representative point),2026-03-01 to 2026-05-31
2026,3,26,20,29.55,NASA POWER,https://power.larc.nasa.gov/,T2M - Air Temperature at 2 m (°C),SOA ITER neighbouring area (representative point),2026-03-01 to 2026-05-31
2026,3,26,21,28.63,NASA POWER,https://power.larc.nasa.gov/,T2M - Air Temperature at 2 m (°C),SOA ITER neighbouring area (representative point),2026-03-01 to 2026-05-31
2026,3,26,22,27.96,NASA POWER,https://power.larc.nasa.gov/,T2M - Air Temperature at 2 m (°C),SOA ITER neighbouring area (representative point),2026-03-01 to 2026-05-31
2026,3,26,23,27.38,NASA POWER,https://power.larc.nasa.gov/,T2M - Air Temperature at 2 m (°C),SOA ITER neighbouring area (representative point),2026-03-01 to 2026-05-31
2026,3,27,0,26.88,NASA POWER,https://power.larc.nasa.gov/,T2M - Air Temperature at 2 m (°C),SOA ITER neighbouring area (representative point),2026-03-01 to 2026-05-31
2026,3,27,1,26.5,NASA POWER,https://power.larc.nasa.gov/,T2M - Air Temperature at 2 m (°C),SOA ITER neighbouring area (representative point),2026-03-01 to 2026-05-31
2026,3,27,2,26.13,NASA POWER,https://power.larc.nasa.gov/,T2M - Air Temperature at 2 m (°C),SOA ITER neighbouring area (representative point),2026-03-01 to 2026-05-31
2026,3,27,3,25.72,NASA POWER,https://power.larc.nasa.gov/,T2M - Air Temperature at 2 m (°C),SOA ITER neighbouring area (representative point),2026-03-01 to 2026-05-31
2026,3,27,4,25.45,NASA POWER,https://power.larc.nasa.gov/,T2M - Air Temperature at 2 m (°C),SOA ITER neighbouring area (representative point),2026-03-01 to 2026-05-31
2026,3,27,5,25.22,NASA POWER,https://power.larc.nasa.gov/,T2M - Air Temperature at 2 m (°C),SOA ITER neighbouring area (representative point),2026-03-01 to 2026-05-31
2026,3,27,6,25.34,NASA POWER,https://power.larc.nasa.gov/,T2M - Air Temperature at 2 m (°C),SOA ITER neighbouring area (representative point),2026-03-01 to 2026-05-31
2026,3,27,7,26.83,NASA POWER,https://power.larc.nasa.gov/,T2M - Air Temperature at 2 m (°C),SOA ITER neighbouring area (representative point),2026-03-01 to 2026-05-31
2026,3,27,8,29.04,NASA POWER,https://power.larc.nasa.gov/,T2M - Air Temperature at 2 m (°C),SOA ITER neighbouring area (representative point),2026-03-01 to 2026-05-31
2026,3,27,9,31.81,NASA POWER,https://power.larc.nasa.gov/,T2M - Air Temperature at 2 m (°C),SOA ITER neighbouring area (representative point),2026-03-01 to 2026-05-31
2026,3,27,10,33.69,NASA POWER,https://power.larc.nasa.gov/,T2M - Air Temperature at 2 m (°C),SOA ITER neighbouring area (representative point),2026-03-01 to 2026-05-31
2026,3,27,11,35.08,NASA POWER,https://power.larc.nasa.gov/,T2M - Air Temperature at 2 m (°C),SOA ITER neighbouring area (representative point),2026-03-01 to 2026-05-31
2026,3,27,12,36.03,NASA POWER,https://power.larc.nasa.gov/,T2M - Air Temperature at 2 m (°C),SOA ITER neighbouring area (representative point),2026-03-01 to 2026-05-31
2026,3,27,13,36.57,NASA POWER,https://power.larc.nasa.gov/,T2M - Air Temperature at 2 m (°C),SOA ITER neighbouring area (representative point),2026-03-01 to 2026-05-31
2026,3,27,14,36.7,NASA POWER,https://power.larc.nasa.gov/,T2M - Air Temperature at 2 m (°C),SOA ITER neighbouring area (representative point),2026-03-01 to 2026-05-31
2026,3,27,15,36.28,NASA POWER,https://power.larc.nasa.gov/,T2M - Air Temperature at 2 m (°C),SOA ITER neighbouring area (representative point),2026-03-01 to 2026-05-31
2026,3,27,16,35.26,NASA POWER,https://power.larc.nasa.gov/,T2M - Air Temperature at 2 m (°C),SOA ITER neighbouring area (representative point),2026-03-01 to 2026-05-31
2026,3,27,17,33.16,NASA POWER,https://power.larc.nasa.gov/,T2M - Air Temperature at 2 m (°C),SOA ITER neighbouring area (representative point),2026-03-01 to 2026-05-31
2026,3,27,18,30.41,NASA POWER,https://power.larc.nasa.gov/,T2M - Air Temperature at 2 m (°C),SOA ITER neighbouring area (representative point),2026-03-01 to 2026-05-31
2026,3,27,19,28.82,NASA POWER,https://power.larc.nasa.gov/,T2M - Air Temperature at 2 m (°C),SOA ITER neighbouring area (representative point),2026-03-01 to 2026-05-31
2026,3,27,20,28.17,NASA POWER,https://power.larc.nasa.gov/,T2M - Air Temperature at 2 m (°C),SOA ITER neighbouring area (representative point),2026-03-01 to 2026-05-31
2026,3,27,21,27.83,NASA POWER,https://power.larc.nasa.gov/,T2M - Air Temperature at 2 m (°C),SOA ITER neighbouring area (representative point),2026-03-01 to 2026-05-31
2026,3,27,22,27.54,NASA POWER,https://power.larc.nasa.gov/,T2M - Air Temperature at 2 m (°C),SOA ITER neighbouring area (representative point),2026-03-01 to 2026-05-31
2026,3,27,23,27.2,NASA POWER,https://power.larc.nasa.gov/,T2M - Air Temperature at 2 m (°C),SOA ITER neighbouring area (representative point),2026-03-01 to 2026-05-31
2026,3,28,0,26.89,NASA POWER,https://power.larc.nasa.gov/,T2M - Air Temperature at 2 m (°C),SOA ITER neighbouring area (representative point),2026-03-01 to 2026-05-31
2026,3,28,1,26.72,NASA POWER,https://power.larc.nasa.gov/,T2M - Air Temperature at 2 m (°C),SOA ITER neighbouring area (representative point),2026-03-01 to 2026-05-31
2026,3,28,2,26.67,NASA POWER,https://power.larc.nasa.gov/,T2M - Air Temperature at 2 m (°C),SOA ITER neighbouring area (representative point),2026-03-01 to 2026-05-31
2026,3,28,3,26.67,NASA POWER,https://power.larc.nasa.gov/,T2M - Air Temperature at 2 m (°C),SOA ITER neighbouring area (representative point),2026-03-01 to 2026-05-31
2026,3,28,4,26.57,NASA POWER,https://power.larc.nasa.gov/,T2M - Air Temperature at 2 m (°C),SOA ITER neighbouring area (representative point),2026-03-01 to 2026-05-31
2026,3,28,5,26.39,NASA POWER,https://power.larc.nasa.gov/,T2M - Air Temperature at 2 m (°C),SOA ITER neighbouring area (representative point),2026-03-01 to 2026-05-31
2026,3,28,6,26.5,NASA POWER,https://power.larc.nasa.gov/,T2M - Air Temperature at 2 m (°C),SOA ITER neighbouring area (representative point),2026-03-01 to 2026-05-31
2026,3,28,7,27.9,NASA POWER,https://power.larc.nasa.gov/,T2M - Air Temperature at 2 m (°C),SOA ITER neighbouring area (representative point),2026-03-01 to 2026-05-31
2026,3,28,8,29.73,NASA POWER,https://power.larc.nasa.gov/,T2M - Air Temperature at 2 m (°C),SOA ITER neighbouring area (representative point),2026-03-01 to 2026-05-31
2026,3,28,9,31.68,NASA POWER,https://power.larc.nasa.gov/,T2M - Air Temperature at 2 m (°C),SOA ITER neighbouring area (representative point),2026-03-01 to 2026-05-31
2026,3,28,10,33.56,NASA POWER,https://power.larc.nasa.gov/,T2M - Air Temperature at 2 m (°C),SOA ITER neighbouring area (representative point),2026-03-01 to 2026-05-31
2026,3,28,11,35.06,NASA POWER,https://power.larc.nasa.gov/,T2M - Air Temperature at 2 m (°C),SOA ITER neighbouring area (representative point),2026-03-01 to 2026-05-31
2026,3,28,12,36.07,NASA POWER,https://power.larc.nasa.gov/,T2M - Air Temperature at 2 m (°C),SOA ITER neighbouring area (representative point),2026-03-01 to 2026-05-31
2026,3,28,13,36.53,NASA POWER,https://power.larc.nasa.gov/,T2M - Air Temperature at 2 m (°C),SOA ITER neighbouring area (representative point),2026-03-01 to 2026-05-31
2026,3,28,14,36.36,NASA POWER,https://power.larc.nasa.gov/,T2M - Air Temperature at 2 m (°C),SOA ITER neighbouring area (representative point),2026-03-01 to 2026-05-31
2026,3,28,15,35.67,NASA POWER,https://power.larc.nasa.gov/,T2M - Air Temperature at 2 m (°C),SOA ITER neighbouring area (representative point),2026-03-01 to 2026-05-31
2026,3,28,16,34.26,NASA POWER,https://power.larc.nasa.gov/,T2M - Air Temperature at 2 m (°C),SOA ITER neighbouring area (representative point),2026-03-01 to 2026-05-31
2026,3,28,17,32.23,NASA POWER,https://power.larc.nasa.gov/,T2M - Air Temperature at 2 m (°C),SOA ITER neighbouring area (representative point),2026-03-01 to 2026-05-31
2026,3,28,18,29.84,NASA POWER,https://power.larc.nasa.gov/,T2M - Air Temperature at 2 m (°C),SOA ITER neighbouring area (representative point),2026-03-01 to 2026-05-31
2026,3,28,19,28.61,NASA POWER,https://power.larc.nasa.gov/,T2M - Air Temperature at 2 m (°C),SOA ITER neighbouring area (representative point),2026-03-01 to 2026-05-31
2026,3,28,20,28.03,NASA POWER,https://power.larc.nasa.gov/,T2M - Air Temperature at 2 m (°C),SOA ITER neighbouring area (representative point),2026-03-01 to 2026-05-31
2026,3,28,21,27.59,NASA POWER,https://power.larc.nasa.gov/,T2M - Air Temperature at 2 m (°C),SOA ITER neighbouring area (representative point),2026-03-01 to 2026-05-31
2026,3,28,22,27.29,NASA POWER,https://power.larc.nasa.gov/,T2M - Air Temperature at 2 m (°C),SOA ITER neighbouring area (representative point),2026-03-01 to 2026-05-31
2026,3,28,23,27.02,NASA POWER,https://power.larc.nasa.gov/,T2M - Air Temperature at 2 m (°C),SOA ITER neighbouring area (representative point),2026-03-01 to 2026-05-31
2026,3,29,0,26.77,NASA POWER,https://power.larc.nasa.gov/,T2M - Air Temperature at 2 m (°C),SOA ITER neighbouring area (representative point),2026-03-01 to 2026-05-31
2026,3,29,1,26.56,NASA POWER,https://power.larc.nasa.gov/,T2M - Air Temperature at 2 m (°C),SOA ITER neighbouring area (representative point),2026-03-01 to 2026-05-31
2026,3,29,2,26.37,NASA POWER,https://power.larc.nasa.gov/,T2M - Air Temperature at 2 m (°C),SOA ITER neighbouring area (representative point),2026-03-01 to 2026-05-31
2026,3,29,3,26.22,NASA POWER,https://power.larc.nasa.gov/,T2M - Air Temperature at 2 m (°C),SOA ITER neighbouring area (representative point),2026-03-01 to 2026-05-31
2026,3,29,4,26.11,NASA POWER,https://power.larc.nasa.gov/,T2M - Air Temperature at 2 m (°C),SOA ITER neighbouring area (representative point),2026-03-01 to 2026-05-31
2026,3,29,5,26.03,NASA POWER,https://power.larc.nasa.gov/,T2M - Air Temperature at 2 m (°C),SOA ITER neighbouring area (representative point),2026-03-01 to 2026-05-31
2026,3,29,6,26.29,NASA POWER,https://power.larc.nasa.gov/,T2M - Air Temperature at 2 m (°C),SOA ITER neighbouring area (representative point),2026-03-01 to 2026-05-31
2026,3,29,7,28.0,NASA POWER,https://power.larc.nasa.gov/,T2M - Air Temperature at 2 m (°C),SOA ITER neighbouring area (representative point),2026-03-01 to 2026-05-31
2026,3,29,8,30.19,NASA POWER,https://power.larc.nasa.gov/,T2M - Air Temperature at 2 m (°C),SOA ITER neighbouring area (representative point),2026-03-01 to 2026-05-31
2026,3,29,9,32.28,NASA POWER,https://power.larc.nasa.gov/,T2M - Air Temperature at 2 m (°C),SOA ITER neighbouring area (representative point),2026-03-01 to 2026-05-31
2026,3,29,10,34.13,NASA POWER,https://power.larc.nasa.gov/,T2M - Air Temperature at 2 m (°C),SOA ITER neighbouring area (representative point),2026-03-01 to 2026-05-31
2026,3,29,11,35.6,NASA POWER,https://power.larc.nasa.gov/,T2M - Air Temperature at 2 m (°C),SOA ITER neighbouring area (representative point),2026-03-01 to 2026-05-31
2026,3,29,12,36.6,NASA POWER,https://power.larc.nasa.gov/,T2M - Air Temperature at 2 m (°C),SOA ITER neighbouring area (representative point),2026-03-01 to 2026-05-31
2026,3,29,13,37.05,NASA POWER,https://power.larc.nasa.gov/,T2M - Air Temperature at 2 m (°C),SOA ITER neighbouring area (representative point),2026-03-01 to 2026-05-31
2026,3,29,14,36.93,NASA POWER,https://power.larc.nasa.gov/,T2M - Air Temperature at 2 m (°C),SOA ITER neighbouring area (representative point),2026-03-01 to 2026-05-31
2026,3,29,15,36.23,NASA POWER,https://power.larc.nasa.gov/,T2M - Air Temperature at 2 m (°C),SOA ITER neighbouring area (representative point),2026-03-01 to 2026-05-31
2026,3,29,16,34.83,NASA POWER,https://power.larc.nasa.gov/,T2M - Air Temperature at 2 m (°C),SOA ITER neighbouring area (representative point),2026-03-01 to 2026-05-31
2026,3,29,17,32.58,NASA POWER,https://power.larc.nasa.gov/,T2M - Air Temperature at 2 m (°C),SOA ITER neighbouring area (representative point),2026-03-01 to 2026-05-31
2026,3,29,18,29.9,NASA POWER,https://power.larc.nasa.gov/,T2M - Air Temperature at 2 m (°C),SOA ITER neighbouring area (representative point),2026-03-01 to 2026-05-31
2026,3,29,19,28.59,NASA POWER,https://power.larc.nasa.gov/,T2M - Air Temperature at 2 m (°C),SOA ITER neighbouring area (representative point),2026-03-01 to 2026-05-31
2026,3,29,20,27.84,NASA POWER,https://power.larc.nasa.gov/,T2M - Air Temperature at 2 m (°C),SOA ITER neighbouring area (representative point),2026-03-01 to 2026-05-31
2026,3,29,21,27.52,NASA POWER,https://power.larc.nasa.gov/,T2M - Air Temperature at 2 m (°C),SOA ITER neighbouring area (representative point),2026-03-01 to 2026-05-31
2026,3,29,22,27.29,NASA POWER,https://power.larc.nasa.gov/,T2M - Air Temperature at 2 m (°C),SOA ITER neighbouring area (representative point),2026-03-01 to 2026-05-31
2026,3,29,23,27.03,NASA POWER,https://power.larc.nasa.gov/,T2M - Air Temperature at 2 m (°C),SOA ITER neighbouring area (representative point),2026-03-01 to 2026-05-31
2026,3,30,0,26.79,NASA POWER,https://power.larc.nasa.gov/,T2M - Air Temperature at 2 m (°C),SOA ITER neighbouring area (representative point),2026-03-01 to 2026-05-31
2026,3,30,1,26.57,NASA POWER,https://power.larc.nasa.gov/,T2M - Air Temperature at 2 m (°C),SOA ITER neighbouring area (representative point),2026-03-01 to 2026-05-31
2026,3,30,2,26.39,NASA POWER,https://power.larc.nasa.gov/,T2M - Air Temperature at 2 m (°C),SOA ITER neighbouring area (representative point),2026-03-01 to 2026-05-31
2026,3,30,3,26.2,NASA POWER,https://power.larc.nasa.gov/,T2M - Air Temperature at 2 m (°C),SOA ITER neighbouring area (representative point),2026-03-01 to 2026-05-31
2026,3,30,4,26.03,NASA POWER,https://power.larc.nasa.gov/,T2M - Air Temperature at 2 m (°C),SOA ITER neighbouring area (representative point),2026-03-01 to 2026-05-31
2026,3,30,5,25.9,NASA POWER,https://power.larc.nasa.gov/,T2M - Air Temperature at 2 m (°C),SOA ITER neighbouring area (representative point),2026-03-01 to 2026-05-31
2026,3,30,6,26.16,NASA POWER,https://power.larc.nasa.gov/,T2M - Air Temperature at 2 m (°C),SOA ITER neighbouring area (representative point),2026-03-01 to 2026-05-31
2026,3,30,7,27.64,NASA POWER,https://power.larc.nasa.gov/,T2M - Air Temperature at 2 m (°C),SOA ITER neighbouring area (representative point),2026-03-01 to 2026-05-31
2026,3,30,8,29.63,NASA POWER,https://power.larc.nasa.gov/,T2M - Air Temperature at 2 m (°C),SOA ITER neighbouring area (representative point),2026-03-01 to 2026-05-31
2026,3,30,9,31.63,NASA POWER,https://power.larc.nasa.gov/,T2M - Air Temperature at 2 m (°C),SOA ITER neighbouring area (representative point),2026-03-01 to 2026-05-31
2026,3,30,10,33.26,NASA POWER,https://power.larc.nasa.gov/,T2M - Air Temperature at 2 m (°C),SOA ITER neighbouring area (representative point),2026-03-01 to 2026-05-31
2026,3,30,11,34.51,NASA POWER,https://power.larc.nasa.gov/,T2M - Air Temperature at 2 m (°C),SOA ITER neighbouring area (representative point),2026-03-01 to 2026-05-31
2026,3,30,12,35.23,NASA POWER,https://power.larc.nasa.gov/,T2M - Air Temperature at 2 m (°C),SOA ITER neighbouring area (representative point),2026-03-01 to 2026-05-31
2026,3,30,13,35.44,NASA POWER,https://power.larc.nasa.gov/,T2M - Air Temperature at 2 m (°C),SOA ITER neighbouring area (representative point),2026-03-01 to 2026-05-31
2026,3,30,14,35.18,NASA POWER,https://power.larc.nasa.gov/,T2M - Air Temperature at 2 m (°C),SOA ITER neighbouring area (representative point),2026-03-01 to 2026-05-31
2026,3,30,15,34.36,NASA POWER,https://power.larc.nasa.gov/,T2M - Air Temperature at 2 m (°C),SOA ITER neighbouring area (representative point),2026-03-01 to 2026-05-31
2026,3,30,16,33.01,NASA POWER,https://power.larc.nasa.gov/,T2M - Air Temperature at 2 m (°C),SOA ITER neighbouring area (representative point),2026-03-01 to 2026-05-31
2026,3,30,17,31.24,NASA POWER,https://power.larc.nasa.gov/,T2M - Air Temperature at 2 m (°C),SOA ITER neighbouring area (representative point),2026-03-01 to 2026-05-31
2026,3,30,18,29.5,NASA POWER,https://power.larc.nasa.gov/,T2M - Air Temperature at 2 m (°C),SOA ITER neighbouring area (representative point),2026-03-01 to 2026-05-31
2026,3,30,19,28.6,NASA POWER,https://power.larc.nasa.gov/,T2M - Air Temperature at 2 m (°C),SOA ITER neighbouring area (representative point),2026-03-01 to 2026-05-31
2026,3,30,20,28.21,NASA POWER,https://power.larc.nasa.gov/,T2M - Air Temperature at 2 m (°C),SOA ITER neighbouring area (representative point),2026-03-01 to 2026-05-31
2026,3,30,21,28.02,NASA POWER,https://power.larc.nasa.gov/,T2M - Air Temperature at 2 m (°C),SOA ITER neighbouring area (representative point),2026-03-01 to 2026-05-31
2026,3,30,22,27.83,NASA POWER,https://power.larc.nasa.gov/,T2M - Air Temperature at 2 m (°C),SOA ITER neighbouring area (representative point),2026-03-01 to 2026-05-31
2026,3,30,23,27.57,NASA POWER,https://power.larc.nasa.gov/,T2M - Air Temperature at 2 m (°C),SOA ITER neighbouring area (representative point),2026-03-01 to 2026-05-31
2026,3,31,0,27.28,NASA POWER,https://power.larc.nasa.gov/,T2M - Air Temperature at 2 m (°C),SOA ITER neighbouring area (representative point),2026-03-01 to 2026-05-31
2026,3,31,1,26.99,NASA POWER,https://power.larc.nasa.gov/,T2M - Air Temperature at 2 m (°C),SOA ITER neighbouring area (representative point),2026-03-01 to 2026-05-31
2026,3,31,2,26.75,NASA POWER,https://power.larc.nasa.gov/,T2M - Air Temperature at 2 m (°C),SOA ITER neighbouring area (representative point),2026-03-01 to 2026-05-31
2026,3,31,3,26.47,NASA POWER,https://power.larc.nasa.gov/,T2M - Air Temperature at 2 m (°C),SOA ITER neighbouring area (representative point),2026-03-01 to 2026-05-31
2026,3,31,4,26.23,NASA POWER,https://power.larc.nasa.gov/,T2M - Air Temperature at 2 m (°C),SOA ITER neighbouring area (representative point),2026-03-01 to 2026-05-31
2026,3,31,5,26.02,NASA POWER,https://power.larc.nasa.gov/,T2M - Air Temperature at 2 m (°C),SOA ITER neighbouring area (representative point),2026-03-01 to 2026-05-31
2026,3,31,6,26.23,NASA POWER,https://power.larc.nasa.gov/,T2M - Air Temperature at 2 m (°C),SOA ITER neighbouring area (representative point),2026-03-01 to 2026-05-31
2026,3,31,7,27.73,NASA POWER,https://power.larc.nasa.gov/,T2M - Air Temperature at 2 m (°C),SOA ITER neighbouring area (representative point),2026-03-01 to 2026-05-31
2026,3,31,8,29.77,NASA POWER,https://power.larc.nasa.gov/,T2M - Air Temperature at 2 m (°C),SOA ITER neighbouring area (representative point),2026-03-01 to 2026-05-31
2026,3,31,9,31.82,NASA POWER,https://power.larc.nasa.gov/,T2M - Air Temperature at 2 m (°C),SOA ITER neighbouring area (representative point),2026-03-01 to 2026-05-31
2026,3,31,10,33.56,NASA POWER,https://power.larc.nasa.gov/,T2M - Air Temperature at 2 m (°C),SOA ITER neighbouring area (representative point),2026-03-01 to 2026-05-31
2026,3,31,11,34.84,NASA POWER,https://power.larc.nasa.gov/,T2M - Air Temperature at 2 m (°C),SOA ITER neighbouring area (representative point),2026-03-01 to 2026-05-31
2026,3,31,12,35.63,NASA POWER,https://power.larc.nasa.gov/,T2M - Air Temperature at 2 m (°C),SOA ITER neighbouring area (representative point),2026-03-01 to 2026-05-31
2026,3,31,13,35.94,NASA POWER,https://power.larc.nasa.gov/,T2M - Air Temperature at 2 m (°C),SOA ITER neighbouring area (representative point),2026-03-01 to 2026-05-31
2026,3,31,14,35.6,NASA POWER,https://power.larc.nasa.gov/,T2M - Air Temperature at 2 m (°C),SOA ITER neighbouring area (representative point),2026-03-01 to 2026-05-31
2026,3,31,15,34.86,NASA POWER,https://power.larc.nasa.gov/,T2M - Air Temperature at 2 m (°C),SOA ITER neighbouring area (representative point),2026-03-01 to 2026-05-31
2026,3,31,16,33.78,NASA POWER,https://power.larc.nasa.gov/,T2M - Air Temperature at 2 m (°C),SOA ITER neighbouring area (representative point),2026-03-01 to 2026-05-31
2026,3,31,17,32.36,NASA POWER,https://power.larc.nasa.gov/,T2M - Air Temperature at 2 m (°C),SOA ITER neighbouring area (representative point),2026-03-01 to 2026-05-31
2026,3,31,18,30.56,NASA POWER,https://power.larc.nasa.gov/,T2M - Air Temperature at 2 m (°C),SOA ITER neighbouring area (representative point),2026-03-01 to 2026-05-31
2026,3,31,19,29.15,NASA POWER,https://power.larc.nasa.gov/,T2M - Air Temperature at 2 m (°C),SOA ITER neighbouring area (representative point),2026-03-01 to 2026-05-31
2026,3,31,20,28.3,NASA POWER,https://power.larc.nasa.gov/,T2M - Air Temperature at 2 m (°C),SOA ITER neighbouring area (representative point),2026-03-01 to 2026-05-31
2026,3,31,21,27.84,NASA POWER,https://power.larc.nasa.gov/,T2M - Air Temperature at 2 m (°C),SOA ITER neighbouring area (representative point),2026-03-01 to 2026-05-31
2026,3,31,22,27.6,NASA POWER,https://power.larc.nasa.gov/,T2M - Air Temperature at 2 m (°C),SOA ITER neighbouring area (representative point),2026-03-01 to 2026-05-31
2026,3,31,23,27.43,NASA POWER,https://power.larc.nasa.gov/,T2M - Air Temperature at 2 m (°C),SOA ITER neighbouring area (representative point),2026-03-01 to 2026-05-31
2026,4,1,0,27.28,NASA POWER,https://power.larc.nasa.gov/,T2M - Air Temperature at 2 m (°C),SOA ITER neighbouring area (representative point),2026-03-01 to 2026-05-31
2026,4,1,1,27.06,NASA POWER,https://power.larc.nasa.gov/,T2M - Air Temperature at 2 m (°C),SOA ITER neighbouring area (representative point),2026-03-01 to 2026-05-31
2026,4,1,2,26.81,NASA POWER,https://power.larc.nasa.gov/,T2M - Air Temperature at 2 m (°C),SOA ITER neighbouring area (representative point),2026-03-01 to 2026-05-31
2026,4,1,3,26.56,NASA POWER,https://power.larc.nasa.gov/,T2M - Air Temperature at 2 m (°C),SOA ITER neighbouring area (representative point),2026-03-01 to 2026-05-31
2026,4,1,4,26.37,NASA POWER,https://power.larc.nasa.gov/,T2M - Air Temperature at 2 m (°C),SOA ITER neighbouring area (representative point),2026-03-01 to 2026-05-31
2026,4,1,5,26.17,NASA POWER,https://power.larc.nasa.gov/,T2M - Air Temperature at 2 m (°C),SOA ITER neighbouring area (representative point),2026-03-01 to 2026-05-31
2026,4,1,6,26.35,NASA POWER,https://power.larc.nasa.gov/,T2M - Air Temperature at 2 m (°C),SOA ITER neighbouring area (representative point),2026-03-01 to 2026-05-31
2026,4,1,7,27.74,NASA POWER,https://power.larc.nasa.gov/,T2M - Air Temperature at 2 m (°C),SOA ITER neighbouring area (representative point),2026-03-01 to 2026-05-31
2026,4,1,8,29.57,NASA POWER,https://power.larc.nasa.gov/,T2M - Air Temperature at 2 m (°C),SOA ITER neighbouring area (representative point),2026-03-01 to 2026-05-31
2026,4,1,9,31.6,NASA POWER,https://power.larc.nasa.gov/,T2M - Air Temperature at 2 m (°C),SOA ITER neighbouring area (representative point),2026-03-01 to 2026-05-31
2026,4,1,10,33.36,NASA POWER,https://power.larc.nasa.gov/,T2M - Air Temperature at 2 m (°C),SOA ITER neighbouring area (representative point),2026-03-01 to 2026-05-31
2026,4,1,11,34.61,NASA POWER,https://power.larc.nasa.gov/,T2M - Air Temperature at 2 m (°C),SOA ITER neighbouring area (representative point),2026-03-01 to 2026-05-31
2026,4,1,12,35.44,NASA POWER,https://power.larc.nasa.gov/,T2M - Air Temperature at 2 m (°C),SOA ITER neighbouring area (representative point),2026-03-01 to 2026-05-31
2026,4,1,13,35.88,NASA POWER,https://power.larc.nasa.gov/,T2M - Air Temperature at 2 m (°C),SOA ITER neighbouring area (representative point),2026-03-01 to 2026-05-31
2026,4,1,14,35.83,NASA POWER,https://power.larc.nasa.gov/,T2M - Air Temperature at 2 m (°C),SOA ITER neighbouring area (representative point),2026-03-01 to 2026-05-31
2026,4,1,15,35.35,NASA POWER,https://power.larc.nasa.gov/,T2M - Air Temperature at 2 m (°C),SOA ITER neighbouring area (representative point),2026-03-01 to 2026-05-31
2026,4,1,16,34.48,NASA POWER,https://power.larc.nasa.gov/,T2M - Air Temperature at 2 m (°C),SOA ITER neighbouring area (representative point),2026-03-01 to 2026-05-31
2026,4,1,17,33.06,NASA POWER,https://power.larc.nasa.gov/,T2M - Air Temperature at 2 m (°C),SOA ITER neighbouring area (representative point),2026-03-01 to 2026-05-31
2026,4,1,18,30.8,NASA POWER,https://power.larc.nasa.gov/,T2M - Air Temperature at 2 m (°C),SOA ITER neighbouring area (representative point),2026-03-01 to 2026-05-31
2026,4,1,19,29.29,NASA POWER,https://power.larc.nasa.gov/,T2M - Air Temperature at 2 m (°C),SOA ITER neighbouring area (representative point),2026-03-01 to 2026-05-31
2026,4,1,20,28.4,NASA POWER,https://power.larc.nasa.gov/,T2M - Air Temperature at 2 m (°C),SOA ITER neighbouring area (representative point),2026-03-01 to 2026-05-31
2026,4,1,21,27.92,NASA POWER,https://power.larc.nasa.gov/,T2M - Air Temperature at 2 m (°C),SOA ITER neighbouring area (representative point),2026-03-01 to 2026-05-31
2026,4,1,22,27.6,NASA POWER,https://power.larc.nasa.gov/,T2M - Air Temperature at 2 m (°C),SOA ITER neighbouring area (representative point),2026-03-01 to 2026-05-31
2026,4,1,23,27.33,NASA POWER,https://power.larc.nasa.gov/,T2M - Air Temperature at 2 m (°C),SOA ITER neighbouring area (representative point),2026-03-01 to 2026-05-31
2026,4,2,0,27.04,NASA POWER,https://power.larc.nasa.gov/,T2M - Air Temperature at 2 m (°C),SOA ITER neighbouring area (representative point),2026-03-01 to 2026-05-31
2026,4,2,1,26.76,NASA POWER,https://power.larc.nasa.gov/,T2M - Air Temperature at 2 m (°C),SOA ITER neighbouring area (representative point),2026-03-01 to 2026-05-31
2026,4,2,2,26.46,NASA POWER,https://power.larc.nasa.gov/,T2M - Air Temperature at 2 m (°C),SOA ITER neighbouring area (representative point),2026-03-01 to 2026-05-31
2026,4,2,3,26.15,NASA POWER,https://power.larc.nasa.gov/,T2M - Air Temperature at 2 m (°C),SOA ITER neighbouring area (representative point),2026-03-01 to 2026-05-31
2026,4,2,4,25.93,NASA POWER,https://power.larc.nasa.gov/,T2M - Air Temperature at 2 m (°C),SOA ITER neighbouring area (representative point),2026-03-01 to 2026-05-31
2026,4,2,5,25.7,NASA POWER,https://power.larc.nasa.gov/,T2M - Air Temperature at 2 m (°C),SOA ITER neighbouring area (representative point),2026-03-01 to 2026-05-31
2026,4,2,6,26.1,NASA POWER,https://power.larc.nasa.gov/,T2M - Air Temperature at 2 m (°C),SOA ITER neighbouring area (representative point),2026-03-01 to 2026-05-31
2026,4,2,7,28.03,NASA POWER,https://power.larc.nasa.gov/,T2M - Air Temperature at 2 m (°C),SOA ITER neighbouring area (representative point),2026-03-01 to 2026-05-31
2026,4,2,8,30.33,NASA POWER,https://power.larc.nasa.gov/,T2M - Air Temperature at 2 m (°C),SOA ITER neighbouring area (representative point),2026-03-01 to 2026-05-31
2026,4,2,9,32.63,NASA POWER,https://power.larc.nasa.gov/,T2M - Air Temperature at 2 m (°C),SOA ITER neighbouring area (representative point),2026-03-01 to 2026-05-31
2026,4,2,10,34.53,NASA POWER,https://power.larc.nasa.gov/,T2M - Air Temperature at 2 m (°C),SOA ITER neighbouring area (representative point),2026-03-01 to 2026-05-31
2026,4,2,11,35.86,NASA POWER,https://power.larc.nasa.gov/,T2M - Air Temperature at 2 m (°C),SOA ITER neighbouring area (representative point),2026-03-01 to 2026-05-31
2026,4,2,12,36.69,NASA POWER,https://power.larc.nasa.gov/,T2M - Air Temperature at 2 m (°C),SOA ITER neighbouring area (representative point),2026-03-01 to 2026-05-31
2026,4,2,13,37.03,NASA POWER,https://power.larc.nasa.gov/,T2M - Air Temperature at 2 m (°C),SOA ITER neighbouring area (representative point),2026-03-01 to 2026-05-31
2026,4,2,14,36.9,NASA POWER,https://power.larc.nasa.gov/,T2M - Air Temperature at 2 m (°C),SOA ITER neighbouring area (representative point),2026-03-01 to 2026-05-31
2026,4,2,15,36.23,NASA POWER,https://power.larc.nasa.gov/,T2M - Air Temperature at 2 m (°C),SOA ITER neighbouring area (representative point),2026-03-01 to 2026-05-31
2026,4,2,16,35.03,NASA POWER,https://power.larc.nasa.gov/,T2M - Air Temperature at 2 m (°C),SOA ITER neighbouring area (representative point),2026-03-01 to 2026-05-31
2026,4,2,17,33.14,NASA POWER,https://power.larc.nasa.gov/,T2M - Air Temperature at 2 m (°C),SOA ITER neighbouring area (representative point),2026-03-01 to 2026-05-31
2026,4,2,18,30.66,NASA POWER,https://power.larc.nasa.gov/,T2M - Air Temperature at 2 m (°C),SOA ITER neighbouring area (representative point),2026-03-01 to 2026-05-31
2026,4,2,19,29.1,NASA POWER,https://power.larc.nasa.gov/,T2M - Air Temperature at 2 m (°C),SOA ITER neighbouring area (representative point),2026-03-01 to 2026-05-31
2026,4,2,20,28.42,NASA POWER,https://power.larc.nasa.gov/,T2M - Air Temperature at 2 m (°C),SOA ITER neighbouring area (representative point),2026-03-01 to 2026-05-31
2026,4,2,21,28.09,NASA POWER,https://power.larc.nasa.gov/,T2M - Air Temperature at 2 m (°C),SOA ITER neighbouring area (representative point),2026-03-01 to 2026-05-31
2026,4,2,22,27.82,NASA POWER,https://power.larc.nasa.gov/,T2M - Air Temperature at 2 m (°C),SOA ITER neighbouring area (representative point),2026-03-01 to 2026-05-31
2026,4,2,23,27.52,NASA POWER,https://power.larc.nasa.gov/,T2M - Air Temperature at 2 m (°C),SOA ITER neighbouring area (representative point),2026-03-01 to 2026-05-31
2026,4,3,0,27.19,NASA POWER,https://power.larc.nasa.gov/,T2M - Air Temperature at 2 m (°C),SOA ITER neighbouring area (representative point),2026-03-01 to 2026-05-31
2026,4,3,1,26.86,NASA POWER,https://power.larc.nasa.gov/,T2M - Air Temperature at 2 m (°C),SOA ITER neighbouring area (representative point),2026-03-01 to 2026-05-31
2026,4,3,2,26.53,NASA POWER,https://power.larc.nasa.gov/,T2M - Air Temperature at 2 m (°C),SOA ITER neighbouring area (representative point),2026-03-01 to 2026-05-31
2026,4,3,3,26.29,NASA POWER,https://power.larc.nasa.gov/,T2M - Air Temperature at 2 m (°C),SOA ITER neighbouring area (representative point),2026-03-01 to 2026-05-31
2026,4,3,4,26.13,NASA POWER,https://power.larc.nasa.gov/,T2M - Air Temperature at 2 m (°C),SOA ITER neighbouring area (representative point),2026-03-01 to 2026-05-31
2026,4,3,5,26.02,NASA POWER,https://power.larc.nasa.gov/,T2M - Air Temperature at 2 m (°C),SOA ITER neighbouring area (representative point),2026-03-01 to 2026-05-31
2026,4,3,6,26.45,NASA POWER,https://power.larc.nasa.gov/,T2M - Air Temperature at 2 m (°C),SOA ITER neighbouring area (representative point),2026-03-01 to 2026-05-31
2026,4,3,7,28.43,NASA POWER,https://power.larc.nasa.gov/,T2M - Air Temperature at 2 m (°C),SOA ITER neighbouring area (representative point),2026-03-01 to 2026-05-31
2026,4,3,8,31.01,NASA POWER,https://power.larc.nasa.gov/,T2M - Air Temperature at 2 m (°C),SOA ITER neighbouring area (representative point),2026-03-01 to 2026-05-31
2026,4,3,9,33.39,NASA POWER,https://power.larc.nasa.gov/,T2M - Air Temperature at 2 m (°C),SOA ITER neighbouring area (representative point),2026-03-01 to 2026-05-31
2026,4,3,10,35.09,NASA POWER,https://power.larc.nasa.gov/,T2M - Air Temperature at 2 m (°C),SOA ITER neighbouring area (representative point),2026-03-01 to 2026-05-31
2026,4,3,11,36.29,NASA POWER,https://power.larc.nasa.gov/,T2M - Air Temperature at 2 m (°C),SOA ITER neighbouring area (representative point),2026-03-01 to 2026-05-31
2026,4,3,12,37.09,NASA POWER,https://power.larc.nasa.gov/,T2M - Air Temperature at 2 m (°C),SOA ITER neighbouring area (representative point),2026-03-01 to 2026-05-31
2026,4,3,13,37.44,NASA POWER,https://power.larc.nasa.gov/,T2M - Air Temperature at 2 m (°C),SOA ITER neighbouring area (representative point),2026-03-01 to 2026-05-31
2026,4,3,14,37.35,NASA POWER,https://power.larc.nasa.gov/,T2M - Air Temperature at 2 m (°C),SOA ITER neighbouring area (representative point),2026-03-01 to 2026-05-31
2026,4,3,15,36.68,NASA POWER,https://power.larc.nasa.gov/,T2M - Air Temperature at 2 m (°C),SOA ITER neighbouring area (representative point),2026-03-01 to 2026-05-31
2026,4,3,16,35.58,NASA POWER,https://power.larc.nasa.gov/,T2M - Air Temperature at 2 m (°C),SOA ITER neighbouring area (representative point),2026-03-01 to 2026-05-31
2026,4,3,17,33.85,NASA POWER,https://power.larc.nasa.gov/,T2M - Air Temperature at 2 m (°C),SOA ITER neighbouring area (representative point),2026-03-01 to 2026-05-31
2026,4,3,18,31.57,NASA POWER,https://power.larc.nasa.gov/,T2M - Air Temperature at 2 m (°C),SOA ITER neighbouring area (representative point),2026-03-01 to 2026-05-31
2026,4,3,19,29.91,NASA POWER,https://power.larc.nasa.gov/,T2M - Air Temperature at 2 m (°C),SOA ITER neighbouring area (representative point),2026-03-01 to 2026-05-31
2026,4,3,20,29.09,NASA POWER,https://power.larc.nasa.gov/,T2M - Air Temperature at 2 m (°C),SOA ITER neighbouring area (representative point),2026-03-01 to 2026-05-31
2026,4,3,21,28.79,NASA POWER,https://power.larc.nasa.gov/,T2M - Air Temperature at 2 m (°C),SOA ITER neighbouring area (representative point),2026-03-01 to 2026-05-31
2026,4,3,22,28.55,NASA POWER,https://power.larc.nasa.gov/,T2M - Air Temperature at 2 m (°C),SOA ITER neighbouring area (representative point),2026-03-01 to 2026-05-31
2026,4,3,23,28.25,NASA POWER,https://power.larc.nasa.gov/,T2M - Air Temperature at 2 m (°C),SOA ITER neighbouring area (representative point),2026-03-01 to 2026-05-31
2026,4,4,0,27.97,NASA POWER,https://power.larc.nasa.gov/,T2M - Air Temperature at 2 m (°C),SOA ITER neighbouring area (representative point),2026-03-01 to 2026-05-31
2026,4,4,1,27.74,NASA POWER,https://power.larc.nasa.gov/,T2M - Air Temperature at 2 m (°C),SOA ITER neighbouring area (representative point),2026-03-01 to 2026-05-31
2026,4,4,2,27.55,NASA POWER,https://power.larc.nasa.gov/,T2M - Air Temperature at 2 m (°C),SOA ITER neighbouring area (representative point),2026-03-01 to 2026-05-31
2026,4,4,3,27.41,NASA POWER,https://power.larc.nasa.gov/,T2M - Air Temperature at 2 m (°C),SOA ITER neighbouring area (representative point),2026-03-01 to 2026-05-31
2026,4,4,4,27.32,NASA POWER,https://power.larc.nasa.gov/,T2M - Air Temperature at 2 m (°C),SOA ITER neighbouring area (representative point),2026-03-01 to 2026-05-31
2026,4,4,5,27.21,NASA POWER,https://power.larc.nasa.gov/,T2M - Air Temperature at 2 m (°C),SOA ITER neighbouring area (representative point),2026-03-01 to 2026-05-31
2026,4,4,6,27.41,NASA POWER,https://power.larc.nasa.gov/,T2M - Air Temperature at 2 m (°C),SOA ITER neighbouring area (representative point),2026-03-01 to 2026-05-31
2026,4,4,7,28.58,NASA POWER,https://power.larc.nasa.gov/,T2M - Air Temperature at 2 m (°C),SOA ITER neighbouring area (representative point),2026-03-01 to 2026-05-31
2026,4,4,8,30.53,NASA POWER,https://power.larc.nasa.gov/,T2M - Air Temperature at 2 m (°C),SOA ITER neighbouring area (representative point),2026-03-01 to 2026-05-31
2026,4,4,9,32.59,NASA POWER,https://power.larc.nasa.gov/,T2M - Air Temperature at 2 m (°C),SOA ITER neighbouring area (representative point),2026-03-01 to 2026-05-31
2026,4,4,10,34.42,NASA POWER,https://power.larc.nasa.gov/,T2M - Air Temperature at 2 m (°C),SOA ITER neighbouring area (representative point),2026-03-01 to 2026-05-31
2026,4,4,11,35.81,NASA POWER,https://power.larc.nasa.gov/,T2M - Air Temperature at 2 m (°C),SOA ITER neighbouring area (representative point),2026-03-01 to 2026-05-31
2026,4,4,12,36.47,NASA POWER,https://power.larc.nasa.gov/,T2M - Air Temperature at 2 m (°C),SOA ITER neighbouring area (representative point),2026-03-01 to 2026-05-31
2026,4,4,13,36.19,NASA POWER,https://power.larc.nasa.gov/,T2M - Air Temperature at 2 m (°C),SOA ITER neighbouring area (representative point),2026-03-01 to 2026-05-31
2026,4,4,14,35.69,NASA POWER,https://power.larc.nasa.gov/,T2M - Air Temperature at 2 m (°C),SOA ITER neighbouring area (representative point),2026-03-01 to 2026-05-31
2026,4,4,15,35.2,NASA POWER,https://power.larc.nasa.gov/,T2M - Air Temperature at 2 m (°C),SOA ITER neighbouring area (representative point),2026-03-01 to 2026-05-31
2026,4,4,16,34.62,NASA POWER,https://power.larc.nasa.gov/,T2M - Air Temperature at 2 m (°C),SOA ITER neighbouring area (representative point),2026-03-01 to 2026-05-31
2026,4,4,17,33.18,NASA POWER,https://power.larc.nasa.gov/,T2M - Air Temperature at 2 m (°C),SOA ITER neighbouring area (representative point),2026-03-01 to 2026-05-31
2026,4,4,18,30.99,NASA POWER,https://power.larc.nasa.gov/,T2M - Air Temperature at 2 m (°C),SOA ITER neighbouring area (representative point),2026-03-01 to 2026-05-31
2026,4,4,19,29.45,NASA POWER,https://power.larc.nasa.gov/,T2M - Air Temperature at 2 m (°C),SOA ITER neighbouring area (representative point),2026-03-01 to 2026-05-31
2026,4,4,20,28.77,NASA POWER,https://power.larc.nasa.gov/,T2M - Air Temperature at 2 m (°C),SOA ITER neighbouring area (representative point),2026-03-01 to 2026-05-31
2026,4,4,21,28.5,NASA POWER,https://power.larc.nasa.gov/,T2M - Air Temperature at 2 m (°C),SOA ITER neighbouring area (representative point),2026-03-01 to 2026-05-31
2026,4,4,22,28.35,NASA POWER,https://power.larc.nasa.gov/,T2M - Air Temperature at 2 m (°C),SOA ITER neighbouring area (representative point),2026-03-01 to 2026-05-31
2026,4,4,23,28.28,NASA POWER,https://power.larc.nasa.gov/,T2M - Air Temperature at 2 m (°C),SOA ITER neighbouring area (representative point),2026-03-01 to 2026-05-31
2026,4,5,0,28.25,NASA POWER,https://power.larc.nasa.gov/,T2M - Air Temperature at 2 m (°C),SOA ITER neighbouring area (representative point),2026-03-01 to 2026-05-31
2026,4,5,1,28.19,NASA POWER,https://power.larc.nasa.gov/,T2M - Air Temperature at 2 m (°C),SOA ITER neighbouring area (representative point),2026-03-01 to 2026-05-31
2026,4,5,2,28.08,NASA POWER,https://power.larc.nasa.gov/,T2M - Air Temperature at 2 m (°C),SOA ITER neighbouring area (representative point),2026-03-01 to 2026-05-31
2026,4,5,3,27.96,NASA POWER,https://power.larc.nasa.gov/,T2M - Air Temperature at 2 m (°C),SOA ITER neighbouring area (representative point),2026-03-01 to 2026-05-31
2026,4,5,4,27.89,NASA POWER,https://power.larc.nasa.gov/,T2M - Air Temperature at 2 m (°C),SOA ITER neighbouring area (representative point),2026-03-01 to 2026-05-31
2026,4,5,5,27.85,NASA POWER,https://power.larc.nasa.gov/,T2M - Air Temperature at 2 m (°C),SOA ITER neighbouring area (representative point),2026-03-01 to 2026-05-31
2026,4,5,6,28.17,NASA POWER,https://power.larc.nasa.gov/,T2M - Air Temperature at 2 m (°C),SOA ITER neighbouring area (representative point),2026-03-01 to 2026-05-31
2026,4,5,7,29.31,NASA POWER,https://power.larc.nasa.gov/,T2M - Air Temperature at 2 m (°C),SOA ITER neighbouring area (representative point),2026-03-01 to 2026-05-31
2026,4,5,8,30.3,NASA POWER,https://power.larc.nasa.gov/,T2M - Air Temperature at 2 m (°C),SOA ITER neighbouring area (representative point),2026-03-01 to 2026-05-31
2026,4,5,9,31.56,NASA POWER,https://power.larc.nasa.gov/,T2M - Air Temperature at 2 m (°C),SOA ITER neighbouring area (representative point),2026-03-01 to 2026-05-31
2026,4,5,10,32.76,NASA POWER,https://power.larc.nasa.gov/,T2M - Air Temperature at 2 m (°C),SOA ITER neighbouring area (representative point),2026-03-01 to 2026-05-31
2026,4,5,11,33.42,NASA POWER,https://power.larc.nasa.gov/,T2M - Air Temperature at 2 m (°C),SOA ITER neighbouring area (representative point),2026-03-01 to 2026-05-31
2026,4,5,12,33.46,NASA POWER,https://power.larc.nasa.gov/,T2M - Air Temperature at 2 m (°C),SOA ITER neighbouring area (representative point),2026-03-01 to 2026-05-31
2026,4,5,13,33.0,NASA POWER,https://power.larc.nasa.gov/,T2M - Air Temperature at 2 m (°C),SOA ITER neighbouring area (representative point),2026-03-01 to 2026-05-31
2026,4,5,14,32.3,NASA POWER,https://power.larc.nasa.gov/,T2M - Air Temperature at 2 m (°C),SOA ITER neighbouring area (representative point),2026-03-01 to 2026-05-31
2026,4,5,15,31.46,NASA POWER,https://power.larc.nasa.gov/,T2M - Air Temperature at 2 m (°C),SOA ITER neighbouring area (representative point),2026-03-01 to 2026-05-31
2026,4,5,16,30.67,NASA POWER,https://power.larc.nasa.gov/,T2M - Air Temperature at 2 m (°C),SOA ITER neighbouring area (representative point),2026-03-01 to 2026-05-31
2026,4,5,17,29.84,NASA POWER,https://power.larc.nasa.gov/,T2M - Air Temperature at 2 m (°C),SOA ITER neighbouring area (representative point),2026-03-01 to 2026-05-31
2026,4,5,18,28.91,NASA POWER,https://power.larc.nasa.gov/,T2M - Air Temperature at 2 m (°C),SOA ITER neighbouring area (representative point),2026-03-01 to 2026-05-31
2026,4,5,19,28.28,NASA POWER,https://power.larc.nasa.gov/,T2M - Air Temperature at 2 m (°C),SOA ITER neighbouring area (representative point),2026-03-01 to 2026-05-31
2026,4,5,20,27.8,NASA POWER,https://power.larc.nasa.gov/,T2M - Air Temperature at 2 m (°C),SOA ITER neighbouring area (representative point),2026-03-01 to 2026-05-31
2026,4,5,21,27.51,NASA POWER,https://power.larc.nasa.gov/,T2M - Air Temperature at 2 m (°C),SOA ITER neighbouring area (representative point),2026-03-01 to 2026-05-31
2026,4,5,22,27.27,NASA POWER,https://power.larc.nasa.gov/,T2M - Air Temperature at 2 m (°C),SOA ITER neighbouring area (representative point),2026-03-01 to 2026-05-31
2026,4,5,23,27.07,NASA POWER,https://power.larc.nasa.gov/,T2M - Air Temperature at 2 m (°C),SOA ITER neighbouring area (representative point),2026-03-01 to 2026-05-31
2026,4,6,0,26.86,NASA POWER,https://power.larc.nasa.gov/,T2M - Air Temperature at 2 m (°C),SOA ITER neighbouring area (representative point),2026-03-01 to 2026-05-31
2026,4,6,1,26.58,NASA POWER,https://power.larc.nasa.gov/,T2M - Air Temperature at 2 m (°C),SOA ITER neighbouring area (representative point),2026-03-01 to 2026-05-31
2026,4,6,2,26.5,NASA POWER,https://power.larc.nasa.gov/,T2M - Air Temperature at 2 m (°C),SOA ITER neighbouring area (representative point),2026-03-01 to 2026-05-31
2026,4,6,3,26.46,NASA POWER,https://power.larc.nasa.gov/,T2M - Air Temperature at 2 m (°C),SOA ITER neighbouring area (representative point),2026-03-01 to 2026-05-31
2026,4,6,4,26.4,NASA POWER,https://power.larc.nasa.gov/,T2M - Air Temperature at 2 m (°C),SOA ITER neighbouring area (representative point),2026-03-01 to 2026-05-31
2026,4,6,5,26.37,NASA POWER,https://power.larc.nasa.gov/,T2M - Air Temperature at 2 m (°C),SOA ITER neighbouring area (representative point),2026-03-01 to 2026-05-31
2026,4,6,6,26.39,NASA POWER,https://power.larc.nasa.gov/,T2M - Air Temperature at 2 m (°C),SOA ITER neighbouring area (representative point),2026-03-01 to 2026-05-31
2026,4,6,7,27.36,NASA POWER,https://power.larc.nasa.gov/,T2M - Air Temperature at 2 m (°C),SOA ITER neighbouring area (representative point),2026-03-01 to 2026-05-31
2026,4,6,8,29.25,NASA POWER,https://power.larc.nasa.gov/,T2M - Air Temperature at 2 m (°C),SOA ITER neighbouring area (representative point),2026-03-01 to 2026-05-31
2026,4,6,9,30.63,NASA POWER,https://power.larc.nasa.gov/,T2M - Air Temperature at 2 m (°C),SOA ITER neighbouring area (representative point),2026-03-01 to 2026-05-31
2026,4,6,10,31.81,NASA POWER,https://power.larc.nasa.gov/,T2M - Air Temperature at 2 m (°C),SOA ITER neighbouring area (representative point),2026-03-01 to 2026-05-31
2026,4,6,11,32.76,NASA POWER,https://power.larc.nasa.gov/,T2M - Air Temperature at 2 m (°C),SOA ITER neighbouring area (representative point),2026-03-01 to 2026-05-31
2026,4,6,12,33.41,NASA POWER,https://power.larc.nasa.gov/,T2M - Air Temperature at 2 m (°C),SOA ITER neighbouring area (representative point),2026-03-01 to 2026-05-31
2026,4,6,13,33.72,NASA POWER,https://power.larc.nasa.gov/,T2M - Air Temperature at 2 m (°C),SOA ITER neighbouring area (representative point),2026-03-01 to 2026-05-31
2026,4,6,14,33.64,NASA POWER,https://power.larc.nasa.gov/,T2M - Air Temperature at 2 m (°C),SOA ITER neighbouring area (representative point),2026-03-01 to 2026-05-31
2026,4,6,15,33.15,NASA POWER,https://power.larc.nasa.gov/,T2M - Air Temperature at 2 m (°C),SOA ITER neighbouring area (representative point),2026-03-01 to 2026-05-31
2026,4,6,16,32.32,NASA POWER,https://power.larc.nasa.gov/,T2M - Air Temperature at 2 m (°C),SOA ITER neighbouring area (representative point),2026-03-01 to 2026-05-31
2026,4,6,17,31.08,NASA POWER,https://power.larc.nasa.gov/,T2M - Air Temperature at 2 m (°C),SOA ITER neighbouring area (representative point),2026-03-01 to 2026-05-31
2026,4,6,18,29.48,NASA POWER,https://power.larc.nasa.gov/,T2M - Air Temperature at 2 m (°C),SOA ITER neighbouring area (representative point),2026-03-01 to 2026-05-31
2026,4,6,19,28.48,NASA POWER,https://power.larc.nasa.gov/,T2M - Air Temperature at 2 m (°C),SOA ITER neighbouring area (representative point),2026-03-01 to 2026-05-31
2026,4,6,20,28.01,NASA POWER,https://power.larc.nasa.gov/,T2M - Air Temperature at 2 m (°C),SOA ITER neighbouring area (representative point),2026-03-01 to 2026-05-31
2026,4,6,21,27.82,NASA POWER,https://power.larc.nasa.gov/,T2M - Air Temperature at 2 m (°C),SOA ITER neighbouring area (representative point),2026-03-01 to 2026-05-31
2026,4,6,22,27.67,NASA POWER,https://power.larc.nasa.gov/,T2M - Air Temperature at 2 m (°C),SOA ITER neighbouring area (representative point),2026-03-01 to 2026-05-31
2026,4,6,23,27.46,NASA POWER,https://power.larc.nasa.gov/,T2M - Air Temperature at 2 m (°C),SOA ITER neighbouring area (representative point),2026-03-01 to 2026-05-31
2026,4,7,0,27.24,NASA POWER,https://power.larc.nasa.gov/,T2M - Air Temperature at 2 m (°C),SOA ITER neighbouring area (representative point),2026-03-01 to 2026-05-31
2026,4,7,1,27.0,NASA POWER,https://power.larc.nasa.gov/,T2M - Air Temperature at 2 m (°C),SOA ITER neighbouring area (representative point),2026-03-01 to 2026-05-31
2026,4,7,2,26.74,NASA POWER,https://power.larc.nasa.gov/,T2M - Air Temperature at 2 m (°C),SOA ITER neighbouring area (representative point),2026-03-01 to 2026-05-31
2026,4,7,3,26.5,NASA POWER,https://power.larc.nasa.gov/,T2M - Air Temperature at 2 m (°C),SOA ITER neighbouring area (representative point),2026-03-01 to 2026-05-31
2026,4,7,4,26.26,NASA POWER,https://power.larc.nasa.gov/,T2M - Air Temperature at 2 m (°C),SOA ITER neighbouring area (representative point),2026-03-01 to 2026-05-31
2026,4,7,5,26.06,NASA POWER,https://power.larc.nasa.gov/,T2M - Air Temperature at 2 m (°C),SOA ITER neighbouring area (representative point),2026-03-01 to 2026-05-31
2026,4,7,6,26.32,NASA POWER,https://power.larc.nasa.gov/,T2M - Air Temperature at 2 m (°C),SOA ITER neighbouring area (representative point),2026-03-01 to 2026-05-31
2026,4,7,7,27.35,NASA POWER,https://power.larc.nasa.gov/,T2M - Air Temperature at 2 m (°C),SOA ITER neighbouring area (representative point),2026-03-01 to 2026-05-31
2026,4,7,8,28.72,NASA POWER,https://power.larc.nasa.gov/,T2M - Air Temperature at 2 m (°C),SOA ITER neighbouring area (representative point),2026-03-01 to 2026-05-31
2026,4,7,9,30.12,NASA POWER,https://power.larc.nasa.gov/,T2M - Air Temperature at 2 m (°C),SOA ITER neighbouring area (representative point),2026-03-01 to 2026-05-31
2026,4,7,10,31.48,NASA POWER,https://power.larc.nasa.gov/,T2M - Air Temperature at 2 m (°C),SOA ITER neighbouring area (representative point),2026-03-01 to 2026-05-31
2026,4,7,11,32.58,NASA POWER,https://power.larc.nasa.gov/,T2M - Air Temperature at 2 m (°C),SOA ITER neighbouring area (representative point),2026-03-01 to 2026-05-31
2026,4,7,12,33.29,NASA POWER,https://power.larc.nasa.gov/,T2M - Air Temperature at 2 m (°C),SOA ITER neighbouring area (representative point),2026-03-01 to 2026-05-31
2026,4,7,13,33.52,NASA POWER,https://power.larc.nasa.gov/,T2M - Air Temperature at 2 m (°C),SOA ITER neighbouring area (representative point),2026-03-01 to 2026-05-31
2026,4,7,14,33.09,NASA POWER,https://power.larc.nasa.gov/,T2M - Air Temperature at 2 m (°C),SOA ITER neighbouring area (representative point),2026-03-01 to 2026-05-31
2026,4,7,15,32.07,NASA POWER,https://power.larc.nasa.gov/,T2M - Air Temperature at 2 m (°C),SOA ITER neighbouring area (representative point),2026-03-01 to 2026-05-31
2026,4,7,16,30.96,NASA POWER,https://power.larc.nasa.gov/,T2M - Air Temperature at 2 m (°C),SOA ITER neighbouring area (representative point),2026-03-01 to 2026-05-31
2026,4,7,17,29.77,NASA POWER,https://power.larc.nasa.gov/,T2M - Air Temperature at 2 m (°C),SOA ITER neighbouring area (representative point),2026-03-01 to 2026-05-31
2026,4,7,18,28.49,NASA POWER,https://power.larc.nasa.gov/,T2M - Air Temperature at 2 m (°C),SOA ITER neighbouring area (representative point),2026-03-01 to 2026-05-31
2026,4,7,19,27.8,NASA POWER,https://power.larc.nasa.gov/,T2M - Air Temperature at 2 m (°C),SOA ITER neighbouring area (representative point),2026-03-01 to 2026-05-31
2026,4,7,20,27.48,NASA POWER,https://power.larc.nasa.gov/,T2M - Air Temperature at 2 m (°C),SOA ITER neighbouring area (representative point),2026-03-01 to 2026-05-31
2026,4,7,21,27.3,NASA POWER,https://power.larc.nasa.gov/,T2M - Air Temperature at 2 m (°C),SOA ITER neighbouring area (representative point),2026-03-01 to 2026-05-31
2026,4,7,22,27.17,NASA POWER,https://power.larc.nasa.gov/,T2M - Air Temperature at 2 m (°C),SOA ITER neighbouring area (representative point),2026-03-01 to 2026-05-31
2026,4,7,23,27.02,NASA POWER,https://power.larc.nasa.gov/,T2M - Air Temperature at 2 m (°C),SOA ITER neighbouring area (representative point),2026-03-01 to 2026-05-31
2026,4,8,0,26.86,NASA POWER,https://power.larc.nasa.gov/,T2M - Air Temperature at 2 m (°C),SOA ITER neighbouring area (representative point),2026-03-01 to 2026-05-31
2026,4,8,1,26.67,NASA POWER,https://power.larc.nasa.gov/,T2M - Air Temperature at 2 m (°C),SOA ITER neighbouring area (representative point),2026-03-01 to 2026-05-31
2026,4,8,2,26.48,NASA POWER,https://power.larc.nasa.gov/,T2M - Air Temperature at 2 m (°C),SOA ITER neighbouring area (representative point),2026-03-01 to 2026-05-31
2026,4,8,3,26.31,NASA POWER,https://power.larc.nasa.gov/,T2M - Air Temperature at 2 m (°C),SOA ITER neighbouring area (representative point),2026-03-01 to 2026-05-31
2026,4,8,4,26.17,NASA POWER,https://power.larc.nasa.gov/,T2M - Air Temperature at 2 m (°C),SOA ITER neighbouring area (representative point),2026-03-01 to 2026-05-31
2026,4,8,5,26.06,NASA POWER,https://power.larc.nasa.gov/,T2M - Air Temperature at 2 m (°C),SOA ITER neighbouring area (representative point),2026-03-01 to 2026-05-31
2026,4,8,6,26.33,NASA POWER,https://power.larc.nasa.gov/,T2M - Air Temperature at 2 m (°C),SOA ITER neighbouring area (representative point),2026-03-01 to 2026-05-31
2026,4,8,7,27.66,NASA POWER,https://power.larc.nasa.gov/,T2M - Air Temperature at 2 m (°C),SOA ITER neighbouring area (representative point),2026-03-01 to 2026-05-31
2026,4,8,8,29.33,NASA POWER,https://power.larc.nasa.gov/,T2M - Air Temperature at 2 m (°C),SOA ITER neighbouring area (representative point),2026-03-01 to 2026-05-31
2026,4,8,9,30.96,NASA POWER,https://power.larc.nasa.gov/,T2M - Air Temperature at 2 m (°C),SOA ITER neighbouring area (representative point),2026-03-01 to 2026-05-31
2026,4,8,10,32.49,NASA POWER,https://power.larc.nasa.gov/,T2M - Air Temperature at 2 m (°C),SOA ITER neighbouring area (representative point),2026-03-01 to 2026-05-31
2026,4,8,11,33.7,NASA POWER,https://power.larc.nasa.gov/,T2M - Air Temperature at 2 m (°C),SOA ITER neighbouring area (representative point),2026-03-01 to 2026-05-31
2026,4,8,12,34.47,NASA POWER,https://power.larc.nasa.gov/,T2M - Air Temperature at 2 m (°C),SOA ITER neighbouring area (representative point),2026-03-01 to 2026-05-31
2026,4,8,13,34.81,NASA POWER,https://power.larc.nasa.gov/,T2M - Air Temperature at 2 m (°C),SOA ITER neighbouring area (representative point),2026-03-01 to 2026-05-31
2026,4,8,14,34.68,NASA POWER,https://power.larc.nasa.gov/,T2M - Air Temperature at 2 m (°C),SOA ITER neighbouring area (representative point),2026-03-01 to 2026-05-31
2026,4,8,15,34.05,NASA POWER,https://power.larc.nasa.gov/,T2M - Air Temperature at 2 m (°C),SOA ITER neighbouring area (representative point),2026-03-01 to 2026-05-31
2026,4,8,16,32.87,NASA POWER,https://power.larc.nasa.gov/,T2M - Air Temperature at 2 m (°C),SOA ITER neighbouring area (representative point),2026-03-01 to 2026-05-31
2026,4,8,17,31.12,NASA POWER,https://power.larc.nasa.gov/,T2M - Air Temperature at 2 m (°C),SOA ITER neighbouring area (representative point),2026-03-01 to 2026-05-31
2026,4,8,18,29.28,NASA POWER,https://power.larc.nasa.gov/,T2M - Air Temperature at 2 m (°C),SOA ITER neighbouring area (representative point),2026-03-01 to 2026-05-31
2026,4,8,19,28.34,NASA POWER,https://power.larc.nasa.gov/,T2M - Air Temperature at 2 m (°C),SOA ITER neighbouring area (representative point),2026-03-01 to 2026-05-31
2026,4,8,20,27.98,NASA POWER,https://power.larc.nasa.gov/,T2M - Air Temperature at 2 m (°C),SOA ITER neighbouring area (representative point),2026-03-01 to 2026-05-31
2026,4,8,21,27.7,NASA POWER,https://power.larc.nasa.gov/,T2M - Air Temperature at 2 m (°C),SOA ITER neighbouring area (representative point),2026-03-01 to 2026-05-31
2026,4,8,22,27.43,NASA POWER,https://power.larc.nasa.gov/,T2M - Air Temperature at 2 m (°C),SOA ITER neighbouring area (representative point),2026-03-01 to 2026-05-31
2026,4,8,23,27.22,NASA POWER,https://power.larc.nasa.gov/,T2M - Air Temperature at 2 m (°C),SOA ITER neighbouring area (representative point),2026-03-01 to 2026-05-31
2026,4,9,0,26.99,NASA POWER,https://power.larc.nasa.gov/,T2M - Air Temperature at 2 m (°C),SOA ITER neighbouring area (representative point),2026-03-01 to 2026-05-31
2026,4,9,1,26.78,NASA POWER,https://power.larc.nasa.gov/,T2M - Air Temperature at 2 m (°C),SOA ITER neighbouring area (representative point),2026-03-01 to 2026-05-31
2026,4,9,2,26.52,NASA POWER,https://power.larc.nasa.gov/,T2M - Air Temperature at 2 m (°C),SOA ITER neighbouring area (representative point),2026-03-01 to 2026-05-31
2026,4,9,3,26.31,NASA POWER,https://power.larc.nasa.gov/,T2M - Air Temperature at 2 m (°C),SOA ITER neighbouring area (representative point),2026-03-01 to 2026-05-31
2026,4,9,4,26.12,NASA POWER,https://power.larc.nasa.gov/,T2M - Air Temperature at 2 m (°C),SOA ITER neighbouring area (representative point),2026-03-01 to 2026-05-31
2026,4,9,5,25.96,NASA POWER,https://power.larc.nasa.gov/,T2M - Air Temperature at 2 m (°C),SOA ITER neighbouring area (representative point),2026-03-01 to 2026-05-31
2026,4,9,6,26.32,NASA POWER,https://power.larc.nasa.gov/,T2M - Air Temperature at 2 m (°C),SOA ITER neighbouring area (representative point),2026-03-01 to 2026-05-31
2026,4,9,7,27.72,NASA POWER,https://power.larc.nasa.gov/,T2M - Air Temperature at 2 m (°C),SOA ITER neighbouring area (representative point),2026-03-01 to 2026-05-31
2026,4,9,8,29.26,NASA POWER,https://power.larc.nasa.gov/,T2M - Air Temperature at 2 m (°C),SOA ITER neighbouring area (representative point),2026-03-01 to 2026-05-31
2026,4,9,9,30.76,NASA POWER,https://power.larc.nasa.gov/,T2M - Air Temperature at 2 m (°C),SOA ITER neighbouring area (representative point),2026-03-01 to 2026-05-31
2026,4,9,10,32.18,NASA POWER,https://power.larc.nasa.gov/,T2M - Air Temperature at 2 m (°C),SOA ITER neighbouring area (representative point),2026-03-01 to 2026-05-31
2026,4,9,11,33.36,NASA POWER,https://power.larc.nasa.gov/,T2M - Air Temperature at 2 m (°C),SOA ITER neighbouring area (representative point),2026-03-01 to 2026-05-31
2026,4,9,12,34.21,NASA POWER,https://power.larc.nasa.gov/,T2M - Air Temperature at 2 m (°C),SOA ITER neighbouring area (representative point),2026-03-01 to 2026-05-31
2026,4,9,13,34.73,NASA POWER,https://power.larc.nasa.gov/,T2M - Air Temperature at 2 m (°C),SOA ITER neighbouring area (representative point),2026-03-01 to 2026-05-31
2026,4,9,14,34.84,NASA POWER,https://power.larc.nasa.gov/,T2M - Air Temperature at 2 m (°C),SOA ITER neighbouring area (representative point),2026-03-01 to 2026-05-31
2026,4,9,15,34.28,NASA POWER,https://power.larc.nasa.gov/,T2M - Air Temperature at 2 m (°C),SOA ITER neighbouring area (representative point),2026-03-01 to 2026-05-31
2026,4,9,16,33.45,NASA POWER,https://power.larc.nasa.gov/,T2M - Air Temperature at 2 m (°C),SOA ITER neighbouring area (representative point),2026-03-01 to 2026-05-31
2026,4,9,17,32.05,NASA POWER,https://power.larc.nasa.gov/,T2M - Air Temperature at 2 m (°C),SOA ITER neighbouring area (representative point),2026-03-01 to 2026-05-31
2026,4,9,18,30.39,NASA POWER,https://power.larc.nasa.gov/,T2M - Air Temperature at 2 m (°C),SOA ITER neighbouring area (representative point),2026-03-01 to 2026-05-31
2026,4,9,19,29.06,NASA POWER,https://power.larc.nasa.gov/,T2M - Air Temperature at 2 m (°C),SOA ITER neighbouring area (representative point),2026-03-01 to 2026-05-31
2026,4,9,20,28.31,NASA POWER,https://power.larc.nasa.gov/,T2M - Air Temperature at 2 m (°C),SOA ITER neighbouring area (representative point),2026-03-01 to 2026-05-31
2026,4,9,21,27.88,NASA POWER,https://power.larc.nasa.gov/,T2M - Air Temperature at 2 m (°C),SOA ITER neighbouring area (representative point),2026-03-01 to 2026-05-31
2026,4,9,22,27.57,NASA POWER,https://power.larc.nasa.gov/,T2M - Air Temperature at 2 m (°C),SOA ITER neighbouring area (representative point),2026-03-01 to 2026-05-31
2026,4,9,23,27.24,NASA POWER,https://power.larc.nasa.gov/,T2M - Air Temperature at 2 m (°C),SOA ITER neighbouring area (representative point),2026-03-01 to 2026-05-31
2026,4,10,0,26.94,NASA POWER,https://power.larc.nasa.gov/,T2M - Air Temperature at 2 m (°C),SOA ITER neighbouring area (representative point),2026-03-01 to 2026-05-31
2026,4,10,1,26.72,NASA POWER,https://power.larc.nasa.gov/,T2M - Air Temperature at 2 m (°C),SOA ITER neighbouring area (representative point),2026-03-01 to 2026-05-31
2026,4,10,2,26.44,NASA POWER,https://power.larc.nasa.gov/,T2M - Air Temperature at 2 m (°C),SOA ITER neighbouring area (representative point),2026-03-01 to 2026-05-31
2026,4,10,3,26.11,NASA POWER,https://power.larc.nasa.gov/,T2M - Air Temperature at 2 m (°C),SOA ITER neighbouring area (representative point),2026-03-01 to 2026-05-31
2026,4,10,4,25.79,NASA POWER,https://power.larc.nasa.gov/,T2M - Air Temperature at 2 m (°C),SOA ITER neighbouring area (representative point),2026-03-01 to 2026-05-31
2026,4,10,5,25.5,NASA POWER,https://power.larc.nasa.gov/,T2M - Air Temperature at 2 m (°C),SOA ITER neighbouring area (representative point),2026-03-01 to 2026-05-31
2026,4,10,6,25.73,NASA POWER,https://power.larc.nasa.gov/,T2M - Air Temperature at 2 m (°C),SOA ITER neighbouring area (representative point),2026-03-01 to 2026-05-31
2026,4,10,7,27.06,NASA POWER,https://power.larc.nasa.gov/,T2M - Air Temperature at 2 m (°C),SOA ITER neighbouring area (representative point),2026-03-01 to 2026-05-31
2026,4,10,8,29.27,NASA POWER,https://power.larc.nasa.gov/,T2M - Air Temperature at 2 m (°C),SOA ITER neighbouring area (representative point),2026-03-01 to 2026-05-31
2026,4,10,9,31.12,NASA POWER,https://power.larc.nasa.gov/,T2M - Air Temperature at 2 m (°C),SOA ITER neighbouring area (representative point),2026-03-01 to 2026-05-31
2026,4,10,10,32.52,NASA POWER,https://power.larc.nasa.gov/,T2M - Air Temperature at 2 m (°C),SOA ITER neighbouring area (representative point),2026-03-01 to 2026-05-31
2026,4,10,11,33.76,NASA POWER,https://power.larc.nasa.gov/,T2M - Air Temperature at 2 m (°C),SOA ITER neighbouring area (representative point),2026-03-01 to 2026-05-31
2026,4,10,12,34.78,NASA POWER,https://power.larc.nasa.gov/,T2M - Air Temperature at 2 m (°C),SOA ITER neighbouring area (representative point),2026-03-01 to 2026-05-31
2026,4,10,13,35.4,NASA POWER,https://power.larc.nasa.gov/,T2M - Air Temperature at 2 m (°C),SOA ITER neighbouring area (representative point),2026-03-01 to 2026-05-31
2026,4,10,14,35.65,NASA POWER,https://power.larc.nasa.gov/,T2M - Air Temperature at 2 m (°C),SOA ITER neighbouring area (representative point),2026-03-01 to 2026-05-31
2026,4,10,15,35.41,NASA POWER,https://power.larc.nasa.gov/,T2M - Air Temperature at 2 m (°C),SOA ITER neighbouring area (representative point),2026-03-01 to 2026-05-31
2026,4,10,16,34.72,NASA POWER,https://power.larc.nasa.gov/,T2M - Air Temperature at 2 m (°C),SOA ITER neighbouring area (representative point),2026-03-01 to 2026-05-31
2026,4,10,17,33.44,NASA POWER,https://power.larc.nasa.gov/,T2M - Air Temperature at 2 m (°C),SOA ITER neighbouring area (representative point),2026-03-01 to 2026-05-31
2026,4,10,18,30.85,NASA POWER,https://power.larc.nasa.gov/,T2M - Air Temperature at 2 m (°C),SOA ITER neighbouring area (representative point),2026-03-01 to 2026-05-31
2026,4,10,19,29.46,NASA POWER,https://power.larc.nasa.gov/,T2M - Air Temperature at 2 m (°C),SOA ITER neighbouring area (representative point),2026-03-01 to 2026-05-31
2026,4,10,20,28.54,NASA POWER,https://power.larc.nasa.gov/,T2M - Air Temperature at 2 m (°C),SOA ITER neighbouring area (representative point),2026-03-01 to 2026-05-31
2026,4,10,21,28.01,NASA POWER,https://power.larc.nasa.gov/,T2M - Air Temperature at 2 m (°C),SOA ITER neighbouring area (representative point),2026-03-01 to 2026-05-31
2026,4,10,22,27.76,NASA POWER,https://power.larc.nasa.gov/,T2M - Air Temperature at 2 m (°C),SOA ITER neighbouring area (representative point),2026-03-01 to 2026-05-31
2026,4,10,23,27.55,NASA POWER,https://power.larc.nasa.gov/,T2M - Air Temperature at 2 m (°C),SOA ITER neighbouring area (representative point),2026-03-01 to 2026-05-31
2026,4,11,0,27.33,NASA POWER,https://power.larc.nasa.gov/,T2M - Air Temperature at 2 m (°C),SOA ITER neighbouring area (representative point),2026-03-01 to 2026-05-31
2026,4,11,1,27.08,NASA POWER,https://power.larc.nasa.gov/,T2M - Air Temperature at 2 m (°C),SOA ITER neighbouring area (representative point),2026-03-01 to 2026-05-31
2026,4,11,2,26.84,NASA POWER,https://power.larc.nasa.gov/,T2M - Air Temperature at 2 m (°C),SOA ITER neighbouring area (representative point),2026-03-01 to 2026-05-31
2026,4,11,3,26.66,NASA POWER,https://power.larc.nasa.gov/,T2M - Air Temperature at 2 m (°C),SOA ITER neighbouring area (representative point),2026-03-01 to 2026-05-31
2026,4,11,4,26.5,NASA POWER,https://power.larc.nasa.gov/,T2M - Air Temperature at 2 m (°C),SOA ITER neighbouring area (representative point),2026-03-01 to 2026-05-31
2026,4,11,5,26.32,NASA POWER,https://power.larc.nasa.gov/,T2M - Air Temperature at 2 m (°C),SOA ITER neighbouring area (representative point),2026-03-01 to 2026-05-31
2026,4,11,6,26.77,NASA POWER,https://power.larc.nasa.gov/,T2M - Air Temperature at 2 m (°C),SOA ITER neighbouring area (representative point),2026-03-01 to 2026-05-31
2026,4,11,7,28.32,NASA POWER,https://power.larc.nasa.gov/,T2M - Air Temperature at 2 m (°C),SOA ITER neighbouring area (representative point),2026-03-01 to 2026-05-31
2026,4,11,8,30.42,NASA POWER,https://power.larc.nasa.gov/,T2M - Air Temperature at 2 m (°C),SOA ITER neighbouring area (representative point),2026-03-01 to 2026-05-31
2026,4,11,9,32.34,NASA POWER,https://power.larc.nasa.gov/,T2M - Air Temperature at 2 m (°C),SOA ITER neighbouring area (representative point),2026-03-01 to 2026-05-31
2026,4,11,10,33.92,NASA POWER,https://power.larc.nasa.gov/,T2M - Air Temperature at 2 m (°C),SOA ITER neighbouring area (representative point),2026-03-01 to 2026-05-31
2026,4,11,11,35.16,NASA POWER,https://power.larc.nasa.gov/,T2M - Air Temperature at 2 m (°C),SOA ITER neighbouring area (representative point),2026-03-01 to 2026-05-31
2026,4,11,12,36.06,NASA POWER,https://power.larc.nasa.gov/,T2M - Air Temperature at 2 m (°C),SOA ITER neighbouring area (representative point),2026-03-01 to 2026-05-31
2026,4,11,13,36.62,NASA POWER,https://power.larc.nasa.gov/,T2M - Air Temperature at 2 m (°C),SOA ITER neighbouring area (representative point),2026-03-01 to 2026-05-31
2026,4,11,14,36.78,NASA POWER,https://power.larc.nasa.gov/,T2M - Air Temperature at 2 m (°C),SOA ITER neighbouring area (representative point),2026-03-01 to 2026-05-31
2026,4,11,15,36.42,NASA POWER,https://power.larc.nasa.gov/,T2M - Air Temperature at 2 m (°C),SOA ITER neighbouring area (representative point),2026-03-01 to 2026-05-31
2026,4,11,16,35.66,NASA POWER,https://power.larc.nasa.gov/,T2M - Air Temperature at 2 m (°C),SOA ITER neighbouring area (representative point),2026-03-01 to 2026-05-31
2026,4,11,17,34.34,NASA POWER,https://power.larc.nasa.gov/,T2M - Air Temperature at 2 m (°C),SOA ITER neighbouring area (representative point),2026-03-01 to 2026-05-31
2026,4,11,18,31.99,NASA POWER,https://power.larc.nasa.gov/,T2M - Air Temperature at 2 m (°C),SOA ITER neighbouring area (representative point),2026-03-01 to 2026-05-31
2026,4,11,19,29.95,NASA POWER,https://power.larc.nasa.gov/,T2M - Air Temperature at 2 m (°C),SOA ITER neighbouring area (representative point),2026-03-01 to 2026-05-31
2026,4,11,20,28.73,NASA POWER,https://power.larc.nasa.gov/,T2M - Air Temperature at 2 m (°C),SOA ITER neighbouring area (representative point),2026-03-01 to 2026-05-31
2026,4,11,21,28.19,NASA POWER,https://power.larc.nasa.gov/,T2M - Air Temperature at 2 m (°C),SOA ITER neighbouring area (representative point),2026-03-01 to 2026-05-31
2026,4,11,22,27.77,NASA POWER,https://power.larc.nasa.gov/,T2M - Air Temperature at 2 m (°C),SOA ITER neighbouring area (representative point),2026-03-01 to 2026-05-31
2026,4,11,23,27.39,NASA POWER,https://power.larc.nasa.gov/,T2M - Air Temperature at 2 m (°C),SOA ITER neighbouring area (representative point),2026-03-01 to 2026-05-31
2026,4,12,0,27.05,NASA POWER,https://power.larc.nasa.gov/,T2M - Air Temperature at 2 m (°C),SOA ITER neighbouring area (representative point),2026-03-01 to 2026-05-31
2026,4,12,1,26.69,NASA POWER,https://power.larc.nasa.gov/,T2M - Air Temperature at 2 m (°C),SOA ITER neighbouring area (representative point),2026-03-01 to 2026-05-31
2026,4,12,2,26.31,NASA POWER,https://power.larc.nasa.gov/,T2M - Air Temperature at 2 m (°C),SOA ITER neighbouring area (representative point),2026-03-01 to 2026-05-31
2026,4,12,3,25.98,NASA POWER,https://power.larc.nasa.gov/,T2M - Air Temperature at 2 m (°C),SOA ITER neighbouring area (representative point),2026-03-01 to 2026-05-31
2026,4,12,4,25.69,NASA POWER,https://power.larc.nasa.gov/,T2M - Air Temperature at 2 m (°C),SOA ITER neighbouring area (representative point),2026-03-01 to 2026-05-31
2026,4,12,5,25.45,NASA POWER,https://power.larc.nasa.gov/,T2M - Air Temperature at 2 m (°C),SOA ITER neighbouring area (representative point),2026-03-01 to 2026-05-31
2026,4,12,6,26.01,NASA POWER,https://power.larc.nasa.gov/,T2M - Air Temperature at 2 m (°C),SOA ITER neighbouring area (representative point),2026-03-01 to 2026-05-31
2026,4,12,7,28.09,NASA POWER,https://power.larc.nasa.gov/,T2M - Air Temperature at 2 m (°C),SOA ITER neighbouring area (representative point),2026-03-01 to 2026-05-31
2026,4,12,8,30.58,NASA POWER,https://power.larc.nasa.gov/,T2M - Air Temperature at 2 m (°C),SOA ITER neighbouring area (representative point),2026-03-01 to 2026-05-31
2026,4,12,9,32.88,NASA POWER,https://power.larc.nasa.gov/,T2M - Air Temperature at 2 m (°C),SOA ITER neighbouring area (representative point),2026-03-01 to 2026-05-31
2026,4,12,10,34.43,NASA POWER,https://power.larc.nasa.gov/,T2M - Air Temperature at 2 m (°C),SOA ITER neighbouring area (representative point),2026-03-01 to 2026-05-31
2026,4,12,11,35.57,NASA POWER,https://power.larc.nasa.gov/,T2M - Air Temperature at 2 m (°C),SOA ITER neighbouring area (representative point),2026-03-01 to 2026-05-31
2026,4,12,12,36.32,NASA POWER,https://power.larc.nasa.gov/,T2M - Air Temperature at 2 m (°C),SOA ITER neighbouring area (representative point),2026-03-01 to 2026-05-31
2026,4,12,13,36.66,NASA POWER,https://power.larc.nasa.gov/,T2M - Air Temperature at 2 m (°C),SOA ITER neighbouring area (representative point),2026-03-01 to 2026-05-31
2026,4,12,14,36.58,NASA POWER,https://power.larc.nasa.gov/,T2M - Air Temperature at 2 m (°C),SOA ITER neighbouring area (representative point),2026-03-01 to 2026-05-31
2026,4,12,15,36.04,NASA POWER,https://power.larc.nasa.gov/,T2M - Air Temperature at 2 m (°C),SOA ITER neighbouring area (representative point),2026-03-01 to 2026-05-31
2026,4,12,16,35.11,NASA POWER,https://power.larc.nasa.gov/,T2M - Air Temperature at 2 m (°C),SOA ITER neighbouring area (representative point),2026-03-01 to 2026-05-31
2026,4,12,17,33.41,NASA POWER,https://power.larc.nasa.gov/,T2M - Air Temperature at 2 m (°C),SOA ITER neighbouring area (representative point),2026-03-01 to 2026-05-31
2026,4,12,18,30.82,NASA POWER,https://power.larc.nasa.gov/,T2M - Air Temperature at 2 m (°C),SOA ITER neighbouring area (representative point),2026-03-01 to 2026-05-31
2026,4,12,19,29.16,NASA POWER,https://power.larc.nasa.gov/,T2M - Air Temperature at 2 m (°C),SOA ITER neighbouring area (representative point),2026-03-01 to 2026-05-31
2026,4,12,20,28.44,NASA POWER,https://power.larc.nasa.gov/,T2M - Air Temperature at 2 m (°C),SOA ITER neighbouring area (representative point),2026-03-01 to 2026-05-31
2026,4,12,21,28.11,NASA POWER,https://power.larc.nasa.gov/,T2M - Air Temperature at 2 m (°C),SOA ITER neighbouring area (representative point),2026-03-01 to 2026-05-31
2026,4,12,22,27.85,NASA POWER,https://power.larc.nasa.gov/,T2M - Air Temperature at 2 m (°C),SOA ITER neighbouring area (representative point),2026-03-01 to 2026-05-31
2026,4,12,23,27.57,NASA POWER,https://power.larc.nasa.gov/,T2M - Air Temperature at 2 m (°C),SOA ITER neighbouring area (representative point),2026-03-01 to 2026-05-31
2026,4,13,0,27.27,NASA POWER,https://power.larc.nasa.gov/,T2M - Air Temperature at 2 m (°C),SOA ITER neighbouring area (representative point),2026-03-01 to 2026-05-31
2026,4,13,1,27.0,NASA POWER,https://power.larc.nasa.gov/,T2M - Air Temperature at 2 m (°C),SOA ITER neighbouring area (representative point),2026-03-01 to 2026-05-31
2026,4,13,2,26.77,NASA POWER,https://power.larc.nasa.gov/,T2M - Air Temperature at 2 m (°C),SOA ITER neighbouring area (representative point),2026-03-01 to 2026-05-31
2026,4,13,3,26.59,NASA POWER,https://power.larc.nasa.gov/,T2M - Air Temperature at 2 m (°C),SOA ITER neighbouring area (representative point),2026-03-01 to 2026-05-31
2026,4,13,4,26.47,NASA POWER,https://power.larc.nasa.gov/,T2M - Air Temperature at 2 m (°C),SOA ITER neighbouring area (representative point),2026-03-01 to 2026-05-31
2026,4,13,5,26.37,NASA POWER,https://power.larc.nasa.gov/,T2M - Air Temperature at 2 m (°C),SOA ITER neighbouring area (representative point),2026-03-01 to 2026-05-31
2026,4,13,6,26.71,NASA POWER,https://power.larc.nasa.gov/,T2M - Air Temperature at 2 m (°C),SOA ITER neighbouring area (representative point),2026-03-01 to 2026-05-31
2026,4,13,7,28.37,NASA POWER,https://power.larc.nasa.gov/,T2M - Air Temperature at 2 m (°C),SOA ITER neighbouring area (representative point),2026-03-01 to 2026-05-31
2026,4,13,8,30.55,NASA POWER,https://power.larc.nasa.gov/,T2M - Air Temperature at 2 m (°C),SOA ITER neighbouring area (representative point),2026-03-01 to 2026-05-31
2026,4,13,9,32.7,NASA POWER,https://power.larc.nasa.gov/,T2M - Air Temperature at 2 m (°C),SOA ITER neighbouring area (representative point),2026-03-01 to 2026-05-31
2026,4,13,10,34.49,NASA POWER,https://power.larc.nasa.gov/,T2M - Air Temperature at 2 m (°C),SOA ITER neighbouring area (representative point),2026-03-01 to 2026-05-31
2026,4,13,11,35.84,NASA POWER,https://power.larc.nasa.gov/,T2M - Air Temperature at 2 m (°C),SOA ITER neighbouring area (representative point),2026-03-01 to 2026-05-31
2026,4,13,12,36.72,NASA POWER,https://power.larc.nasa.gov/,T2M - Air Temperature at 2 m (°C),SOA ITER neighbouring area (representative point),2026-03-01 to 2026-05-31
2026,4,13,13,37.08,NASA POWER,https://power.larc.nasa.gov/,T2M - Air Temperature at 2 m (°C),SOA ITER neighbouring area (representative point),2026-03-01 to 2026-05-31
2026,4,13,14,36.88,NASA POWER,https://power.larc.nasa.gov/,T2M - Air Temperature at 2 m (°C),SOA ITER neighbouring area (representative point),2026-03-01 to 2026-05-31
2026,4,13,15,36.02,NASA POWER,https://power.larc.nasa.gov/,T2M - Air Temperature at 2 m (°C),SOA ITER neighbouring area (representative point),2026-03-01 to 2026-05-31
2026,4,13,16,34.48,NASA POWER,https://power.larc.nasa.gov/,T2M - Air Temperature at 2 m (°C),SOA ITER neighbouring area (representative point),2026-03-01 to 2026-05-31
2026,4,13,17,32.2,NASA POWER,https://power.larc.nasa.gov/,T2M - Air Temperature at 2 m (°C),SOA ITER neighbouring area (representative point),2026-03-01 to 2026-05-31
2026,4,13,18,29.99,NASA POWER,https://power.larc.nasa.gov/,T2M - Air Temperature at 2 m (°C),SOA ITER neighbouring area (representative point),2026-03-01 to 2026-05-31
2026,4,13,19,28.87,NASA POWER,https://power.larc.nasa.gov/,T2M - Air Temperature at 2 m (°C),SOA ITER neighbouring area (representative point),2026-03-01 to 2026-05-31
2026,4,13,20,28.47,NASA POWER,https://power.larc.nasa.gov/,T2M - Air Temperature at 2 m (°C),SOA ITER neighbouring area (representative point),2026-03-01 to 2026-05-31
2026,4,13,21,28.29,NASA POWER,https://power.larc.nasa.gov/,T2M - Air Temperature at 2 m (°C),SOA ITER neighbouring area (representative point),2026-03-01 to 2026-05-31
2026,4,13,22,28.05,NASA POWER,https://power.larc.nasa.gov/,T2M - Air Temperature at 2 m (°C),SOA ITER neighbouring area (representative point),2026-03-01 to 2026-05-31
2026,4,13,23,27.77,NASA POWER,https://power.larc.nasa.gov/,T2M - Air Temperature at 2 m (°C),SOA ITER neighbouring area (representative point),2026-03-01 to 2026-05-31
2026,4,14,0,27.5,NASA POWER,https://power.larc.nasa.gov/,T2M - Air Temperature at 2 m (°C),SOA ITER neighbouring area (representative point),2026-03-01 to 2026-05-31
2026,4,14,1,27.19,NASA POWER,https://power.larc.nasa.gov/,T2M - Air Temperature at 2 m (°C),SOA ITER neighbouring area (representative point),2026-03-01 to 2026-05-31
2026,4,14,2,26.84,NASA POWER,https://power.larc.nasa.gov/,T2M - Air Temperature at 2 m (°C),SOA ITER neighbouring area (representative point),2026-03-01 to 2026-05-31
2026,4,14,3,26.53,NASA POWER,https://power.larc.nasa.gov/,T2M - Air Temperature at 2 m (°C),SOA ITER neighbouring area (representative point),2026-03-01 to 2026-05-31
2026,4,14,4,26.29,NASA POWER,https://power.larc.nasa.gov/,T2M - Air Temperature at 2 m (°C),SOA ITER neighbouring area (representative point),2026-03-01 to 2026-05-31
2026,4,14,5,26.11,NASA POWER,https://power.larc.nasa.gov/,T2M - Air Temperature at 2 m (°C),SOA ITER neighbouring area (representative point),2026-03-01 to 2026-05-31
2026,4,14,6,26.67,NASA POWER,https://power.larc.nasa.gov/,T2M - Air Temperature at 2 m (°C),SOA ITER neighbouring area (representative point),2026-03-01 to 2026-05-31
2026,4,14,7,28.42,NASA POWER,https://power.larc.nasa.gov/,T2M - Air Temperature at 2 m (°C),SOA ITER neighbouring area (representative point),2026-03-01 to 2026-05-31
2026,4,14,8,30.56,NASA POWER,https://power.larc.nasa.gov/,T2M - Air Temperature at 2 m (°C),SOA ITER neighbouring area (representative point),2026-03-01 to 2026-05-31
2026,4,14,9,33.0,NASA POWER,https://power.larc.nasa.gov/,T2M - Air Temperature at 2 m (°C),SOA ITER neighbouring area (representative point),2026-03-01 to 2026-05-31
2026,4,14,10,34.87,NASA POWER,https://power.larc.nasa.gov/,T2M - Air Temperature at 2 m (°C),SOA ITER neighbouring area (representative point),2026-03-01 to 2026-05-31
2026,4,14,11,36.33,NASA POWER,https://power.larc.nasa.gov/,T2M - Air Temperature at 2 m (°C),SOA ITER neighbouring area (representative point),2026-03-01 to 2026-05-31
2026,4,14,12,37.22,NASA POWER,https://power.larc.nasa.gov/,T2M - Air Temperature at 2 m (°C),SOA ITER neighbouring area (representative point),2026-03-01 to 2026-05-31
2026,4,14,13,37.65,NASA POWER,https://power.larc.nasa.gov/,T2M - Air Temperature at 2 m (°C),SOA ITER neighbouring area (representative point),2026-03-01 to 2026-05-31
2026,4,14,14,37.59,NASA POWER,https://power.larc.nasa.gov/,T2M - Air Temperature at 2 m (°C),SOA ITER neighbouring area (representative point),2026-03-01 to 2026-05-31
2026,4,14,15,36.86,NASA POWER,https://power.larc.nasa.gov/,T2M - Air Temperature at 2 m (°C),SOA ITER neighbouring area (representative point),2026-03-01 to 2026-05-31
2026,4,14,16,35.64,NASA POWER,https://power.larc.nasa.gov/,T2M - Air Temperature at 2 m (°C),SOA ITER neighbouring area (representative point),2026-03-01 to 2026-05-31
2026,4,14,17,33.75,NASA POWER,https://power.larc.nasa.gov/,T2M - Air Temperature at 2 m (°C),SOA ITER neighbouring area (representative point),2026-03-01 to 2026-05-31
2026,4,14,18,31.35,NASA POWER,https://power.larc.nasa.gov/,T2M - Air Temperature at 2 m (°C),SOA ITER neighbouring area (representative point),2026-03-01 to 2026-05-31
2026,4,14,19,29.71,NASA POWER,https://power.larc.nasa.gov/,T2M - Air Temperature at 2 m (°C),SOA ITER neighbouring area (representative point),2026-03-01 to 2026-05-31
2026,4,14,20,28.95,NASA POWER,https://power.larc.nasa.gov/,T2M - Air Temperature at 2 m (°C),SOA ITER neighbouring area (representative point),2026-03-01 to 2026-05-31
2026,4,14,21,28.64,NASA POWER,https://power.larc.nasa.gov/,T2M - Air Temperature at 2 m (°C),SOA ITER neighbouring area (representative point),2026-03-01 to 2026-05-31
2026,4,14,22,28.47,NASA POWER,https://power.larc.nasa.gov/,T2M - Air Temperature at 2 m (°C),SOA ITER neighbouring area (representative point),2026-03-01 to 2026-05-31
2026,4,14,23,28.24,NASA POWER,https://power.larc.nasa.gov/,T2M - Air Temperature at 2 m (°C),SOA ITER neighbouring area (representative point),2026-03-01 to 2026-05-31
2026,4,15,0,27.95,NASA POWER,https://power.larc.nasa.gov/,T2M - Air Temperature at 2 m (°C),SOA ITER neighbouring area (representative point),2026-03-01 to 2026-05-31
2026,4,15,1,27.67,NASA POWER,https://power.larc.nasa.gov/,T2M - Air Temperature at 2 m (°C),SOA ITER neighbouring area (representative point),2026-03-01 to 2026-05-31
2026,4,15,2,27.39,NASA POWER,https://power.larc.nasa.gov/,T2M - Air Temperature at 2 m (°C),SOA ITER neighbouring area (representative point),2026-03-01 to 2026-05-31
2026,4,15,3,27.19,NASA POWER,https://power.larc.nasa.gov/,T2M - Air Temperature at 2 m (°C),SOA ITER neighbouring area (representative point),2026-03-01 to 2026-05-31
2026,4,15,4,27.05,NASA POWER,https://power.larc.nasa.gov/,T2M - Air Temperature at 2 m (°C),SOA ITER neighbouring area (representative point),2026-03-01 to 2026-05-31
2026,4,15,5,26.93,NASA POWER,https://power.larc.nasa.gov/,T2M - Air Temperature at 2 m (°C),SOA ITER neighbouring area (representative point),2026-03-01 to 2026-05-31
2026,4,15,6,27.31,NASA POWER,https://power.larc.nasa.gov/,T2M - Air Temperature at 2 m (°C),SOA ITER neighbouring area (representative point),2026-03-01 to 2026-05-31
2026,4,15,7,28.86,NASA POWER,https://power.larc.nasa.gov/,T2M - Air Temperature at 2 m (°C),SOA ITER neighbouring area (representative point),2026-03-01 to 2026-05-31
2026,4,15,8,30.77,NASA POWER,https://power.larc.nasa.gov/,T2M - Air Temperature at 2 m (°C),SOA ITER neighbouring area (representative point),2026-03-01 to 2026-05-31
2026,4,15,9,32.64,NASA POWER,https://power.larc.nasa.gov/,T2M - Air Temperature at 2 m (°C),SOA ITER neighbouring area (representative point),2026-03-01 to 2026-05-31
2026,4,15,10,34.4,NASA POWER,https://power.larc.nasa.gov/,T2M - Air Temperature at 2 m (°C),SOA ITER neighbouring area (representative point),2026-03-01 to 2026-05-31
2026,4,15,11,35.74,NASA POWER,https://power.larc.nasa.gov/,T2M - Air Temperature at 2 m (°C),SOA ITER neighbouring area (representative point),2026-03-01 to 2026-05-31
2026,4,15,12,36.6,NASA POWER,https://power.larc.nasa.gov/,T2M - Air Temperature at 2 m (°C),SOA ITER neighbouring area (representative point),2026-03-01 to 2026-05-31
2026,4,15,13,36.97,NASA POWER,https://power.larc.nasa.gov/,T2M - Air Temperature at 2 m (°C),SOA ITER neighbouring area (representative point),2026-03-01 to 2026-05-31
2026,4,15,14,36.78,NASA POWER,https://power.larc.nasa.gov/,T2M - Air Temperature at 2 m (°C),SOA ITER neighbouring area (representative point),2026-03-01 to 2026-05-31
2026,4,15,15,36.04,NASA POWER,https://power.larc.nasa.gov/,T2M - Air Temperature at 2 m (°C),SOA ITER neighbouring area (representative point),2026-03-01 to 2026-05-31
2026,4,15,16,34.56,NASA POWER,https://power.larc.nasa.gov/,T2M - Air Temperature at 2 m (°C),SOA ITER neighbouring area (representative point),2026-03-01 to 2026-05-31
2026,4,15,17,32.47,NASA POWER,https://power.larc.nasa.gov/,T2M - Air Temperature at 2 m (°C),SOA ITER neighbouring area (representative point),2026-03-01 to 2026-05-31
2026,4,15,18,30.35,NASA POWER,https://power.larc.nasa.gov/,T2M - Air Temperature at 2 m (°C),SOA ITER neighbouring area (representative point),2026-03-01 to 2026-05-31
2026,4,15,19,29.2,NASA POWER,https://power.larc.nasa.gov/,T2M - Air Temperature at 2 m (°C),SOA ITER neighbouring area (representative point),2026-03-01 to 2026-05-31
2026,4,15,20,28.84,NASA POWER,https://power.larc.nasa.gov/,T2M - Air Temperature at 2 m (°C),SOA ITER neighbouring area (representative point),2026-03-01 to 2026-05-31
2026,4,15,21,28.72,NASA POWER,https://power.larc.nasa.gov/,T2M - Air Temperature at 2 m (°C),SOA ITER neighbouring area (representative point),2026-03-01 to 2026-05-31
2026,4,15,22,28.57,NASA POWER,https://power.larc.nasa.gov/,T2M - Air Temperature at 2 m (°C),SOA ITER neighbouring area (representative point),2026-03-01 to 2026-05-31
2026,4,15,23,28.33,NASA POWER,https://power.larc.nasa.gov/,T2M - Air Temperature at 2 m (°C),SOA ITER neighbouring area (representative point),2026-03-01 to 2026-05-31
2026,4,16,0,28.09,NASA POWER,https://power.larc.nasa.gov/,T2M - Air Temperature at 2 m (°C),SOA ITER neighbouring area (representative point),2026-03-01 to 2026-05-31
2026,4,16,1,27.83,NASA POWER,https://power.larc.nasa.gov/,T2M - Air Temperature at 2 m (°C),SOA ITER neighbouring area (representative point),2026-03-01 to 2026-05-31
2026,4,16,2,27.63,NASA POWER,https://power.larc.nasa.gov/,T2M - Air Temperature at 2 m (°C),SOA ITER neighbouring area (representative point),2026-03-01 to 2026-05-31
2026,4,16,3,27.47,NASA POWER,https://power.larc.nasa.gov/,T2M - Air Temperature at 2 m (°C),SOA ITER neighbouring area (representative point),2026-03-01 to 2026-05-31
2026,4,16,4,27.35,NASA POWER,https://power.larc.nasa.gov/,T2M - Air Temperature at 2 m (°C),SOA ITER neighbouring area (representative point),2026-03-01 to 2026-05-31
2026,4,16,5,27.26,NASA POWER,https://power.larc.nasa.gov/,T2M - Air Temperature at 2 m (°C),SOA ITER neighbouring area (representative point),2026-03-01 to 2026-05-31
2026,4,16,6,27.54,NASA POWER,https://power.larc.nasa.gov/,T2M - Air Temperature at 2 m (°C),SOA ITER neighbouring area (representative point),2026-03-01 to 2026-05-31
2026,4,16,7,29.03,NASA POWER,https://power.larc.nasa.gov/,T2M - Air Temperature at 2 m (°C),SOA ITER neighbouring area (representative point),2026-03-01 to 2026-05-31
2026,4,16,8,31.0,NASA POWER,https://power.larc.nasa.gov/,T2M - Air Temperature at 2 m (°C),SOA ITER neighbouring area (representative point),2026-03-01 to 2026-05-31
2026,4,16,9,32.87,NASA POWER,https://power.larc.nasa.gov/,T2M - Air Temperature at 2 m (°C),SOA ITER neighbouring area (representative point),2026-03-01 to 2026-05-31
2026,4,16,10,34.58,NASA POWER,https://power.larc.nasa.gov/,T2M - Air Temperature at 2 m (°C),SOA ITER neighbouring area (representative point),2026-03-01 to 2026-05-31
2026,4,16,11,35.84,NASA POWER,https://power.larc.nasa.gov/,T2M - Air Temperature at 2 m (°C),SOA ITER neighbouring area (representative point),2026-03-01 to 2026-05-31
2026,4,16,12,36.52,NASA POWER,https://power.larc.nasa.gov/,T2M - Air Temperature at 2 m (°C),SOA ITER neighbouring area (representative point),2026-03-01 to 2026-05-31
2026,4,16,13,36.61,NASA POWER,https://power.larc.nasa.gov/,T2M - Air Temperature at 2 m (°C),SOA ITER neighbouring area (representative point),2026-03-01 to 2026-05-31
2026,4,16,14,36.13,NASA POWER,https://power.larc.nasa.gov/,T2M - Air Temperature at 2 m (°C),SOA ITER neighbouring area (representative point),2026-03-01 to 2026-05-31
2026,4,16,15,35.1,NASA POWER,https://power.larc.nasa.gov/,T2M - Air Temperature at 2 m (°C),SOA ITER neighbouring area (representative point),2026-03-01 to 2026-05-31
2026,4,16,16,33.52,NASA POWER,https://power.larc.nasa.gov/,T2M - Air Temperature at 2 m (°C),SOA ITER neighbouring area (representative point),2026-03-01 to 2026-05-31
2026,4,16,17,31.55,NASA POWER,https://power.larc.nasa.gov/,T2M - Air Temperature at 2 m (°C),SOA ITER neighbouring area (representative point),2026-03-01 to 2026-05-31
2026,4,16,18,29.75,NASA POWER,https://power.larc.nasa.gov/,T2M - Air Temperature at 2 m (°C),SOA ITER neighbouring area (representative point),2026-03-01 to 2026-05-31
2026,4,16,19,28.82,NASA POWER,https://power.larc.nasa.gov/,T2M - Air Temperature at 2 m (°C),SOA ITER neighbouring area (representative point),2026-03-01 to 2026-05-31
2026,4,16,20,28.38,NASA POWER,https://power.larc.nasa.gov/,T2M - Air Temperature at 2 m (°C),SOA ITER neighbouring area (representative point),2026-03-01 to 2026-05-31
2026,4,16,21,28.17,NASA POWER,https://power.larc.nasa.gov/,T2M - Air Temperature at 2 m (°C),SOA ITER neighbouring area (representative point),2026-03-01 to 2026-05-31
2026,4,16,22,27.99,NASA POWER,https://power.larc.nasa.gov/,T2M - Air Temperature at 2 m (°C),SOA ITER neighbouring area (representative point),2026-03-01 to 2026-05-31
2026,4,16,23,27.75,NASA POWER,https://power.larc.nasa.gov/,T2M - Air Temperature at 2 m (°C),SOA ITER neighbouring area (representative point),2026-03-01 to 2026-05-31
2026,4,17,0,27.47,NASA POWER,https://power.larc.nasa.gov/,T2M - Air Temperature at 2 m (°C),SOA ITER neighbouring area (representative point),2026-03-01 to 2026-05-31
2026,4,17,1,27.25,NASA POWER,https://power.larc.nasa.gov/,T2M - Air Temperature at 2 m (°C),SOA ITER neighbouring area (representative point),2026-03-01 to 2026-05-31
2026,4,17,2,27.09,NASA POWER,https://power.larc.nasa.gov/,T2M - Air Temperature at 2 m (°C),SOA ITER neighbouring area (representative point),2026-03-01 to 2026-05-31
2026,4,17,3,26.94,NASA POWER,https://power.larc.nasa.gov/,T2M - Air Temperature at 2 m (°C),SOA ITER neighbouring area (representative point),2026-03-01 to 2026-05-31
2026,4,17,4,26.84,NASA POWER,https://power.larc.nasa.gov/,T2M - Air Temperature at 2 m (°C),SOA ITER neighbouring area (representative point),2026-03-01 to 2026-05-31
2026,4,17,5,26.72,NASA POWER,https://power.larc.nasa.gov/,T2M - Air Temperature at 2 m (°C),SOA ITER neighbouring area (representative point),2026-03-01 to 2026-05-31
2026,4,17,6,27.14,NASA POWER,https://power.larc.nasa.gov/,T2M - Air Temperature at 2 m (°C),SOA ITER neighbouring area (representative point),2026-03-01 to 2026-05-31
2026,4,17,7,28.82,NASA POWER,https://power.larc.nasa.gov/,T2M - Air Temperature at 2 m (°C),SOA ITER neighbouring area (representative point),2026-03-01 to 2026-05-31
2026,4,17,8,30.96,NASA POWER,https://power.larc.nasa.gov/,T2M - Air Temperature at 2 m (°C),SOA ITER neighbouring area (representative point),2026-03-01 to 2026-05-31
2026,4,17,9,33.13,NASA POWER,https://power.larc.nasa.gov/,T2M - Air Temperature at 2 m (°C),SOA ITER neighbouring area (representative point),2026-03-01 to 2026-05-31
2026,4,17,10,35.02,NASA POWER,https://power.larc.nasa.gov/,T2M - Air Temperature at 2 m (°C),SOA ITER neighbouring area (representative point),2026-03-01 to 2026-05-31
2026,4,17,11,36.4,NASA POWER,https://power.larc.nasa.gov/,T2M - Air Temperature at 2 m (°C),SOA ITER neighbouring area (representative point),2026-03-01 to 2026-05-31
2026,4,17,12,37.23,NASA POWER,https://power.larc.nasa.gov/,T2M - Air Temperature at 2 m (°C),SOA ITER neighbouring area (representative point),2026-03-01 to 2026-05-31
2026,4,17,13,37.53,NASA POWER,https://power.larc.nasa.gov/,T2M - Air Temperature at 2 m (°C),SOA ITER neighbouring area (representative point),2026-03-01 to 2026-05-31
2026,4,17,14,37.24,NASA POWER,https://power.larc.nasa.gov/,T2M - Air Temperature at 2 m (°C),SOA ITER neighbouring area (representative point),2026-03-01 to 2026-05-31
2026,4,17,15,36.3,NASA POWER,https://power.larc.nasa.gov/,T2M - Air Temperature at 2 m (°C),SOA ITER neighbouring area (representative point),2026-03-01 to 2026-05-31
2026,4,17,16,34.87,NASA POWER,https://power.larc.nasa.gov/,T2M - Air Temperature at 2 m (°C),SOA ITER neighbouring area (representative point),2026-03-01 to 2026-05-31
2026,4,17,17,32.79,NASA POWER,https://power.larc.nasa.gov/,T2M - Air Temperature at 2 m (°C),SOA ITER neighbouring area (representative point),2026-03-01 to 2026-05-31
2026,4,17,18,30.54,NASA POWER,https://power.larc.nasa.gov/,T2M - Air Temperature at 2 m (°C),SOA ITER neighbouring area (representative point),2026-03-01 to 2026-05-31
2026,4,17,19,29.14,NASA POWER,https://power.larc.nasa.gov/,T2M - Air Temperature at 2 m (°C),SOA ITER neighbouring area (representative point),2026-03-01 to 2026-05-31
2026,4,17,20,28.55,NASA POWER,https://power.larc.nasa.gov/,T2M - Air Temperature at 2 m (°C),SOA ITER neighbouring area (representative point),2026-03-01 to 2026-05-31
2026,4,17,21,28.24,NASA POWER,https://power.larc.nasa.gov/,T2M - Air Temperature at 2 m (°C),SOA ITER neighbouring area (representative point),2026-03-01 to 2026-05-31
2026,4,17,22,28.02,NASA POWER,https://power.larc.nasa.gov/,T2M - Air Temperature at 2 m (°C),SOA ITER neighbouring area (representative point),2026-03-01 to 2026-05-31
2026,4,17,23,27.76,NASA POWER,https://power.larc.nasa.gov/,T2M - Air Temperature at 2 m (°C),SOA ITER neighbouring area (representative point),2026-03-01 to 2026-05-31
2026,4,18,0,27.5,NASA POWER,https://power.larc.nasa.gov/,T2M - Air Temperature at 2 m (°C),SOA ITER neighbouring area (representative point),2026-03-01 to 2026-05-31
2026,4,18,1,27.34,NASA POWER,https://power.larc.nasa.gov/,T2M - Air Temperature at 2 m (°C),SOA ITER neighbouring area (representative point),2026-03-01 to 2026-05-31
2026,4,18,2,27.25,NASA POWER,https://power.larc.nasa.gov/,T2M - Air Temperature at 2 m (°C),SOA ITER neighbouring area (representative point),2026-03-01 to 2026-05-31
2026,4,18,3,27.18,NASA POWER,https://power.larc.nasa.gov/,T2M - Air Temperature at 2 m (°C),SOA ITER neighbouring area (representative point),2026-03-01 to 2026-05-31
2026,4,18,4,27.06,NASA POWER,https://power.larc.nasa.gov/,T2M - Air Temperature at 2 m (°C),SOA ITER neighbouring area (representative point),2026-03-01 to 2026-05-31
2026,4,18,5,26.87,NASA POWER,https://power.larc.nasa.gov/,T2M - Air Temperature at 2 m (°C),SOA ITER neighbouring area (representative point),2026-03-01 to 2026-05-31
2026,4,18,6,27.28,NASA POWER,https://power.larc.nasa.gov/,T2M - Air Temperature at 2 m (°C),SOA ITER neighbouring area (representative point),2026-03-01 to 2026-05-31
2026,4,18,7,28.58,NASA POWER,https://power.larc.nasa.gov/,T2M - Air Temperature at 2 m (°C),SOA ITER neighbouring area (representative point),2026-03-01 to 2026-05-31
2026,4,18,8,30.36,NASA POWER,https://power.larc.nasa.gov/,T2M - Air Temperature at 2 m (°C),SOA ITER neighbouring area (representative point),2026-03-01 to 2026-05-31
2026,4,18,9,32.1,NASA POWER,https://power.larc.nasa.gov/,T2M - Air Temperature at 2 m (°C),SOA ITER neighbouring area (representative point),2026-03-01 to 2026-05-31
2026,4,18,10,33.97,NASA POWER,https://power.larc.nasa.gov/,T2M - Air Temperature at 2 m (°C),SOA ITER neighbouring area (representative point),2026-03-01 to 2026-05-31
2026,4,18,11,35.5,NASA POWER,https://power.larc.nasa.gov/,T2M - Air Temperature at 2 m (°C),SOA ITER neighbouring area (representative point),2026-03-01 to 2026-05-31
2026,4,18,12,36.37,NASA POWER,https://power.larc.nasa.gov/,T2M - Air Temperature at 2 m (°C),SOA ITER neighbouring area (representative point),2026-03-01 to 2026-05-31
2026,4,18,13,36.64,NASA POWER,https://power.larc.nasa.gov/,T2M - Air Temperature at 2 m (°C),SOA ITER neighbouring area (representative point),2026-03-01 to 2026-05-31
2026,4,18,14,36.41,NASA POWER,https://power.larc.nasa.gov/,T2M - Air Temperature at 2 m (°C),SOA ITER neighbouring area (representative point),2026-03-01 to 2026-05-31
2026,4,18,15,35.72,NASA POWER,https://power.larc.nasa.gov/,T2M - Air Temperature at 2 m (°C),SOA ITER neighbouring area (representative point),2026-03-01 to 2026-05-31
2026,4,18,16,34.65,NASA POWER,https://power.larc.nasa.gov/,T2M - Air Temperature at 2 m (°C),SOA ITER neighbouring area (representative point),2026-03-01 to 2026-05-31
2026,4,18,17,32.96,NASA POWER,https://power.larc.nasa.gov/,T2M - Air Temperature at 2 m (°C),SOA ITER neighbouring area (representative point),2026-03-01 to 2026-05-31
2026,4,18,18,30.8,NASA POWER,https://power.larc.nasa.gov/,T2M - Air Temperature at 2 m (°C),SOA ITER neighbouring area (representative point),2026-03-01 to 2026-05-31
2026,4,18,19,29.34,NASA POWER,https://power.larc.nasa.gov/,T2M - Air Temperature at 2 m (°C),SOA ITER neighbouring area (representative point),2026-03-01 to 2026-05-31
2026,4,18,20,28.72,NASA POWER,https://power.larc.nasa.gov/,T2M - Air Temperature at 2 m (°C),SOA ITER neighbouring area (representative point),2026-03-01 to 2026-05-31
2026,4,18,21,28.45,NASA POWER,https://power.larc.nasa.gov/,T2M - Air Temperature at 2 m (°C),SOA ITER neighbouring area (representative point),2026-03-01 to 2026-05-31
2026,4,18,22,28.29,NASA POWER,https://power.larc.nasa.gov/,T2M - Air Temperature at 2 m (°C),SOA ITER neighbouring area (representative point),2026-03-01 to 2026-05-31
2026,4,18,23,28.1,NASA POWER,https://power.larc.nasa.gov/,T2M - Air Temperature at 2 m (°C),SOA ITER neighbouring area (representative point),2026-03-01 to 2026-05-31
2026,4,19,0,27.86,NASA POWER,https://power.larc.nasa.gov/,T2M - Air Temperature at 2 m (°C),SOA ITER neighbouring area (representative point),2026-03-01 to 2026-05-31
2026,4,19,1,27.58,NASA POWER,https://power.larc.nasa.gov/,T2M - Air Temperature at 2 m (°C),SOA ITER neighbouring area (representative point),2026-03-01 to 2026-05-31
2026,4,19,2,27.34,NASA POWER,https://power.larc.nasa.gov/,T2M - Air Temperature at 2 m (°C),SOA ITER neighbouring area (representative point),2026-03-01 to 2026-05-31
2026,4,19,3,27.16,NASA POWER,https://power.larc.nasa.gov/,T2M - Air Temperature at 2 m (°C),SOA ITER neighbouring area (representative point),2026-03-01 to 2026-05-31
2026,4,19,4,26.93,NASA POWER,https://power.larc.nasa.gov/,T2M - Air Temperature at 2 m (°C),SOA ITER neighbouring area (representative point),2026-03-01 to 2026-05-31
2026,4,19,5,26.76,NASA POWER,https://power.larc.nasa.gov/,T2M - Air Temperature at 2 m (°C),SOA ITER neighbouring area (representative point),2026-03-01 to 2026-05-31
2026,4,19,6,27.18,NASA POWER,https://power.larc.nasa.gov/,T2M - Air Temperature at 2 m (°C),SOA ITER neighbouring area (representative point),2026-03-01 to 2026-05-31
2026,4,19,7,28.57,NASA POWER,https://power.larc.nasa.gov/,T2M - Air Temperature at 2 m (°C),SOA ITER neighbouring area (representative point),2026-03-01 to 2026-05-31
2026,4,19,8,30.4,NASA POWER,https://power.larc.nasa.gov/,T2M - Air Temperature at 2 m (°C),SOA ITER neighbouring area (representative point),2026-03-01 to 2026-05-31
2026,4,19,9,32.28,NASA POWER,https://power.larc.nasa.gov/,T2M - Air Temperature at 2 m (°C),SOA ITER neighbouring area (representative point),2026-03-01 to 2026-05-31
2026,4,19,10,33.96,NASA POWER,https://power.larc.nasa.gov/,T2M - Air Temperature at 2 m (°C),SOA ITER neighbouring area (representative point),2026-03-01 to 2026-05-31
2026,4,19,11,35.26,NASA POWER,https://power.larc.nasa.gov/,T2M - Air Temperature at 2 m (°C),SOA ITER neighbouring area (representative point),2026-03-01 to 2026-05-31
2026,4,19,12,36.05,NASA POWER,https://power.larc.nasa.gov/,T2M - Air Temperature at 2 m (°C),SOA ITER neighbouring area (representative point),2026-03-01 to 2026-05-31
2026,4,19,13,36.3,NASA POWER,https://power.larc.nasa.gov/,T2M - Air Temperature at 2 m (°C),SOA ITER neighbouring area (representative point),2026-03-01 to 2026-05-31
2026,4,19,14,36.06,NASA POWER,https://power.larc.nasa.gov/,T2M - Air Temperature at 2 m (°C),SOA ITER neighbouring area (representative point),2026-03-01 to 2026-05-31
2026,4,19,15,35.42,NASA POWER,https://power.larc.nasa.gov/,T2M - Air Temperature at 2 m (°C),SOA ITER neighbouring area (representative point),2026-03-01 to 2026-05-31
2026,4,19,16,34.11,NASA POWER,https://power.larc.nasa.gov/,T2M - Air Temperature at 2 m (°C),SOA ITER neighbouring area (representative point),2026-03-01 to 2026-05-31
2026,4,19,17,32.31,NASA POWER,https://power.larc.nasa.gov/,T2M - Air Temperature at 2 m (°C),SOA ITER neighbouring area (representative point),2026-03-01 to 2026-05-31
2026,4,19,18,30.45,NASA POWER,https://power.larc.nasa.gov/,T2M - Air Temperature at 2 m (°C),SOA ITER neighbouring area (representative point),2026-03-01 to 2026-05-31
2026,4,19,19,29.4,NASA POWER,https://power.larc.nasa.gov/,T2M - Air Temperature at 2 m (°C),SOA ITER neighbouring area (representative point),2026-03-01 to 2026-05-31
2026,4,19,20,28.94,NASA POWER,https://power.larc.nasa.gov/,T2M - Air Temperature at 2 m (°C),SOA ITER neighbouring area (representative point),2026-03-01 to 2026-05-31
2026,4,19,21,28.63,NASA POWER,https://power.larc.nasa.gov/,T2M - Air Temperature at 2 m (°C),SOA ITER neighbouring area (representative point),2026-03-01 to 2026-05-31
2026,4,19,22,28.36,NASA POWER,https://power.larc.nasa.gov/,T2M - Air Temperature at 2 m (°C),SOA ITER neighbouring area (representative point),2026-03-01 to 2026-05-31
2026,4,19,23,28.11,NASA POWER,https://power.larc.nasa.gov/,T2M - Air Temperature at 2 m (°C),SOA ITER neighbouring area (representative point),2026-03-01 to 2026-05-31
2026,4,20,0,27.96,NASA POWER,https://power.larc.nasa.gov/,T2M - Air Temperature at 2 m (°C),SOA ITER neighbouring area (representative point),2026-03-01 to 2026-05-31
2026,4,20,1,27.81,NASA POWER,https://power.larc.nasa.gov/,T2M - Air Temperature at 2 m (°C),SOA ITER neighbouring area (representative point),2026-03-01 to 2026-05-31
2026,4,20,2,27.64,NASA POWER,https://power.larc.nasa.gov/,T2M - Air Temperature at 2 m (°C),SOA ITER neighbouring area (representative point),2026-03-01 to 2026-05-31
2026,4,20,3,27.5,NASA POWER,https://power.larc.nasa.gov/,T2M - Air Temperature at 2 m (°C),SOA ITER neighbouring area (representative point),2026-03-01 to 2026-05-31
2026,4,20,4,27.35,NASA POWER,https://power.larc.nasa.gov/,T2M - Air Temperature at 2 m (°C),SOA ITER neighbouring area (representative point),2026-03-01 to 2026-05-31
2026,4,20,5,27.15,NASA POWER,https://power.larc.nasa.gov/,T2M - Air Temperature at 2 m (°C),SOA ITER neighbouring area (representative point),2026-03-01 to 2026-05-31
2026,4,20,6,27.48,NASA POWER,https://power.larc.nasa.gov/,T2M - Air Temperature at 2 m (°C),SOA ITER neighbouring area (representative point),2026-03-01 to 2026-05-31
2026,4,20,7,29.02,NASA POWER,https://power.larc.nasa.gov/,T2M - Air Temperature at 2 m (°C),SOA ITER neighbouring area (representative point),2026-03-01 to 2026-05-31
2026,4,20,8,31.25,NASA POWER,https://power.larc.nasa.gov/,T2M - Air Temperature at 2 m (°C),SOA ITER neighbouring area (representative point),2026-03-01 to 2026-05-31
2026,4,20,9,33.27,NASA POWER,https://power.larc.nasa.gov/,T2M - Air Temperature at 2 m (°C),SOA ITER neighbouring area (representative point),2026-03-01 to 2026-05-31
2026,4,20,10,35.18,NASA POWER,https://power.larc.nasa.gov/,T2M - Air Temperature at 2 m (°C),SOA ITER neighbouring area (representative point),2026-03-01 to 2026-05-31
2026,4,20,11,36.76,NASA POWER,https://power.larc.nasa.gov/,T2M - Air Temperature at 2 m (°C),SOA ITER neighbouring area (representative point),2026-03-01 to 2026-05-31
2026,4,20,12,37.85,NASA POWER,https://power.larc.nasa.gov/,T2M - Air Temperature at 2 m (°C),SOA ITER neighbouring area (representative point),2026-03-01 to 2026-05-31
2026,4,20,13,38.15,NASA POWER,https://power.larc.nasa.gov/,T2M - Air Temperature at 2 m (°C),SOA ITER neighbouring area (representative point),2026-03-01 to 2026-05-31
2026,4,20,14,37.63,NASA POWER,https://power.larc.nasa.gov/,T2M - Air Temperature at 2 m (°C),SOA ITER neighbouring area (representative point),2026-03-01 to 2026-05-31
2026,4,20,15,36.48,NASA POWER,https://power.larc.nasa.gov/,T2M - Air Temperature at 2 m (°C),SOA ITER neighbouring area (representative point),2026-03-01 to 2026-05-31
2026,4,20,16,34.64,NASA POWER,https://power.larc.nasa.gov/,T2M - Air Temperature at 2 m (°C),SOA ITER neighbouring area (representative point),2026-03-01 to 2026-05-31
2026,4,20,17,32.45,NASA POWER,https://power.larc.nasa.gov/,T2M - Air Temperature at 2 m (°C),SOA ITER neighbouring area (representative point),2026-03-01 to 2026-05-31
2026,4,20,18,30.56,NASA POWER,https://power.larc.nasa.gov/,T2M - Air Temperature at 2 m (°C),SOA ITER neighbouring area (representative point),2026-03-01 to 2026-05-31
2026,4,20,19,29.75,NASA POWER,https://power.larc.nasa.gov/,T2M - Air Temperature at 2 m (°C),SOA ITER neighbouring area (representative point),2026-03-01 to 2026-05-31
2026,4,20,20,29.59,NASA POWER,https://power.larc.nasa.gov/,T2M - Air Temperature at 2 m (°C),SOA ITER neighbouring area (representative point),2026-03-01 to 2026-05-31
2026,4,20,21,29.42,NASA POWER,https://power.larc.nasa.gov/,T2M - Air Temperature at 2 m (°C),SOA ITER neighbouring area (representative point),2026-03-01 to 2026-05-31
2026,4,20,22,29.21,NASA POWER,https://power.larc.nasa.gov/,T2M - Air Temperature at 2 m (°C),SOA ITER neighbouring area (representative point),2026-03-01 to 2026-05-31
2026,4,20,23,28.89,NASA POWER,https://power.larc.nasa.gov/,T2M - Air Temperature at 2 m (°C),SOA ITER neighbouring area (representative point),2026-03-01 to 2026-05-31
2026,4,21,0,28.62,NASA POWER,https://power.larc.nasa.gov/,T2M - Air Temperature at 2 m (°C),SOA ITER neighbouring area (representative point),2026-03-01 to 2026-05-31
2026,4,21,1,28.4,NASA POWER,https://power.larc.nasa.gov/,T2M - Air Temperature at 2 m (°C),SOA ITER neighbouring area (representative point),2026-03-01 to 2026-05-31
2026,4,21,2,28.19,NASA POWER,https://power.larc.nasa.gov/,T2M - Air Temperature at 2 m (°C),SOA ITER neighbouring area (representative point),2026-03-01 to 2026-05-31
2026,4,21,3,28.05,NASA POWER,https://power.larc.nasa.gov/,T2M - Air Temperature at 2 m (°C),SOA ITER neighbouring area (representative point),2026-03-01 to 2026-05-31
2026,4,21,4,27.97,NASA POWER,https://power.larc.nasa.gov/,T2M - Air Temperature at 2 m (°C),SOA ITER neighbouring area (representative point),2026-03-01 to 2026-05-31
2026,4,21,5,27.9,NASA POWER,https://power.larc.nasa.gov/,T2M - Air Temperature at 2 m (°C),SOA ITER neighbouring area (representative point),2026-03-01 to 2026-05-31
2026,4,21,6,28.12,NASA POWER,https://power.larc.nasa.gov/,T2M - Air Temperature at 2 m (°C),SOA ITER neighbouring area (representative point),2026-03-01 to 2026-05-31
2026,4,21,7,29.14,NASA POWER,https://power.larc.nasa.gov/,T2M - Air Temperature at 2 m (°C),SOA ITER neighbouring area (representative point),2026-03-01 to 2026-05-31
2026,4,21,8,31.35,NASA POWER,https://power.larc.nasa.gov/,T2M - Air Temperature at 2 m (°C),SOA ITER neighbouring area (representative point),2026-03-01 to 2026-05-31
2026,4,21,9,33.97,NASA POWER,https://power.larc.nasa.gov/,T2M - Air Temperature at 2 m (°C),SOA ITER neighbouring area (representative point),2026-03-01 to 2026-05-31
2026,4,21,10,36.16,NASA POWER,https://power.larc.nasa.gov/,T2M - Air Temperature at 2 m (°C),SOA ITER neighbouring area (representative point),2026-03-01 to 2026-05-31
2026,4,21,11,37.45,NASA POWER,https://power.larc.nasa.gov/,T2M - Air Temperature at 2 m (°C),SOA ITER neighbouring area (representative point),2026-03-01 to 2026-05-31
2026,4,21,12,38.16,NASA POWER,https://power.larc.nasa.gov/,T2M - Air Temperature at 2 m (°C),SOA ITER neighbouring area (representative point),2026-03-01 to 2026-05-31
2026,4,21,13,38.28,NASA POWER,https://power.larc.nasa.gov/,T2M - Air Temperature at 2 m (°C),SOA ITER neighbouring area (representative point),2026-03-01 to 2026-05-31
2026,4,21,14,37.89,NASA POWER,https://power.larc.nasa.gov/,T2M - Air Temperature at 2 m (°C),SOA ITER neighbouring area (representative point),2026-03-01 to 2026-05-31
2026,4,21,15,37.07,NASA POWER,https://power.larc.nasa.gov/,T2M - Air Temperature at 2 m (°C),SOA ITER neighbouring area (representative point),2026-03-01 to 2026-05-31
2026,4,21,16,35.99,NASA POWER,https://power.larc.nasa.gov/,T2M - Air Temperature at 2 m (°C),SOA ITER neighbouring area (representative point),2026-03-01 to 2026-05-31
2026,4,21,17,34.28,NASA POWER,https://power.larc.nasa.gov/,T2M - Air Temperature at 2 m (°C),SOA ITER neighbouring area (representative point),2026-03-01 to 2026-05-31
2026,4,21,18,31.84,NASA POWER,https://power.larc.nasa.gov/,T2M - Air Temperature at 2 m (°C),SOA ITER neighbouring area (representative point),2026-03-01 to 2026-05-31
2026,4,21,19,30.48,NASA POWER,https://power.larc.nasa.gov/,T2M - Air Temperature at 2 m (°C),SOA ITER neighbouring area (representative point),2026-03-01 to 2026-05-31
2026,4,21,20,29.8,NASA POWER,https://power.larc.nasa.gov/,T2M - Air Temperature at 2 m (°C),SOA ITER neighbouring area (representative point),2026-03-01 to 2026-05-31
2026,4,21,21,29.3,NASA POWER,https://power.larc.nasa.gov/,T2M - Air Temperature at 2 m (°C),SOA ITER neighbouring area (representative point),2026-03-01 to 2026-05-31
2026,4,21,22,28.98,NASA POWER,https://power.larc.nasa.gov/,T2M - Air Temperature at 2 m (°C),SOA ITER neighbouring area (representative point),2026-03-01 to 2026-05-31
2026,4,21,23,28.73,NASA POWER,https://power.larc.nasa.gov/,T2M - Air Temperature at 2 m (°C),SOA ITER neighbouring area (representative point),2026-03-01 to 2026-05-31
2026,4,22,0,28.57,NASA POWER,https://power.larc.nasa.gov/,T2M - Air Temperature at 2 m (°C),SOA ITER neighbouring area (representative point),2026-03-01 to 2026-05-31
2026,4,22,1,28.45,NASA POWER,https://power.larc.nasa.gov/,T2M - Air Temperature at 2 m (°C),SOA ITER neighbouring area (representative point),2026-03-01 to 2026-05-31
2026,4,22,2,28.35,NASA POWER,https://power.larc.nasa.gov/,T2M - Air Temperature at 2 m (°C),SOA ITER neighbouring area (representative point),2026-03-01 to 2026-05-31
2026,4,22,3,28.26,NASA POWER,https://power.larc.nasa.gov/,T2M - Air Temperature at 2 m (°C),SOA ITER neighbouring area (representative point),2026-03-01 to 2026-05-31
2026,4,22,4,28.05,NASA POWER,https://power.larc.nasa.gov/,T2M - Air Temperature at 2 m (°C),SOA ITER neighbouring area (representative point),2026-03-01 to 2026-05-31
2026,4,22,5,27.79,NASA POWER,https://power.larc.nasa.gov/,T2M - Air Temperature at 2 m (°C),SOA ITER neighbouring area (representative point),2026-03-01 to 2026-05-31
2026,4,22,6,28.26,NASA POWER,https://power.larc.nasa.gov/,T2M - Air Temperature at 2 m (°C),SOA ITER neighbouring area (representative point),2026-03-01 to 2026-05-31
2026,4,22,7,29.64,NASA POWER,https://power.larc.nasa.gov/,T2M - Air Temperature at 2 m (°C),SOA ITER neighbouring area (representative point),2026-03-01 to 2026-05-31
2026,4,22,8,31.78,NASA POWER,https://power.larc.nasa.gov/,T2M - Air Temperature at 2 m (°C),SOA ITER neighbouring area (representative point),2026-03-01 to 2026-05-31
2026,4,22,9,34.24,NASA POWER,https://power.larc.nasa.gov/,T2M - Air Temperature at 2 m (°C),SOA ITER neighbouring area (representative point),2026-03-01 to 2026-05-31
2026,4,22,10,36.34,NASA POWER,https://power.larc.nasa.gov/,T2M - Air Temperature at 2 m (°C),SOA ITER neighbouring area (representative point),2026-03-01 to 2026-05-31
2026,4,22,11,37.77,NASA POWER,https://power.larc.nasa.gov/,T2M - Air Temperature at 2 m (°C),SOA ITER neighbouring area (representative point),2026-03-01 to 2026-05-31
2026,4,22,12,38.66,NASA POWER,https://power.larc.nasa.gov/,T2M - Air Temperature at 2 m (°C),SOA ITER neighbouring area (representative point),2026-03-01 to 2026-05-31
2026,4,22,13,39.09,NASA POWER,https://power.larc.nasa.gov/,T2M - Air Temperature at 2 m (°C),SOA ITER neighbouring area (representative point),2026-03-01 to 2026-05-31
2026,4,22,14,39.06,NASA POWER,https://power.larc.nasa.gov/,T2M - Air Temperature at 2 m (°C),SOA ITER neighbouring area (representative point),2026-03-01 to 2026-05-31
2026,4,22,15,38.3,NASA POWER,https://power.larc.nasa.gov/,T2M - Air Temperature at 2 m (°C),SOA ITER neighbouring area (representative point),2026-03-01 to 2026-05-31
2026,4,22,16,36.7,NASA POWER,https://power.larc.nasa.gov/,T2M - Air Temperature at 2 m (°C),SOA ITER neighbouring area (representative point),2026-03-01 to 2026-05-31
2026,4,22,17,34.17,NASA POWER,https://power.larc.nasa.gov/,T2M - Air Temperature at 2 m (°C),SOA ITER neighbouring area (representative point),2026-03-01 to 2026-05-31
2026,4,22,18,31.7,NASA POWER,https://power.larc.nasa.gov/,T2M - Air Temperature at 2 m (°C),SOA ITER neighbouring area (representative point),2026-03-01 to 2026-05-31
2026,4,22,19,30.4,NASA POWER,https://power.larc.nasa.gov/,T2M - Air Temperature at 2 m (°C),SOA ITER neighbouring area (representative point),2026-03-01 to 2026-05-31
2026,4,22,20,29.78,NASA POWER,https://power.larc.nasa.gov/,T2M - Air Temperature at 2 m (°C),SOA ITER neighbouring area (representative point),2026-03-01 to 2026-05-31
2026,4,22,21,29.44,NASA POWER,https://power.larc.nasa.gov/,T2M - Air Temperature at 2 m (°C),SOA ITER neighbouring area (representative point),2026-03-01 to 2026-05-31
2026,4,22,22,29.1,NASA POWER,https://power.larc.nasa.gov/,T2M - Air Temperature at 2 m (°C),SOA ITER neighbouring area (representative point),2026-03-01 to 2026-05-31
2026,4,22,23,28.66,NASA POWER,https://power.larc.nasa.gov/,T2M - Air Temperature at 2 m (°C),SOA ITER neighbouring area (representative point),2026-03-01 to 2026-05-31
2026,4,23,0,28.21,NASA POWER,https://power.larc.nasa.gov/,T2M - Air Temperature at 2 m (°C),SOA ITER neighbouring area (representative point),2026-03-01 to 2026-05-31
2026,4,23,1,27.84,NASA POWER,https://power.larc.nasa.gov/,T2M - Air Temperature at 2 m (°C),SOA ITER neighbouring area (representative point),2026-03-01 to 2026-05-31
2026,4,23,2,27.63,NASA POWER,https://power.larc.nasa.gov/,T2M - Air Temperature at 2 m (°C),SOA ITER neighbouring area (representative point),2026-03-01 to 2026-05-31
2026,4,23,3,27.45,NASA POWER,https://power.larc.nasa.gov/,T2M - Air Temperature at 2 m (°C),SOA ITER neighbouring area (representative point),2026-03-01 to 2026-05-31
2026,4,23,4,27.06,NASA POWER,https://power.larc.nasa.gov/,T2M - Air Temperature at 2 m (°C),SOA ITER neighbouring area (representative point),2026-03-01 to 2026-05-31
2026,4,23,5,26.87,NASA POWER,https://power.larc.nasa.gov/,T2M - Air Temperature at 2 m (°C),SOA ITER neighbouring area (representative point),2026-03-01 to 2026-05-31
2026,4,23,6,27.5,NASA POWER,https://power.larc.nasa.gov/,T2M - Air Temperature at 2 m (°C),SOA ITER neighbouring area (representative point),2026-03-01 to 2026-05-31
2026,4,23,7,29.27,NASA POWER,https://power.larc.nasa.gov/,T2M - Air Temperature at 2 m (°C),SOA ITER neighbouring area (representative point),2026-03-01 to 2026-05-31
2026,4,23,8,31.54,NASA POWER,https://power.larc.nasa.gov/,T2M - Air Temperature at 2 m (°C),SOA ITER neighbouring area (representative point),2026-03-01 to 2026-05-31
2026,4,23,9,34.24,NASA POWER,https://power.larc.nasa.gov/,T2M - Air Temperature at 2 m (°C),SOA ITER neighbouring area (representative point),2026-03-01 to 2026-05-31
2026,4,23,10,36.43,NASA POWER,https://power.larc.nasa.gov/,T2M - Air Temperature at 2 m (°C),SOA ITER neighbouring area (representative point),2026-03-01 to 2026-05-31
2026,4,23,11,37.87,NASA POWER,https://power.larc.nasa.gov/,T2M - Air Temperature at 2 m (°C),SOA ITER neighbouring area (representative point),2026-03-01 to 2026-05-31
2026,4,23,12,39.16,NASA POWER,https://power.larc.nasa.gov/,T2M - Air Temperature at 2 m (°C),SOA ITER neighbouring area (representative point),2026-03-01 to 2026-05-31
2026,4,23,13,39.94,NASA POWER,https://power.larc.nasa.gov/,T2M - Air Temperature at 2 m (°C),SOA ITER neighbouring area (representative point),2026-03-01 to 2026-05-31
2026,4,23,14,39.43,NASA POWER,https://power.larc.nasa.gov/,T2M - Air Temperature at 2 m (°C),SOA ITER neighbouring area (representative point),2026-03-01 to 2026-05-31
2026,4,23,15,38.28,NASA POWER,https://power.larc.nasa.gov/,T2M - Air Temperature at 2 m (°C),SOA ITER neighbouring area (representative point),2026-03-01 to 2026-05-31
2026,4,23,16,36.72,NASA POWER,https://power.larc.nasa.gov/,T2M - Air Temperature at 2 m (°C),SOA ITER neighbouring area (representative point),2026-03-01 to 2026-05-31
2026,4,23,17,34.49,NASA POWER,https://power.larc.nasa.gov/,T2M - Air Temperature at 2 m (°C),SOA ITER neighbouring area (representative point),2026-03-01 to 2026-05-31
2026,4,23,18,31.79,NASA POWER,https://power.larc.nasa.gov/,T2M - Air Temperature at 2 m (°C),SOA ITER neighbouring area (representative point),2026-03-01 to 2026-05-31
2026,4,23,19,30.02,NASA POWER,https://power.larc.nasa.gov/,T2M - Air Temperature at 2 m (°C),SOA ITER neighbouring area (representative point),2026-03-01 to 2026-05-31
2026,4,23,20,29.1,NASA POWER,https://power.larc.nasa.gov/,T2M - Air Temperature at 2 m (°C),SOA ITER neighbouring area (representative point),2026-03-01 to 2026-05-31
2026,4,23,21,28.69,NASA POWER,https://power.larc.nasa.gov/,T2M - Air Temperature at 2 m (°C),SOA ITER neighbouring area (representative point),2026-03-01 to 2026-05-31
2026,4,23,22,28.44,NASA POWER,https://power.larc.nasa.gov/,T2M - Air Temperature at 2 m (°C),SOA ITER neighbouring area (representative point),2026-03-01 to 2026-05-31
2026,4,23,23,28.32,NASA POWER,https://power.larc.nasa.gov/,T2M - Air Temperature at 2 m (°C),SOA ITER neighbouring area (representative point),2026-03-01 to 2026-05-31
2026,4,24,0,28.2,NASA POWER,https://power.larc.nasa.gov/,T2M - Air Temperature at 2 m (°C),SOA ITER neighbouring area (representative point),2026-03-01 to 2026-05-31
2026,4,24,1,28.04,NASA POWER,https://power.larc.nasa.gov/,T2M - Air Temperature at 2 m (°C),SOA ITER neighbouring area (representative point),2026-03-01 to 2026-05-31
2026,4,24,2,27.82,NASA POWER,https://power.larc.nasa.gov/,T2M - Air Temperature at 2 m (°C),SOA ITER neighbouring area (representative point),2026-03-01 to 2026-05-31
2026,4,24,3,27.64,NASA POWER,https://power.larc.nasa.gov/,T2M - Air Temperature at 2 m (°C),SOA ITER neighbouring area (representative point),2026-03-01 to 2026-05-31
2026,4,24,4,27.57,NASA POWER,https://power.larc.nasa.gov/,T2M - Air Temperature at 2 m (°C),SOA ITER neighbouring area (representative point),2026-03-01 to 2026-05-31
2026,4,24,5,27.45,NASA POWER,https://power.larc.nasa.gov/,T2M - Air Temperature at 2 m (°C),SOA ITER neighbouring area (representative point),2026-03-01 to 2026-05-31
2026,4,24,6,27.87,NASA POWER,https://power.larc.nasa.gov/,T2M - Air Temperature at 2 m (°C),SOA ITER neighbouring area (representative point),2026-03-01 to 2026-05-31
2026,4,24,7,29.52,NASA POWER,https://power.larc.nasa.gov/,T2M - Air Temperature at 2 m (°C),SOA ITER neighbouring area (representative point),2026-03-01 to 2026-05-31
2026,4,24,8,31.44,NASA POWER,https://power.larc.nasa.gov/,T2M - Air Temperature at 2 m (°C),SOA ITER neighbouring area (representative point),2026-03-01 to 2026-05-31
2026,4,24,9,33.5,NASA POWER,https://power.larc.nasa.gov/,T2M - Air Temperature at 2 m (°C),SOA ITER neighbouring area (representative point),2026-03-01 to 2026-05-31
2026,4,24,10,35.44,NASA POWER,https://power.larc.nasa.gov/,T2M - Air Temperature at 2 m (°C),SOA ITER neighbouring area (representative point),2026-03-01 to 2026-05-31
2026,4,24,11,36.94,NASA POWER,https://power.larc.nasa.gov/,T2M - Air Temperature at 2 m (°C),SOA ITER neighbouring area (representative point),2026-03-01 to 2026-05-31
2026,4,24,12,37.66,NASA POWER,https://power.larc.nasa.gov/,T2M - Air Temperature at 2 m (°C),SOA ITER neighbouring area (representative point),2026-03-01 to 2026-05-31
2026,4,24,13,37.55,NASA POWER,https://power.larc.nasa.gov/,T2M - Air Temperature at 2 m (°C),SOA ITER neighbouring area (representative point),2026-03-01 to 2026-05-31
2026,4,24,14,36.87,NASA POWER,https://power.larc.nasa.gov/,T2M - Air Temperature at 2 m (°C),SOA ITER neighbouring area (representative point),2026-03-01 to 2026-05-31
2026,4,24,15,36.09,NASA POWER,https://power.larc.nasa.gov/,T2M - Air Temperature at 2 m (°C),SOA ITER neighbouring area (representative point),2026-03-01 to 2026-05-31
2026,4,24,16,35.01,NASA POWER,https://power.larc.nasa.gov/,T2M - Air Temperature at 2 m (°C),SOA ITER neighbouring area (representative point),2026-03-01 to 2026-05-31
2026,4,24,17,33.29,NASA POWER,https://power.larc.nasa.gov/,T2M - Air Temperature at 2 m (°C),SOA ITER neighbouring area (representative point),2026-03-01 to 2026-05-31
2026,4,24,18,31.19,NASA POWER,https://power.larc.nasa.gov/,T2M - Air Temperature at 2 m (°C),SOA ITER neighbouring area (representative point),2026-03-01 to 2026-05-31
2026,4,24,19,29.67,NASA POWER,https://power.larc.nasa.gov/,T2M - Air Temperature at 2 m (°C),SOA ITER neighbouring area (representative point),2026-03-01 to 2026-05-31
2026,4,24,20,28.81,NASA POWER,https://power.larc.nasa.gov/,T2M - Air Temperature at 2 m (°C),SOA ITER neighbouring area (representative point),2026-03-01 to 2026-05-31
2026,4,24,21,28.33,NASA POWER,https://power.larc.nasa.gov/,T2M - Air Temperature at 2 m (°C),SOA ITER neighbouring area (representative point),2026-03-01 to 2026-05-31
2026,4,24,22,28.03,NASA POWER,https://power.larc.nasa.gov/,T2M - Air Temperature at 2 m (°C),SOA ITER neighbouring area (representative point),2026-03-01 to 2026-05-31
2026,4,24,23,27.78,NASA POWER,https://power.larc.nasa.gov/,T2M - Air Temperature at 2 m (°C),SOA ITER neighbouring area (representative point),2026-03-01 to 2026-05-31
2026,4,25,0,27.58,NASA POWER,https://power.larc.nasa.gov/,T2M - Air Temperature at 2 m (°C),SOA ITER neighbouring area (representative point),2026-03-01 to 2026-05-31
2026,4,25,1,27.46,NASA POWER,https://power.larc.nasa.gov/,T2M - Air Temperature at 2 m (°C),SOA ITER neighbouring area (representative point),2026-03-01 to 2026-05-31
2026,4,25,2,27.4,NASA POWER,https://power.larc.nasa.gov/,T2M - Air Temperature at 2 m (°C),SOA ITER neighbouring area (representative point),2026-03-01 to 2026-05-31
2026,4,25,3,27.31,NASA POWER,https://power.larc.nasa.gov/,T2M - Air Temperature at 2 m (°C),SOA ITER neighbouring area (representative point),2026-03-01 to 2026-05-31
2026,4,25,4,27.14,NASA POWER,https://power.larc.nasa.gov/,T2M - Air Temperature at 2 m (°C),SOA ITER neighbouring area (representative point),2026-03-01 to 2026-05-31
2026,4,25,5,26.95,NASA POWER,https://power.larc.nasa.gov/,T2M - Air Temperature at 2 m (°C),SOA ITER neighbouring area (representative point),2026-03-01 to 2026-05-31
2026,4,25,6,27.21,NASA POWER,https://power.larc.nasa.gov/,T2M - Air Temperature at 2 m (°C),SOA ITER neighbouring area (representative point),2026-03-01 to 2026-05-31
2026,4,25,7,28.06,NASA POWER,https://power.larc.nasa.gov/,T2M - Air Temperature at 2 m (°C),SOA ITER neighbouring area (representative point),2026-03-01 to 2026-05-31
2026,4,25,8,29.32,NASA POWER,https://power.larc.nasa.gov/,T2M - Air Temperature at 2 m (°C),SOA ITER neighbouring area (representative point),2026-03-01 to 2026-05-31
2026,4,25,9,30.74,NASA POWER,https://power.larc.nasa.gov/,T2M - Air Temperature at 2 m (°C),SOA ITER neighbouring area (representative point),2026-03-01 to 2026-05-31
2026,4,25,10,32.39,NASA POWER,https://power.larc.nasa.gov/,T2M - Air Temperature at 2 m (°C),SOA ITER neighbouring area (representative point),2026-03-01 to 2026-05-31
2026,4,25,11,33.78,NASA POWER,https://power.larc.nasa.gov/,T2M - Air Temperature at 2 m (°C),SOA ITER neighbouring area (representative point),2026-03-01 to 2026-05-31
2026,4,25,12,34.74,NASA POWER,https://power.larc.nasa.gov/,T2M - Air Temperature at 2 m (°C),SOA ITER neighbouring area (representative point),2026-03-01 to 2026-05-31
2026,4,25,13,34.92,NASA POWER,https://power.larc.nasa.gov/,T2M - Air Temperature at 2 m (°C),SOA ITER neighbouring area (representative point),2026-03-01 to 2026-05-31
2026,4,25,14,34.67,NASA POWER,https://power.larc.nasa.gov/,T2M - Air Temperature at 2 m (°C),SOA ITER neighbouring area (representative point),2026-03-01 to 2026-05-31
2026,4,25,15,34.18,NASA POWER,https://power.larc.nasa.gov/,T2M - Air Temperature at 2 m (°C),SOA ITER neighbouring area (representative point),2026-03-01 to 2026-05-31
2026,4,25,16,33.18,NASA POWER,https://power.larc.nasa.gov/,T2M - Air Temperature at 2 m (°C),SOA ITER neighbouring area (representative point),2026-03-01 to 2026-05-31
2026,4,25,17,31.65,NASA POWER,https://power.larc.nasa.gov/,T2M - Air Temperature at 2 m (°C),SOA ITER neighbouring area (representative point),2026-03-01 to 2026-05-31
2026,4,25,18,29.95,NASA POWER,https://power.larc.nasa.gov/,T2M - Air Temperature at 2 m (°C),SOA ITER neighbouring area (representative point),2026-03-01 to 2026-05-31
2026,4,25,19,28.78,NASA POWER,https://power.larc.nasa.gov/,T2M - Air Temperature at 2 m (°C),SOA ITER neighbouring area (representative point),2026-03-01 to 2026-05-31
2026,4,25,20,28.18,NASA POWER,https://power.larc.nasa.gov/,T2M - Air Temperature at 2 m (°C),SOA ITER neighbouring area (representative point),2026-03-01 to 2026-05-31
2026,4,25,21,27.85,NASA POWER,https://power.larc.nasa.gov/,T2M - Air Temperature at 2 m (°C),SOA ITER neighbouring area (representative point),2026-03-01 to 2026-05-31
2026,4,25,22,27.66,NASA POWER,https://power.larc.nasa.gov/,T2M - Air Temperature at 2 m (°C),SOA ITER neighbouring area (representative point),2026-03-01 to 2026-05-31
2026,4,25,23,27.56,NASA POWER,https://power.larc.nasa.gov/,T2M - Air Temperature at 2 m (°C),SOA ITER neighbouring area (representative point),2026-03-01 to 2026-05-31
2026,4,26,0,27.51,NASA POWER,https://power.larc.nasa.gov/,T2M - Air Temperature at 2 m (°C),SOA ITER neighbouring area (representative point),2026-03-01 to 2026-05-31
2026,4,26,1,27.4,NASA POWER,https://power.larc.nasa.gov/,T2M - Air Temperature at 2 m (°C),SOA ITER neighbouring area (representative point),2026-03-01 to 2026-05-31
2026,4,26,2,27.24,NASA POWER,https://power.larc.nasa.gov/,T2M - Air Temperature at 2 m (°C),SOA ITER neighbouring area (representative point),2026-03-01 to 2026-05-31
2026,4,26,3,27.03,NASA POWER,https://power.larc.nasa.gov/,T2M - Air Temperature at 2 m (°C),SOA ITER neighbouring area (representative point),2026-03-01 to 2026-05-31
2026,4,26,4,26.84,NASA POWER,https://power.larc.nasa.gov/,T2M - Air Temperature at 2 m (°C),SOA ITER neighbouring area (representative point),2026-03-01 to 2026-05-31
2026,4,26,5,26.74,NASA POWER,https://power.larc.nasa.gov/,T2M - Air Temperature at 2 m (°C),SOA ITER neighbouring area (representative point),2026-03-01 to 2026-05-31
2026,4,26,6,27.12,NASA POWER,https://power.larc.nasa.gov/,T2M - Air Temperature at 2 m (°C),SOA ITER neighbouring area (representative point),2026-03-01 to 2026-05-31
2026,4,26,7,28.56,NASA POWER,https://power.larc.nasa.gov/,T2M - Air Temperature at 2 m (°C),SOA ITER neighbouring area (representative point),2026-03-01 to 2026-05-31
2026,4,26,8,30.51,NASA POWER,https://power.larc.nasa.gov/,T2M - Air Temperature at 2 m (°C),SOA ITER neighbouring area (representative point),2026-03-01 to 2026-05-31
2026,4,26,9,32.42,NASA POWER,https://power.larc.nasa.gov/,T2M - Air Temperature at 2 m (°C),SOA ITER neighbouring area (representative point),2026-03-01 to 2026-05-31
2026,4,26,10,34.38,NASA POWER,https://power.larc.nasa.gov/,T2M - Air Temperature at 2 m (°C),SOA ITER neighbouring area (representative point),2026-03-01 to 2026-05-31
2026,4,26,11,35.8,NASA POWER,https://power.larc.nasa.gov/,T2M - Air Temperature at 2 m (°C),SOA ITER neighbouring area (representative point),2026-03-01 to 2026-05-31
2026,4,26,12,36.58,NASA POWER,https://power.larc.nasa.gov/,T2M - Air Temperature at 2 m (°C),SOA ITER neighbouring area (representative point),2026-03-01 to 2026-05-31
2026,4,26,13,36.86,NASA POWER,https://power.larc.nasa.gov/,T2M - Air Temperature at 2 m (°C),SOA ITER neighbouring area (representative point),2026-03-01 to 2026-05-31
2026,4,26,14,36.45,NASA POWER,https://power.larc.nasa.gov/,T2M - Air Temperature at 2 m (°C),SOA ITER neighbouring area (representative point),2026-03-01 to 2026-05-31
2026,4,26,15,35.43,NASA POWER,https://power.larc.nasa.gov/,T2M - Air Temperature at 2 m (°C),SOA ITER neighbouring area (representative point),2026-03-01 to 2026-05-31
2026,4,26,16,33.87,NASA POWER,https://power.larc.nasa.gov/,T2M - Air Temperature at 2 m (°C),SOA ITER neighbouring area (representative point),2026-03-01 to 2026-05-31
2026,4,26,17,31.99,NASA POWER,https://power.larc.nasa.gov/,T2M - Air Temperature at 2 m (°C),SOA ITER neighbouring area (representative point),2026-03-01 to 2026-05-31
2026,4,26,18,30.3,NASA POWER,https://power.larc.nasa.gov/,T2M - Air Temperature at 2 m (°C),SOA ITER neighbouring area (representative point),2026-03-01 to 2026-05-31
2026,4,26,19,29.33,NASA POWER,https://power.larc.nasa.gov/,T2M - Air Temperature at 2 m (°C),SOA ITER neighbouring area (representative point),2026-03-01 to 2026-05-31
2026,4,26,20,28.88,NASA POWER,https://power.larc.nasa.gov/,T2M - Air Temperature at 2 m (°C),SOA ITER neighbouring area (representative point),2026-03-01 to 2026-05-31
2026,4,26,21,28.56,NASA POWER,https://power.larc.nasa.gov/,T2M - Air Temperature at 2 m (°C),SOA ITER neighbouring area (representative point),2026-03-01 to 2026-05-31
2026,4,26,22,28.32,NASA POWER,https://power.larc.nasa.gov/,T2M - Air Temperature at 2 m (°C),SOA ITER neighbouring area (representative point),2026-03-01 to 2026-05-31
2026,4,26,23,28.02,NASA POWER,https://power.larc.nasa.gov/,T2M - Air Temperature at 2 m (°C),SOA ITER neighbouring area (representative point),2026-03-01 to 2026-05-31
2026,4,27,0,27.66,NASA POWER,https://power.larc.nasa.gov/,T2M - Air Temperature at 2 m (°C),SOA ITER neighbouring area (representative point),2026-03-01 to 2026-05-31
2026,4,27,1,27.35,NASA POWER,https://power.larc.nasa.gov/,T2M - Air Temperature at 2 m (°C),SOA ITER neighbouring area (representative point),2026-03-01 to 2026-05-31
2026,4,27,2,27.23,NASA POWER,https://power.larc.nasa.gov/,T2M - Air Temperature at 2 m (°C),SOA ITER neighbouring area (representative point),2026-03-01 to 2026-05-31
2026,4,27,3,27.27,NASA POWER,https://power.larc.nasa.gov/,T2M - Air Temperature at 2 m (°C),SOA ITER neighbouring area (representative point),2026-03-01 to 2026-05-31
2026,4,27,4,27.3,NASA POWER,https://power.larc.nasa.gov/,T2M - Air Temperature at 2 m (°C),SOA ITER neighbouring area (representative point),2026-03-01 to 2026-05-31
2026,4,27,5,27.26,NASA POWER,https://power.larc.nasa.gov/,T2M - Air Temperature at 2 m (°C),SOA ITER neighbouring area (representative point),2026-03-01 to 2026-05-31
2026,4,27,6,27.52,NASA POWER,https://power.larc.nasa.gov/,T2M - Air Temperature at 2 m (°C),SOA ITER neighbouring area (representative point),2026-03-01 to 2026-05-31
2026,4,27,7,28.71,NASA POWER,https://power.larc.nasa.gov/,T2M - Air Temperature at 2 m (°C),SOA ITER neighbouring area (representative point),2026-03-01 to 2026-05-31
2026,4,27,8,30.6,NASA POWER,https://power.larc.nasa.gov/,T2M - Air Temperature at 2 m (°C),SOA ITER neighbouring area (representative point),2026-03-01 to 2026-05-31
2026,4,27,9,32.64,NASA POWER,https://power.larc.nasa.gov/,T2M - Air Temperature at 2 m (°C),SOA ITER neighbouring area (representative point),2026-03-01 to 2026-05-31
2026,4,27,10,34.67,NASA POWER,https://power.larc.nasa.gov/,T2M - Air Temperature at 2 m (°C),SOA ITER neighbouring area (representative point),2026-03-01 to 2026-05-31
2026,4,27,11,36.34,NASA POWER,https://power.larc.nasa.gov/,T2M - Air Temperature at 2 m (°C),SOA ITER neighbouring area (representative point),2026-03-01 to 2026-05-31
2026,4,27,12,37.27,NASA POWER,https://power.larc.nasa.gov/,T2M - Air Temperature at 2 m (°C),SOA ITER neighbouring area (representative point),2026-03-01 to 2026-05-31
2026,4,27,13,37.03,NASA POWER,https://power.larc.nasa.gov/,T2M - Air Temperature at 2 m (°C),SOA ITER neighbouring area (representative point),2026-03-01 to 2026-05-31
2026,4,27,14,35.82,NASA POWER,https://power.larc.nasa.gov/,T2M - Air Temperature at 2 m (°C),SOA ITER neighbouring area (representative point),2026-03-01 to 2026-05-31
2026,4,27,15,33.97,NASA POWER,https://power.larc.nasa.gov/,T2M - Air Temperature at 2 m (°C),SOA ITER neighbouring area (representative point),2026-03-01 to 2026-05-31
2026,4,27,16,32.08,NASA POWER,https://power.larc.nasa.gov/,T2M - Air Temperature at 2 m (°C),SOA ITER neighbouring area (representative point),2026-03-01 to 2026-05-31
2026,4,27,17,30.66,NASA POWER,https://power.larc.nasa.gov/,T2M - Air Temperature at 2 m (°C),SOA ITER neighbouring area (representative point),2026-03-01 to 2026-05-31
2026,4,27,18,29.56,NASA POWER,https://power.larc.nasa.gov/,T2M - Air Temperature at 2 m (°C),SOA ITER neighbouring area (representative point),2026-03-01 to 2026-05-31
2026,4,27,19,28.87,NASA POWER,https://power.larc.nasa.gov/,T2M - Air Temperature at 2 m (°C),SOA ITER neighbouring area (representative point),2026-03-01 to 2026-05-31
2026,4,27,20,28.59,NASA POWER,https://power.larc.nasa.gov/,T2M - Air Temperature at 2 m (°C),SOA ITER neighbouring area (representative point),2026-03-01 to 2026-05-31
2026,4,27,21,28.4,NASA POWER,https://power.larc.nasa.gov/,T2M - Air Temperature at 2 m (°C),SOA ITER neighbouring area (representative point),2026-03-01 to 2026-05-31
2026,4,27,22,28.2,NASA POWER,https://power.larc.nasa.gov/,T2M - Air Temperature at 2 m (°C),SOA ITER neighbouring area (representative point),2026-03-01 to 2026-05-31
2026,4,27,23,27.94,NASA POWER,https://power.larc.nasa.gov/,T2M - Air Temperature at 2 m (°C),SOA ITER neighbouring area (representative point),2026-03-01 to 2026-05-31
2026,4,28,0,27.7,NASA POWER,https://power.larc.nasa.gov/,T2M - Air Temperature at 2 m (°C),SOA ITER neighbouring area (representative point),2026-03-01 to 2026-05-31
2026,4,28,1,27.49,NASA POWER,https://power.larc.nasa.gov/,T2M - Air Temperature at 2 m (°C),SOA ITER neighbouring area (representative point),2026-03-01 to 2026-05-31
2026,4,28,2,27.34,NASA POWER,https://power.larc.nasa.gov/,T2M - Air Temperature at 2 m (°C),SOA ITER neighbouring area (representative point),2026-03-01 to 2026-05-31
2026,4,28,3,27.28,NASA POWER,https://power.larc.nasa.gov/,T2M - Air Temperature at 2 m (°C),SOA ITER neighbouring area (representative point),2026-03-01 to 2026-05-31
2026,4,28,4,27.3,NASA POWER,https://power.larc.nasa.gov/,T2M - Air Temperature at 2 m (°C),SOA ITER neighbouring area (representative point),2026-03-01 to 2026-05-31
2026,4,28,5,27.32,NASA POWER,https://power.larc.nasa.gov/,T2M - Air Temperature at 2 m (°C),SOA ITER neighbouring area (representative point),2026-03-01 to 2026-05-31
2026,4,28,6,27.54,NASA POWER,https://power.larc.nasa.gov/,T2M - Air Temperature at 2 m (°C),SOA ITER neighbouring area (representative point),2026-03-01 to 2026-05-31
2026,4,28,7,28.35,NASA POWER,https://power.larc.nasa.gov/,T2M - Air Temperature at 2 m (°C),SOA ITER neighbouring area (representative point),2026-03-01 to 2026-05-31
2026,4,28,8,29.62,NASA POWER,https://power.larc.nasa.gov/,T2M - Air Temperature at 2 m (°C),SOA ITER neighbouring area (representative point),2026-03-01 to 2026-05-31
2026,4,28,9,31.26,NASA POWER,https://power.larc.nasa.gov/,T2M - Air Temperature at 2 m (°C),SOA ITER neighbouring area (representative point),2026-03-01 to 2026-05-31
2026,4,28,10,33.14,NASA POWER,https://power.larc.nasa.gov/,T2M - Air Temperature at 2 m (°C),SOA ITER neighbouring area (representative point),2026-03-01 to 2026-05-31
2026,4,28,11,34.67,NASA POWER,https://power.larc.nasa.gov/,T2M - Air Temperature at 2 m (°C),SOA ITER neighbouring area (representative point),2026-03-01 to 2026-05-31
2026,4,28,12,35.99,NASA POWER,https://power.larc.nasa.gov/,T2M - Air Temperature at 2 m (°C),SOA ITER neighbouring area (representative point),2026-03-01 to 2026-05-31
2026,4,28,13,36.5,NASA POWER,https://power.larc.nasa.gov/,T2M - Air Temperature at 2 m (°C),SOA ITER neighbouring area (representative point),2026-03-01 to 2026-05-31
2026,4,28,14,36.32,NASA POWER,https://power.larc.nasa.gov/,T2M - Air Temperature at 2 m (°C),SOA ITER neighbouring area (representative point),2026-03-01 to 2026-05-31
2026,4,28,15,35.54,NASA POWER,https://power.larc.nasa.gov/,T2M - Air Temperature at 2 m (°C),SOA ITER neighbouring area (representative point),2026-03-01 to 2026-05-31
2026,4,28,16,34.07,NASA POWER,https://power.larc.nasa.gov/,T2M - Air Temperature at 2 m (°C),SOA ITER neighbouring area (representative point),2026-03-01 to 2026-05-31
2026,4,28,17,31.87,NASA POWER,https://power.larc.nasa.gov/,T2M - Air Temperature at 2 m (°C),SOA ITER neighbouring area (representative point),2026-03-01 to 2026-05-31
2026,4,28,18,29.68,NASA POWER,https://power.larc.nasa.gov/,T2M - Air Temperature at 2 m (°C),SOA ITER neighbouring area (representative point),2026-03-01 to 2026-05-31
2026,4,28,19,28.7,NASA POWER,https://power.larc.nasa.gov/,T2M - Air Temperature at 2 m (°C),SOA ITER neighbouring area (representative point),2026-03-01 to 2026-05-31
2026,4,28,20,28.61,NASA POWER,https://power.larc.nasa.gov/,T2M - Air Temperature at 2 m (°C),SOA ITER neighbouring area (representative point),2026-03-01 to 2026-05-31
2026,4,28,21,28.6,NASA POWER,https://power.larc.nasa.gov/,T2M - Air Temperature at 2 m (°C),SOA ITER neighbouring area (representative point),2026-03-01 to 2026-05-31
2026,4,28,22,28.47,NASA POWER,https://power.larc.nasa.gov/,T2M - Air Temperature at 2 m (°C),SOA ITER neighbouring area (representative point),2026-03-01 to 2026-05-31
2026,4,28,23,28.24,NASA POWER,https://power.larc.nasa.gov/,T2M - Air Temperature at 2 m (°C),SOA ITER neighbouring area (representative point),2026-03-01 to 2026-05-31
2026,4,29,0,28.03,NASA POWER,https://power.larc.nasa.gov/,T2M - Air Temperature at 2 m (°C),SOA ITER neighbouring area (representative point),2026-03-01 to 2026-05-31
2026,4,29,1,27.88,NASA POWER,https://power.larc.nasa.gov/,T2M - Air Temperature at 2 m (°C),SOA ITER neighbouring area (representative point),2026-03-01 to 2026-05-31
2026,4,29,2,27.83,NASA POWER,https://power.larc.nasa.gov/,T2M - Air Temperature at 2 m (°C),SOA ITER neighbouring area (representative point),2026-03-01 to 2026-05-31
2026,4,29,3,27.78,NASA POWER,https://power.larc.nasa.gov/,T2M - Air Temperature at 2 m (°C),SOA ITER neighbouring area (representative point),2026-03-01 to 2026-05-31
2026,4,29,4,27.68,NASA POWER,https://power.larc.nasa.gov/,T2M - Air Temperature at 2 m (°C),SOA ITER neighbouring area (representative point),2026-03-01 to 2026-05-31
2026,4,29,5,27.5,NASA POWER,https://power.larc.nasa.gov/,T2M - Air Temperature at 2 m (°C),SOA ITER neighbouring area (representative point),2026-03-01 to 2026-05-31
2026,4,29,6,27.78,NASA POWER,https://power.larc.nasa.gov/,T2M - Air Temperature at 2 m (°C),SOA ITER neighbouring area (representative point),2026-03-01 to 2026-05-31
2026,4,29,7,29.07,NASA POWER,https://power.larc.nasa.gov/,T2M - Air Temperature at 2 m (°C),SOA ITER neighbouring area (representative point),2026-03-01 to 2026-05-31
2026,4,29,8,31.23,NASA POWER,https://power.larc.nasa.gov/,T2M - Air Temperature at 2 m (°C),SOA ITER neighbouring area (representative point),2026-03-01 to 2026-05-31
2026,4,29,9,33.54,NASA POWER,https://power.larc.nasa.gov/,T2M - Air Temperature at 2 m (°C),SOA ITER neighbouring area (representative point),2026-03-01 to 2026-05-31
2026,4,29,10,35.36,NASA POWER,https://power.larc.nasa.gov/,T2M - Air Temperature at 2 m (°C),SOA ITER neighbouring area (representative point),2026-03-01 to 2026-05-31
2026,4,29,11,36.56,NASA POWER,https://power.larc.nasa.gov/,T2M - Air Temperature at 2 m (°C),SOA ITER neighbouring area (representative point),2026-03-01 to 2026-05-31
2026,4,29,12,37.18,NASA POWER,https://power.larc.nasa.gov/,T2M - Air Temperature at 2 m (°C),SOA ITER neighbouring area (representative point),2026-03-01 to 2026-05-31
2026,4,29,13,37.23,NASA POWER,https://power.larc.nasa.gov/,T2M - Air Temperature at 2 m (°C),SOA ITER neighbouring area (representative point),2026-03-01 to 2026-05-31
2026,4,29,14,36.71,NASA POWER,https://power.larc.nasa.gov/,T2M - Air Temperature at 2 m (°C),SOA ITER neighbouring area (representative point),2026-03-01 to 2026-05-31
2026,4,29,15,35.45,NASA POWER,https://power.larc.nasa.gov/,T2M - Air Temperature at 2 m (°C),SOA ITER neighbouring area (representative point),2026-03-01 to 2026-05-31
2026,4,29,16,33.72,NASA POWER,https://power.larc.nasa.gov/,T2M - Air Temperature at 2 m (°C),SOA ITER neighbouring area (representative point),2026-03-01 to 2026-05-31
2026,4,29,17,31.79,NASA POWER,https://power.larc.nasa.gov/,T2M - Air Temperature at 2 m (°C),SOA ITER neighbouring area (representative point),2026-03-01 to 2026-05-31
2026,4,29,18,30.05,NASA POWER,https://power.larc.nasa.gov/,T2M - Air Temperature at 2 m (°C),SOA ITER neighbouring area (representative point),2026-03-01 to 2026-05-31
2026,4,29,19,29.15,NASA POWER,https://power.larc.nasa.gov/,T2M - Air Temperature at 2 m (°C),SOA ITER neighbouring area (representative point),2026-03-01 to 2026-05-31
2026,4,29,20,28.79,NASA POWER,https://power.larc.nasa.gov/,T2M - Air Temperature at 2 m (°C),SOA ITER neighbouring area (representative point),2026-03-01 to 2026-05-31
2026,4,29,21,28.53,NASA POWER,https://power.larc.nasa.gov/,T2M - Air Temperature at 2 m (°C),SOA ITER neighbouring area (representative point),2026-03-01 to 2026-05-31
2026,4,29,22,28.28,NASA POWER,https://power.larc.nasa.gov/,T2M - Air Temperature at 2 m (°C),SOA ITER neighbouring area (representative point),2026-03-01 to 2026-05-31
2026,4,29,23,28.05,NASA POWER,https://power.larc.nasa.gov/,T2M - Air Temperature at 2 m (°C),SOA ITER neighbouring area (representative point),2026-03-01 to 2026-05-31
2026,4,30,0,27.85,NASA POWER,https://power.larc.nasa.gov/,T2M - Air Temperature at 2 m (°C),SOA ITER neighbouring area (representative point),2026-03-01 to 2026-05-31
2026,4,30,1,27.67,NASA POWER,https://power.larc.nasa.gov/,T2M - Air Temperature at 2 m (°C),SOA ITER neighbouring area (representative point),2026-03-01 to 2026-05-31
2026,4,30,2,27.53,NASA POWER,https://power.larc.nasa.gov/,T2M - Air Temperature at 2 m (°C),SOA ITER neighbouring area (representative point),2026-03-01 to 2026-05-31
2026,4,30,3,27.41,NASA POWER,https://power.larc.nasa.gov/,T2M - Air Temperature at 2 m (°C),SOA ITER neighbouring area (representative point),2026-03-01 to 2026-05-31
2026,4,30,4,27.29,NASA POWER,https://power.larc.nasa.gov/,T2M - Air Temperature at 2 m (°C),SOA ITER neighbouring area (representative point),2026-03-01 to 2026-05-31
2026,4,30,5,27.16,NASA POWER,https://power.larc.nasa.gov/,T2M - Air Temperature at 2 m (°C),SOA ITER neighbouring area (representative point),2026-03-01 to 2026-05-31
2026,4,30,6,27.47,NASA POWER,https://power.larc.nasa.gov/,T2M - Air Temperature at 2 m (°C),SOA ITER neighbouring area (representative point),2026-03-01 to 2026-05-31
2026,4,30,7,28.68,NASA POWER,https://power.larc.nasa.gov/,T2M - Air Temperature at 2 m (°C),SOA ITER neighbouring area (representative point),2026-03-01 to 2026-05-31
2026,4,30,8,30.15,NASA POWER,https://power.larc.nasa.gov/,T2M - Air Temperature at 2 m (°C),SOA ITER neighbouring area (representative point),2026-03-01 to 2026-05-31
2026,4,30,9,31.53,NASA POWER,https://power.larc.nasa.gov/,T2M - Air Temperature at 2 m (°C),SOA ITER neighbouring area (representative point),2026-03-01 to 2026-05-31
2026,4,30,10,32.55,NASA POWER,https://power.larc.nasa.gov/,T2M - Air Temperature at 2 m (°C),SOA ITER neighbouring area (representative point),2026-03-01 to 2026-05-31
2026,4,30,11,33.22,NASA POWER,https://power.larc.nasa.gov/,T2M - Air Temperature at 2 m (°C),SOA ITER neighbouring area (representative point),2026-03-01 to 2026-05-31
2026,4,30,12,33.55,NASA POWER,https://power.larc.nasa.gov/,T2M - Air Temperature at 2 m (°C),SOA ITER neighbouring area (representative point),2026-03-01 to 2026-05-31
2026,4,30,13,33.54,NASA POWER,https://power.larc.nasa.gov/,T2M - Air Temperature at 2 m (°C),SOA ITER neighbouring area (representative point),2026-03-01 to 2026-05-31
2026,4,30,14,33.26,NASA POWER,https://power.larc.nasa.gov/,T2M - Air Temperature at 2 m (°C),SOA ITER neighbouring area (representative point),2026-03-01 to 2026-05-31
2026,4,30,15,32.6,NASA POWER,https://power.larc.nasa.gov/,T2M - Air Temperature at 2 m (°C),SOA ITER neighbouring area (representative point),2026-03-01 to 2026-05-31
2026,4,30,16,31.6,NASA POWER,https://power.larc.nasa.gov/,T2M - Air Temperature at 2 m (°C),SOA ITER neighbouring area (representative point),2026-03-01 to 2026-05-31
2026,4,30,17,30.3,NASA POWER,https://power.larc.nasa.gov/,T2M - Air Temperature at 2 m (°C),SOA ITER neighbouring area (representative point),2026-03-01 to 2026-05-31
2026,4,30,18,28.88,NASA POWER,https://power.larc.nasa.gov/,T2M - Air Temperature at 2 m (°C),SOA ITER neighbouring area (representative point),2026-03-01 to 2026-05-31
2026,4,30,19,28.01,NASA POWER,https://power.larc.nasa.gov/,T2M - Air Temperature at 2 m (°C),SOA ITER neighbouring area (representative point),2026-03-01 to 2026-05-31
2026,4,30,20,27.58,NASA POWER,https://power.larc.nasa.gov/,T2M - Air Temperature at 2 m (°C),SOA ITER neighbouring area (representative point),2026-03-01 to 2026-05-31
2026,4,30,21,27.42,NASA POWER,https://power.larc.nasa.gov/,T2M - Air Temperature at 2 m (°C),SOA ITER neighbouring area (representative point),2026-03-01 to 2026-05-31
2026,4,30,22,27.36,NASA POWER,https://power.larc.nasa.gov/,T2M - Air Temperature at 2 m (°C),SOA ITER neighbouring area (representative point),2026-03-01 to 2026-05-31
2026,4,30,23,27.28,NASA POWER,https://power.larc.nasa.gov/,T2M - Air Temperature at 2 m (°C),SOA ITER neighbouring area (representative point),2026-03-01 to 2026-05-31
2026,5,1,0,27.18,NASA POWER,https://power.larc.nasa.gov/,T2M - Air Temperature at 2 m (°C),SOA ITER neighbouring area (representative point),2026-03-01 to 2026-05-31
2026,5,1,1,27.01,NASA POWER,https://power.larc.nasa.gov/,T2M - Air Temperature at 2 m (°C),SOA ITER neighbouring area (representative point),2026-03-01 to 2026-05-31
2026,5,1,2,26.82,NASA POWER,https://power.larc.nasa.gov/,T2M - Air Temperature at 2 m (°C),SOA ITER neighbouring area (representative point),2026-03-01 to 2026-05-31
2026,5,1,3,26.66,NASA POWER,https://power.larc.nasa.gov/,T2M - Air Temperature at 2 m (°C),SOA ITER neighbouring area (representative point),2026-03-01 to 2026-05-31
2026,5,1,4,26.63,NASA POWER,https://power.larc.nasa.gov/,T2M - Air Temperature at 2 m (°C),SOA ITER neighbouring area (representative point),2026-03-01 to 2026-05-31
2026,5,1,5,26.61,NASA POWER,https://power.larc.nasa.gov/,T2M - Air Temperature at 2 m (°C),SOA ITER neighbouring area (representative point),2026-03-01 to 2026-05-31
2026,5,1,6,27.02,NASA POWER,https://power.larc.nasa.gov/,T2M - Air Temperature at 2 m (°C),SOA ITER neighbouring area (representative point),2026-03-01 to 2026-05-31
2026,5,1,7,27.81,NASA POWER,https://power.larc.nasa.gov/,T2M - Air Temperature at 2 m (°C),SOA ITER neighbouring area (representative point),2026-03-01 to 2026-05-31
2026,5,1,8,28.69,NASA POWER,https://power.larc.nasa.gov/,T2M - Air Temperature at 2 m (°C),SOA ITER neighbouring area (representative point),2026-03-01 to 2026-05-31
2026,5,1,9,29.52,NASA POWER,https://power.larc.nasa.gov/,T2M - Air Temperature at 2 m (°C),SOA ITER neighbouring area (representative point),2026-03-01 to 2026-05-31
2026,5,1,10,30.48,NASA POWER,https://power.larc.nasa.gov/,T2M - Air Temperature at 2 m (°C),SOA ITER neighbouring area (representative point),2026-03-01 to 2026-05-31
2026,5,1,11,31.55,NASA POWER,https://power.larc.nasa.gov/,T2M - Air Temperature at 2 m (°C),SOA ITER neighbouring area (representative point),2026-03-01 to 2026-05-31
2026,5,1,12,32.42,NASA POWER,https://power.larc.nasa.gov/,T2M - Air Temperature at 2 m (°C),SOA ITER neighbouring area (representative point),2026-03-01 to 2026-05-31
2026,5,1,13,33.03,NASA POWER,https://power.larc.nasa.gov/,T2M - Air Temperature at 2 m (°C),SOA ITER neighbouring area (representative point),2026-03-01 to 2026-05-31
2026,5,1,14,33.33,NASA POWER,https://power.larc.nasa.gov/,T2M - Air Temperature at 2 m (°C),SOA ITER neighbouring area (representative point),2026-03-01 to 2026-05-31
2026,5,1,15,33.32,NASA POWER,https://power.larc.nasa.gov/,T2M - Air Temperature at 2 m (°C),SOA ITER neighbouring area (representative point),2026-03-01 to 2026-05-31
2026,5,1,16,32.87,NASA POWER,https://power.larc.nasa.gov/,T2M - Air Temperature at 2 m (°C),SOA ITER neighbouring area (representative point),2026-03-01 to 2026-05-31
2026,5,1,17,31.7,NASA POWER,https://power.larc.nasa.gov/,T2M - Air Temperature at 2 m (°C),SOA ITER neighbouring area (representative point),2026-03-01 to 2026-05-31
2026,5,1,18,29.83,NASA POWER,https://power.larc.nasa.gov/,T2M - Air Temperature at 2 m (°C),SOA ITER neighbouring area (representative point),2026-03-01 to 2026-05-31
2026,5,1,19,28.69,NASA POWER,https://power.larc.nasa.gov/,T2M - Air Temperature at 2 m (°C),SOA ITER neighbouring area (representative point),2026-03-01 to 2026-05-31
2026,5,1,20,28.27,NASA POWER,https://power.larc.nasa.gov/,T2M - Air Temperature at 2 m (°C),SOA ITER neighbouring area (representative point),2026-03-01 to 2026-05-31
2026,5,1,21,28.01,NASA POWER,https://power.larc.nasa.gov/,T2M - Air Temperature at 2 m (°C),SOA ITER neighbouring area (representative point),2026-03-01 to 2026-05-31
2026,5,1,22,27.78,NASA POWER,https://power.larc.nasa.gov/,T2M - Air Temperature at 2 m (°C),SOA ITER neighbouring area (representative point),2026-03-01 to 2026-05-31
2026,5,1,23,27.53,NASA POWER,https://power.larc.nasa.gov/,T2M - Air Temperature at 2 m (°C),SOA ITER neighbouring area (representative point),2026-03-01 to 2026-05-31
2026,5,2,0,27.3,NASA POWER,https://power.larc.nasa.gov/,T2M - Air Temperature at 2 m (°C),SOA ITER neighbouring area (representative point),2026-03-01 to 2026-05-31
2026,5,2,1,27.11,NASA POWER,https://power.larc.nasa.gov/,T2M - Air Temperature at 2 m (°C),SOA ITER neighbouring area (representative point),2026-03-01 to 2026-05-31
2026,5,2,2,26.95,NASA POWER,https://power.larc.nasa.gov/,T2M - Air Temperature at 2 m (°C),SOA ITER neighbouring area (representative point),2026-03-01 to 2026-05-31
2026,5,2,3,26.79,NASA POWER,https://power.larc.nasa.gov/,T2M - Air Temperature at 2 m (°C),SOA ITER neighbouring area (representative point),2026-03-01 to 2026-05-31
2026,5,2,4,26.62,NASA POWER,https://power.larc.nasa.gov/,T2M - Air Temperature at 2 m (°C),SOA ITER neighbouring area (representative point),2026-03-01 to 2026-05-31
2026,5,2,5,26.43,NASA POWER,https://power.larc.nasa.gov/,T2M - Air Temperature at 2 m (°C),SOA ITER neighbouring area (representative point),2026-03-01 to 2026-05-31
2026,5,2,6,26.77,NASA POWER,https://power.larc.nasa.gov/,T2M - Air Temperature at 2 m (°C),SOA ITER neighbouring area (representative point),2026-03-01 to 2026-05-31
2026,5,2,7,28.06,NASA POWER,https://power.larc.nasa.gov/,T2M - Air Temperature at 2 m (°C),SOA ITER neighbouring area (representative point),2026-03-01 to 2026-05-31
2026,5,2,8,29.74,NASA POWER,https://power.larc.nasa.gov/,T2M - Air Temperature at 2 m (°C),SOA ITER neighbouring area (representative point),2026-03-01 to 2026-05-31
2026,5,2,9,31.5,NASA POWER,https://power.larc.nasa.gov/,T2M - Air Temperature at 2 m (°C),SOA ITER neighbouring area (representative point),2026-03-01 to 2026-05-31
2026,5,2,10,33.12,NASA POWER,https://power.larc.nasa.gov/,T2M - Air Temperature at 2 m (°C),SOA ITER neighbouring area (representative point),2026-03-01 to 2026-05-31
2026,5,2,11,34.34,NASA POWER,https://power.larc.nasa.gov/,T2M - Air Temperature at 2 m (°C),SOA ITER neighbouring area (representative point),2026-03-01 to 2026-05-31
2026,5,2,12,35.23,NASA POWER,https://power.larc.nasa.gov/,T2M - Air Temperature at 2 m (°C),SOA ITER neighbouring area (representative point),2026-03-01 to 2026-05-31
2026,5,2,13,35.72,NASA POWER,https://power.larc.nasa.gov/,T2M - Air Temperature at 2 m (°C),SOA ITER neighbouring area (representative point),2026-03-01 to 2026-05-31
2026,5,2,14,35.83,NASA POWER,https://power.larc.nasa.gov/,T2M - Air Temperature at 2 m (°C),SOA ITER neighbouring area (representative point),2026-03-01 to 2026-05-31
2026,5,2,15,35.28,NASA POWER,https://power.larc.nasa.gov/,T2M - Air Temperature at 2 m (°C),SOA ITER neighbouring area (representative point),2026-03-01 to 2026-05-31
2026,5,2,16,34.26,NASA POWER,https://power.larc.nasa.gov/,T2M - Air Temperature at 2 m (°C),SOA ITER neighbouring area (representative point),2026-03-01 to 2026-05-31
2026,5,2,17,32.61,NASA POWER,https://power.larc.nasa.gov/,T2M - Air Temperature at 2 m (°C),SOA ITER neighbouring area (representative point),2026-03-01 to 2026-05-31
2026,5,2,18,30.75,NASA POWER,https://power.larc.nasa.gov/,T2M - Air Temperature at 2 m (°C),SOA ITER neighbouring area (representative point),2026-03-01 to 2026-05-31
2026,5,2,19,29.6,NASA POWER,https://power.larc.nasa.gov/,T2M - Air Temperature at 2 m (°C),SOA ITER neighbouring area (representative point),2026-03-01 to 2026-05-31
2026,5,2,20,29.16,NASA POWER,https://power.larc.nasa.gov/,T2M - Air Temperature at 2 m (°C),SOA ITER neighbouring area (representative point),2026-03-01 to 2026-05-31
2026,5,2,21,28.98,NASA POWER,https://power.larc.nasa.gov/,T2M - Air Temperature at 2 m (°C),SOA ITER neighbouring area (representative point),2026-03-01 to 2026-05-31
2026,5,2,22,28.94,NASA POWER,https://power.larc.nasa.gov/,T2M - Air Temperature at 2 m (°C),SOA ITER neighbouring area (representative point),2026-03-01 to 2026-05-31
2026,5,2,23,28.85,NASA POWER,https://power.larc.nasa.gov/,T2M - Air Temperature at 2 m (°C),SOA ITER neighbouring area (representative point),2026-03-01 to 2026-05-31
2026,5,3,0,28.52,NASA POWER,https://power.larc.nasa.gov/,T2M - Air Temperature at 2 m (°C),SOA ITER neighbouring area (representative point),2026-03-01 to 2026-05-31
2026,5,3,1,28.11,NASA POWER,https://power.larc.nasa.gov/,T2M - Air Temperature at 2 m (°C),SOA ITER neighbouring area (representative point),2026-03-01 to 2026-05-31
2026,5,3,2,27.75,NASA POWER,https://power.larc.nasa.gov/,T2M - Air Temperature at 2 m (°C),SOA ITER neighbouring area (representative point),2026-03-01 to 2026-05-31
2026,5,3,3,27.53,NASA POWER,https://power.larc.nasa.gov/,T2M - Air Temperature at 2 m (°C),SOA ITER neighbouring area (representative point),2026-03-01 to 2026-05-31
2026,5,3,4,27.41,NASA POWER,https://power.larc.nasa.gov/,T2M - Air Temperature at 2 m (°C),SOA ITER neighbouring area (representative point),2026-03-01 to 2026-05-31
2026,5,3,5,27.25,NASA POWER,https://power.larc.nasa.gov/,T2M - Air Temperature at 2 m (°C),SOA ITER neighbouring area (representative point),2026-03-01 to 2026-05-31
2026,5,3,6,27.63,NASA POWER,https://power.larc.nasa.gov/,T2M - Air Temperature at 2 m (°C),SOA ITER neighbouring area (representative point),2026-03-01 to 2026-05-31
2026,5,3,7,28.76,NASA POWER,https://power.larc.nasa.gov/,T2M - Air Temperature at 2 m (°C),SOA ITER neighbouring area (representative point),2026-03-01 to 2026-05-31
2026,5,3,8,30.41,NASA POWER,https://power.larc.nasa.gov/,T2M - Air Temperature at 2 m (°C),SOA ITER neighbouring area (representative point),2026-03-01 to 2026-05-31
2026,5,3,9,32.34,NASA POWER,https://power.larc.nasa.gov/,T2M - Air Temperature at 2 m (°C),SOA ITER neighbouring area (representative point),2026-03-01 to 2026-05-31
2026,5,3,10,34.08,NASA POWER,https://power.larc.nasa.gov/,T2M - Air Temperature at 2 m (°C),SOA ITER neighbouring area (representative point),2026-03-01 to 2026-05-31
2026,5,3,11,35.36,NASA POWER,https://power.larc.nasa.gov/,T2M - Air Temperature at 2 m (°C),SOA ITER neighbouring area (representative point),2026-03-01 to 2026-05-31
2026,5,3,12,36.15,NASA POWER,https://power.larc.nasa.gov/,T2M - Air Temperature at 2 m (°C),SOA ITER neighbouring area (representative point),2026-03-01 to 2026-05-31
2026,5,3,13,36.65,NASA POWER,https://power.larc.nasa.gov/,T2M - Air Temperature at 2 m (°C),SOA ITER neighbouring area (representative point),2026-03-01 to 2026-05-31
2026,5,3,14,36.5,NASA POWER,https://power.larc.nasa.gov/,T2M - Air Temperature at 2 m (°C),SOA ITER neighbouring area (representative point),2026-03-01 to 2026-05-31
2026,5,3,15,35.92,NASA POWER,https://power.larc.nasa.gov/,T2M - Air Temperature at 2 m (°C),SOA ITER neighbouring area (representative point),2026-03-01 to 2026-05-31
2026,5,3,16,34.84,NASA POWER,https://power.larc.nasa.gov/,T2M - Air Temperature at 2 m (°C),SOA ITER neighbouring area (representative point),2026-03-01 to 2026-05-31
2026,5,3,17,33.23,NASA POWER,https://power.larc.nasa.gov/,T2M - Air Temperature at 2 m (°C),SOA ITER neighbouring area (representative point),2026-03-01 to 2026-05-31
2026,5,3,18,31.34,NASA POWER,https://power.larc.nasa.gov/,T2M - Air Temperature at 2 m (°C),SOA ITER neighbouring area (representative point),2026-03-01 to 2026-05-31
2026,5,3,19,30.03,NASA POWER,https://power.larc.nasa.gov/,T2M - Air Temperature at 2 m (°C),SOA ITER neighbouring area (representative point),2026-03-01 to 2026-05-31
2026,5,3,20,29.37,NASA POWER,https://power.larc.nasa.gov/,T2M - Air Temperature at 2 m (°C),SOA ITER neighbouring area (representative point),2026-03-01 to 2026-05-31
2026,5,3,21,28.89,NASA POWER,https://power.larc.nasa.gov/,T2M - Air Temperature at 2 m (°C),SOA ITER neighbouring area (representative point),2026-03-01 to 2026-05-31
2026,5,3,22,28.49,NASA POWER,https://power.larc.nasa.gov/,T2M - Air Temperature at 2 m (°C),SOA ITER neighbouring area (representative point),2026-03-01 to 2026-05-31
2026,5,3,23,28.11,NASA POWER,https://power.larc.nasa.gov/,T2M - Air Temperature at 2 m (°C),SOA ITER neighbouring area (representative point),2026-03-01 to 2026-05-31
2026,5,4,0,27.8,NASA POWER,https://power.larc.nasa.gov/,T2M - Air Temperature at 2 m (°C),SOA ITER neighbouring area (representative point),2026-03-01 to 2026-05-31
2026,5,4,1,27.55,NASA POWER,https://power.larc.nasa.gov/,T2M - Air Temperature at 2 m (°C),SOA ITER neighbouring area (representative point),2026-03-01 to 2026-05-31
2026,5,4,2,27.38,NASA POWER,https://power.larc.nasa.gov/,T2M - Air Temperature at 2 m (°C),SOA ITER neighbouring area (representative point),2026-03-01 to 2026-05-31
2026,5,4,3,27.2,NASA POWER,https://power.larc.nasa.gov/,T2M - Air Temperature at 2 m (°C),SOA ITER neighbouring area (representative point),2026-03-01 to 2026-05-31
2026,5,4,4,27.03,NASA POWER,https://power.larc.nasa.gov/,T2M - Air Temperature at 2 m (°C),SOA ITER neighbouring area (representative point),2026-03-01 to 2026-05-31
2026,5,4,5,26.92,NASA POWER,https://power.larc.nasa.gov/,T2M - Air Temperature at 2 m (°C),SOA ITER neighbouring area (representative point),2026-03-01 to 2026-05-31
2026,5,4,6,27.48,NASA POWER,https://power.larc.nasa.gov/,T2M - Air Temperature at 2 m (°C),SOA ITER neighbouring area (representative point),2026-03-01 to 2026-05-31
2026,5,4,7,28.95,NASA POWER,https://power.larc.nasa.gov/,T2M - Air Temperature at 2 m (°C),SOA ITER neighbouring area (representative point),2026-03-01 to 2026-05-31
2026,5,4,8,30.63,NASA POWER,https://power.larc.nasa.gov/,T2M - Air Temperature at 2 m (°C),SOA ITER neighbouring area (representative point),2026-03-01 to 2026-05-31
2026,5,4,9,32.13,NASA POWER,https://power.larc.nasa.gov/,T2M - Air Temperature at 2 m (°C),SOA ITER neighbouring area (representative point),2026-03-01 to 2026-05-31
2026,5,4,10,33.4,NASA POWER,https://power.larc.nasa.gov/,T2M - Air Temperature at 2 m (°C),SOA ITER neighbouring area (representative point),2026-03-01 to 2026-05-31
2026,5,4,11,34.26,NASA POWER,https://power.larc.nasa.gov/,T2M - Air Temperature at 2 m (°C),SOA ITER neighbouring area (representative point),2026-03-01 to 2026-05-31
2026,5,4,12,34.75,NASA POWER,https://power.larc.nasa.gov/,T2M - Air Temperature at 2 m (°C),SOA ITER neighbouring area (representative point),2026-03-01 to 2026-05-31
2026,5,4,13,34.98,NASA POWER,https://power.larc.nasa.gov/,T2M - Air Temperature at 2 m (°C),SOA ITER neighbouring area (representative point),2026-03-01 to 2026-05-31
2026,5,4,14,34.82,NASA POWER,https://power.larc.nasa.gov/,T2M - Air Temperature at 2 m (°C),SOA ITER neighbouring area (representative point),2026-03-01 to 2026-05-31
2026,5,4,15,34.12,NASA POWER,https://power.larc.nasa.gov/,T2M - Air Temperature at 2 m (°C),SOA ITER neighbouring area (representative point),2026-03-01 to 2026-05-31
2026,5,4,16,33.05,NASA POWER,https://power.larc.nasa.gov/,T2M - Air Temperature at 2 m (°C),SOA ITER neighbouring area (representative point),2026-03-01 to 2026-05-31
2026,5,4,17,31.58,NASA POWER,https://power.larc.nasa.gov/,T2M - Air Temperature at 2 m (°C),SOA ITER neighbouring area (representative point),2026-03-01 to 2026-05-31
2026,5,4,18,29.98,NASA POWER,https://power.larc.nasa.gov/,T2M - Air Temperature at 2 m (°C),SOA ITER neighbouring area (representative point),2026-03-01 to 2026-05-31
2026,5,4,19,28.84,NASA POWER,https://power.larc.nasa.gov/,T2M - Air Temperature at 2 m (°C),SOA ITER neighbouring area (representative point),2026-03-01 to 2026-05-31
2026,5,4,20,28.14,NASA POWER,https://power.larc.nasa.gov/,T2M - Air Temperature at 2 m (°C),SOA ITER neighbouring area (representative point),2026-03-01 to 2026-05-31
2026,5,4,21,27.79,NASA POWER,https://power.larc.nasa.gov/,T2M - Air Temperature at 2 m (°C),SOA ITER neighbouring area (representative point),2026-03-01 to 2026-05-31
2026,5,4,22,27.68,NASA POWER,https://power.larc.nasa.gov/,T2M - Air Temperature at 2 m (°C),SOA ITER neighbouring area (representative point),2026-03-01 to 2026-05-31
2026,5,4,23,27.57,NASA POWER,https://power.larc.nasa.gov/,T2M - Air Temperature at 2 m (°C),SOA ITER neighbouring area (representative point),2026-03-01 to 2026-05-31
2026,5,5,0,27.46,NASA POWER,https://power.larc.nasa.gov/,T2M - Air Temperature at 2 m (°C),SOA ITER neighbouring area (representative point),2026-03-01 to 2026-05-31
2026,5,5,1,27.34,NASA POWER,https://power.larc.nasa.gov/,T2M - Air Temperature at 2 m (°C),SOA ITER neighbouring area (representative point),2026-03-01 to 2026-05-31
2026,5,5,2,27.26,NASA POWER,https://power.larc.nasa.gov/,T2M - Air Temperature at 2 m (°C),SOA ITER neighbouring area (representative point),2026-03-01 to 2026-05-31
2026,5,5,3,27.14,NASA POWER,https://power.larc.nasa.gov/,T2M - Air Temperature at 2 m (°C),SOA ITER neighbouring area (representative point),2026-03-01 to 2026-05-31
2026,5,5,4,27.01,NASA POWER,https://power.larc.nasa.gov/,T2M - Air Temperature at 2 m (°C),SOA ITER neighbouring area (representative point),2026-03-01 to 2026-05-31
2026,5,5,5,26.88,NASA POWER,https://power.larc.nasa.gov/,T2M - Air Temperature at 2 m (°C),SOA ITER neighbouring area (representative point),2026-03-01 to 2026-05-31
2026,5,5,6,27.32,NASA POWER,https://power.larc.nasa.gov/,T2M - Air Temperature at 2 m (°C),SOA ITER neighbouring area (representative point),2026-03-01 to 2026-05-31
2026,5,5,7,28.06,NASA POWER,https://power.larc.nasa.gov/,T2M - Air Temperature at 2 m (°C),SOA ITER neighbouring area (representative point),2026-03-01 to 2026-05-31
2026,5,5,8,28.96,NASA POWER,https://power.larc.nasa.gov/,T2M - Air Temperature at 2 m (°C),SOA ITER neighbouring area (representative point),2026-03-01 to 2026-05-31
2026,5,5,9,29.9,NASA POWER,https://power.larc.nasa.gov/,T2M - Air Temperature at 2 m (°C),SOA ITER neighbouring area (representative point),2026-03-01 to 2026-05-31
2026,5,5,10,30.92,NASA POWER,https://power.larc.nasa.gov/,T2M - Air Temperature at 2 m (°C),SOA ITER neighbouring area (representative point),2026-03-01 to 2026-05-31
2026,5,5,11,31.8,NASA POWER,https://power.larc.nasa.gov/,T2M - Air Temperature at 2 m (°C),SOA ITER neighbouring area (representative point),2026-03-01 to 2026-05-31
2026,5,5,12,32.43,NASA POWER,https://power.larc.nasa.gov/,T2M - Air Temperature at 2 m (°C),SOA ITER neighbouring area (representative point),2026-03-01 to 2026-05-31
2026,5,5,13,32.74,NASA POWER,https://power.larc.nasa.gov/,T2M - Air Temperature at 2 m (°C),SOA ITER neighbouring area (representative point),2026-03-01 to 2026-05-31
2026,5,5,14,32.61,NASA POWER,https://power.larc.nasa.gov/,T2M - Air Temperature at 2 m (°C),SOA ITER neighbouring area (representative point),2026-03-01 to 2026-05-31
2026,5,5,15,32.27,NASA POWER,https://power.larc.nasa.gov/,T2M - Air Temperature at 2 m (°C),SOA ITER neighbouring area (representative point),2026-03-01 to 2026-05-31
2026,5,5,16,31.7,NASA POWER,https://power.larc.nasa.gov/,T2M - Air Temperature at 2 m (°C),SOA ITER neighbouring area (representative point),2026-03-01 to 2026-05-31
2026,5,5,17,30.73,NASA POWER,https://power.larc.nasa.gov/,T2M - Air Temperature at 2 m (°C),SOA ITER neighbouring area (representative point),2026-03-01 to 2026-05-31
2026,5,5,18,29.03,NASA POWER,https://power.larc.nasa.gov/,T2M - Air Temperature at 2 m (°C),SOA ITER neighbouring area (representative point),2026-03-01 to 2026-05-31
2026,5,5,19,27.91,NASA POWER,https://power.larc.nasa.gov/,T2M - Air Temperature at 2 m (°C),SOA ITER neighbouring area (representative point),2026-03-01 to 2026-05-31
2026,5,5,20,27.36,NASA POWER,https://power.larc.nasa.gov/,T2M - Air Temperature at 2 m (°C),SOA ITER neighbouring area (representative point),2026-03-01 to 2026-05-31
2026,5,5,21,26.92,NASA POWER,https://power.larc.nasa.gov/,T2M - Air Temperature at 2 m (°C),SOA ITER neighbouring area (representative point),2026-03-01 to 2026-05-31
2026,5,5,22,26.56,NASA POWER,https://power.larc.nasa.gov/,T2M - Air Temperature at 2 m (°C),SOA ITER neighbouring area (representative point),2026-03-01 to 2026-05-31
2026,5,5,23,26.21,NASA POWER,https://power.larc.nasa.gov/,T2M - Air Temperature at 2 m (°C),SOA ITER neighbouring area (representative point),2026-03-01 to 2026-05-31
2026,5,6,0,25.86,NASA POWER,https://power.larc.nasa.gov/,T2M - Air Temperature at 2 m (°C),SOA ITER neighbouring area (representative point),2026-03-01 to 2026-05-31
2026,5,6,1,25.54,NASA POWER,https://power.larc.nasa.gov/,T2M - Air Temperature at 2 m (°C),SOA ITER neighbouring area (representative point),2026-03-01 to 2026-05-31
2026,5,6,2,25.24,NASA POWER,https://power.larc.nasa.gov/,T2M - Air Temperature at 2 m (°C),SOA ITER neighbouring area (representative point),2026-03-01 to 2026-05-31
2026,5,6,3,25.01,NASA POWER,https://power.larc.nasa.gov/,T2M - Air Temperature at 2 m (°C),SOA ITER neighbouring area (representative point),2026-03-01 to 2026-05-31
2026,5,6,4,24.86,NASA POWER,https://power.larc.nasa.gov/,T2M - Air Temperature at 2 m (°C),SOA ITER neighbouring area (representative point),2026-03-01 to 2026-05-31
2026,5,6,5,24.78,NASA POWER,https://power.larc.nasa.gov/,T2M - Air Temperature at 2 m (°C),SOA ITER neighbouring area (representative point),2026-03-01 to 2026-05-31
2026,5,6,6,25.72,NASA POWER,https://power.larc.nasa.gov/,T2M - Air Temperature at 2 m (°C),SOA ITER neighbouring area (representative point),2026-03-01 to 2026-05-31
2026,5,6,7,27.41,NASA POWER,https://power.larc.nasa.gov/,T2M - Air Temperature at 2 m (°C),SOA ITER neighbouring area (representative point),2026-03-01 to 2026-05-31
2026,5,6,8,29.56,NASA POWER,https://power.larc.nasa.gov/,T2M - Air Temperature at 2 m (°C),SOA ITER neighbouring area (representative point),2026-03-01 to 2026-05-31
2026,5,6,9,31.45,NASA POWER,https://power.larc.nasa.gov/,T2M - Air Temperature at 2 m (°C),SOA ITER neighbouring area (representative point),2026-03-01 to 2026-05-31
2026,5,6,10,32.86,NASA POWER,https://power.larc.nasa.gov/,T2M - Air Temperature at 2 m (°C),SOA ITER neighbouring area (representative point),2026-03-01 to 2026-05-31
2026,5,6,11,33.94,NASA POWER,https://power.larc.nasa.gov/,T2M - Air Temperature at 2 m (°C),SOA ITER neighbouring area (representative point),2026-03-01 to 2026-05-31
2026,5,6,12,34.72,NASA POWER,https://power.larc.nasa.gov/,T2M - Air Temperature at 2 m (°C),SOA ITER neighbouring area (representative point),2026-03-01 to 2026-05-31
2026,5,6,13,35.1,NASA POWER,https://power.larc.nasa.gov/,T2M - Air Temperature at 2 m (°C),SOA ITER neighbouring area (representative point),2026-03-01 to 2026-05-31
2026,5,6,14,35.05,NASA POWER,https://power.larc.nasa.gov/,T2M - Air Temperature at 2 m (°C),SOA ITER neighbouring area (representative point),2026-03-01 to 2026-05-31
2026,5,6,15,34.48,NASA POWER,https://power.larc.nasa.gov/,T2M - Air Temperature at 2 m (°C),SOA ITER neighbouring area (representative point),2026-03-01 to 2026-05-31
2026,5,6,16,33.46,NASA POWER,https://power.larc.nasa.gov/,T2M - Air Temperature at 2 m (°C),SOA ITER neighbouring area (representative point),2026-03-01 to 2026-05-31
2026,5,6,17,31.83,NASA POWER,https://power.larc.nasa.gov/,T2M - Air Temperature at 2 m (°C),SOA ITER neighbouring area (representative point),2026-03-01 to 2026-05-31
2026,5,6,18,29.99,NASA POWER,https://power.larc.nasa.gov/,T2M - Air Temperature at 2 m (°C),SOA ITER neighbouring area (representative point),2026-03-01 to 2026-05-31
2026,5,6,19,28.84,NASA POWER,https://power.larc.nasa.gov/,T2M - Air Temperature at 2 m (°C),SOA ITER neighbouring area (representative point),2026-03-01 to 2026-05-31
2026,5,6,20,28.42,NASA POWER,https://power.larc.nasa.gov/,T2M - Air Temperature at 2 m (°C),SOA ITER neighbouring area (representative point),2026-03-01 to 2026-05-31
2026,5,6,21,28.23,NASA POWER,https://power.larc.nasa.gov/,T2M - Air Temperature at 2 m (°C),SOA ITER neighbouring area (representative point),2026-03-01 to 2026-05-31
2026,5,6,22,28.05,NASA POWER,https://power.larc.nasa.gov/,T2M - Air Temperature at 2 m (°C),SOA ITER neighbouring area (representative point),2026-03-01 to 2026-05-31
2026,5,6,23,27.83,NASA POWER,https://power.larc.nasa.gov/,T2M - Air Temperature at 2 m (°C),SOA ITER neighbouring area (representative point),2026-03-01 to 2026-05-31
2026,5,7,0,27.59,NASA POWER,https://power.larc.nasa.gov/,T2M - Air Temperature at 2 m (°C),SOA ITER neighbouring area (representative point),2026-03-01 to 2026-05-31
2026,5,7,1,27.32,NASA POWER,https://power.larc.nasa.gov/,T2M - Air Temperature at 2 m (°C),SOA ITER neighbouring area (representative point),2026-03-01 to 2026-05-31
2026,5,7,2,27.05,NASA POWER,https://power.larc.nasa.gov/,T2M - Air Temperature at 2 m (°C),SOA ITER neighbouring area (representative point),2026-03-01 to 2026-05-31
2026,5,7,3,26.79,NASA POWER,https://power.larc.nasa.gov/,T2M - Air Temperature at 2 m (°C),SOA ITER neighbouring area (representative point),2026-03-01 to 2026-05-31
2026,5,7,4,26.6,NASA POWER,https://power.larc.nasa.gov/,T2M - Air Temperature at 2 m (°C),SOA ITER neighbouring area (representative point),2026-03-01 to 2026-05-31
2026,5,7,5,26.42,NASA POWER,https://power.larc.nasa.gov/,T2M - Air Temperature at 2 m (°C),SOA ITER neighbouring area (representative point),2026-03-01 to 2026-05-31
2026,5,7,6,27.37,NASA POWER,https://power.larc.nasa.gov/,T2M - Air Temperature at 2 m (°C),SOA ITER neighbouring area (representative point),2026-03-01 to 2026-05-31
2026,5,7,7,28.96,NASA POWER,https://power.larc.nasa.gov/,T2M - Air Temperature at 2 m (°C),SOA ITER neighbouring area (representative point),2026-03-01 to 2026-05-31
2026,5,7,8,30.57,NASA POWER,https://power.larc.nasa.gov/,T2M - Air Temperature at 2 m (°C),SOA ITER neighbouring area (representative point),2026-03-01 to 2026-05-31
2026,5,7,9,32.2,NASA POWER,https://power.larc.nasa.gov/,T2M - Air Temperature at 2 m (°C),SOA ITER neighbouring area (representative point),2026-03-01 to 2026-05-31
2026,5,7,10,33.54,NASA POWER,https://power.larc.nasa.gov/,T2M - Air Temperature at 2 m (°C),SOA ITER neighbouring area (representative point),2026-03-01 to 2026-05-31
2026,5,7,11,34.52,NASA POWER,https://power.larc.nasa.gov/,T2M - Air Temperature at 2 m (°C),SOA ITER neighbouring area (representative point),2026-03-01 to 2026-05-31
2026,5,7,12,35.19,NASA POWER,https://power.larc.nasa.gov/,T2M - Air Temperature at 2 m (°C),SOA ITER neighbouring area (representative point),2026-03-01 to 2026-05-31
2026,5,7,13,35.47,NASA POWER,https://power.larc.nasa.gov/,T2M - Air Temperature at 2 m (°C),SOA ITER neighbouring area (representative point),2026-03-01 to 2026-05-31
2026,5,7,14,35.44,NASA POWER,https://power.larc.nasa.gov/,T2M - Air Temperature at 2 m (°C),SOA ITER neighbouring area (representative point),2026-03-01 to 2026-05-31
2026,5,7,15,34.99,NASA POWER,https://power.larc.nasa.gov/,T2M - Air Temperature at 2 m (°C),SOA ITER neighbouring area (representative point),2026-03-01 to 2026-05-31
2026,5,7,16,34.16,NASA POWER,https://power.larc.nasa.gov/,T2M - Air Temperature at 2 m (°C),SOA ITER neighbouring area (representative point),2026-03-01 to 2026-05-31
2026,5,7,17,32.99,NASA POWER,https://power.larc.nasa.gov/,T2M - Air Temperature at 2 m (°C),SOA ITER neighbouring area (representative point),2026-03-01 to 2026-05-31
2026,5,7,18,31.34,NASA POWER,https://power.larc.nasa.gov/,T2M - Air Temperature at 2 m (°C),SOA ITER neighbouring area (representative point),2026-03-01 to 2026-05-31
2026,5,7,19,29.98,NASA POWER,https://power.larc.nasa.gov/,T2M - Air Temperature at 2 m (°C),SOA ITER neighbouring area (representative point),2026-03-01 to 2026-05-31
2026,5,7,20,29.22,NASA POWER,https://power.larc.nasa.gov/,T2M - Air Temperature at 2 m (°C),SOA ITER neighbouring area (representative point),2026-03-01 to 2026-05-31
2026,5,7,21,28.77,NASA POWER,https://power.larc.nasa.gov/,T2M - Air Temperature at 2 m (°C),SOA ITER neighbouring area (representative point),2026-03-01 to 2026-05-31
2026,5,7,22,28.43,NASA POWER,https://power.larc.nasa.gov/,T2M - Air Temperature at 2 m (°C),SOA ITER neighbouring area (representative point),2026-03-01 to 2026-05-31
2026,5,7,23,28.11,NASA POWER,https://power.larc.nasa.gov/,T2M - Air Temperature at 2 m (°C),SOA ITER neighbouring area (representative point),2026-03-01 to 2026-05-31
2026,5,8,0,27.8,NASA POWER,https://power.larc.nasa.gov/,T2M - Air Temperature at 2 m (°C),SOA ITER neighbouring area (representative point),2026-03-01 to 2026-05-31
2026,5,8,1,27.54,NASA POWER,https://power.larc.nasa.gov/,T2M - Air Temperature at 2 m (°C),SOA ITER neighbouring area (representative point),2026-03-01 to 2026-05-31
2026,5,8,2,27.28,NASA POWER,https://power.larc.nasa.gov/,T2M - Air Temperature at 2 m (°C),SOA ITER neighbouring area (representative point),2026-03-01 to 2026-05-31
2026,5,8,3,27.03,NASA POWER,https://power.larc.nasa.gov/,T2M - Air Temperature at 2 m (°C),SOA ITER neighbouring area (representative point),2026-03-01 to 2026-05-31
2026,5,8,4,26.82,NASA POWER,https://power.larc.nasa.gov/,T2M - Air Temperature at 2 m (°C),SOA ITER neighbouring area (representative point),2026-03-01 to 2026-05-31
2026,5,8,5,26.65,NASA POWER,https://power.larc.nasa.gov/,T2M - Air Temperature at 2 m (°C),SOA ITER neighbouring area (representative point),2026-03-01 to 2026-05-31
2026,5,8,6,27.55,NASA POWER,https://power.larc.nasa.gov/,T2M - Air Temperature at 2 m (°C),SOA ITER neighbouring area (representative point),2026-03-01 to 2026-05-31
2026,5,8,7,28.96,NASA POWER,https://power.larc.nasa.gov/,T2M - Air Temperature at 2 m (°C),SOA ITER neighbouring area (representative point),2026-03-01 to 2026-05-31
2026,5,8,8,30.49,NASA POWER,https://power.larc.nasa.gov/,T2M - Air Temperature at 2 m (°C),SOA ITER neighbouring area (representative point),2026-03-01 to 2026-05-31
2026,5,8,9,32.01,NASA POWER,https://power.larc.nasa.gov/,T2M - Air Temperature at 2 m (°C),SOA ITER neighbouring area (representative point),2026-03-01 to 2026-05-31
2026,5,8,10,33.17,NASA POWER,https://power.larc.nasa.gov/,T2M - Air Temperature at 2 m (°C),SOA ITER neighbouring area (representative point),2026-03-01 to 2026-05-31
2026,5,8,11,34.05,NASA POWER,https://power.larc.nasa.gov/,T2M - Air Temperature at 2 m (°C),SOA ITER neighbouring area (representative point),2026-03-01 to 2026-05-31
2026,5,8,12,34.66,NASA POWER,https://power.larc.nasa.gov/,T2M - Air Temperature at 2 m (°C),SOA ITER neighbouring area (representative point),2026-03-01 to 2026-05-31
2026,5,8,13,35.02,NASA POWER,https://power.larc.nasa.gov/,T2M - Air Temperature at 2 m (°C),SOA ITER neighbouring area (representative point),2026-03-01 to 2026-05-31
2026,5,8,14,35.01,NASA POWER,https://power.larc.nasa.gov/,T2M - Air Temperature at 2 m (°C),SOA ITER neighbouring area (representative point),2026-03-01 to 2026-05-31
2026,5,8,15,34.65,NASA POWER,https://power.larc.nasa.gov/,T2M - Air Temperature at 2 m (°C),SOA ITER neighbouring area (representative point),2026-03-01 to 2026-05-31
2026,5,8,16,33.98,NASA POWER,https://power.larc.nasa.gov/,T2M - Air Temperature at 2 m (°C),SOA ITER neighbouring area (representative point),2026-03-01 to 2026-05-31
2026,5,8,17,32.87,NASA POWER,https://power.larc.nasa.gov/,T2M - Air Temperature at 2 m (°C),SOA ITER neighbouring area (representative point),2026-03-01 to 2026-05-31
2026,5,8,18,31.17,NASA POWER,https://power.larc.nasa.gov/,T2M - Air Temperature at 2 m (°C),SOA ITER neighbouring area (representative point),2026-03-01 to 2026-05-31
2026,5,8,19,29.78,NASA POWER,https://power.larc.nasa.gov/,T2M - Air Temperature at 2 m (°C),SOA ITER neighbouring area (representative point),2026-03-01 to 2026-05-31
2026,5,8,20,28.97,NASA POWER,https://power.larc.nasa.gov/,T2M - Air Temperature at 2 m (°C),SOA ITER neighbouring area (representative point),2026-03-01 to 2026-05-31
2026,5,8,21,28.36,NASA POWER,https://power.larc.nasa.gov/,T2M - Air Temperature at 2 m (°C),SOA ITER neighbouring area (representative point),2026-03-01 to 2026-05-31
2026,5,8,22,27.87,NASA POWER,https://power.larc.nasa.gov/,T2M - Air Temperature at 2 m (°C),SOA ITER neighbouring area (representative point),2026-03-01 to 2026-05-31
2026,5,8,23,27.44,NASA POWER,https://power.larc.nasa.gov/,T2M - Air Temperature at 2 m (°C),SOA ITER neighbouring area (representative point),2026-03-01 to 2026-05-31
2026,5,9,0,27.09,NASA POWER,https://power.larc.nasa.gov/,T2M - Air Temperature at 2 m (°C),SOA ITER neighbouring area (representative point),2026-03-01 to 2026-05-31
2026,5,9,1,26.76,NASA POWER,https://power.larc.nasa.gov/,T2M - Air Temperature at 2 m (°C),SOA ITER neighbouring area (representative point),2026-03-01 to 2026-05-31
2026,5,9,2,26.43,NASA POWER,https://power.larc.nasa.gov/,T2M - Air Temperature at 2 m (°C),SOA ITER neighbouring area (representative point),2026-03-01 to 2026-05-31
2026,5,9,3,26.14,NASA POWER,https://power.larc.nasa.gov/,T2M - Air Temperature at 2 m (°C),SOA ITER neighbouring area (representative point),2026-03-01 to 2026-05-31
2026,5,9,4,25.9,NASA POWER,https://power.larc.nasa.gov/,T2M - Air Temperature at 2 m (°C),SOA ITER neighbouring area (representative point),2026-03-01 to 2026-05-31
2026,5,9,5,25.75,NASA POWER,https://power.larc.nasa.gov/,T2M - Air Temperature at 2 m (°C),SOA ITER neighbouring area (representative point),2026-03-01 to 2026-05-31
2026,5,9,6,26.75,NASA POWER,https://power.larc.nasa.gov/,T2M - Air Temperature at 2 m (°C),SOA ITER neighbouring area (representative point),2026-03-01 to 2026-05-31
2026,5,9,7,28.21,NASA POWER,https://power.larc.nasa.gov/,T2M - Air Temperature at 2 m (°C),SOA ITER neighbouring area (representative point),2026-03-01 to 2026-05-31
2026,5,9,8,29.81,NASA POWER,https://power.larc.nasa.gov/,T2M - Air Temperature at 2 m (°C),SOA ITER neighbouring area (representative point),2026-03-01 to 2026-05-31
2026,5,9,9,31.57,NASA POWER,https://power.larc.nasa.gov/,T2M - Air Temperature at 2 m (°C),SOA ITER neighbouring area (representative point),2026-03-01 to 2026-05-31
2026,5,9,10,32.97,NASA POWER,https://power.larc.nasa.gov/,T2M - Air Temperature at 2 m (°C),SOA ITER neighbouring area (representative point),2026-03-01 to 2026-05-31
2026,5,9,11,33.95,NASA POWER,https://power.larc.nasa.gov/,T2M - Air Temperature at 2 m (°C),SOA ITER neighbouring area (representative point),2026-03-01 to 2026-05-31
2026,5,9,12,34.51,NASA POWER,https://power.larc.nasa.gov/,T2M - Air Temperature at 2 m (°C),SOA ITER neighbouring area (representative point),2026-03-01 to 2026-05-31
2026,5,9,13,34.74,NASA POWER,https://power.larc.nasa.gov/,T2M - Air Temperature at 2 m (°C),SOA ITER neighbouring area (representative point),2026-03-01 to 2026-05-31
2026,5,9,14,34.6,NASA POWER,https://power.larc.nasa.gov/,T2M - Air Temperature at 2 m (°C),SOA ITER neighbouring area (representative point),2026-03-01 to 2026-05-31
2026,5,9,15,34.11,NASA POWER,https://power.larc.nasa.gov/,T2M - Air Temperature at 2 m (°C),SOA ITER neighbouring area (representative point),2026-03-01 to 2026-05-31
2026,5,9,16,33.23,NASA POWER,https://power.larc.nasa.gov/,T2M - Air Temperature at 2 m (°C),SOA ITER neighbouring area (representative point),2026-03-01 to 2026-05-31
2026,5,9,17,31.9,NASA POWER,https://power.larc.nasa.gov/,T2M - Air Temperature at 2 m (°C),SOA ITER neighbouring area (representative point),2026-03-01 to 2026-05-31
2026,5,9,18,30.2,NASA POWER,https://power.larc.nasa.gov/,T2M - Air Temperature at 2 m (°C),SOA ITER neighbouring area (representative point),2026-03-01 to 2026-05-31
2026,5,9,19,28.89,NASA POWER,https://power.larc.nasa.gov/,T2M - Air Temperature at 2 m (°C),SOA ITER neighbouring area (representative point),2026-03-01 to 2026-05-31
2026,5,9,20,28.19,NASA POWER,https://power.larc.nasa.gov/,T2M - Air Temperature at 2 m (°C),SOA ITER neighbouring area (representative point),2026-03-01 to 2026-05-31
2026,5,9,21,27.83,NASA POWER,https://power.larc.nasa.gov/,T2M - Air Temperature at 2 m (°C),SOA ITER neighbouring area (representative point),2026-03-01 to 2026-05-31
2026,5,9,22,27.54,NASA POWER,https://power.larc.nasa.gov/,T2M - Air Temperature at 2 m (°C),SOA ITER neighbouring area (representative point),2026-03-01 to 2026-05-31
2026,5,9,23,27.31,NASA POWER,https://power.larc.nasa.gov/,T2M - Air Temperature at 2 m (°C),SOA ITER neighbouring area (representative point),2026-03-01 to 2026-05-31
2026,5,10,0,27.07,NASA POWER,https://power.larc.nasa.gov/,T2M - Air Temperature at 2 m (°C),SOA ITER neighbouring area (representative point),2026-03-01 to 2026-05-31
2026,5,10,1,26.84,NASA POWER,https://power.larc.nasa.gov/,T2M - Air Temperature at 2 m (°C),SOA ITER neighbouring area (representative point),2026-03-01 to 2026-05-31
2026,5,10,2,26.62,NASA POWER,https://power.larc.nasa.gov/,T2M - Air Temperature at 2 m (°C),SOA ITER neighbouring area (representative point),2026-03-01 to 2026-05-31
2026,5,10,3,26.41,NASA POWER,https://power.larc.nasa.gov/,T2M - Air Temperature at 2 m (°C),SOA ITER neighbouring area (representative point),2026-03-01 to 2026-05-31
2026,5,10,4,26.21,NASA POWER,https://power.larc.nasa.gov/,T2M - Air Temperature at 2 m (°C),SOA ITER neighbouring area (representative point),2026-03-01 to 2026-05-31
2026,5,10,5,26.03,NASA POWER,https://power.larc.nasa.gov/,T2M - Air Temperature at 2 m (°C),SOA ITER neighbouring area (representative point),2026-03-01 to 2026-05-31
2026,5,10,6,26.95,NASA POWER,https://power.larc.nasa.gov/,T2M - Air Temperature at 2 m (°C),SOA ITER neighbouring area (representative point),2026-03-01 to 2026-05-31
2026,5,10,7,28.22,NASA POWER,https://power.larc.nasa.gov/,T2M - Air Temperature at 2 m (°C),SOA ITER neighbouring area (representative point),2026-03-01 to 2026-05-31
2026,5,10,8,29.57,NASA POWER,https://power.larc.nasa.gov/,T2M - Air Temperature at 2 m (°C),SOA ITER neighbouring area (representative point),2026-03-01 to 2026-05-31
2026,5,10,9,31.0,NASA POWER,https://power.larc.nasa.gov/,T2M - Air Temperature at 2 m (°C),SOA ITER neighbouring area (representative point),2026-03-01 to 2026-05-31
2026,5,10,10,32.27,NASA POWER,https://power.larc.nasa.gov/,T2M - Air Temperature at 2 m (°C),SOA ITER neighbouring area (representative point),2026-03-01 to 2026-05-31
2026,5,10,11,33.25,NASA POWER,https://power.larc.nasa.gov/,T2M - Air Temperature at 2 m (°C),SOA ITER neighbouring area (representative point),2026-03-01 to 2026-05-31
2026,5,10,12,33.84,NASA POWER,https://power.larc.nasa.gov/,T2M - Air Temperature at 2 m (°C),SOA ITER neighbouring area (representative point),2026-03-01 to 2026-05-31
2026,5,10,13,34.08,NASA POWER,https://power.larc.nasa.gov/,T2M - Air Temperature at 2 m (°C),SOA ITER neighbouring area (representative point),2026-03-01 to 2026-05-31
2026,5,10,14,33.99,NASA POWER,https://power.larc.nasa.gov/,T2M - Air Temperature at 2 m (°C),SOA ITER neighbouring area (representative point),2026-03-01 to 2026-05-31
2026,5,10,15,33.43,NASA POWER,https://power.larc.nasa.gov/,T2M - Air Temperature at 2 m (°C),SOA ITER neighbouring area (representative point),2026-03-01 to 2026-05-31
2026,5,10,16,32.47,NASA POWER,https://power.larc.nasa.gov/,T2M - Air Temperature at 2 m (°C),SOA ITER neighbouring area (representative point),2026-03-01 to 2026-05-31
2026,5,10,17,31.16,NASA POWER,https://power.larc.nasa.gov/,T2M - Air Temperature at 2 m (°C),SOA ITER neighbouring area (representative point),2026-03-01 to 2026-05-31
2026,5,10,18,29.63,NASA POWER,https://power.larc.nasa.gov/,T2M - Air Temperature at 2 m (°C),SOA ITER neighbouring area (representative point),2026-03-01 to 2026-05-31
2026,5,10,19,28.59,NASA POWER,https://power.larc.nasa.gov/,T2M - Air Temperature at 2 m (°C),SOA ITER neighbouring area (representative point),2026-03-01 to 2026-05-31
2026,5,10,20,28.13,NASA POWER,https://power.larc.nasa.gov/,T2M - Air Temperature at 2 m (°C),SOA ITER neighbouring area (representative point),2026-03-01 to 2026-05-31
2026,5,10,21,27.85,NASA POWER,https://power.larc.nasa.gov/,T2M - Air Temperature at 2 m (°C),SOA ITER neighbouring area (representative point),2026-03-01 to 2026-05-31
2026,5,10,22,27.59,NASA POWER,https://power.larc.nasa.gov/,T2M - Air Temperature at 2 m (°C),SOA ITER neighbouring area (representative point),2026-03-01 to 2026-05-31
2026,5,10,23,27.33,NASA POWER,https://power.larc.nasa.gov/,T2M - Air Temperature at 2 m (°C),SOA ITER neighbouring area (representative point),2026-03-01 to 2026-05-31
2026,5,11,0,27.1,NASA POWER,https://power.larc.nasa.gov/,T2M - Air Temperature at 2 m (°C),SOA ITER neighbouring area (representative point),2026-03-01 to 2026-05-31
2026,5,11,1,27.01,NASA POWER,https://power.larc.nasa.gov/,T2M - Air Temperature at 2 m (°C),SOA ITER neighbouring area (representative point),2026-03-01 to 2026-05-31
2026,5,11,2,26.94,NASA POWER,https://power.larc.nasa.gov/,T2M - Air Temperature at 2 m (°C),SOA ITER neighbouring area (representative point),2026-03-01 to 2026-05-31
2026,5,11,3,26.79,NASA POWER,https://power.larc.nasa.gov/,T2M - Air Temperature at 2 m (°C),SOA ITER neighbouring area (representative point),2026-03-01 to 2026-05-31
2026,5,11,4,26.63,NASA POWER,https://power.larc.nasa.gov/,T2M - Air Temperature at 2 m (°C),SOA ITER neighbouring area (representative point),2026-03-01 to 2026-05-31
2026,5,11,5,26.47,NASA POWER,https://power.larc.nasa.gov/,T2M - Air Temperature at 2 m (°C),SOA ITER neighbouring area (representative point),2026-03-01 to 2026-05-31
2026,5,11,6,27.29,NASA POWER,https://power.larc.nasa.gov/,T2M - Air Temperature at 2 m (°C),SOA ITER neighbouring area (representative point),2026-03-01 to 2026-05-31
2026,5,11,7,28.45,NASA POWER,https://power.larc.nasa.gov/,T2M - Air Temperature at 2 m (°C),SOA ITER neighbouring area (representative point),2026-03-01 to 2026-05-31
2026,5,11,8,29.75,NASA POWER,https://power.larc.nasa.gov/,T2M - Air Temperature at 2 m (°C),SOA ITER neighbouring area (representative point),2026-03-01 to 2026-05-31
2026,5,11,9,31.11,NASA POWER,https://power.larc.nasa.gov/,T2M - Air Temperature at 2 m (°C),SOA ITER neighbouring area (representative point),2026-03-01 to 2026-05-31
2026,5,11,10,32.37,NASA POWER,https://power.larc.nasa.gov/,T2M - Air Temperature at 2 m (°C),SOA ITER neighbouring area (representative point),2026-03-01 to 2026-05-31
2026,5,11,11,33.42,NASA POWER,https://power.larc.nasa.gov/,T2M - Air Temperature at 2 m (°C),SOA ITER neighbouring area (representative point),2026-03-01 to 2026-05-31
2026,5,11,12,34.1,NASA POWER,https://power.larc.nasa.gov/,T2M - Air Temperature at 2 m (°C),SOA ITER neighbouring area (representative point),2026-03-01 to 2026-05-31
2026,5,11,13,34.37,NASA POWER,https://power.larc.nasa.gov/,T2M - Air Temperature at 2 m (°C),SOA ITER neighbouring area (representative point),2026-03-01 to 2026-05-31
2026,5,11,14,34.21,NASA POWER,https://power.larc.nasa.gov/,T2M - Air Temperature at 2 m (°C),SOA ITER neighbouring area (representative point),2026-03-01 to 2026-05-31
2026,5,11,15,33.65,NASA POWER,https://power.larc.nasa.gov/,T2M - Air Temperature at 2 m (°C),SOA ITER neighbouring area (representative point),2026-03-01 to 2026-05-31
2026,5,11,16,32.78,NASA POWER,https://power.larc.nasa.gov/,T2M - Air Temperature at 2 m (°C),SOA ITER neighbouring area (representative point),2026-03-01 to 2026-05-31
2026,5,11,17,31.58,NASA POWER,https://power.larc.nasa.gov/,T2M - Air Temperature at 2 m (°C),SOA ITER neighbouring area (representative point),2026-03-01 to 2026-05-31
2026,5,11,18,30.21,NASA POWER,https://power.larc.nasa.gov/,T2M - Air Temperature at 2 m (°C),SOA ITER neighbouring area (representative point),2026-03-01 to 2026-05-31
2026,5,11,19,29.2,NASA POWER,https://power.larc.nasa.gov/,T2M - Air Temperature at 2 m (°C),SOA ITER neighbouring area (representative point),2026-03-01 to 2026-05-31
2026,5,11,20,28.66,NASA POWER,https://power.larc.nasa.gov/,T2M - Air Temperature at 2 m (°C),SOA ITER neighbouring area (representative point),2026-03-01 to 2026-05-31
2026,5,11,21,28.36,NASA POWER,https://power.larc.nasa.gov/,T2M - Air Temperature at 2 m (°C),SOA ITER neighbouring area (representative point),2026-03-01 to 2026-05-31
2026,5,11,22,28.15,NASA POWER,https://power.larc.nasa.gov/,T2M - Air Temperature at 2 m (°C),SOA ITER neighbouring area (representative point),2026-03-01 to 2026-05-31
2026,5,11,23,27.93,NASA POWER,https://power.larc.nasa.gov/,T2M - Air Temperature at 2 m (°C),SOA ITER neighbouring area (representative point),2026-03-01 to 2026-05-31
2026,5,12,0,27.67,NASA POWER,https://power.larc.nasa.gov/,T2M - Air Temperature at 2 m (°C),SOA ITER neighbouring area (representative point),2026-03-01 to 2026-05-31
2026,5,12,1,27.41,NASA POWER,https://power.larc.nasa.gov/,T2M - Air Temperature at 2 m (°C),SOA ITER neighbouring area (representative point),2026-03-01 to 2026-05-31
2026,5,12,2,27.23,NASA POWER,https://power.larc.nasa.gov/,T2M - Air Temperature at 2 m (°C),SOA ITER neighbouring area (representative point),2026-03-01 to 2026-05-31
2026,5,12,3,27.11,NASA POWER,https://power.larc.nasa.gov/,T2M - Air Temperature at 2 m (°C),SOA ITER neighbouring area (representative point),2026-03-01 to 2026-05-31
2026,5,12,4,27.05,NASA POWER,https://power.larc.nasa.gov/,T2M - Air Temperature at 2 m (°C),SOA ITER neighbouring area (representative point),2026-03-01 to 2026-05-31
2026,5,12,5,26.99,NASA POWER,https://power.larc.nasa.gov/,T2M - Air Temperature at 2 m (°C),SOA ITER neighbouring area (representative point),2026-03-01 to 2026-05-31
2026,5,12,6,27.67,NASA POWER,https://power.larc.nasa.gov/,T2M - Air Temperature at 2 m (°C),SOA ITER neighbouring area (representative point),2026-03-01 to 2026-05-31
2026,5,12,7,28.84,NASA POWER,https://power.larc.nasa.gov/,T2M - Air Temperature at 2 m (°C),SOA ITER neighbouring area (representative point),2026-03-01 to 2026-05-31
2026,5,12,8,30.2,NASA POWER,https://power.larc.nasa.gov/,T2M - Air Temperature at 2 m (°C),SOA ITER neighbouring area (representative point),2026-03-01 to 2026-05-31
2026,5,12,9,31.46,NASA POWER,https://power.larc.nasa.gov/,T2M - Air Temperature at 2 m (°C),SOA ITER neighbouring area (representative point),2026-03-01 to 2026-05-31
2026,5,12,10,32.74,NASA POWER,https://power.larc.nasa.gov/,T2M - Air Temperature at 2 m (°C),SOA ITER neighbouring area (representative point),2026-03-01 to 2026-05-31
2026,5,12,11,33.7,NASA POWER,https://power.larc.nasa.gov/,T2M - Air Temperature at 2 m (°C),SOA ITER neighbouring area (representative point),2026-03-01 to 2026-05-31
2026,5,12,12,34.25,NASA POWER,https://power.larc.nasa.gov/,T2M - Air Temperature at 2 m (°C),SOA ITER neighbouring area (representative point),2026-03-01 to 2026-05-31
2026,5,12,13,34.39,NASA POWER,https://power.larc.nasa.gov/,T2M - Air Temperature at 2 m (°C),SOA ITER neighbouring area (representative point),2026-03-01 to 2026-05-31
2026,5,12,14,34.18,NASA POWER,https://power.larc.nasa.gov/,T2M - Air Temperature at 2 m (°C),SOA ITER neighbouring area (representative point),2026-03-01 to 2026-05-31
2026,5,12,15,33.57,NASA POWER,https://power.larc.nasa.gov/,T2M - Air Temperature at 2 m (°C),SOA ITER neighbouring area (representative point),2026-03-01 to 2026-05-31
2026,5,12,16,32.5,NASA POWER,https://power.larc.nasa.gov/,T2M - Air Temperature at 2 m (°C),SOA ITER neighbouring area (representative point),2026-03-01 to 2026-05-31
2026,5,12,17,31.28,NASA POWER,https://power.larc.nasa.gov/,T2M - Air Temperature at 2 m (°C),SOA ITER neighbouring area (representative point),2026-03-01 to 2026-05-31
2026,5,12,18,29.92,NASA POWER,https://power.larc.nasa.gov/,T2M - Air Temperature at 2 m (°C),SOA ITER neighbouring area (representative point),2026-03-01 to 2026-05-31
2026,5,12,19,28.99,NASA POWER,https://power.larc.nasa.gov/,T2M - Air Temperature at 2 m (°C),SOA ITER neighbouring area (representative point),2026-03-01 to 2026-05-31
2026,5,12,20,28.57,NASA POWER,https://power.larc.nasa.gov/,T2M - Air Temperature at 2 m (°C),SOA ITER neighbouring area (representative point),2026-03-01 to 2026-05-31
2026,5,12,21,28.38,NASA POWER,https://power.larc.nasa.gov/,T2M - Air Temperature at 2 m (°C),SOA ITER neighbouring area (representative point),2026-03-01 to 2026-05-31
2026,5,12,22,28.22,NASA POWER,https://power.larc.nasa.gov/,T2M - Air Temperature at 2 m (°C),SOA ITER neighbouring area (representative point),2026-03-01 to 2026-05-31
2026,5,12,23,28.03,NASA POWER,https://power.larc.nasa.gov/,T2M - Air Temperature at 2 m (°C),SOA ITER neighbouring area (representative point),2026-03-01 to 2026-05-31
2026,5,13,0,27.85,NASA POWER,https://power.larc.nasa.gov/,T2M - Air Temperature at 2 m (°C),SOA ITER neighbouring area (representative point),2026-03-01 to 2026-05-31
2026,5,13,1,27.74,NASA POWER,https://power.larc.nasa.gov/,T2M - Air Temperature at 2 m (°C),SOA ITER neighbouring area (representative point),2026-03-01 to 2026-05-31
2026,5,13,2,27.62,NASA POWER,https://power.larc.nasa.gov/,T2M - Air Temperature at 2 m (°C),SOA ITER neighbouring area (representative point),2026-03-01 to 2026-05-31
2026,5,13,3,27.55,NASA POWER,https://power.larc.nasa.gov/,T2M - Air Temperature at 2 m (°C),SOA ITER neighbouring area (representative point),2026-03-01 to 2026-05-31
2026,5,13,4,27.38,NASA POWER,https://power.larc.nasa.gov/,T2M - Air Temperature at 2 m (°C),SOA ITER neighbouring area (representative point),2026-03-01 to 2026-05-31
2026,5,13,5,27.21,NASA POWER,https://power.larc.nasa.gov/,T2M - Air Temperature at 2 m (°C),SOA ITER neighbouring area (representative point),2026-03-01 to 2026-05-31
2026,5,13,6,27.92,NASA POWER,https://power.larc.nasa.gov/,T2M - Air Temperature at 2 m (°C),SOA ITER neighbouring area (representative point),2026-03-01 to 2026-05-31
2026,5,13,7,29.1,NASA POWER,https://power.larc.nasa.gov/,T2M - Air Temperature at 2 m (°C),SOA ITER neighbouring area (representative point),2026-03-01 to 2026-05-31
2026,5,13,8,30.47,NASA POWER,https://power.larc.nasa.gov/,T2M - Air Temperature at 2 m (°C),SOA ITER neighbouring area (representative point),2026-03-01 to 2026-05-31
2026,5,13,9,31.93,NASA POWER,https://power.larc.nasa.gov/,T2M - Air Temperature at 2 m (°C),SOA ITER neighbouring area (representative point),2026-03-01 to 2026-05-31
2026,5,13,10,33.23,NASA POWER,https://power.larc.nasa.gov/,T2M - Air Temperature at 2 m (°C),SOA ITER neighbouring area (representative point),2026-03-01 to 2026-05-31
2026,5,13,11,34.29,NASA POWER,https://power.larc.nasa.gov/,T2M - Air Temperature at 2 m (°C),SOA ITER neighbouring area (representative point),2026-03-01 to 2026-05-31
2026,5,13,12,34.96,NASA POWER,https://power.larc.nasa.gov/,T2M - Air Temperature at 2 m (°C),SOA ITER neighbouring area (representative point),2026-03-01 to 2026-05-31
2026,5,13,13,35.24,NASA POWER,https://power.larc.nasa.gov/,T2M - Air Temperature at 2 m (°C),SOA ITER neighbouring area (representative point),2026-03-01 to 2026-05-31
2026,5,13,14,35.12,NASA POWER,https://power.larc.nasa.gov/,T2M - Air Temperature at 2 m (°C),SOA ITER neighbouring area (representative point),2026-03-01 to 2026-05-31
2026,5,13,15,34.53,NASA POWER,https://power.larc.nasa.gov/,T2M - Air Temperature at 2 m (°C),SOA ITER neighbouring area (representative point),2026-03-01 to 2026-05-31
2026,5,13,16,33.58,NASA POWER,https://power.larc.nasa.gov/,T2M - Air Temperature at 2 m (°C),SOA ITER neighbouring area (representative point),2026-03-01 to 2026-05-31
2026,5,13,17,32.22,NASA POWER,https://power.larc.nasa.gov/,T2M - Air Temperature at 2 m (°C),SOA ITER neighbouring area (representative point),2026-03-01 to 2026-05-31
2026,5,13,18,30.59,NASA POWER,https://power.larc.nasa.gov/,T2M - Air Temperature at 2 m (°C),SOA ITER neighbouring area (representative point),2026-03-01 to 2026-05-31
2026,5,13,19,29.38,NASA POWER,https://power.larc.nasa.gov/,T2M - Air Temperature at 2 m (°C),SOA ITER neighbouring area (representative point),2026-03-01 to 2026-05-31
2026,5,13,20,28.82,NASA POWER,https://power.larc.nasa.gov/,T2M - Air Temperature at 2 m (°C),SOA ITER neighbouring area (representative point),2026-03-01 to 2026-05-31
2026,5,13,21,28.62,NASA POWER,https://power.larc.nasa.gov/,T2M - Air Temperature at 2 m (°C),SOA ITER neighbouring area (representative point),2026-03-01 to 2026-05-31
2026,5,13,22,28.59,NASA POWER,https://power.larc.nasa.gov/,T2M - Air Temperature at 2 m (°C),SOA ITER neighbouring area (representative point),2026-03-01 to 2026-05-31
2026,5,13,23,28.48,NASA POWER,https://power.larc.nasa.gov/,T2M - Air Temperature at 2 m (°C),SOA ITER neighbouring area (representative point),2026-03-01 to 2026-05-31
2026,5,14,0,28.32,NASA POWER,https://power.larc.nasa.gov/,T2M - Air Temperature at 2 m (°C),SOA ITER neighbouring area (representative point),2026-03-01 to 2026-05-31
2026,5,14,1,28.14,NASA POWER,https://power.larc.nasa.gov/,T2M - Air Temperature at 2 m (°C),SOA ITER neighbouring area (representative point),2026-03-01 to 2026-05-31
2026,5,14,2,27.91,NASA POWER,https://power.larc.nasa.gov/,T2M - Air Temperature at 2 m (°C),SOA ITER neighbouring area (representative point),2026-03-01 to 2026-05-31
2026,5,14,3,27.69,NASA POWER,https://power.larc.nasa.gov/,T2M - Air Temperature at 2 m (°C),SOA ITER neighbouring area (representative point),2026-03-01 to 2026-05-31
2026,5,14,4,27.51,NASA POWER,https://power.larc.nasa.gov/,T2M - Air Temperature at 2 m (°C),SOA ITER neighbouring area (representative point),2026-03-01 to 2026-05-31
2026,5,14,5,27.41,NASA POWER,https://power.larc.nasa.gov/,T2M - Air Temperature at 2 m (°C),SOA ITER neighbouring area (representative point),2026-03-01 to 2026-05-31
2026,5,14,6,28.03,NASA POWER,https://power.larc.nasa.gov/,T2M - Air Temperature at 2 m (°C),SOA ITER neighbouring area (representative point),2026-03-01 to 2026-05-31
2026,5,14,7,28.99,NASA POWER,https://power.larc.nasa.gov/,T2M - Air Temperature at 2 m (°C),SOA ITER neighbouring area (representative point),2026-03-01 to 2026-05-31
2026,5,14,8,30.18,NASA POWER,https://power.larc.nasa.gov/,T2M - Air Temperature at 2 m (°C),SOA ITER neighbouring area (representative point),2026-03-01 to 2026-05-31
2026,5,14,9,31.72,NASA POWER,https://power.larc.nasa.gov/,T2M - Air Temperature at 2 m (°C),SOA ITER neighbouring area (representative point),2026-03-01 to 2026-05-31
2026,5,14,10,33.52,NASA POWER,https://power.larc.nasa.gov/,T2M - Air Temperature at 2 m (°C),SOA ITER neighbouring area (representative point),2026-03-01 to 2026-05-31
2026,5,14,11,35.06,NASA POWER,https://power.larc.nasa.gov/,T2M - Air Temperature at 2 m (°C),SOA ITER neighbouring area (representative point),2026-03-01 to 2026-05-31
2026,5,14,12,36.11,NASA POWER,https://power.larc.nasa.gov/,T2M - Air Temperature at 2 m (°C),SOA ITER neighbouring area (representative point),2026-03-01 to 2026-05-31
2026,5,14,13,36.71,NASA POWER,https://power.larc.nasa.gov/,T2M - Air Temperature at 2 m (°C),SOA ITER neighbouring area (representative point),2026-03-01 to 2026-05-31
2026,5,14,14,36.8,NASA POWER,https://power.larc.nasa.gov/,T2M - Air Temperature at 2 m (°C),SOA ITER neighbouring area (representative point),2026-03-01 to 2026-05-31
2026,5,14,15,36.2,NASA POWER,https://power.larc.nasa.gov/,T2M - Air Temperature at 2 m (°C),SOA ITER neighbouring area (representative point),2026-03-01 to 2026-05-31
2026,5,14,16,34.97,NASA POWER,https://power.larc.nasa.gov/,T2M - Air Temperature at 2 m (°C),SOA ITER neighbouring area (representative point),2026-03-01 to 2026-05-31
2026,5,14,17,33.16,NASA POWER,https://power.larc.nasa.gov/,T2M - Air Temperature at 2 m (°C),SOA ITER neighbouring area (representative point),2026-03-01 to 2026-05-31
2026,5,14,18,31.19,NASA POWER,https://power.larc.nasa.gov/,T2M - Air Temperature at 2 m (°C),SOA ITER neighbouring area (representative point),2026-03-01 to 2026-05-31
2026,5,14,19,29.9,NASA POWER,https://power.larc.nasa.gov/,T2M - Air Temperature at 2 m (°C),SOA ITER neighbouring area (representative point),2026-03-01 to 2026-05-31
2026,5,14,20,29.41,NASA POWER,https://power.larc.nasa.gov/,T2M - Air Temperature at 2 m (°C),SOA ITER neighbouring area (representative point),2026-03-01 to 2026-05-31
2026,5,14,21,29.25,NASA POWER,https://power.larc.nasa.gov/,T2M - Air Temperature at 2 m (°C),SOA ITER neighbouring area (representative point),2026-03-01 to 2026-05-31
2026,5,14,22,29.13,NASA POWER,https://power.larc.nasa.gov/,T2M - Air Temperature at 2 m (°C),SOA ITER neighbouring area (representative point),2026-03-01 to 2026-05-31
2026,5,14,23,28.98,NASA POWER,https://power.larc.nasa.gov/,T2M - Air Temperature at 2 m (°C),SOA ITER neighbouring area (representative point),2026-03-01 to 2026-05-31
2026,5,15,0,28.84,NASA POWER,https://power.larc.nasa.gov/,T2M - Air Temperature at 2 m (°C),SOA ITER neighbouring area (representative point),2026-03-01 to 2026-05-31
2026,5,15,1,28.71,NASA POWER,https://power.larc.nasa.gov/,T2M - Air Temperature at 2 m (°C),SOA ITER neighbouring area (representative point),2026-03-01 to 2026-05-31
2026,5,15,2,28.62,NASA POWER,https://power.larc.nasa.gov/,T2M - Air Temperature at 2 m (°C),SOA ITER neighbouring area (representative point),2026-03-01 to 2026-05-31
2026,5,15,3,28.57,NASA POWER,https://power.larc.nasa.gov/,T2M - Air Temperature at 2 m (°C),SOA ITER neighbouring area (representative point),2026-03-01 to 2026-05-31
2026,5,15,4,28.52,NASA POWER,https://power.larc.nasa.gov/,T2M - Air Temperature at 2 m (°C),SOA ITER neighbouring area (representative point),2026-03-01 to 2026-05-31
2026,5,15,5,28.5,NASA POWER,https://power.larc.nasa.gov/,T2M - Air Temperature at 2 m (°C),SOA ITER neighbouring area (representative point),2026-03-01 to 2026-05-31
2026,5,15,6,28.95,NASA POWER,https://power.larc.nasa.gov/,T2M - Air Temperature at 2 m (°C),SOA ITER neighbouring area (representative point),2026-03-01 to 2026-05-31
2026,5,15,7,30.08,NASA POWER,https://power.larc.nasa.gov/,T2M - Air Temperature at 2 m (°C),SOA ITER neighbouring area (representative point),2026-03-01 to 2026-05-31
2026,5,15,8,31.36,NASA POWER,https://power.larc.nasa.gov/,T2M - Air Temperature at 2 m (°C),SOA ITER neighbouring area (representative point),2026-03-01 to 2026-05-31
2026,5,15,9,32.63,NASA POWER,https://power.larc.nasa.gov/,T2M - Air Temperature at 2 m (°C),SOA ITER neighbouring area (representative point),2026-03-01 to 2026-05-31
2026,5,15,10,33.84,NASA POWER,https://power.larc.nasa.gov/,T2M - Air Temperature at 2 m (°C),SOA ITER neighbouring area (representative point),2026-03-01 to 2026-05-31
2026,5,15,11,34.87,NASA POWER,https://power.larc.nasa.gov/,T2M - Air Temperature at 2 m (°C),SOA ITER neighbouring area (representative point),2026-03-01 to 2026-05-31
2026,5,15,12,35.61,NASA POWER,https://power.larc.nasa.gov/,T2M - Air Temperature at 2 m (°C),SOA ITER neighbouring area (representative point),2026-03-01 to 2026-05-31
2026,5,15,13,36.06,NASA POWER,https://power.larc.nasa.gov/,T2M - Air Temperature at 2 m (°C),SOA ITER neighbouring area (representative point),2026-03-01 to 2026-05-31
2026,5,15,14,36.07,NASA POWER,https://power.larc.nasa.gov/,T2M - Air Temperature at 2 m (°C),SOA ITER neighbouring area (representative point),2026-03-01 to 2026-05-31
2026,5,15,15,35.66,NASA POWER,https://power.larc.nasa.gov/,T2M - Air Temperature at 2 m (°C),SOA ITER neighbouring area (representative point),2026-03-01 to 2026-05-31
2026,5,15,16,34.71,NASA POWER,https://power.larc.nasa.gov/,T2M - Air Temperature at 2 m (°C),SOA ITER neighbouring area (representative point),2026-03-01 to 2026-05-31
2026,5,15,17,33.09,NASA POWER,https://power.larc.nasa.gov/,T2M - Air Temperature at 2 m (°C),SOA ITER neighbouring area (representative point),2026-03-01 to 2026-05-31
2026,5,15,18,31.24,NASA POWER,https://power.larc.nasa.gov/,T2M - Air Temperature at 2 m (°C),SOA ITER neighbouring area (representative point),2026-03-01 to 2026-05-31
2026,5,15,19,30.1,NASA POWER,https://power.larc.nasa.gov/,T2M - Air Temperature at 2 m (°C),SOA ITER neighbouring area (representative point),2026-03-01 to 2026-05-31
2026,5,15,20,29.7,NASA POWER,https://power.larc.nasa.gov/,T2M - Air Temperature at 2 m (°C),SOA ITER neighbouring area (representative point),2026-03-01 to 2026-05-31
2026,5,15,21,29.51,NASA POWER,https://power.larc.nasa.gov/,T2M - Air Temperature at 2 m (°C),SOA ITER neighbouring area (representative point),2026-03-01 to 2026-05-31
2026,5,15,22,29.39,NASA POWER,https://power.larc.nasa.gov/,T2M - Air Temperature at 2 m (°C),SOA ITER neighbouring area (representative point),2026-03-01 to 2026-05-31
2026,5,15,23,29.26,NASA POWER,https://power.larc.nasa.gov/,T2M - Air Temperature at 2 m (°C),SOA ITER neighbouring area (representative point),2026-03-01 to 2026-05-31
2026,5,16,0,29.12,NASA POWER,https://power.larc.nasa.gov/,T2M - Air Temperature at 2 m (°C),SOA ITER neighbouring area (representative point),2026-03-01 to 2026-05-31
2026,5,16,1,28.97,NASA POWER,https://power.larc.nasa.gov/,T2M - Air Temperature at 2 m (°C),SOA ITER neighbouring area (representative point),2026-03-01 to 2026-05-31
2026,5,16,2,28.79,NASA POWER,https://power.larc.nasa.gov/,T2M - Air Temperature at 2 m (°C),SOA ITER neighbouring area (representative point),2026-03-01 to 2026-05-31
2026,5,16,3,28.63,NASA POWER,https://power.larc.nasa.gov/,T2M - Air Temperature at 2 m (°C),SOA ITER neighbouring area (representative point),2026-03-01 to 2026-05-31
2026,5,16,4,28.45,NASA POWER,https://power.larc.nasa.gov/,T2M - Air Temperature at 2 m (°C),SOA ITER neighbouring area (representative point),2026-03-01 to 2026-05-31
2026,5,16,5,28.3,NASA POWER,https://power.larc.nasa.gov/,T2M - Air Temperature at 2 m (°C),SOA ITER neighbouring area (representative point),2026-03-01 to 2026-05-31
2026,5,16,6,28.66,NASA POWER,https://power.larc.nasa.gov/,T2M - Air Temperature at 2 m (°C),SOA ITER neighbouring area (representative point),2026-03-01 to 2026-05-31
2026,5,16,7,29.57,NASA POWER,https://power.larc.nasa.gov/,T2M - Air Temperature at 2 m (°C),SOA ITER neighbouring area (representative point),2026-03-01 to 2026-05-31
2026,5,16,8,30.51,NASA POWER,https://power.larc.nasa.gov/,T2M - Air Temperature at 2 m (°C),SOA ITER neighbouring area (representative point),2026-03-01 to 2026-05-31
2026,5,16,9,31.46,NASA POWER,https://power.larc.nasa.gov/,T2M - Air Temperature at 2 m (°C),SOA ITER neighbouring area (representative point),2026-03-01 to 2026-05-31
2026,5,16,10,32.44,NASA POWER,https://power.larc.nasa.gov/,T2M - Air Temperature at 2 m (°C),SOA ITER neighbouring area (representative point),2026-03-01 to 2026-05-31
2026,5,16,11,33.33,NASA POWER,https://power.larc.nasa.gov/,T2M - Air Temperature at 2 m (°C),SOA ITER neighbouring area (representative point),2026-03-01 to 2026-05-31
2026,5,16,12,33.95,NASA POWER,https://power.larc.nasa.gov/,T2M - Air Temperature at 2 m (°C),SOA ITER neighbouring area (representative point),2026-03-01 to 2026-05-31
2026,5,16,13,34.27,NASA POWER,https://power.larc.nasa.gov/,T2M - Air Temperature at 2 m (°C),SOA ITER neighbouring area (representative point),2026-03-01 to 2026-05-31
2026,5,16,14,34.39,NASA POWER,https://power.larc.nasa.gov/,T2M - Air Temperature at 2 m (°C),SOA ITER neighbouring area (representative point),2026-03-01 to 2026-05-31
2026,5,16,15,34.06,NASA POWER,https://power.larc.nasa.gov/,T2M - Air Temperature at 2 m (°C),SOA ITER neighbouring area (representative point),2026-03-01 to 2026-05-31
2026,5,16,16,33.27,NASA POWER,https://power.larc.nasa.gov/,T2M - Air Temperature at 2 m (°C),SOA ITER neighbouring area (representative point),2026-03-01 to 2026-05-31
2026,5,16,17,32.02,NASA POWER,https://power.larc.nasa.gov/,T2M - Air Temperature at 2 m (°C),SOA ITER neighbouring area (representative point),2026-03-01 to 2026-05-31
2026,5,16,18,30.56,NASA POWER,https://power.larc.nasa.gov/,T2M - Air Temperature at 2 m (°C),SOA ITER neighbouring area (representative point),2026-03-01 to 2026-05-31
2026,5,16,19,29.63,NASA POWER,https://power.larc.nasa.gov/,T2M - Air Temperature at 2 m (°C),SOA ITER neighbouring area (representative point),2026-03-01 to 2026-05-31
2026,5,16,20,29.26,NASA POWER,https://power.larc.nasa.gov/,T2M - Air Temperature at 2 m (°C),SOA ITER neighbouring area (representative point),2026-03-01 to 2026-05-31
2026,5,16,21,29.09,NASA POWER,https://power.larc.nasa.gov/,T2M - Air Temperature at 2 m (°C),SOA ITER neighbouring area (representative point),2026-03-01 to 2026-05-31
2026,5,16,22,28.99,NASA POWER,https://power.larc.nasa.gov/,T2M - Air Temperature at 2 m (°C),SOA ITER neighbouring area (representative point),2026-03-01 to 2026-05-31
2026,5,16,23,28.86,NASA POWER,https://power.larc.nasa.gov/,T2M - Air Temperature at 2 m (°C),SOA ITER neighbouring area (representative point),2026-03-01 to 2026-05-31
2026,5,17,0,28.72,NASA POWER,https://power.larc.nasa.gov/,T2M - Air Temperature at 2 m (°C),SOA ITER neighbouring area (representative point),2026-03-01 to 2026-05-31
2026,5,17,1,28.56,NASA POWER,https://power.larc.nasa.gov/,T2M - Air Temperature at 2 m (°C),SOA ITER neighbouring area (representative point),2026-03-01 to 2026-05-31
2026,5,17,2,28.42,NASA POWER,https://power.larc.nasa.gov/,T2M - Air Temperature at 2 m (°C),SOA ITER neighbouring area (representative point),2026-03-01 to 2026-05-31
2026,5,17,3,28.24,NASA POWER,https://power.larc.nasa.gov/,T2M - Air Temperature at 2 m (°C),SOA ITER neighbouring area (representative point),2026-03-01 to 2026-05-31
2026,5,17,4,28.06,NASA POWER,https://power.larc.nasa.gov/,T2M - Air Temperature at 2 m (°C),SOA ITER neighbouring area (representative point),2026-03-01 to 2026-05-31
2026,5,17,5,27.89,NASA POWER,https://power.larc.nasa.gov/,T2M - Air Temperature at 2 m (°C),SOA ITER neighbouring area (representative point),2026-03-01 to 2026-05-31
2026,5,17,6,28.65,NASA POWER,https://power.larc.nasa.gov/,T2M - Air Temperature at 2 m (°C),SOA ITER neighbouring area (representative point),2026-03-01 to 2026-05-31
2026,5,17,7,30.1,NASA POWER,https://power.larc.nasa.gov/,T2M - Air Temperature at 2 m (°C),SOA ITER neighbouring area (representative point),2026-03-01 to 2026-05-31
2026,5,17,8,31.93,NASA POWER,https://power.larc.nasa.gov/,T2M - Air Temperature at 2 m (°C),SOA ITER neighbouring area (representative point),2026-03-01 to 2026-05-31
2026,5,17,9,33.72,NASA POWER,https://power.larc.nasa.gov/,T2M - Air Temperature at 2 m (°C),SOA ITER neighbouring area (representative point),2026-03-01 to 2026-05-31
2026,5,17,10,35.24,NASA POWER,https://power.larc.nasa.gov/,T2M - Air Temperature at 2 m (°C),SOA ITER neighbouring area (representative point),2026-03-01 to 2026-05-31
2026,5,17,11,36.38,NASA POWER,https://power.larc.nasa.gov/,T2M - Air Temperature at 2 m (°C),SOA ITER neighbouring area (representative point),2026-03-01 to 2026-05-31
2026,5,17,12,37.12,NASA POWER,https://power.larc.nasa.gov/,T2M - Air Temperature at 2 m (°C),SOA ITER neighbouring area (representative point),2026-03-01 to 2026-05-31
2026,5,17,13,37.3,NASA POWER,https://power.larc.nasa.gov/,T2M - Air Temperature at 2 m (°C),SOA ITER neighbouring area (representative point),2026-03-01 to 2026-05-31
2026,5,17,14,37.02,NASA POWER,https://power.larc.nasa.gov/,T2M - Air Temperature at 2 m (°C),SOA ITER neighbouring area (representative point),2026-03-01 to 2026-05-31
2026,5,17,15,36.22,NASA POWER,https://power.larc.nasa.gov/,T2M - Air Temperature at 2 m (°C),SOA ITER neighbouring area (representative point),2026-03-01 to 2026-05-31
2026,5,17,16,34.97,NASA POWER,https://power.larc.nasa.gov/,T2M - Air Temperature at 2 m (°C),SOA ITER neighbouring area (representative point),2026-03-01 to 2026-05-31
2026,5,17,17,33.27,NASA POWER,https://power.larc.nasa.gov/,T2M - Air Temperature at 2 m (°C),SOA ITER neighbouring area (representative point),2026-03-01 to 2026-05-31
2026,5,17,18,31.5,NASA POWER,https://power.larc.nasa.gov/,T2M - Air Temperature at 2 m (°C),SOA ITER neighbouring area (representative point),2026-03-01 to 2026-05-31
2026,5,17,19,30.51,NASA POWER,https://power.larc.nasa.gov/,T2M - Air Temperature at 2 m (°C),SOA ITER neighbouring area (representative point),2026-03-01 to 2026-05-31
2026,5,17,20,30.23,NASA POWER,https://power.larc.nasa.gov/,T2M - Air Temperature at 2 m (°C),SOA ITER neighbouring area (representative point),2026-03-01 to 2026-05-31
2026,5,17,21,30.12,NASA POWER,https://power.larc.nasa.gov/,T2M - Air Temperature at 2 m (°C),SOA ITER neighbouring area (representative point),2026-03-01 to 2026-05-31
2026,5,17,22,29.98,NASA POWER,https://power.larc.nasa.gov/,T2M - Air Temperature at 2 m (°C),SOA ITER neighbouring area (representative point),2026-03-01 to 2026-05-31
2026,5,17,23,29.79,NASA POWER,https://power.larc.nasa.gov/,T2M - Air Temperature at 2 m (°C),SOA ITER neighbouring area (representative point),2026-03-01 to 2026-05-31
2026,5,18,0,29.61,NASA POWER,https://power.larc.nasa.gov/,T2M - Air Temperature at 2 m (°C),SOA ITER neighbouring area (representative point),2026-03-01 to 2026-05-31
2026,5,18,1,29.51,NASA POWER,https://power.larc.nasa.gov/,T2M - Air Temperature at 2 m (°C),SOA ITER neighbouring area (representative point),2026-03-01 to 2026-05-31
2026,5,18,2,29.48,NASA POWER,https://power.larc.nasa.gov/,T2M - Air Temperature at 2 m (°C),SOA ITER neighbouring area (representative point),2026-03-01 to 2026-05-31
2026,5,18,3,29.44,NASA POWER,https://power.larc.nasa.gov/,T2M - Air Temperature at 2 m (°C),SOA ITER neighbouring area (representative point),2026-03-01 to 2026-05-31
2026,5,18,4,29.32,NASA POWER,https://power.larc.nasa.gov/,T2M - Air Temperature at 2 m (°C),SOA ITER neighbouring area (representative point),2026-03-01 to 2026-05-31
2026,5,18,5,29.18,NASA POWER,https://power.larc.nasa.gov/,T2M - Air Temperature at 2 m (°C),SOA ITER neighbouring area (representative point),2026-03-01 to 2026-05-31
2026,5,18,6,29.64,NASA POWER,https://power.larc.nasa.gov/,T2M - Air Temperature at 2 m (°C),SOA ITER neighbouring area (representative point),2026-03-01 to 2026-05-31
2026,5,18,7,30.99,NASA POWER,https://power.larc.nasa.gov/,T2M - Air Temperature at 2 m (°C),SOA ITER neighbouring area (representative point),2026-03-01 to 2026-05-31
2026,5,18,8,32.89,NASA POWER,https://power.larc.nasa.gov/,T2M - Air Temperature at 2 m (°C),SOA ITER neighbouring area (representative point),2026-03-01 to 2026-05-31
2026,5,18,9,34.79,NASA POWER,https://power.larc.nasa.gov/,T2M - Air Temperature at 2 m (°C),SOA ITER neighbouring area (representative point),2026-03-01 to 2026-05-31
2026,5,18,10,36.37,NASA POWER,https://power.larc.nasa.gov/,T2M - Air Temperature at 2 m (°C),SOA ITER neighbouring area (representative point),2026-03-01 to 2026-05-31
2026,5,18,11,37.52,NASA POWER,https://power.larc.nasa.gov/,T2M - Air Temperature at 2 m (°C),SOA ITER neighbouring area (representative point),2026-03-01 to 2026-05-31
2026,5,18,12,38.25,NASA POWER,https://power.larc.nasa.gov/,T2M - Air Temperature at 2 m (°C),SOA ITER neighbouring area (representative point),2026-03-01 to 2026-05-31
2026,5,18,13,38.52,NASA POWER,https://power.larc.nasa.gov/,T2M - Air Temperature at 2 m (°C),SOA ITER neighbouring area (representative point),2026-03-01 to 2026-05-31
2026,5,18,14,38.34,NASA POWER,https://power.larc.nasa.gov/,T2M - Air Temperature at 2 m (°C),SOA ITER neighbouring area (representative point),2026-03-01 to 2026-05-31
2026,5,18,15,37.56,NASA POWER,https://power.larc.nasa.gov/,T2M - Air Temperature at 2 m (°C),SOA ITER neighbouring area (representative point),2026-03-01 to 2026-05-31
2026,5,18,16,36.3,NASA POWER,https://power.larc.nasa.gov/,T2M - Air Temperature at 2 m (°C),SOA ITER neighbouring area (representative point),2026-03-01 to 2026-05-31
2026,5,18,17,34.57,NASA POWER,https://power.larc.nasa.gov/,T2M - Air Temperature at 2 m (°C),SOA ITER neighbouring area (representative point),2026-03-01 to 2026-05-31
2026,5,18,18,32.64,NASA POWER,https://power.larc.nasa.gov/,T2M - Air Temperature at 2 m (°C),SOA ITER neighbouring area (representative point),2026-03-01 to 2026-05-31
2026,5,18,19,31.38,NASA POWER,https://power.larc.nasa.gov/,T2M - Air Temperature at 2 m (°C),SOA ITER neighbouring area (representative point),2026-03-01 to 2026-05-31
2026,5,18,20,30.94,NASA POWER,https://power.larc.nasa.gov/,T2M - Air Temperature at 2 m (°C),SOA ITER neighbouring area (representative point),2026-03-01 to 2026-05-31
2026,5,18,21,30.73,NASA POWER,https://power.larc.nasa.gov/,T2M - Air Temperature at 2 m (°C),SOA ITER neighbouring area (representative point),2026-03-01 to 2026-05-31
2026,5,18,22,30.54,NASA POWER,https://power.larc.nasa.gov/,T2M - Air Temperature at 2 m (°C),SOA ITER neighbouring area (representative point),2026-03-01 to 2026-05-31
2026,5,18,23,30.34,NASA POWER,https://power.larc.nasa.gov/,T2M - Air Temperature at 2 m (°C),SOA ITER neighbouring area (representative point),2026-03-01 to 2026-05-31
2026,5,19,0,30.15,NASA POWER,https://power.larc.nasa.gov/,T2M - Air Temperature at 2 m (°C),SOA ITER neighbouring area (representative point),2026-03-01 to 2026-05-31
2026,5,19,1,29.94,NASA POWER,https://power.larc.nasa.gov/,T2M - Air Temperature at 2 m (°C),SOA ITER neighbouring area (representative point),2026-03-01 to 2026-05-31
2026,5,19,2,29.75,NASA POWER,https://power.larc.nasa.gov/,T2M - Air Temperature at 2 m (°C),SOA ITER neighbouring area (representative point),2026-03-01 to 2026-05-31
2026,5,19,3,29.51,NASA POWER,https://power.larc.nasa.gov/,T2M - Air Temperature at 2 m (°C),SOA ITER neighbouring area (representative point),2026-03-01 to 2026-05-31
2026,5,19,4,29.32,NASA POWER,https://power.larc.nasa.gov/,T2M - Air Temperature at 2 m (°C),SOA ITER neighbouring area (representative point),2026-03-01 to 2026-05-31
2026,5,19,5,29.19,NASA POWER,https://power.larc.nasa.gov/,T2M - Air Temperature at 2 m (°C),SOA ITER neighbouring area (representative point),2026-03-01 to 2026-05-31
2026,5,19,6,29.69,NASA POWER,https://power.larc.nasa.gov/,T2M - Air Temperature at 2 m (°C),SOA ITER neighbouring area (representative point),2026-03-01 to 2026-05-31
2026,5,19,7,31.06,NASA POWER,https://power.larc.nasa.gov/,T2M - Air Temperature at 2 m (°C),SOA ITER neighbouring area (representative point),2026-03-01 to 2026-05-31
2026,5,19,8,32.82,NASA POWER,https://power.larc.nasa.gov/,T2M - Air Temperature at 2 m (°C),SOA ITER neighbouring area (representative point),2026-03-01 to 2026-05-31
2026,5,19,9,34.39,NASA POWER,https://power.larc.nasa.gov/,T2M - Air Temperature at 2 m (°C),SOA ITER neighbouring area (representative point),2026-03-01 to 2026-05-31
2026,5,19,10,35.78,NASA POWER,https://power.larc.nasa.gov/,T2M - Air Temperature at 2 m (°C),SOA ITER neighbouring area (representative point),2026-03-01 to 2026-05-31
2026,5,19,11,36.92,NASA POWER,https://power.larc.nasa.gov/,T2M - Air Temperature at 2 m (°C),SOA ITER neighbouring area (representative point),2026-03-01 to 2026-05-31
2026,5,19,12,37.77,NASA POWER,https://power.larc.nasa.gov/,T2M - Air Temperature at 2 m (°C),SOA ITER neighbouring area (representative point),2026-03-01 to 2026-05-31
2026,5,19,13,38.19,NASA POWER,https://power.larc.nasa.gov/,T2M - Air Temperature at 2 m (°C),SOA ITER neighbouring area (representative point),2026-03-01 to 2026-05-31
2026,5,19,14,38.1,NASA POWER,https://power.larc.nasa.gov/,T2M - Air Temperature at 2 m (°C),SOA ITER neighbouring area (representative point),2026-03-01 to 2026-05-31
2026,5,19,15,37.65,NASA POWER,https://power.larc.nasa.gov/,T2M - Air Temperature at 2 m (°C),SOA ITER neighbouring area (representative point),2026-03-01 to 2026-05-31
2026,5,19,16,36.83,NASA POWER,https://power.larc.nasa.gov/,T2M - Air Temperature at 2 m (°C),SOA ITER neighbouring area (representative point),2026-03-01 to 2026-05-31
2026,5,19,17,35.41,NASA POWER,https://power.larc.nasa.gov/,T2M - Air Temperature at 2 m (°C),SOA ITER neighbouring area (representative point),2026-03-01 to 2026-05-31
2026,5,19,18,33.52,NASA POWER,https://power.larc.nasa.gov/,T2M - Air Temperature at 2 m (°C),SOA ITER neighbouring area (representative point),2026-03-01 to 2026-05-31
2026,5,19,19,32.01,NASA POWER,https://power.larc.nasa.gov/,T2M - Air Temperature at 2 m (°C),SOA ITER neighbouring area (representative point),2026-03-01 to 2026-05-31
2026,5,19,20,31.3,NASA POWER,https://power.larc.nasa.gov/,T2M - Air Temperature at 2 m (°C),SOA ITER neighbouring area (representative point),2026-03-01 to 2026-05-31
2026,5,19,21,30.93,NASA POWER,https://power.larc.nasa.gov/,T2M - Air Temperature at 2 m (°C),SOA ITER neighbouring area (representative point),2026-03-01 to 2026-05-31
2026,5,19,22,30.71,NASA POWER,https://power.larc.nasa.gov/,T2M - Air Temperature at 2 m (°C),SOA ITER neighbouring area (representative point),2026-03-01 to 2026-05-31
2026,5,19,23,30.54,NASA POWER,https://power.larc.nasa.gov/,T2M - Air Temperature at 2 m (°C),SOA ITER neighbouring area (representative point),2026-03-01 to 2026-05-31
2026,5,20,0,30.39,NASA POWER,https://power.larc.nasa.gov/,T2M - Air Temperature at 2 m (°C),SOA ITER neighbouring area (representative point),2026-03-01 to 2026-05-31
2026,5,20,1,30.24,NASA POWER,https://power.larc.nasa.gov/,T2M - Air Temperature at 2 m (°C),SOA ITER neighbouring area (representative point),2026-03-01 to 2026-05-31
2026,5,20,2,30.08,NASA POWER,https://power.larc.nasa.gov/,T2M - Air Temperature at 2 m (°C),SOA ITER neighbouring area (representative point),2026-03-01 to 2026-05-31
2026,5,20,3,29.85,NASA POWER,https://power.larc.nasa.gov/,T2M - Air Temperature at 2 m (°C),SOA ITER neighbouring area (representative point),2026-03-01 to 2026-05-31
2026,5,20,4,29.55,NASA POWER,https://power.larc.nasa.gov/,T2M - Air Temperature at 2 m (°C),SOA ITER neighbouring area (representative point),2026-03-01 to 2026-05-31
2026,5,20,5,29.31,NASA POWER,https://power.larc.nasa.gov/,T2M - Air Temperature at 2 m (°C),SOA ITER neighbouring area (representative point),2026-03-01 to 2026-05-31
2026,5,20,6,29.72,NASA POWER,https://power.larc.nasa.gov/,T2M - Air Temperature at 2 m (°C),SOA ITER neighbouring area (representative point),2026-03-01 to 2026-05-31
2026,5,20,7,30.89,NASA POWER,https://power.larc.nasa.gov/,T2M - Air Temperature at 2 m (°C),SOA ITER neighbouring area (representative point),2026-03-01 to 2026-05-31
2026,5,20,8,32.32,NASA POWER,https://power.larc.nasa.gov/,T2M - Air Temperature at 2 m (°C),SOA ITER neighbouring area (representative point),2026-03-01 to 2026-05-31
2026,5,20,9,33.97,NASA POWER,https://power.larc.nasa.gov/,T2M - Air Temperature at 2 m (°C),SOA ITER neighbouring area (representative point),2026-03-01 to 2026-05-31
2026,5,20,10,35.63,NASA POWER,https://power.larc.nasa.gov/,T2M - Air Temperature at 2 m (°C),SOA ITER neighbouring area (representative point),2026-03-01 to 2026-05-31
2026,5,20,11,37.18,NASA POWER,https://power.larc.nasa.gov/,T2M - Air Temperature at 2 m (°C),SOA ITER neighbouring area (representative point),2026-03-01 to 2026-05-31
2026,5,20,12,38.35,NASA POWER,https://power.larc.nasa.gov/,T2M - Air Temperature at 2 m (°C),SOA ITER neighbouring area (representative point),2026-03-01 to 2026-05-31
2026,5,20,13,39.17,NASA POWER,https://power.larc.nasa.gov/,T2M - Air Temperature at 2 m (°C),SOA ITER neighbouring area (representative point),2026-03-01 to 2026-05-31
2026,5,20,14,39.54,NASA POWER,https://power.larc.nasa.gov/,T2M - Air Temperature at 2 m (°C),SOA ITER neighbouring area (representative point),2026-03-01 to 2026-05-31
2026,5,20,15,39.38,NASA POWER,https://power.larc.nasa.gov/,T2M - Air Temperature at 2 m (°C),SOA ITER neighbouring area (representative point),2026-03-01 to 2026-05-31
2026,5,20,16,38.65,NASA POWER,https://power.larc.nasa.gov/,T2M - Air Temperature at 2 m (°C),SOA ITER neighbouring area (representative point),2026-03-01 to 2026-05-31
2026,5,20,17,37.09,NASA POWER,https://power.larc.nasa.gov/,T2M - Air Temperature at 2 m (°C),SOA ITER neighbouring area (representative point),2026-03-01 to 2026-05-31
2026,5,20,18,34.32,NASA POWER,https://power.larc.nasa.gov/,T2M - Air Temperature at 2 m (°C),SOA ITER neighbouring area (representative point),2026-03-01 to 2026-05-31
2026,5,20,19,32.59,NASA POWER,https://power.larc.nasa.gov/,T2M - Air Temperature at 2 m (°C),SOA ITER neighbouring area (representative point),2026-03-01 to 2026-05-31
2026,5,20,20,31.49,NASA POWER,https://power.larc.nasa.gov/,T2M - Air Temperature at 2 m (°C),SOA ITER neighbouring area (representative point),2026-03-01 to 2026-05-31
2026,5,20,21,30.96,NASA POWER,https://power.larc.nasa.gov/,T2M - Air Temperature at 2 m (°C),SOA ITER neighbouring area (representative point),2026-03-01 to 2026-05-31
2026,5,20,22,30.76,NASA POWER,https://power.larc.nasa.gov/,T2M - Air Temperature at 2 m (°C),SOA ITER neighbouring area (representative point),2026-03-01 to 2026-05-31
2026,5,20,23,30.59,NASA POWER,https://power.larc.nasa.gov/,T2M - Air Temperature at 2 m (°C),SOA ITER neighbouring area (representative point),2026-03-01 to 2026-05-31
2026,5,21,0,30.37,NASA POWER,https://power.larc.nasa.gov/,T2M - Air Temperature at 2 m (°C),SOA ITER neighbouring area (representative point),2026-03-01 to 2026-05-31
2026,5,21,1,30.14,NASA POWER,https://power.larc.nasa.gov/,T2M - Air Temperature at 2 m (°C),SOA ITER neighbouring area (representative point),2026-03-01 to 2026-05-31
2026,5,21,2,29.92,NASA POWER,https://power.larc.nasa.gov/,T2M - Air Temperature at 2 m (°C),SOA ITER neighbouring area (representative point),2026-03-01 to 2026-05-31
2026,5,21,3,29.67,NASA POWER,https://power.larc.nasa.gov/,T2M - Air Temperature at 2 m (°C),SOA ITER neighbouring area (representative point),2026-03-01 to 2026-05-31
2026,5,21,4,29.44,NASA POWER,https://power.larc.nasa.gov/,T2M - Air Temperature at 2 m (°C),SOA ITER neighbouring area (representative point),2026-03-01 to 2026-05-31
2026,5,21,5,29.25,NASA POWER,https://power.larc.nasa.gov/,T2M - Air Temperature at 2 m (°C),SOA ITER neighbouring area (representative point),2026-03-01 to 2026-05-31
2026,5,21,6,29.84,NASA POWER,https://power.larc.nasa.gov/,T2M - Air Temperature at 2 m (°C),SOA ITER neighbouring area (representative point),2026-03-01 to 2026-05-31
2026,5,21,7,31.16,NASA POWER,https://power.larc.nasa.gov/,T2M - Air Temperature at 2 m (°C),SOA ITER neighbouring area (representative point),2026-03-01 to 2026-05-31
2026,5,21,8,32.75,NASA POWER,https://power.larc.nasa.gov/,T2M - Air Temperature at 2 m (°C),SOA ITER neighbouring area (representative point),2026-03-01 to 2026-05-31
2026,5,21,9,34.37,NASA POWER,https://power.larc.nasa.gov/,T2M - Air Temperature at 2 m (°C),SOA ITER neighbouring area (representative point),2026-03-01 to 2026-05-31
2026,5,21,10,36.03,NASA POWER,https://power.larc.nasa.gov/,T2M - Air Temperature at 2 m (°C),SOA ITER neighbouring area (representative point),2026-03-01 to 2026-05-31
2026,5,21,11,37.45,NASA POWER,https://power.larc.nasa.gov/,T2M - Air Temperature at 2 m (°C),SOA ITER neighbouring area (representative point),2026-03-01 to 2026-05-31
2026,5,21,12,38.55,NASA POWER,https://power.larc.nasa.gov/,T2M - Air Temperature at 2 m (°C),SOA ITER neighbouring area (representative point),2026-03-01 to 2026-05-31
2026,5,21,13,39.1,NASA POWER,https://power.larc.nasa.gov/,T2M - Air Temperature at 2 m (°C),SOA ITER neighbouring area (representative point),2026-03-01 to 2026-05-31
2026,5,21,14,39.36,NASA POWER,https://power.larc.nasa.gov/,T2M - Air Temperature at 2 m (°C),SOA ITER neighbouring area (representative point),2026-03-01 to 2026-05-31
2026,5,21,15,39.09,NASA POWER,https://power.larc.nasa.gov/,T2M - Air Temperature at 2 m (°C),SOA ITER neighbouring area (representative point),2026-03-01 to 2026-05-31
2026,5,21,16,38.25,NASA POWER,https://power.larc.nasa.gov/,T2M - Air Temperature at 2 m (°C),SOA ITER neighbouring area (representative point),2026-03-01 to 2026-05-31
2026,5,21,17,36.5,NASA POWER,https://power.larc.nasa.gov/,T2M - Air Temperature at 2 m (°C),SOA ITER neighbouring area (representative point),2026-03-01 to 2026-05-31
2026,5,21,18,33.91,NASA POWER,https://power.larc.nasa.gov/,T2M - Air Temperature at 2 m (°C),SOA ITER neighbouring area (representative point),2026-03-01 to 2026-05-31
2026,5,21,19,31.93,NASA POWER,https://power.larc.nasa.gov/,T2M - Air Temperature at 2 m (°C),SOA ITER neighbouring area (representative point),2026-03-01 to 2026-05-31
2026,5,21,20,31.01,NASA POWER,https://power.larc.nasa.gov/,T2M - Air Temperature at 2 m (°C),SOA ITER neighbouring area (representative point),2026-03-01 to 2026-05-31
2026,5,21,21,30.59,NASA POWER,https://power.larc.nasa.gov/,T2M - Air Temperature at 2 m (°C),SOA ITER neighbouring area (representative point),2026-03-01 to 2026-05-31
2026,5,21,22,30.33,NASA POWER,https://power.larc.nasa.gov/,T2M - Air Temperature at 2 m (°C),SOA ITER neighbouring area (representative point),2026-03-01 to 2026-05-31
2026,5,21,23,30.13,NASA POWER,https://power.larc.nasa.gov/,T2M - Air Temperature at 2 m (°C),SOA ITER neighbouring area (representative point),2026-03-01 to 2026-05-31
2026,5,22,0,29.89,NASA POWER,https://power.larc.nasa.gov/,T2M - Air Temperature at 2 m (°C),SOA ITER neighbouring area (representative point),2026-03-01 to 2026-05-31
2026,5,22,1,29.69,NASA POWER,https://power.larc.nasa.gov/,T2M - Air Temperature at 2 m (°C),SOA ITER neighbouring area (representative point),2026-03-01 to 2026-05-31
2026,5,22,2,29.55,NASA POWER,https://power.larc.nasa.gov/,T2M - Air Temperature at 2 m (°C),SOA ITER neighbouring area (representative point),2026-03-01 to 2026-05-31
2026,5,22,3,29.43,NASA POWER,https://power.larc.nasa.gov/,T2M - Air Temperature at 2 m (°C),SOA ITER neighbouring area (representative point),2026-03-01 to 2026-05-31
2026,5,22,4,29.33,NASA POWER,https://power.larc.nasa.gov/,T2M - Air Temperature at 2 m (°C),SOA ITER neighbouring area (representative point),2026-03-01 to 2026-05-31
2026,5,22,5,29.29,NASA POWER,https://power.larc.nasa.gov/,T2M - Air Temperature at 2 m (°C),SOA ITER neighbouring area (representative point),2026-03-01 to 2026-05-31
2026,5,22,6,29.83,NASA POWER,https://power.larc.nasa.gov/,T2M - Air Temperature at 2 m (°C),SOA ITER neighbouring area (representative point),2026-03-01 to 2026-05-31
2026,5,22,7,30.92,NASA POWER,https://power.larc.nasa.gov/,T2M - Air Temperature at 2 m (°C),SOA ITER neighbouring area (representative point),2026-03-01 to 2026-05-31
2026,5,22,8,32.41,NASA POWER,https://power.larc.nasa.gov/,T2M - Air Temperature at 2 m (°C),SOA ITER neighbouring area (representative point),2026-03-01 to 2026-05-31
2026,5,22,9,33.74,NASA POWER,https://power.larc.nasa.gov/,T2M - Air Temperature at 2 m (°C),SOA ITER neighbouring area (representative point),2026-03-01 to 2026-05-31
2026,5,22,10,34.91,NASA POWER,https://power.larc.nasa.gov/,T2M - Air Temperature at 2 m (°C),SOA ITER neighbouring area (representative point),2026-03-01 to 2026-05-31
2026,5,22,11,35.88,NASA POWER,https://power.larc.nasa.gov/,T2M - Air Temperature at 2 m (°C),SOA ITER neighbouring area (representative point),2026-03-01 to 2026-05-31
2026,5,22,12,36.55,NASA POWER,https://power.larc.nasa.gov/,T2M - Air Temperature at 2 m (°C),SOA ITER neighbouring area (representative point),2026-03-01 to 2026-05-31
2026,5,22,13,37.0,NASA POWER,https://power.larc.nasa.gov/,T2M - Air Temperature at 2 m (°C),SOA ITER neighbouring area (representative point),2026-03-01 to 2026-05-31
2026,5,22,14,37.01,NASA POWER,https://power.larc.nasa.gov/,T2M - Air Temperature at 2 m (°C),SOA ITER neighbouring area (representative point),2026-03-01 to 2026-05-31
2026,5,22,15,36.53,NASA POWER,https://power.larc.nasa.gov/,T2M - Air Temperature at 2 m (°C),SOA ITER neighbouring area (representative point),2026-03-01 to 2026-05-31
2026,5,22,16,35.67,NASA POWER,https://power.larc.nasa.gov/,T2M - Air Temperature at 2 m (°C),SOA ITER neighbouring area (representative point),2026-03-01 to 2026-05-31
2026,5,22,17,34.28,NASA POWER,https://power.larc.nasa.gov/,T2M - Air Temperature at 2 m (°C),SOA ITER neighbouring area (representative point),2026-03-01 to 2026-05-31
2026,5,22,18,32.55,NASA POWER,https://power.larc.nasa.gov/,T2M - Air Temperature at 2 m (°C),SOA ITER neighbouring area (representative point),2026-03-01 to 2026-05-31
2026,5,22,19,31.27,NASA POWER,https://power.larc.nasa.gov/,T2M - Air Temperature at 2 m (°C),SOA ITER neighbouring area (representative point),2026-03-01 to 2026-05-31
2026,5,22,20,30.68,NASA POWER,https://power.larc.nasa.gov/,T2M - Air Temperature at 2 m (°C),SOA ITER neighbouring area (representative point),2026-03-01 to 2026-05-31
2026,5,22,21,30.42,NASA POWER,https://power.larc.nasa.gov/,T2M - Air Temperature at 2 m (°C),SOA ITER neighbouring area (representative point),2026-03-01 to 2026-05-31
2026,5,22,22,30.3,NASA POWER,https://power.larc.nasa.gov/,T2M - Air Temperature at 2 m (°C),SOA ITER neighbouring area (representative point),2026-03-01 to 2026-05-31
2026,5,22,23,30.31,NASA POWER,https://power.larc.nasa.gov/,T2M - Air Temperature at 2 m (°C),SOA ITER neighbouring area (representative point),2026-03-01 to 2026-05-31
2026,5,23,0,30.32,NASA POWER,https://power.larc.nasa.gov/,T2M - Air Temperature at 2 m (°C),SOA ITER neighbouring area (representative point),2026-03-01 to 2026-05-31
2026,5,23,1,30.28,NASA POWER,https://power.larc.nasa.gov/,T2M - Air Temperature at 2 m (°C),SOA ITER neighbouring area (representative point),2026-03-01 to 2026-05-31
2026,5,23,2,30.23,NASA POWER,https://power.larc.nasa.gov/,T2M - Air Temperature at 2 m (°C),SOA ITER neighbouring area (representative point),2026-03-01 to 2026-05-31
2026,5,23,3,30.14,NASA POWER,https://power.larc.nasa.gov/,T2M - Air Temperature at 2 m (°C),SOA ITER neighbouring area (representative point),2026-03-01 to 2026-05-31
2026,5,23,4,29.94,NASA POWER,https://power.larc.nasa.gov/,T2M - Air Temperature at 2 m (°C),SOA ITER neighbouring area (representative point),2026-03-01 to 2026-05-31
2026,5,23,5,29.74,NASA POWER,https://power.larc.nasa.gov/,T2M - Air Temperature at 2 m (°C),SOA ITER neighbouring area (representative point),2026-03-01 to 2026-05-31
2026,5,23,6,29.97,NASA POWER,https://power.larc.nasa.gov/,T2M - Air Temperature at 2 m (°C),SOA ITER neighbouring area (representative point),2026-03-01 to 2026-05-31
2026,5,23,7,30.8,NASA POWER,https://power.larc.nasa.gov/,T2M - Air Temperature at 2 m (°C),SOA ITER neighbouring area (representative point),2026-03-01 to 2026-05-31
2026,5,23,8,31.85,NASA POWER,https://power.larc.nasa.gov/,T2M - Air Temperature at 2 m (°C),SOA ITER neighbouring area (representative point),2026-03-01 to 2026-05-31
2026,5,23,9,32.57,NASA POWER,https://power.larc.nasa.gov/,T2M - Air Temperature at 2 m (°C),SOA ITER neighbouring area (representative point),2026-03-01 to 2026-05-31
2026,5,23,10,32.9,NASA POWER,https://power.larc.nasa.gov/,T2M - Air Temperature at 2 m (°C),SOA ITER neighbouring area (representative point),2026-03-01 to 2026-05-31
2026,5,23,11,33.0,NASA POWER,https://power.larc.nasa.gov/,T2M - Air Temperature at 2 m (°C),SOA ITER neighbouring area (representative point),2026-03-01 to 2026-05-31
2026,5,23,12,33.35,NASA POWER,https://power.larc.nasa.gov/,T2M - Air Temperature at 2 m (°C),SOA ITER neighbouring area (representative point),2026-03-01 to 2026-05-31
2026,5,23,13,33.98,NASA POWER,https://power.larc.nasa.gov/,T2M - Air Temperature at 2 m (°C),SOA ITER neighbouring area (representative point),2026-03-01 to 2026-05-31
2026,5,23,14,34.39,NASA POWER,https://power.larc.nasa.gov/,T2M - Air Temperature at 2 m (°C),SOA ITER neighbouring area (representative point),2026-03-01 to 2026-05-31
2026,5,23,15,34.43,NASA POWER,https://power.larc.nasa.gov/,T2M - Air Temperature at 2 m (°C),SOA ITER neighbouring area (representative point),2026-03-01 to 2026-05-31
2026,5,23,16,34.21,NASA POWER,https://power.larc.nasa.gov/,T2M - Air Temperature at 2 m (°C),SOA ITER neighbouring area (representative point),2026-03-01 to 2026-05-31
2026,5,23,17,33.6,NASA POWER,https://power.larc.nasa.gov/,T2M - Air Temperature at 2 m (°C),SOA ITER neighbouring area (representative point),2026-03-01 to 2026-05-31
2026,5,23,18,32.35,NASA POWER,https://power.larc.nasa.gov/,T2M - Air Temperature at 2 m (°C),SOA ITER neighbouring area (representative point),2026-03-01 to 2026-05-31
2026,5,23,19,31.16,NASA POWER,https://power.larc.nasa.gov/,T2M - Air Temperature at 2 m (°C),SOA ITER neighbouring area (representative point),2026-03-01 to 2026-05-31
2026,5,23,20,30.46,NASA POWER,https://power.larc.nasa.gov/,T2M - Air Temperature at 2 m (°C),SOA ITER neighbouring area (representative point),2026-03-01 to 2026-05-31
2026,5,23,21,29.99,NASA POWER,https://power.larc.nasa.gov/,T2M - Air Temperature at 2 m (°C),SOA ITER neighbouring area (representative point),2026-03-01 to 2026-05-31
2026,5,23,22,29.72,NASA POWER,https://power.larc.nasa.gov/,T2M - Air Temperature at 2 m (°C),SOA ITER neighbouring area (representative point),2026-03-01 to 2026-05-31
2026,5,23,23,29.51,NASA POWER,https://power.larc.nasa.gov/,T2M - Air Temperature at 2 m (°C),SOA ITER neighbouring area (representative point),2026-03-01 to 2026-05-31
2026,5,24,0,29.41,NASA POWER,https://power.larc.nasa.gov/,T2M - Air Temperature at 2 m (°C),SOA ITER neighbouring area (representative point),2026-03-01 to 2026-05-31
2026,5,24,1,29.32,NASA POWER,https://power.larc.nasa.gov/,T2M - Air Temperature at 2 m (°C),SOA ITER neighbouring area (representative point),2026-03-01 to 2026-05-31
2026,5,24,2,29.23,NASA POWER,https://power.larc.nasa.gov/,T2M - Air Temperature at 2 m (°C),SOA ITER neighbouring area (representative point),2026-03-01 to 2026-05-31
2026,5,24,3,29.23,NASA POWER,https://power.larc.nasa.gov/,T2M - Air Temperature at 2 m (°C),SOA ITER neighbouring area (representative point),2026-03-01 to 2026-05-31
2026,5,24,4,29.21,NASA POWER,https://power.larc.nasa.gov/,T2M - Air Temperature at 2 m (°C),SOA ITER neighbouring area (representative point),2026-03-01 to 2026-05-31
2026,5,24,5,29.17,NASA POWER,https://power.larc.nasa.gov/,T2M - Air Temperature at 2 m (°C),SOA ITER neighbouring area (representative point),2026-03-01 to 2026-05-31
2026,5,24,6,29.41,NASA POWER,https://power.larc.nasa.gov/,T2M - Air Temperature at 2 m (°C),SOA ITER neighbouring area (representative point),2026-03-01 to 2026-05-31
2026,5,24,7,30.07,NASA POWER,https://power.larc.nasa.gov/,T2M - Air Temperature at 2 m (°C),SOA ITER neighbouring area (representative point),2026-03-01 to 2026-05-31
2026,5,24,8,31.06,NASA POWER,https://power.larc.nasa.gov/,T2M - Air Temperature at 2 m (°C),SOA ITER neighbouring area (representative point),2026-03-01 to 2026-05-31
2026,5,24,9,32.03,NASA POWER,https://power.larc.nasa.gov/,T2M - Air Temperature at 2 m (°C),SOA ITER neighbouring area (representative point),2026-03-01 to 2026-05-31
2026,5,24,10,32.99,NASA POWER,https://power.larc.nasa.gov/,T2M - Air Temperature at 2 m (°C),SOA ITER neighbouring area (representative point),2026-03-01 to 2026-05-31
2026,5,24,11,33.8,NASA POWER,https://power.larc.nasa.gov/,T2M - Air Temperature at 2 m (°C),SOA ITER neighbouring area (representative point),2026-03-01 to 2026-05-31
2026,5,24,12,34.37,NASA POWER,https://power.larc.nasa.gov/,T2M - Air Temperature at 2 m (°C),SOA ITER neighbouring area (representative point),2026-03-01 to 2026-05-31
2026,5,24,13,34.66,NASA POWER,https://power.larc.nasa.gov/,T2M - Air Temperature at 2 m (°C),SOA ITER neighbouring area (representative point),2026-03-01 to 2026-05-31
2026,5,24,14,34.57,NASA POWER,https://power.larc.nasa.gov/,T2M - Air Temperature at 2 m (°C),SOA ITER neighbouring area (representative point),2026-03-01 to 2026-05-31
2026,5,24,15,34.18,NASA POWER,https://power.larc.nasa.gov/,T2M - Air Temperature at 2 m (°C),SOA ITER neighbouring area (representative point),2026-03-01 to 2026-05-31
2026,5,24,16,33.4,NASA POWER,https://power.larc.nasa.gov/,T2M - Air Temperature at 2 m (°C),SOA ITER neighbouring area (representative point),2026-03-01 to 2026-05-31
2026,5,24,17,32.28,NASA POWER,https://power.larc.nasa.gov/,T2M - Air Temperature at 2 m (°C),SOA ITER neighbouring area (representative point),2026-03-01 to 2026-05-31
2026,5,24,18,31.03,NASA POWER,https://power.larc.nasa.gov/,T2M - Air Temperature at 2 m (°C),SOA ITER neighbouring area (representative point),2026-03-01 to 2026-05-31
2026,5,24,19,30.13,NASA POWER,https://power.larc.nasa.gov/,T2M - Air Temperature at 2 m (°C),SOA ITER neighbouring area (representative point),2026-03-01 to 2026-05-31
2026,5,24,20,29.75,NASA POWER,https://power.larc.nasa.gov/,T2M - Air Temperature at 2 m (°C),SOA ITER neighbouring area (representative point),2026-03-01 to 2026-05-31
2026,5,24,21,29.6,NASA POWER,https://power.larc.nasa.gov/,T2M - Air Temperature at 2 m (°C),SOA ITER neighbouring area (representative point),2026-03-01 to 2026-05-31
2026,5,24,22,29.56,NASA POWER,https://power.larc.nasa.gov/,T2M - Air Temperature at 2 m (°C),SOA ITER neighbouring area (representative point),2026-03-01 to 2026-05-31
2026,5,24,23,29.51,NASA POWER,https://power.larc.nasa.gov/,T2M - Air Temperature at 2 m (°C),SOA ITER neighbouring area (representative point),2026-03-01 to 2026-05-31
2026,5,25,0,29.44,NASA POWER,https://power.larc.nasa.gov/,T2M - Air Temperature at 2 m (°C),SOA ITER neighbouring area (representative point),2026-03-01 to 2026-05-31
2026,5,25,1,29.38,NASA POWER,https://power.larc.nasa.gov/,T2M - Air Temperature at 2 m (°C),SOA ITER neighbouring area (representative point),2026-03-01 to 2026-05-31
2026,5,25,2,29.33,NASA POWER,https://power.larc.nasa.gov/,T2M - Air Temperature at 2 m (°C),SOA ITER neighbouring area (representative point),2026-03-01 to 2026-05-31
2026,5,25,3,29.27,NASA POWER,https://power.larc.nasa.gov/,T2M - Air Temperature at 2 m (°C),SOA ITER neighbouring area (representative point),2026-03-01 to 2026-05-31
2026,5,25,4,29.21,NASA POWER,https://power.larc.nasa.gov/,T2M - Air Temperature at 2 m (°C),SOA ITER neighbouring area (representative point),2026-03-01 to 2026-05-31
2026,5,25,5,29.16,NASA POWER,https://power.larc.nasa.gov/,T2M - Air Temperature at 2 m (°C),SOA ITER neighbouring area (representative point),2026-03-01 to 2026-05-31
2026,5,25,6,29.47,NASA POWER,https://power.larc.nasa.gov/,T2M - Air Temperature at 2 m (°C),SOA ITER neighbouring area (representative point),2026-03-01 to 2026-05-31
2026,5,25,7,30.35,NASA POWER,https://power.larc.nasa.gov/,T2M - Air Temperature at 2 m (°C),SOA ITER neighbouring area (representative point),2026-03-01 to 2026-05-31
2026,5,25,8,31.47,NASA POWER,https://power.larc.nasa.gov/,T2M - Air Temperature at 2 m (°C),SOA ITER neighbouring area (representative point),2026-03-01 to 2026-05-31
2026,5,25,9,32.45,NASA POWER,https://power.larc.nasa.gov/,T2M - Air Temperature at 2 m (°C),SOA ITER neighbouring area (representative point),2026-03-01 to 2026-05-31
2026,5,25,10,33.35,NASA POWER,https://power.larc.nasa.gov/,T2M - Air Temperature at 2 m (°C),SOA ITER neighbouring area (representative point),2026-03-01 to 2026-05-31
2026,5,25,11,34.19,NASA POWER,https://power.larc.nasa.gov/,T2M - Air Temperature at 2 m (°C),SOA ITER neighbouring area (representative point),2026-03-01 to 2026-05-31
2026,5,25,12,34.85,NASA POWER,https://power.larc.nasa.gov/,T2M - Air Temperature at 2 m (°C),SOA ITER neighbouring area (representative point),2026-03-01 to 2026-05-31
2026,5,25,13,35.2,NASA POWER,https://power.larc.nasa.gov/,T2M - Air Temperature at 2 m (°C),SOA ITER neighbouring area (representative point),2026-03-01 to 2026-05-31
2026,5,25,14,35.34,NASA POWER,https://power.larc.nasa.gov/,T2M - Air Temperature at 2 m (°C),SOA ITER neighbouring area (representative point),2026-03-01 to 2026-05-31
2026,5,25,15,35.06,NASA POWER,https://power.larc.nasa.gov/,T2M - Air Temperature at 2 m (°C),SOA ITER neighbouring area (representative point),2026-03-01 to 2026-05-31
2026,5,25,16,34.27,NASA POWER,https://power.larc.nasa.gov/,T2M - Air Temperature at 2 m (°C),SOA ITER neighbouring area (representative point),2026-03-01 to 2026-05-31
2026,5,25,17,32.95,NASA POWER,https://power.larc.nasa.gov/,T2M - Air Temperature at 2 m (°C),SOA ITER neighbouring area (representative point),2026-03-01 to 2026-05-31
2026,5,25,18,31.48,NASA POWER,https://power.larc.nasa.gov/,T2M - Air Temperature at 2 m (°C),SOA ITER neighbouring area (representative point),2026-03-01 to 2026-05-31
2026,5,25,19,30.43,NASA POWER,https://power.larc.nasa.gov/,T2M - Air Temperature at 2 m (°C),SOA ITER neighbouring area (representative point),2026-03-01 to 2026-05-31
2026,5,25,20,29.95,NASA POWER,https://power.larc.nasa.gov/,T2M - Air Temperature at 2 m (°C),SOA ITER neighbouring area (representative point),2026-03-01 to 2026-05-31
2026,5,25,21,29.76,NASA POWER,https://power.larc.nasa.gov/,T2M - Air Temperature at 2 m (°C),SOA ITER neighbouring area (representative point),2026-03-01 to 2026-05-31
2026,5,25,22,29.69,NASA POWER,https://power.larc.nasa.gov/,T2M - Air Temperature at 2 m (°C),SOA ITER neighbouring area (representative point),2026-03-01 to 2026-05-31
2026,5,25,23,29.59,NASA POWER,https://power.larc.nasa.gov/,T2M - Air Temperature at 2 m (°C),SOA ITER neighbouring area (representative point),2026-03-01 to 2026-05-31
2026,5,26,0,29.47,NASA POWER,https://power.larc.nasa.gov/,T2M - Air Temperature at 2 m (°C),SOA ITER neighbouring area (representative point),2026-03-01 to 2026-05-31
2026,5,26,1,29.32,NASA POWER,https://power.larc.nasa.gov/,T2M - Air Temperature at 2 m (°C),SOA ITER neighbouring area (representative point),2026-03-01 to 2026-05-31
2026,5,26,2,29.2,NASA POWER,https://power.larc.nasa.gov/,T2M - Air Temperature at 2 m (°C),SOA ITER neighbouring area (representative point),2026-03-01 to 2026-05-31
2026,5,26,3,29.11,NASA POWER,https://power.larc.nasa.gov/,T2M - Air Temperature at 2 m (°C),SOA ITER neighbouring area (representative point),2026-03-01 to 2026-05-31
2026,5,26,4,29.06,NASA POWER,https://power.larc.nasa.gov/,T2M - Air Temperature at 2 m (°C),SOA ITER neighbouring area (representative point),2026-03-01 to 2026-05-31
2026,5,26,5,29.03,NASA POWER,https://power.larc.nasa.gov/,T2M - Air Temperature at 2 m (°C),SOA ITER neighbouring area (representative point),2026-03-01 to 2026-05-31
2026,5,26,6,29.47,NASA POWER,https://power.larc.nasa.gov/,T2M - Air Temperature at 2 m (°C),SOA ITER neighbouring area (representative point),2026-03-01 to 2026-05-31
2026,5,26,7,30.51,NASA POWER,https://power.larc.nasa.gov/,T2M - Air Temperature at 2 m (°C),SOA ITER neighbouring area (representative point),2026-03-01 to 2026-05-31
2026,5,26,8,31.75,NASA POWER,https://power.larc.nasa.gov/,T2M - Air Temperature at 2 m (°C),SOA ITER neighbouring area (representative point),2026-03-01 to 2026-05-31
2026,5,26,9,32.72,NASA POWER,https://power.larc.nasa.gov/,T2M - Air Temperature at 2 m (°C),SOA ITER neighbouring area (representative point),2026-03-01 to 2026-05-31
2026,5,26,10,33.67,NASA POWER,https://power.larc.nasa.gov/,T2M - Air Temperature at 2 m (°C),SOA ITER neighbouring area (representative point),2026-03-01 to 2026-05-31
2026,5,26,11,34.59,NASA POWER,https://power.larc.nasa.gov/,T2M - Air Temperature at 2 m (°C),SOA ITER neighbouring area (representative point),2026-03-01 to 2026-05-31
2026,5,26,12,35.36,NASA POWER,https://power.larc.nasa.gov/,T2M - Air Temperature at 2 m (°C),SOA ITER neighbouring area (representative point),2026-03-01 to 2026-05-31
2026,5,26,13,35.9,NASA POWER,https://power.larc.nasa.gov/,T2M - Air Temperature at 2 m (°C),SOA ITER neighbouring area (representative point),2026-03-01 to 2026-05-31
2026,5,26,14,36.08,NASA POWER,https://power.larc.nasa.gov/,T2M - Air Temperature at 2 m (°C),SOA ITER neighbouring area (representative point),2026-03-01 to 2026-05-31
2026,5,26,15,35.64,NASA POWER,https://power.larc.nasa.gov/,T2M - Air Temperature at 2 m (°C),SOA ITER neighbouring area (representative point),2026-03-01 to 2026-05-31
2026,5,26,16,34.66,NASA POWER,https://power.larc.nasa.gov/,T2M - Air Temperature at 2 m (°C),SOA ITER neighbouring area (representative point),2026-03-01 to 2026-05-31
2026,5,26,17,33.11,NASA POWER,https://power.larc.nasa.gov/,T2M - Air Temperature at 2 m (°C),SOA ITER neighbouring area (representative point),2026-03-01 to 2026-05-31
2026,5,26,18,31.46,NASA POWER,https://power.larc.nasa.gov/,T2M - Air Temperature at 2 m (°C),SOA ITER neighbouring area (representative point),2026-03-01 to 2026-05-31
2026,5,26,19,30.53,NASA POWER,https://power.larc.nasa.gov/,T2M - Air Temperature at 2 m (°C),SOA ITER neighbouring area (representative point),2026-03-01 to 2026-05-31
2026,5,26,20,30.18,NASA POWER,https://power.larc.nasa.gov/,T2M - Air Temperature at 2 m (°C),SOA ITER neighbouring area (representative point),2026-03-01 to 2026-05-31
2026,5,26,21,30.0,NASA POWER,https://power.larc.nasa.gov/,T2M - Air Temperature at 2 m (°C),SOA ITER neighbouring area (representative point),2026-03-01 to 2026-05-31
2026,5,26,22,29.85,NASA POWER,https://power.larc.nasa.gov/,T2M - Air Temperature at 2 m (°C),SOA ITER neighbouring area (representative point),2026-03-01 to 2026-05-31
2026,5,26,23,29.74,NASA POWER,https://power.larc.nasa.gov/,T2M - Air Temperature at 2 m (°C),SOA ITER neighbouring area (representative point),2026-03-01 to 2026-05-31
2026,5,27,0,29.62,NASA POWER,https://power.larc.nasa.gov/,T2M - Air Temperature at 2 m (°C),SOA ITER neighbouring area (representative point),2026-03-01 to 2026-05-31
2026,5,27,1,29.51,NASA POWER,https://power.larc.nasa.gov/,T2M - Air Temperature at 2 m (°C),SOA ITER neighbouring area (representative point),2026-03-01 to 2026-05-31
2026,5,27,2,29.43,NASA POWER,https://power.larc.nasa.gov/,T2M - Air Temperature at 2 m (°C),SOA ITER neighbouring area (representative point),2026-03-01 to 2026-05-31
2026,5,27,3,29.3,NASA POWER,https://power.larc.nasa.gov/,T2M - Air Temperature at 2 m (°C),SOA ITER neighbouring area (representative point),2026-03-01 to 2026-05-31
2026,5,27,4,29.17,NASA POWER,https://power.larc.nasa.gov/,T2M - Air Temperature at 2 m (°C),SOA ITER neighbouring area (representative point),2026-03-01 to 2026-05-31
2026,5,27,5,29.08,NASA POWER,https://power.larc.nasa.gov/,T2M - Air Temperature at 2 m (°C),SOA ITER neighbouring area (representative point),2026-03-01 to 2026-05-31
2026,5,27,6,29.48,NASA POWER,https://power.larc.nasa.gov/,T2M - Air Temperature at 2 m (°C),SOA ITER neighbouring area (representative point),2026-03-01 to 2026-05-31
2026,5,27,7,30.58,NASA POWER,https://power.larc.nasa.gov/,T2M - Air Temperature at 2 m (°C),SOA ITER neighbouring area (representative point),2026-03-01 to 2026-05-31
2026,5,27,8,31.98,NASA POWER,https://power.larc.nasa.gov/,T2M - Air Temperature at 2 m (°C),SOA ITER neighbouring area (representative point),2026-03-01 to 2026-05-31
2026,5,27,9,33.38,NASA POWER,https://power.larc.nasa.gov/,T2M - Air Temperature at 2 m (°C),SOA ITER neighbouring area (representative point),2026-03-01 to 2026-05-31
2026,5,27,10,34.74,NASA POWER,https://power.larc.nasa.gov/,T2M - Air Temperature at 2 m (°C),SOA ITER neighbouring area (representative point),2026-03-01 to 2026-05-31
2026,5,27,11,35.79,NASA POWER,https://power.larc.nasa.gov/,T2M - Air Temperature at 2 m (°C),SOA ITER neighbouring area (representative point),2026-03-01 to 2026-05-31
2026,5,27,12,36.47,NASA POWER,https://power.larc.nasa.gov/,T2M - Air Temperature at 2 m (°C),SOA ITER neighbouring area (representative point),2026-03-01 to 2026-05-31
2026,5,27,13,36.64,NASA POWER,https://power.larc.nasa.gov/,T2M - Air Temperature at 2 m (°C),SOA ITER neighbouring area (representative point),2026-03-01 to 2026-05-31
2026,5,27,14,36.38,NASA POWER,https://power.larc.nasa.gov/,T2M - Air Temperature at 2 m (°C),SOA ITER neighbouring area (representative point),2026-03-01 to 2026-05-31
2026,5,27,15,35.8,NASA POWER,https://power.larc.nasa.gov/,T2M - Air Temperature at 2 m (°C),SOA ITER neighbouring area (representative point),2026-03-01 to 2026-05-31
2026,5,27,16,34.89,NASA POWER,https://power.larc.nasa.gov/,T2M - Air Temperature at 2 m (°C),SOA ITER neighbouring area (representative point),2026-03-01 to 2026-05-31
2026,5,27,17,33.63,NASA POWER,https://power.larc.nasa.gov/,T2M - Air Temperature at 2 m (°C),SOA ITER neighbouring area (representative point),2026-03-01 to 2026-05-31
2026,5,27,18,32.16,NASA POWER,https://power.larc.nasa.gov/,T2M - Air Temperature at 2 m (°C),SOA ITER neighbouring area (representative point),2026-03-01 to 2026-05-31
2026,5,27,19,31.05,NASA POWER,https://power.larc.nasa.gov/,T2M - Air Temperature at 2 m (°C),SOA ITER neighbouring area (representative point),2026-03-01 to 2026-05-31
2026,5,27,20,30.53,NASA POWER,https://power.larc.nasa.gov/,T2M - Air Temperature at 2 m (°C),SOA ITER neighbouring area (representative point),2026-03-01 to 2026-05-31
2026,5,27,21,30.26,NASA POWER,https://power.larc.nasa.gov/,T2M - Air Temperature at 2 m (°C),SOA ITER neighbouring area (representative point),2026-03-01 to 2026-05-31
2026,5,27,22,30.0,NASA POWER,https://power.larc.nasa.gov/,T2M - Air Temperature at 2 m (°C),SOA ITER neighbouring area (representative point),2026-03-01 to 2026-05-31
2026,5,27,23,29.71,NASA POWER,https://power.larc.nasa.gov/,T2M - Air Temperature at 2 m (°C),SOA ITER neighbouring area (representative point),2026-03-01 to 2026-05-31
2026,5,28,0,29.45,NASA POWER,https://power.larc.nasa.gov/,T2M - Air Temperature at 2 m (°C),SOA ITER neighbouring area (representative point),2026-03-01 to 2026-05-31
2026,5,28,1,29.21,NASA POWER,https://power.larc.nasa.gov/,T2M - Air Temperature at 2 m (°C),SOA ITER neighbouring area (representative point),2026-03-01 to 2026-05-31
2026,5,28,2,29.02,NASA POWER,https://power.larc.nasa.gov/,T2M - Air Temperature at 2 m (°C),SOA ITER neighbouring area (representative point),2026-03-01 to 2026-05-31
2026,5,28,3,28.89,NASA POWER,https://power.larc.nasa.gov/,T2M - Air Temperature at 2 m (°C),SOA ITER neighbouring area (representative point),2026-03-01 to 2026-05-31
2026,5,28,4,28.77,NASA POWER,https://power.larc.nasa.gov/,T2M - Air Temperature at 2 m (°C),SOA ITER neighbouring area (representative point),2026-03-01 to 2026-05-31
2026,5,28,5,28.68,NASA POWER,https://power.larc.nasa.gov/,T2M - Air Temperature at 2 m (°C),SOA ITER neighbouring area (representative point),2026-03-01 to 2026-05-31
2026,5,28,6,29.11,NASA POWER,https://power.larc.nasa.gov/,T2M - Air Temperature at 2 m (°C),SOA ITER neighbouring area (representative point),2026-03-01 to 2026-05-31
2026,5,28,7,29.82,NASA POWER,https://power.larc.nasa.gov/,T2M - Air Temperature at 2 m (°C),SOA ITER neighbouring area (representative point),2026-03-01 to 2026-05-31
2026,5,28,8,31.0,NASA POWER,https://power.larc.nasa.gov/,T2M - Air Temperature at 2 m (°C),SOA ITER neighbouring area (representative point),2026-03-01 to 2026-05-31
2026,5,28,9,32.58,NASA POWER,https://power.larc.nasa.gov/,T2M - Air Temperature at 2 m (°C),SOA ITER neighbouring area (representative point),2026-03-01 to 2026-05-31
2026,5,28,10,34.18,NASA POWER,https://power.larc.nasa.gov/,T2M - Air Temperature at 2 m (°C),SOA ITER neighbouring area (representative point),2026-03-01 to 2026-05-31
2026,5,28,11,35.46,NASA POWER,https://power.larc.nasa.gov/,T2M - Air Temperature at 2 m (°C),SOA ITER neighbouring area (representative point),2026-03-01 to 2026-05-31
2026,5,28,12,36.4,NASA POWER,https://power.larc.nasa.gov/,T2M - Air Temperature at 2 m (°C),SOA ITER neighbouring area (representative point),2026-03-01 to 2026-05-31
2026,5,28,13,36.94,NASA POWER,https://power.larc.nasa.gov/,T2M - Air Temperature at 2 m (°C),SOA ITER neighbouring area (representative point),2026-03-01 to 2026-05-31
2026,5,28,14,37.0,NASA POWER,https://power.larc.nasa.gov/,T2M - Air Temperature at 2 m (°C),SOA ITER neighbouring area (representative point),2026-03-01 to 2026-05-31
2026,5,28,15,36.55,NASA POWER,https://power.larc.nasa.gov/,T2M - Air Temperature at 2 m (°C),SOA ITER neighbouring area (representative point),2026-03-01 to 2026-05-31
2026,5,28,16,35.36,NASA POWER,https://power.larc.nasa.gov/,T2M - Air Temperature at 2 m (°C),SOA ITER neighbouring area (representative point),2026-03-01 to 2026-05-31
2026,5,28,17,33.44,NASA POWER,https://power.larc.nasa.gov/,T2M - Air Temperature at 2 m (°C),SOA ITER neighbouring area (representative point),2026-03-01 to 2026-05-31
2026,5,28,18,31.44,NASA POWER,https://power.larc.nasa.gov/,T2M - Air Temperature at 2 m (°C),SOA ITER neighbouring area (representative point),2026-03-01 to 2026-05-31
2026,5,28,19,30.3,NASA POWER,https://power.larc.nasa.gov/,T2M - Air Temperature at 2 m (°C),SOA ITER neighbouring area (representative point),2026-03-01 to 2026-05-31
2026,5,28,20,29.84,NASA POWER,https://power.larc.nasa.gov/,T2M - Air Temperature at 2 m (°C),SOA ITER neighbouring area (representative point),2026-03-01 to 2026-05-31
2026,5,28,21,29.6,NASA POWER,https://power.larc.nasa.gov/,T2M - Air Temperature at 2 m (°C),SOA ITER neighbouring area (representative point),2026-03-01 to 2026-05-31
2026,5,28,22,29.44,NASA POWER,https://power.larc.nasa.gov/,T2M - Air Temperature at 2 m (°C),SOA ITER neighbouring area (representative point),2026-03-01 to 2026-05-31
2026,5,28,23,29.3,NASA POWER,https://power.larc.nasa.gov/,T2M - Air Temperature at 2 m (°C),SOA ITER neighbouring area (representative point),2026-03-01 to 2026-05-31
2026,5,29,0,29.12,NASA POWER,https://power.larc.nasa.gov/,T2M - Air Temperature at 2 m (°C),SOA ITER neighbouring area (representative point),2026-03-01 to 2026-05-31
2026,5,29,1,28.97,NASA POWER,https://power.larc.nasa.gov/,T2M - Air Temperature at 2 m (°C),SOA ITER neighbouring area (representative point),2026-03-01 to 2026-05-31
2026,5,29,2,28.84,NASA POWER,https://power.larc.nasa.gov/,T2M - Air Temperature at 2 m (°C),SOA ITER neighbouring area (representative point),2026-03-01 to 2026-05-31
2026,5,29,3,28.75,NASA POWER,https://power.larc.nasa.gov/,T2M - Air Temperature at 2 m (°C),SOA ITER neighbouring area (representative point),2026-03-01 to 2026-05-31
2026,5,29,4,28.66,NASA POWER,https://power.larc.nasa.gov/,T2M - Air Temperature at 2 m (°C),SOA ITER neighbouring area (representative point),2026-03-01 to 2026-05-31
2026,5,29,5,28.61,NASA POWER,https://power.larc.nasa.gov/,T2M - Air Temperature at 2 m (°C),SOA ITER neighbouring area (representative point),2026-03-01 to 2026-05-31
2026,5,29,6,29.13,NASA POWER,https://power.larc.nasa.gov/,T2M - Air Temperature at 2 m (°C),SOA ITER neighbouring area (representative point),2026-03-01 to 2026-05-31
2026,5,29,7,30.26,NASA POWER,https://power.larc.nasa.gov/,T2M - Air Temperature at 2 m (°C),SOA ITER neighbouring area (representative point),2026-03-01 to 2026-05-31
2026,5,29,8,31.56,NASA POWER,https://power.larc.nasa.gov/,T2M - Air Temperature at 2 m (°C),SOA ITER neighbouring area (representative point),2026-03-01 to 2026-05-31
2026,5,29,9,32.57,NASA POWER,https://power.larc.nasa.gov/,T2M - Air Temperature at 2 m (°C),SOA ITER neighbouring area (representative point),2026-03-01 to 2026-05-31
2026,5,29,10,33.43,NASA POWER,https://power.larc.nasa.gov/,T2M - Air Temperature at 2 m (°C),SOA ITER neighbouring area (representative point),2026-03-01 to 2026-05-31
2026,5,29,11,34.05,NASA POWER,https://power.larc.nasa.gov/,T2M - Air Temperature at 2 m (°C),SOA ITER neighbouring area (representative point),2026-03-01 to 2026-05-31
2026,5,29,12,34.3,NASA POWER,https://power.larc.nasa.gov/,T2M - Air Temperature at 2 m (°C),SOA ITER neighbouring area (representative point),2026-03-01 to 2026-05-31
2026,5,29,13,34.17,NASA POWER,https://power.larc.nasa.gov/,T2M - Air Temperature at 2 m (°C),SOA ITER neighbouring area (representative point),2026-03-01 to 2026-05-31
2026,5,29,14,33.71,NASA POWER,https://power.larc.nasa.gov/,T2M - Air Temperature at 2 m (°C),SOA ITER neighbouring area (representative point),2026-03-01 to 2026-05-31
2026,5,29,15,33.11,NASA POWER,https://power.larc.nasa.gov/,T2M - Air Temperature at 2 m (°C),SOA ITER neighbouring area (representative point),2026-03-01 to 2026-05-31
2026,5,29,16,32.37,NASA POWER,https://power.larc.nasa.gov/,T2M - Air Temperature at 2 m (°C),SOA ITER neighbouring area (representative point),2026-03-01 to 2026-05-31
2026,5,29,17,31.49,NASA POWER,https://power.larc.nasa.gov/,T2M - Air Temperature at 2 m (°C),SOA ITER neighbouring area (representative point),2026-03-01 to 2026-05-31
2026,5,29,18,30.6,NASA POWER,https://power.larc.nasa.gov/,T2M - Air Temperature at 2 m (°C),SOA ITER neighbouring area (representative point),2026-03-01 to 2026-05-31
2026,5,29,19,29.96,NASA POWER,https://power.larc.nasa.gov/,T2M - Air Temperature at 2 m (°C),SOA ITER neighbouring area (representative point),2026-03-01 to 2026-05-31
2026,5,29,20,29.64,NASA POWER,https://power.larc.nasa.gov/,T2M - Air Temperature at 2 m (°C),SOA ITER neighbouring area (representative point),2026-03-01 to 2026-05-31
2026,5,29,21,29.35,NASA POWER,https://power.larc.nasa.gov/,T2M - Air Temperature at 2 m (°C),SOA ITER neighbouring area (representative point),2026-03-01 to 2026-05-31
2026,5,29,22,29.08,NASA POWER,https://power.larc.nasa.gov/,T2M - Air Temperature at 2 m (°C),SOA ITER neighbouring area (representative point),2026-03-01 to 2026-05-31
2026,5,29,23,28.78,NASA POWER,https://power.larc.nasa.gov/,T2M - Air Temperature at 2 m (°C),SOA ITER neighbouring area (representative point),2026-03-01 to 2026-05-31
2026,5,30,0,28.34,NASA POWER,https://power.larc.nasa.gov/,T2M - Air Temperature at 2 m (°C),SOA ITER neighbouring area (representative point),2026-03-01 to 2026-05-31
2026,5,30,1,27.93,NASA POWER,https://power.larc.nasa.gov/,T2M - Air Temperature at 2 m (°C),SOA ITER neighbouring area (representative point),2026-03-01 to 2026-05-31
2026,5,30,2,27.63,NASA POWER,https://power.larc.nasa.gov/,T2M - Air Temperature at 2 m (°C),SOA ITER neighbouring area (representative point),2026-03-01 to 2026-05-31
2026,5,30,3,27.47,NASA POWER,https://power.larc.nasa.gov/,T2M - Air Temperature at 2 m (°C),SOA ITER neighbouring area (representative point),2026-03-01 to 2026-05-31
2026,5,30,4,27.35,NASA POWER,https://power.larc.nasa.gov/,T2M - Air Temperature at 2 m (°C),SOA ITER neighbouring area (representative point),2026-03-01 to 2026-05-31
2026,5,30,5,27.29,NASA POWER,https://power.larc.nasa.gov/,T2M - Air Temperature at 2 m (°C),SOA ITER neighbouring area (representative point),2026-03-01 to 2026-05-31
2026,5,30,6,27.83,NASA POWER,https://power.larc.nasa.gov/,T2M - Air Temperature at 2 m (°C),SOA ITER neighbouring area (representative point),2026-03-01 to 2026-05-31
2026,5,30,7,28.56,NASA POWER,https://power.larc.nasa.gov/,T2M - Air Temperature at 2 m (°C),SOA ITER neighbouring area (representative point),2026-03-01 to 2026-05-31
2026,5,30,8,29.4,NASA POWER,https://power.larc.nasa.gov/,T2M - Air Temperature at 2 m (°C),SOA ITER neighbouring area (representative point),2026-03-01 to 2026-05-31
2026,5,30,9,30.47,NASA POWER,https://power.larc.nasa.gov/,T2M - Air Temperature at 2 m (°C),SOA ITER neighbouring area (representative point),2026-03-01 to 2026-05-31
2026,5,30,10,31.42,NASA POWER,https://power.larc.nasa.gov/,T2M - Air Temperature at 2 m (°C),SOA ITER neighbouring area (representative point),2026-03-01 to 2026-05-31
2026,5,30,11,32.0,NASA POWER,https://power.larc.nasa.gov/,T2M - Air Temperature at 2 m (°C),SOA ITER neighbouring area (representative point),2026-03-01 to 2026-05-31
2026,5,30,12,32.13,NASA POWER,https://power.larc.nasa.gov/,T2M - Air Temperature at 2 m (°C),SOA ITER neighbouring area (representative point),2026-03-01 to 2026-05-31
2026,5,30,13,32.29,NASA POWER,https://power.larc.nasa.gov/,T2M - Air Temperature at 2 m (°C),SOA ITER neighbouring area (representative point),2026-03-01 to 2026-05-31
2026,5,30,14,32.32,NASA POWER,https://power.larc.nasa.gov/,T2M - Air Temperature at 2 m (°C),SOA ITER neighbouring area (representative point),2026-03-01 to 2026-05-31
2026,5,30,15,32.15,NASA POWER,https://power.larc.nasa.gov/,T2M - Air Temperature at 2 m (°C),SOA ITER neighbouring area (representative point),2026-03-01 to 2026-05-31
2026,5,30,16,31.68,NASA POWER,https://power.larc.nasa.gov/,T2M - Air Temperature at 2 m (°C),SOA ITER neighbouring area (representative point),2026-03-01 to 2026-05-31
2026,5,30,17,30.92,NASA POWER,https://power.larc.nasa.gov/,T2M - Air Temperature at 2 m (°C),SOA ITER neighbouring area (representative point),2026-03-01 to 2026-05-31
2026,5,30,18,29.99,NASA POWER,https://power.larc.nasa.gov/,T2M - Air Temperature at 2 m (°C),SOA ITER neighbouring area (representative point),2026-03-01 to 2026-05-31
2026,5,30,19,29.29,NASA POWER,https://power.larc.nasa.gov/,T2M - Air Temperature at 2 m (°C),SOA ITER neighbouring area (representative point),2026-03-01 to 2026-05-31
2026,5,30,20,28.93,NASA POWER,https://power.larc.nasa.gov/,T2M - Air Temperature at 2 m (°C),SOA ITER neighbouring area (representative point),2026-03-01 to 2026-05-31
2026,5,30,21,28.71,NASA POWER,https://power.larc.nasa.gov/,T2M - Air Temperature at 2 m (°C),SOA ITER neighbouring area (representative point),2026-03-01 to 2026-05-31
2026,5,30,22,28.55,NASA POWER,https://power.larc.nasa.gov/,T2M - Air Temperature at 2 m (°C),SOA ITER neighbouring area (representative point),2026-03-01 to 2026-05-31
2026,5,30,23,28.38,NASA POWER,https://power.larc.nasa.gov/,T2M - Air Temperature at 2 m (°C),SOA ITER neighbouring area (representative point),2026-03-01 to 2026-05-31
2026,5,31,0,28.24,NASA POWER,https://power.larc.nasa.gov/,T2M - Air Temperature at 2 m (°C),SOA ITER neighbouring area (representative point),2026-03-01 to 2026-05-31
2026,5,31,1,28.1,NASA POWER,https://power.larc.nasa.gov/,T2M - Air Temperature at 2 m (°C),SOA ITER neighbouring area (representative point),2026-03-01 to 2026-05-31
2026,5,31,2,28.04,NASA POWER,https://power.larc.nasa.gov/,T2M - Air Temperature at 2 m (°C),SOA ITER neighbouring area (representative point),2026-03-01 to 2026-05-31
2026,5,31,3,28.06,NASA POWER,https://power.larc.nasa.gov/,T2M - Air Temperature at 2 m (°C),SOA ITER neighbouring area (representative point),2026-03-01 to 2026-05-31
2026,5,31,4,27.92,NASA POWER,https://power.larc.nasa.gov/,T2M - Air Temperature at 2 m (°C),SOA ITER neighbouring area (representative point),2026-03-01 to 2026-05-31
2026,5,31,5,27.76,NASA POWER,https://power.larc.nasa.gov/,T2M - Air Temperature at 2 m (°C),SOA ITER neighbouring area (representative point),2026-03-01 to 2026-05-31
2026,5,31,6,27.96,NASA POWER,https://power.larc.nasa.gov/,T2M - Air Temperature at 2 m (°C),SOA ITER neighbouring area (representative point),2026-03-01 to 2026-05-31
2026,5,31,7,28.49,NASA POWER,https://power.larc.nasa.gov/,T2M - Air Temperature at 2 m (°C),SOA ITER neighbouring area (representative point),2026-03-01 to 2026-05-31
2026,5,31,8,29.25,NASA POWER,https://power.larc.nasa.gov/,T2M - Air Temperature at 2 m (°C),SOA ITER neighbouring area (representative point),2026-03-01 to 2026-05-31
2026,5,31,9,30.04,NASA POWER,https://power.larc.nasa.gov/,T2M - Air Temperature at 2 m (°C),SOA ITER neighbouring area (representative point),2026-03-01 to 2026-05-31
2026,5,31,10,30.89,NASA POWER,https://power.larc.nasa.gov/,T2M - Air Temperature at 2 m (°C),SOA ITER neighbouring area (representative point),2026-03-01 to 2026-05-31
2026,5,31,11,31.73,NASA POWER,https://power.larc.nasa.gov/,T2M - Air Temperature at 2 m (°C),SOA ITER neighbouring area (representative point),2026-03-01 to 2026-05-31
2026,5,31,12,32.36,NASA POWER,https://power.larc.nasa.gov/,T2M - Air Temperature at 2 m (°C),SOA ITER neighbouring area (representative point),2026-03-01 to 2026-05-31
2026,5,31,13,32.73,NASA POWER,https://power.larc.nasa.gov/,T2M - Air Temperature at 2 m (°C),SOA ITER neighbouring area (representative point),2026-03-01 to 2026-05-31
2026,5,31,14,32.83,NASA POWER,https://power.larc.nasa.gov/,T2M - Air Temperature at 2 m (°C),SOA ITER neighbouring area (representative point),2026-03-01 to 2026-05-31
2026,5,31,15,32.74,NASA POWER,https://power.larc.nasa.gov/,T2M - Air Temperature at 2 m (°C),SOA ITER neighbouring area (representative point),2026-03-01 to 2026-05-31
2026,5,31,16,32.45,NASA POWER,https://power.larc.nasa.gov/,T2M - Air Temperature at 2 m (°C),SOA ITER neighbouring area (representative point),2026-03-01 to 2026-05-31
2026,5,31,17,31.98,NASA POWER,https://power.larc.nasa.gov/,T2M - Air Temperature at 2 m (°C),SOA ITER neighbouring area (representative point),2026-03-01 to 2026-05-31
2026,5,31,18,30.97,NASA POWER,https://power.larc.nasa.gov/,T2M - Air Temperature at 2 m (°C),SOA ITER neighbouring area (representative point),2026-03-01 to 2026-05-31
2026,5,31,19,30.1,NASA POWER,https://power.larc.nasa.gov/,T2M - Air Temperature at 2 m (°C),SOA ITER neighbouring area (representative point),2026-03-01 to 2026-05-31
2026,5,31,20,29.7,NASA POWER,https://power.larc.nasa.gov/,T2M - Air Temperature at 2 m (°C),SOA ITER neighbouring area (representative point),2026-03-01 to 2026-05-31
2026,5,31,21,29.34,NASA POWER,https://power.larc.nasa.gov/,T2M - Air Temperature at 2 m (°C),SOA ITER neighbouring area (representative point),2026-03-01 to 2026-05-31
2026,5,31,22,29.05,NASA POWER,https://power.larc.nasa.gov/,T2M - Air Temperature at 2 m (°C),SOA ITER neighbouring area (representative point),2026-03-01 to 2026-05-31
2026,5,31,23,28.79,NASA POWER,https://power.larc.nasa.gov/,T2M - Air Temperature at 2 m (°C),SOA ITER neighbouring area (representative point),2026-03-01 to 2026-05-31
